{"type": "FeatureCollection", "features": [{"type": "Feature", "geometry": {"type": "Polygon", "coordinates": [[[77.0533855, 28.4726355], [77.0555213, 28.4681593], [77.0526803, 28.4671117], [77.0522948, 28.4679378], [77.0505444, 28.4715879], [77.0533855, 28.4726355]]]}, "properties": {"landuse": "industrial"}}, {"type": "Feature", "geometry": {"type": "Polygon", "coordinates": [[[76.8054251, 28.2336861], [76.8057691, 28.2334978], [76.8054932, 28.2331064], [76.8051491, 28.2332947], [76.8054251, 28.2336861]]]}, "properties": {"landuse": "industrial"}}, {"type": "Feature", "geometry": {"type": "Polygon", "coordinates": [[[76.8238118, 28.2561001], [76.8238333, 28.2564592], [76.8243268, 28.2564876], [76.8244529, 28.2551645], [76.8233237, 28.255148], [76.8233156, 28.2560741], [76.8238118, 28.2561001]]]}, "properties": {"landuse": "industrial"}}, {"type": "Feature", "geometry": {"type": "Polygon", "coordinates": [[[77.0061855, 28.4568797], [77.0080087, 28.4568577], [77.0081018, 28.4563085], [77.0084027, 28.4557745], [77.0085314, 28.4553594], [77.0083155, 28.4551481], [77.0042914, 28.4552689], [77.0061855, 28.4568797]]]}, "properties": {"landuse": "industrial"}}, {"type": "Feature", "geometry": {"type": "Polygon", "coordinates": [[[77.3608839, 28.3469519], [77.360765, 28.3480673], [77.3625989, 28.3482187], [77.3628377, 28.3457443], [77.3631266, 28.3432679], [77.3571379, 28.3427735], [77.3567291, 28.3466089], [77.3608839, 28.3469519]]]}, "properties": {"landuse": "industrial"}}, {"type": "Feature", "geometry": {"type": "Polygon", "coordinates": [[[77.3297187, 28.6004141], [77.3317118, 28.6010708], [77.3325852, 28.6012595], [77.3337945, 28.6014758], [77.33474, 28.6018953], [77.3355726, 28.601637], [77.3364505, 28.6017], [77.3367595, 28.6017393], [77.3374359, 28.6021207], [77.3379061, 28.602683], [77.3379477, 28.6027223], [77.3384391, 28.6031864], [77.3410234, 28.6003724], [77.3410593, 28.6002277], [77.3410521, 28.6000578], [77.3396834, 28.5990889], [77.3338848, 28.594808], [77.3331547, 28.5943282], [77.3330154, 28.5942238], [77.3328443, 28.5942371], [77.330978, 28.5962119], [77.3301315, 28.597136], [77.3281959, 28.5993209], [77.3297187, 28.6004141]]]}, "properties": {"landuse": "industrial"}}, {"type": "Feature", "geometry": {"type": "Polygon", "coordinates": [[[77.3212323, 28.5976895], [77.3218904, 28.5976426], [77.3225959, 28.5975281], [77.3245938, 28.5978925], [77.3249496, 28.5979038], [77.3258952, 28.5981814], [77.3264387, 28.5983634], [77.3267274, 28.5987077], [77.3271159, 28.5986704], [77.3280194, 28.5992305], [77.3326368, 28.5940869], [77.3326292, 28.5939103], [77.3269237, 28.5896876], [77.3235666, 28.5936764], [77.3203638, 28.5976062], [77.3212323, 28.5976895]]]}, "properties": {"landuse": "industrial"}}, {"type": "Feature", "geometry": {"type": "Polygon", "coordinates": [[[77.3127438, 28.5951818], [77.3135581, 28.5958144], [77.3132309, 28.5963204], [77.3135321, 28.5965265], [77.3141668, 28.5966836], [77.3150004, 28.5969341], [77.3154695, 28.5969367], [77.3164679, 28.5968763], [77.3171201, 28.5968503], [77.3190735, 28.5972459], [77.3194945, 28.5974307], [77.3201259, 28.597553], [77.3207839, 28.5966993], [77.3138657, 28.5924741], [77.3123663, 28.5946671], [77.3127438, 28.5951818]]]}, "properties": {"landuse": "industrial"}}, {"type": "Feature", "geometry": {"type": "Polygon", "coordinates": [[[77.3105708, 28.591099], [77.3112007, 28.5919669], [77.311288, 28.5928187], [77.3115409, 28.5932143], [77.312111, 28.593844], [77.312327, 28.5944253], [77.3157889, 28.5892946], [77.3158394, 28.5890645], [77.3158027, 28.5889393], [77.3117524, 28.5866706], [77.311026, 28.5863032], [77.3089434, 28.5893591], [77.3105708, 28.591099]]]}, "properties": {"landuse": "industrial"}}, {"type": "Feature", "geometry": {"type": "Polygon", "coordinates": [[[77.3181506, 28.6466508], [77.319261, 28.6490689], [77.3200115, 28.6508373], [77.3203919, 28.651422], [77.3205077, 28.6523291], [77.3205624, 28.653168], [77.3204235, 28.6537371], [77.3207056, 28.6541141], [77.3208647, 28.6542142], [77.3208993, 28.654236], [77.3216349, 28.6548196], [77.3224353, 28.6554545], [77.323288, 28.6561289], [77.325119, 28.6575435], [77.3261436, 28.6583908], [77.3271479, 28.6591492], [77.3275237, 28.6594466], [77.3300294, 28.6613866], [77.3316065, 28.6626356], [77.3339227, 28.6644463], [77.335523, 28.6627927], [77.3362179, 28.6620583], [77.3325435, 28.6599427], [77.3311012, 28.6588202], [77.3297851, 28.657573], [77.3278216, 28.6554944], [77.3266004, 28.6542056], [77.326362, 28.6539339], [77.3256086, 28.6531868], [77.3249019, 28.6524609], [77.3245947, 28.6521453], [77.3242028, 28.651742], [77.3234366, 28.6509534], [77.3228418, 28.650279], [77.3222154, 28.6494151], [77.3219521, 28.6486344], [77.3218679, 28.6478075], [77.3218311, 28.6468558], [77.3219311, 28.6458672], [77.3180257, 28.6457416], [77.3179384, 28.6458047], [77.3178393, 28.6458541], [77.3177621, 28.6459011], [77.3177395, 28.6459578], [77.3181506, 28.6466508]]]}, "properties": {"landuse": "industrial"}}, {"type": "Feature", "geometry": {"type": "Polygon", "coordinates": [[[77.310513, 28.6426838], [77.3129674, 28.6445953], [77.3161127, 28.6447743], [77.3148493, 28.6410784], [77.3144282, 28.6411477], [77.3130596, 28.6372438], [77.3129455, 28.6371769], [77.312777, 28.6371857], [77.3102676, 28.6378187], [77.3099605, 28.6368546], [77.3083434, 28.6368132], [77.3054898, 28.6375731], [77.304857, 28.6382988], [77.310513, 28.6426838]]]}, "properties": {"landuse": "industrial"}}, {"type": "Feature", "geometry": {"type": "Polygon", "coordinates": [[[77.30138, 28.6215178], [77.3018759, 28.6203617], [77.3018026, 28.6203394], [77.3006729, 28.6199923], [77.3004823, 28.620041], [77.30037, 28.6202938], [77.3000377, 28.6210413], [77.30138, 28.6215178]]]}, "properties": {"landuse": "industrial"}}, {"type": "Feature", "geometry": {"type": "Polygon", "coordinates": [[[77.2989364, 28.6030054], [77.2999139, 28.6043796], [77.3020092, 28.60333], [77.3022213, 28.6033639], [77.304053, 28.5986125], [77.3011029, 28.5977886], [77.3000498, 28.5983652], [77.2986379, 28.6013296], [77.2983006, 28.6020378], [77.2989364, 28.6030054]]]}, "properties": {"landuse": "industrial"}}, {"type": "Feature", "geometry": {"type": "Polygon", "coordinates": [[[77.1583737, 28.7312874], [77.1602859, 28.7287496], [77.1645107, 28.7231689], [77.1648997, 28.7225885], [77.1639903, 28.721955], [77.1617425, 28.7205252], [77.1563877, 28.7264935], [77.1545726, 28.7283768], [77.1583737, 28.7312874]]]}, "properties": {"landuse": "industrial"}}, {"type": "Feature", "geometry": {"type": "Polygon", "coordinates": [[[77.1015385, 28.734322], [77.1027468, 28.7334751], [77.1022154, 28.7328781], [77.102165, 28.732737], [77.1020796, 28.732721], [77.1018549, 28.7320524], [77.1016233, 28.7318266], [77.1008232, 28.7320528], [77.1015385, 28.734322]]]}, "properties": {"landuse": "industrial"}}, {"type": "Feature", "geometry": {"type": "Polygon", "coordinates": [[[77.1833783, 28.7301902], [77.1838086, 28.7301586], [77.1839708, 28.7293986], [77.1850222, 28.7288247], [77.1851081, 28.7288624], [77.1864009, 28.7285001], [77.1868837, 28.7288435], [77.1870446, 28.7287777], [77.1873236, 28.7290693], [77.1876081, 28.7292232], [77.1879727, 28.7289094], [77.1882062, 28.7285666], [77.1883321, 28.7282696], [77.188416, 28.7278611], [77.1883804, 28.7270395], [77.1881911, 28.7262511], [77.1880899, 28.7261243], [77.1874174, 28.7262139], [77.1870688, 28.7262445], [77.1866645, 28.7262915], [77.1861836, 28.7263057], [77.1855955, 28.7262962], [77.1851442, 28.7262271], [77.1830293, 28.7257071], [77.1833783, 28.7301902]]]}, "properties": {"landuse": "industrial"}}, {"type": "Feature", "geometry": {"type": "Polygon", "coordinates": [[[77.2769375, 28.5533549], [77.2780483, 28.5536295], [77.2789979, 28.5513914], [77.2813961, 28.5521473], [77.2816785, 28.5522302], [77.2828775, 28.5528168], [77.2829885, 28.5527129], [77.2851417, 28.5536616], [77.2852446, 28.5537069], [77.2853022, 28.5537323], [77.2858982, 28.5537168], [77.2867726, 28.5534171], [77.2880273, 28.5536192], [77.2885863, 28.5538167], [77.2890929, 28.5539939], [77.2911023, 28.5534844], [77.2888647, 28.5512675], [77.2875746, 28.5507666], [77.2880816, 28.5497725], [77.2883766, 28.5491839], [77.2879351, 28.5481351], [77.290437, 28.5436527], [77.2902613, 28.5435686], [77.2903349, 28.5434547], [77.2908082, 28.5426471], [77.2899389, 28.5422763], [77.288728, 28.5417621], [77.2851871, 28.5402659], [77.2850308, 28.5405983], [77.2848568, 28.5409684], [77.2842527, 28.5432569], [77.2842386, 28.5433103], [77.2841045, 28.5438181], [77.2840945, 28.5438562], [77.2835056, 28.5435906], [77.2830121, 28.5437863], [77.2817931, 28.5432364], [77.2806562, 28.5427236], [77.279128, 28.544933], [77.2779023, 28.5469466], [77.2759094, 28.5492471], [77.2764168, 28.5495115], [77.2768141, 28.5489802], [77.2778438, 28.5494151], [77.2775206, 28.5503241], [77.2779275, 28.5504829], [77.2775206, 28.5522886], [77.2770249, 28.5525289], [77.2758142, 28.5528078], [77.2769375, 28.5533549]]]}, "properties": {"landuse": "industrial"}}, {"type": "Feature", "geometry": {"type": "Polygon", "coordinates": [[[77.2878202, 28.5161967], [77.2879919, 28.5147156], [77.2881089, 28.5140766], [77.2886941, 28.512938], [77.2893043, 28.5123871], [77.2900316, 28.5121153], [77.2911433, 28.5117554], [77.2917034, 28.5114396], [77.2921368, 28.5099514], [77.2923865, 28.5078162], [77.2916675, 28.5077207], [77.2916007, 28.5079631], [77.2895359, 28.5078308], [77.2884659, 28.506964], [77.2885746, 28.5062368], [77.2882326, 28.5053983], [77.2880563, 28.504966], [77.2872951, 28.5041587], [77.2871619, 28.5036216], [77.2874297, 28.5025826], [77.290485, 28.5022212], [77.2904434, 28.5018874], [77.286935, 28.5023443], [77.2866913, 28.5024149], [77.2864254, 28.5024271], [77.2863562, 28.5037609], [77.2864594, 28.5038242], [77.2871732, 28.5042622], [77.2876524, 28.5048926], [77.2879242, 28.5054786], [77.2880286, 28.5058168], [77.2877583, 28.5061731], [77.2873829, 28.5058696], [77.2862416, 28.5067207], [77.2866921, 28.5069648], [77.2868197, 28.5072222], [77.2864312, 28.5071743], [77.2860745, 28.5072485], [77.2860539, 28.5073529], [77.2859914, 28.5075821], [77.2858967, 28.5114105], [77.2856959, 28.5161098], [77.2856897, 28.5162544], [77.2878202, 28.5161967]]]}, "properties": {"landuse": "industrial"}}, {"type": "Feature", "geometry": {"type": "Polygon", "coordinates": [[[77.2180132, 28.3917757], [77.2184359, 28.3922083], [77.2210245, 28.3922378], [77.2216022, 28.3922215], [77.2221172, 28.3928067], [77.2235763, 28.393826], [77.2236407, 28.3929483], [77.2260439, 28.3928822], [77.2259688, 28.3915042], [77.2238016, 28.3914759], [77.2238338, 28.3904188], [77.2232866, 28.3903905], [77.2232973, 28.3896826], [77.2271919, 28.3897203], [77.2271168, 28.3879176], [77.2250354, 28.3877854], [77.2250247, 28.387087], [77.2245204, 28.3871058], [77.2245526, 28.3862186], [77.2228467, 28.3861997], [77.2228682, 28.3846612], [77.2181333, 28.3844595], [77.2183352, 28.3898289], [77.2179732, 28.3900271], [77.2179008, 28.3904141], [77.2180132, 28.3917757]]]}, "properties": {"landuse": "industrial"}}, {"type": "Feature", "geometry": {"type": "Polygon", "coordinates": [[[77.3029997, 28.2221735], [77.3030072, 28.2212779], [77.3000062, 28.2212769], [77.2996045, 28.2221593], [77.3029997, 28.2221735]]]}, "properties": {"landuse": "industrial"}}, {"type": "Feature", "geometry": {"type": "Polygon", "coordinates": [[[77.303005, 28.2211986], [77.3030265, 28.2200756], [77.3022253, 28.2200831], [77.3022168, 28.2203625], [77.3004517, 28.2203323], [77.3000319, 28.2212039], [77.303005, 28.2211986]]]}, "properties": {"landuse": "industrial"}}, {"type": "Feature", "geometry": {"type": "Polygon", "coordinates": [[[77.3069806, 28.3409869], [77.3070063, 28.339831], [77.3062809, 28.3398361], [77.306275, 28.3409919], [77.3069806, 28.3409869]]]}, "properties": {"landuse": "industrial"}}, {"type": "Feature", "geometry": {"type": "Polygon", "coordinates": [[[77.2990338, 28.318522], [77.2990392, 28.3176276], [77.2986424, 28.3167381], [77.2970165, 28.3167231], [77.2970065, 28.3167236], [77.2969254, 28.3168008], [77.2968664, 28.3185021], [77.2990338, 28.318522]]]}, "properties": {"landuse": "industrial"}}, {"type": "Feature", "geometry": {"type": "Polygon", "coordinates": [[[77.3056877, 28.4378017], [77.3060846, 28.437801], [77.3061557, 28.4377945], [77.3069636, 28.4376592], [77.3085034, 28.4376394], [77.3085617, 28.436789], [77.3077666, 28.436747], [77.3056627, 28.4367115], [77.3055991, 28.4378122], [77.3056877, 28.4378017]]]}, "properties": {"landuse": "industrial"}}, {"type": "Feature", "geometry": {"type": "Polygon", "coordinates": [[[77.3048856, 28.4130155], [77.3050924, 28.4130201], [77.3051952, 28.4130224], [77.3051921, 28.4131312], [77.3055604, 28.4131394], [77.3055717, 28.412746], [77.3056187, 28.4127471], [77.3056301, 28.4123527], [77.3050946, 28.4123295], [77.3047693, 28.4123186], [77.3047673, 28.4127025], [77.3047584, 28.4130127], [77.3048856, 28.4130155]]]}, "properties": {"landuse": "industrial"}}, {"type": "Feature", "geometry": {"type": "Polygon", "coordinates": [[[77.3088499, 28.3584109], [77.3088815, 28.3579973], [77.3085901, 28.357992], [77.3083141, 28.3579636], [77.3082824, 28.3583773], [77.3088499, 28.3584109]]]}, "properties": {"landuse": "industrial"}}, {"type": "Feature", "geometry": {"type": "Polygon", "coordinates": [[[77.3096235, 28.3483308], [77.3096664, 28.347644], [77.3074597, 28.3475419], [77.3074203, 28.3482282], [77.3096235, 28.3483308]]]}, "properties": {"landuse": "industrial"}}, {"type": "Feature", "geometry": {"type": "Polygon", "coordinates": [[[77.2514181, 28.6154023], [77.2511261, 28.6178526], [77.2517334, 28.6188573], [77.2519871, 28.6197958], [77.2533998, 28.619586], [77.2534561, 28.6197697], [77.2540375, 28.6197467], [77.2541211, 28.6196589], [77.254143, 28.6182718], [77.2535732, 28.6161622], [77.253887, 28.6142484], [77.2511535, 28.6137336], [77.2507524, 28.6152588], [77.2514181, 28.6154023]]]}, "properties": {"landuse": "industrial"}}, {"type": "Feature", "geometry": {"type": "Polygon", "coordinates": [[[77.2638727, 28.5883144], [77.2634772, 28.5892439], [77.2661061, 28.5899895], [77.2684326, 28.5871704], [77.2676396, 28.5867639], [77.2665133, 28.5864145], [77.2632445, 28.5857404], [77.2629537, 28.5880897], [77.2638727, 28.5883144]]]}, "properties": {"landuse": "industrial"}}, {"type": "Feature", "geometry": {"type": "Polygon", "coordinates": [[[77.2492309, 28.6204045], [77.2513557, 28.6200438], [77.2513667, 28.6197343], [77.251266, 28.6192367], [77.2509347, 28.6183358], [77.2506103, 28.6179473], [77.2503559, 28.617665], [77.2502138, 28.6179589], [77.2498291, 28.6178651], [77.2490657, 28.6203115], [77.2492309, 28.6204045]]]}, "properties": {"landuse": "industrial"}}, {"type": "Feature", "geometry": {"type": "Polygon", "coordinates": [[[77.2481752, 28.6268294], [77.2490658, 28.627216], [77.2501592, 28.6272603], [77.250806, 28.6278201], [77.2518414, 28.627835], [77.2514023, 28.6257196], [77.2513423, 28.6249822], [77.2521995, 28.6212631], [77.2521486, 28.6203766], [77.2515657, 28.6204965], [77.2485953, 28.6210074], [77.2478102, 28.6236783], [77.2481836, 28.6238199], [77.2474538, 28.6261887], [77.2481752, 28.6268294]]]}, "properties": {"landuse": "industrial"}}, {"type": "Feature", "geometry": {"type": "Polygon", "coordinates": [[[77.2956092, 28.216326], [77.2956273, 28.2171067], [77.2964771, 28.2176484], [77.2964409, 28.2181424], [77.2972546, 28.2181264], [77.2972546, 28.2177759], [77.2997318, 28.2178078], [77.3002743, 28.2181105], [77.3011443, 28.2182547], [77.3012494, 28.2180479], [77.3020167, 28.2163617], [77.3013592, 28.2162782], [77.3013411, 28.215848], [77.3009252, 28.215864], [77.3009433, 28.215386], [77.3002743, 28.215386], [77.2997861, 28.215864], [77.2982703, 28.2158528], [77.2969621, 28.2158489], [77.2969653, 28.215386], [77.2964229, 28.215386], [77.2964409, 28.2158799], [77.2961516, 28.2158799], [77.2961516, 28.21537], [77.2955911, 28.215386], [77.2955911, 28.2155931], [77.2948317, 28.2155772], [77.2947955, 28.2163738], [77.2956092, 28.216326]]]}, "properties": {"landuse": "industrial"}}, {"type": "Feature", "geometry": {"type": "Polygon", "coordinates": [[[77.0861312, 28.346095], [77.086841, 28.3461056], [77.086845, 28.3463407], [77.0881132, 28.3463267], [77.0881531, 28.3447089], [77.0871497, 28.3447074], [77.0867233, 28.3447066], [77.086211, 28.3447061], [77.0862229, 28.3452457], [77.0861073, 28.3452562], [77.0861312, 28.346095]]]}, "properties": {"landuse": "industrial"}}, {"type": "Feature", "geometry": {"type": "Polygon", "coordinates": [[[77.3361608, 28.3322357], [77.3376311, 28.3321784], [77.3377696, 28.3318677], [77.3385723, 28.3318432], [77.3385764, 28.3309809], [77.3385827, 28.3305287], [77.3370632, 28.3305566], [77.3370577, 28.3307765], [77.3361517, 28.3307885], [77.3361578, 28.330098], [77.3360109, 28.3301982], [77.3346279, 28.3312793], [77.3361608, 28.3322357]]]}, "properties": {"landuse": "industrial"}}, {"type": "Feature", "geometry": {"type": "Polygon", "coordinates": [[[77.2622824, 28.3516144], [77.2622539, 28.3539306], [77.2630634, 28.3539507], [77.2630408, 28.3550675], [77.2613793, 28.3550672], [77.2613607, 28.3559987], [77.2604712, 28.3560202], [77.260462, 28.3583579], [77.261469, 28.358723], [77.261434, 28.3596649], [77.2627985, 28.3604069], [77.2656617, 28.3603846], [77.2663891, 28.3599274], [77.2717199, 28.3559371], [77.2740948, 28.3540977], [77.2749175, 28.353599], [77.2773939, 28.3525734], [77.2778621, 28.3524101], [77.277833, 28.3464428], [77.277237, 28.3464398], [77.2772372, 28.3458695], [77.2704021, 28.345995], [77.2704794, 28.346541], [77.269842, 28.3465213], [77.2697874, 28.3455746], [77.26672, 28.3456334], [77.2666765, 28.3461724], [77.2656878, 28.3462467], [77.2649804, 28.3482543], [77.2632733, 28.3482748], [77.2632423, 28.3487942], [77.2599172, 28.348888], [77.2597749, 28.3515907], [77.2622824, 28.3516144]]]}, "properties": {"landuse": "industrial"}}, {"type": "Feature", "geometry": {"type": "Polygon", "coordinates": [[[77.0772044, 28.4990508], [77.0774218, 28.4990557], [77.0778657, 28.4990652], [77.0787281, 28.499084], [77.0786572, 28.4929194], [77.078464, 28.4929155], [77.0773423, 28.492886], [77.0770922, 28.4990484], [77.0772044, 28.4990508]]]}, "properties": {"landuse": "industrial"}}, {"type": "Feature", "geometry": {"type": "Polygon", "coordinates": [[[77.2846858, 28.3880273], [77.2853172, 28.383921], [77.2828566, 28.383594], [77.2827693, 28.3842718], [77.2823255, 28.3877159], [77.2846858, 28.3880273]]]}, "properties": {"landuse": "industrial"}}, {"type": "Feature", "geometry": {"type": "Polygon", "coordinates": [[[77.3192496, 28.3683865], [77.3196905, 28.368415], [77.3196917, 28.3684005], [77.319812, 28.3684083], [77.3199058, 28.3684144], [77.3199104, 28.3683592], [77.3197007, 28.3683457], [77.3197259, 28.3680447], [77.3194456, 28.3680265], [77.3194486, 28.3679911], [77.3192377, 28.3679774], [77.3192037, 28.3683835], [77.3192496, 28.3683865]]]}, "properties": {"landuse": "industrial"}}, {"type": "Feature", "geometry": {"type": "Polygon", "coordinates": [[[77.3141256, 28.4186365], [77.314341, 28.4187123], [77.3147983, 28.4187268], [77.3147651, 28.4181439], [77.3146094, 28.4181643], [77.3143012, 28.418246], [77.3138472, 28.4183771], [77.3141256, 28.4186365]]]}, "properties": {"landuse": "industrial"}}, {"type": "Feature", "geometry": {"type": "Polygon", "coordinates": [[[77.26794, 28.2744289], [77.2687508, 28.274433], [77.2687485, 28.2745267], [77.2689872, 28.2744705], [77.2698359, 28.2742665], [77.2698335, 28.273542], [77.2693513, 28.2733297], [77.2692402, 28.2735358], [77.269564, 28.2735358], [77.2695664, 28.2740188], [77.2691551, 28.2740208], [77.2691527, 28.2739771], [77.2679358, 28.2739747], [77.26794, 28.2744289]]]}, "properties": {"landuse": "industrial"}}, {"type": "Feature", "geometry": {"type": "Polygon", "coordinates": [[[77.2837649, 28.2626151], [77.28429, 28.2626298], [77.2842833, 28.2630803], [77.2850991, 28.2630921], [77.2851091, 28.2635338], [77.2860652, 28.2635367], [77.2860652, 28.2639902], [77.287135, 28.2639843], [77.287135, 28.2635309], [77.2874392, 28.2635397], [77.2876565, 28.2626092], [77.2875495, 28.2626004], [77.2876164, 28.261823], [77.2837646, 28.2619938], [77.2837649, 28.2626151]]]}, "properties": {"landuse": "industrial"}}, {"type": "Feature", "geometry": {"type": "Polygon", "coordinates": [[[77.2672638, 28.2739806], [77.2679358, 28.2739747], [77.2679291, 28.2731091], [77.2672572, 28.273115], [77.2672638, 28.2739806]]]}, "properties": {"landuse": "industrial"}}, {"type": "Feature", "geometry": {"type": "Polygon", "coordinates": [[[77.2740049, 28.27524], [77.2743994, 28.2755454], [77.2752435, 28.2755777], [77.2752301, 28.2743971], [77.2739965, 28.2742411], [77.2740049, 28.27524]]]}, "properties": {"landuse": "industrial"}}, {"type": "Feature", "geometry": {"type": "Polygon", "coordinates": [[[77.2671197, 28.2729749], [77.2678794, 28.2729553], [77.2678665, 28.2724397], [77.2679423, 28.272439], [77.2679327, 28.2717123], [77.2670999, 28.2717208], [77.2671197, 28.2729749]]]}, "properties": {"landuse": "industrial"}}, {"type": "Feature", "geometry": {"type": "Polygon", "coordinates": [[[77.2738663, 28.275807], [77.2738638, 28.275326], [77.2740092, 28.2753274], [77.2731855, 28.274687], [77.2730389, 28.2746704], [77.2730531, 28.2745871], [77.2729545, 28.2744958], [77.2728508, 28.2746165], [77.2728506, 28.2757962], [77.2738663, 28.275807]]]}, "properties": {"landuse": "industrial"}}, {"type": "Feature", "geometry": {"type": "Polygon", "coordinates": [[[77.272282, 28.2746079], [77.2728537, 28.2744195], [77.2728508, 28.2746165], [77.2729545, 28.2744958], [77.2730531, 28.2745871], [77.2731042, 28.2744809], [77.2731207, 28.2741634], [77.2730841, 28.2741426], [77.2722756, 28.274154], [77.272282, 28.2746079]]]}, "properties": {"landuse": "industrial"}}, {"type": "Feature", "geometry": {"type": "Polygon", "coordinates": [[[77.0561928, 28.2114571], [77.0620315, 28.2130405], [77.0653174, 28.2031372], [77.0638157, 28.2018328], [77.0605303, 28.2019813], [77.0604797, 28.2023822], [77.0573291, 28.2025158], [77.0570933, 28.203867], [77.0555601, 28.2050548], [77.0540438, 28.205129], [77.0538079, 28.2076531], [77.0561928, 28.2114571]]]}, "properties": {"landuse": "industrial"}}, {"type": "Feature", "geometry": {"type": "Polygon", "coordinates": [[[76.8543129, 28.1925717], [76.8556328, 28.1927795], [76.8554066, 28.1937884], [76.8550596, 28.1953277], [76.8538647, 28.1999659], [76.8535808, 28.2010678], [76.8533275, 28.2020358], [76.853233, 28.2024179], [76.8536729, 28.2043656], [76.8563381, 28.2040668], [76.8567429, 28.2040311], [76.8576533, 28.2039259], [76.8575906, 28.2029188], [76.8575487, 28.2022453], [76.8583104, 28.2020467], [76.858474, 28.2019687], [76.8583895, 28.2016177], [76.8590212, 28.2015102], [76.8591928, 28.2019876], [76.8593618, 28.2019285], [76.8595764, 28.2021886], [76.8606493, 28.2016142], [76.8609953, 28.2014085], [76.8611643, 28.2013092], [76.8610539, 28.2011717], [76.8619652, 28.2009067], [76.8624332, 28.2007204], [76.8631674, 28.2004802], [76.8638038, 28.2005347], [76.864118, 28.203055], [76.8648384, 28.2029185], [76.8655162, 28.2027535], [76.8659708, 28.2041836], [76.8632108, 28.2050558], [76.8624544, 28.2052189], [76.8626314, 28.2058027], [76.8628135, 28.2063698], [76.8636346, 28.2089275], [76.8621165, 28.2092868], [76.8621312, 28.2105371], [76.8630928, 28.2105348], [76.8638492, 28.2117733], [76.8669149, 28.2102606], [76.8665394, 28.2094617], [76.8673333, 28.2092561], [76.8679787, 28.2091032], [76.8684628, 28.2089768], [76.8705212, 28.2084796], [76.8706177, 28.2087928], [76.8717965, 28.2083697], [76.8715578, 28.2074715], [76.8712038, 28.206812], [76.8719499, 28.20655], [76.8716302, 28.2057524], [76.8718247, 28.2056125], [76.8717255, 28.2053442], [76.8713956, 28.2055427], [76.8713607, 28.2050192], [76.8712024, 28.2042994], [76.8709137, 28.2025693], [76.8709087, 28.2025455], [76.871649, 28.2023422], [76.8716539, 28.2022706], [76.8716614, 28.2021616], [76.8717161, 28.201366], [76.8748784, 28.2009003], [76.8752217, 28.1987397], [76.8746209, 28.1979171], [76.8750286, 28.1971323], [76.8745994, 28.1966217], [76.8725824, 28.1972552], [76.8720728, 28.19639], [76.8723142, 28.1960685], [76.8720406, 28.1955437], [76.8722498, 28.1950804], [76.8727756, 28.1948204], [76.8712896, 28.1923878], [76.8702999, 28.1928937], [76.8693157, 28.19253], [76.8688974, 28.1942854], [76.8674387, 28.1941332], [76.8637208, 28.1937738], [76.864047, 28.1913424], [76.8639034, 28.190419], [76.8624498, 28.1901925], [76.859775, 28.1897757], [76.8595281, 28.1897372], [76.8553782, 28.1890905], [76.8530449, 28.1900404], [76.8543129, 28.1925717]]]}, "properties": {"landuse": "industrial"}}, {"type": "Feature", "geometry": {"type": "Polygon", "coordinates": [[[76.8644244, 28.2135495], [76.8655443, 28.2142813], [76.8664888, 28.2138896], [76.8670807, 28.2145362], [76.8679412, 28.214025], [76.8671163, 28.2118623], [76.8666754, 28.2107064], [76.8663436, 28.210757], [76.8656813, 28.2110858], [76.8645962, 28.2116246], [76.8635254, 28.2121643], [76.8644244, 28.2135495]]]}, "properties": {"landuse": "industrial"}}, {"type": "Feature", "geometry": {"type": "Polygon", "coordinates": [[[77.0981226, 28.8739247], [77.0997187, 28.8739063], [77.0995507, 28.8831379], [77.104444, 28.8830827], [77.104486, 28.8812438], [77.1082242, 28.8812254], [77.1081822, 28.883285], [77.1108074, 28.8824391], [77.1144826, 28.8822552], [77.1173177, 28.8839654], [77.1214339, 28.8736488], [77.1113114, 28.8738695], [77.1141475, 28.8684433], [77.1093601, 28.8682936], [77.1072017, 28.8687509], [77.1044206, 28.8694853], [77.1053454, 28.8706494], [77.1066245, 28.8718378], [77.106388, 28.8725477], [77.1020259, 28.8726193], [77.1013262, 28.8726315], [77.0981226, 28.872619], [77.0981226, 28.8739247]]]}, "properties": {"landuse": "industrial"}}, {"type": "Feature", "geometry": {"type": "Polygon", "coordinates": [[[77.0176337, 28.6827939], [77.0180843, 28.6830098], [77.0240175, 28.6824714], [77.0235972, 28.6798062], [77.0253932, 28.6791189], [77.0249728, 28.6764704], [77.0305328, 28.6763363], [77.0306283, 28.673738], [77.0288323, 28.6737045], [77.0286983, 28.6724696], [77.0269026, 28.6725143], [77.026807, 28.6732351], [77.0239602, 28.6732016], [77.0238264, 28.6727155], [77.0228711, 28.6727155], [77.0221833, 28.6716091], [77.0209103, 28.6719909], [77.0208858, 28.6723184], [77.0212807, 28.672287], [77.0212934, 28.6725355], [77.0215393, 28.6725637], [77.0215391, 28.672836], [77.0217648, 28.672828], [77.0217682, 28.6731843], [77.021763, 28.6734945], [77.0218057, 28.6741831], [77.0222891, 28.674167], [77.0225213, 28.6741593], [77.0224959, 28.6750061], [77.0214634, 28.6750032], [77.0214917, 28.6755106], [77.0170827, 28.6756932], [77.0169964, 28.677375], [77.0163628, 28.677567], [77.0162422, 28.6776035], [77.0162337, 28.6792947], [77.0151713, 28.679301], [77.0176337, 28.6827939]]]}, "properties": {"landuse": "industrial"}}, {"type": "Feature", "geometry": {"type": "Polygon", "coordinates": [[[77.3159532, 28.3859245], [77.3159491, 28.3862056], [77.3162281, 28.3862066], [77.3166547, 28.3862134], [77.3166576, 28.3857268], [77.3166721, 28.3850054], [77.3158363, 28.3849961], [77.315823, 28.3859231], [77.3159532, 28.3859245]]]}, "properties": {"landuse": "industrial"}}, {"type": "Feature", "geometry": {"type": "Polygon", "coordinates": [[[77.3307175, 28.686215], [77.330771, 28.685935], [77.3309054, 28.6859842], [77.3317479, 28.6828957], [77.3315046, 28.6827241], [77.3295416, 28.685611], [77.3307175, 28.686215]]]}, "properties": {"landuse": "industrial"}}, {"type": "Feature", "geometry": {"type": "Polygon", "coordinates": [[[77.1025888, 28.686099], [77.1026186, 28.6884583], [77.111179, 28.6881169], [77.1226578, 28.6864238], [77.1232415, 28.6858094], [77.1232259, 28.6847512], [77.1233513, 28.6845381], [77.1235274, 28.6843305], [77.1240942, 28.6841277], [77.1274619, 28.6838284], [77.1272312, 28.6814729], [77.1246138, 28.6825465], [77.1243959, 28.6821362], [77.1224257, 28.6822348], [77.1224335, 28.6824737], [77.115624, 28.6829994], [77.1154685, 28.6828629], [77.1139997, 28.6829737], [77.1139569, 28.6817633], [77.1019818, 28.6830063], [77.1025888, 28.686099]]]}, "properties": {"landuse": "industrial"}}, {"type": "Feature", "geometry": {"type": "Polygon", "coordinates": [[[77.1174466, 28.680447], [77.1207678, 28.6782491], [77.1228061, 28.6780906], [77.13193, 28.6772958], [77.1324359, 28.6773368], [77.1361791, 28.6789072], [77.13579, 28.6781288], [77.1343347, 28.6774802], [77.132646, 28.6770842], [77.132646, 28.6769476], [77.1394243, 28.676299], [77.1394869, 28.6759655], [77.1385294, 28.6760379], [77.1385239, 28.6758592], [77.1372197, 28.6759848], [77.1370161, 28.6745171], [77.1349497, 28.6745295], [77.121098, 28.6764058], [77.1194809, 28.6766688], [77.1188738, 28.6767071], [77.1187694, 28.6767212], [77.1188076, 28.6769035], [77.1190335, 28.6779813], [77.1188689, 28.6780466], [77.1181205, 28.6786936], [77.1172308, 28.6804863], [77.1174466, 28.680447]]]}, "properties": {"landuse": "industrial"}}, {"type": "Feature", "geometry": {"type": "Polygon", "coordinates": [[[77.3082721, 28.3581157], [77.3082806, 28.3580166], [77.308061, 28.358002], [77.3080525, 28.3581011], [77.3082721, 28.3581157]]]}, "properties": {"landuse": "industrial"}}, {"type": "Feature", "geometry": {"type": "Polygon", "coordinates": [[[77.3088894, 28.311513], [77.3095021, 28.3115149], [77.3095127, 28.3098631], [77.3088852, 28.3098631], [77.3088894, 28.311513]]]}, "properties": {"landuse": "industrial"}}, {"type": "Feature", "geometry": {"type": "Polygon", "coordinates": [[[77.3052885, 28.3588547], [77.3053046, 28.3586345], [77.3048742, 28.35861], [77.304858, 28.3588302], [77.3052885, 28.3588547]]]}, "properties": {"landuse": "industrial"}}, {"type": "Feature", "geometry": {"type": "Polygon", "coordinates": [[[77.3027817, 28.3490478], [77.30335, 28.3488829], [77.3030962, 28.3482057], [77.3025279, 28.3483706], [77.3027817, 28.3490478]]]}, "properties": {"landuse": "industrial"}}, {"type": "Feature", "geometry": {"type": "Polygon", "coordinates": [[[77.3057285, 28.4358936], [77.3063925, 28.4358979], [77.3063925, 28.4348825], [77.3057285, 28.4348782], [77.3057285, 28.4358936]]]}, "properties": {"landuse": "industrial"}}, {"type": "Feature", "geometry": {"type": "Polygon", "coordinates": [[[77.3063237, 28.2289511], [77.3119511, 28.2288943], [77.3119443, 28.2283768], [77.3112136, 28.2283842], [77.3112147, 28.2284687], [77.3083874, 28.2284972], [77.3083813, 28.228027], [77.306312, 28.2280479], [77.3063237, 28.2289511]]]}, "properties": {"landuse": "industrial"}}, {"type": "Feature", "geometry": {"type": "Polygon", "coordinates": [[[77.0628614, 28.2097903], [77.0631306, 28.2089936], [77.0630881, 28.2089574], [77.0631039, 28.2088778], [77.0631483, 28.2088884], [77.0631654, 28.2088333], [77.0608147, 28.2081979], [77.0604257, 28.2091164], [77.0628614, 28.2097903]]]}, "properties": {"landuse": "industrial"}}, {"type": "Feature", "geometry": {"type": "Polygon", "coordinates": [[[76.8799892, 28.3665382], [76.8807739, 28.3665386], [76.8807425, 28.3646447], [76.8799737, 28.3646598], [76.8799892, 28.3665382]]]}, "properties": {"landuse": "industrial"}}, {"type": "Feature", "geometry": {"type": "Polygon", "coordinates": [[[76.8792294, 28.3665438], [76.8799655, 28.3665384], [76.8799892, 28.3665382], [76.8799737, 28.3646598], [76.879214, 28.3646654], [76.8792294, 28.3665438]]]}, "properties": {"landuse": "industrial"}}, {"type": "Feature", "geometry": {"type": "Polygon", "coordinates": [[[77.2974987, 28.3074442], [77.2985025, 28.3074442], [77.2988865, 28.3074227], [77.2988863, 28.3073946], [77.2988819, 28.30689], [77.2974763, 28.3068854], [77.2974987, 28.3074442]]]}, "properties": {"landuse": "industrial"}}, {"type": "Feature", "geometry": {"type": "Polygon", "coordinates": [[[77.0958519, 28.6855499], [77.096299, 28.6877681], [77.0963861, 28.6881846], [77.0965602, 28.6884102], [77.0967857, 28.6884935], [77.0976286, 28.6883894], [77.1016924, 28.6882401], [77.1018942, 28.6883963], [77.1025589, 28.6884623], [77.1025431, 28.686088], [77.1019179, 28.6830089], [77.0979056, 28.6833734], [77.0954918, 28.6835435], [77.0958519, 28.6855499]]]}, "properties": {"landuse": "industrial"}}, {"type": "Feature", "geometry": {"type": "Polygon", "coordinates": [[[77.1423518, 28.6798625], [77.1427575, 28.6803877], [77.1431156, 28.6807338], [77.1437255, 28.6811805], [77.1463377, 28.6828399], [77.1467664, 28.6831119], [77.1484335, 28.6842231], [77.1501932, 28.6854085], [77.1505709, 28.685676], [77.1510157, 28.6851631], [77.1511668, 28.6849668], [77.1519697, 28.6851459], [77.1517235, 28.6844023], [77.1518886, 28.6843311], [77.151122, 28.6823014], [77.1506268, 28.6810595], [77.1504365, 28.680799], [77.1502189, 28.6801002], [77.1500126, 28.6801402], [77.1499433, 28.6797725], [77.1498895, 28.6791364], [77.1498755, 28.678562], [77.1500266, 28.6779141], [77.1503036, 28.6772195], [77.15074, 28.6763457], [77.1503064, 28.676196], [77.1480263, 28.6770501], [77.1452987, 28.6780883], [77.1436537, 28.6786406], [77.1420413, 28.6791188], [77.1423518, 28.6798625]]]}, "properties": {"landuse": "industrial"}}, {"type": "Feature", "geometry": {"type": "Polygon", "coordinates": [[[77.1423518, 28.6798625], [77.1427575, 28.6803877], [77.1431156, 28.6807338], [77.1437255, 28.6811805], [77.1463377, 28.6828399], [77.1467664, 28.6831119], [77.1484335, 28.6842231], [77.1501932, 28.6854085], [77.1505709, 28.685676], [77.1510157, 28.6851631], [77.1511668, 28.6849668], [77.1519697, 28.6851459], [77.1517235, 28.6844023], [77.1518886, 28.6843311], [77.151122, 28.6823014], [77.1506268, 28.6810595], [77.1504365, 28.680799], [77.1502189, 28.6801002], [77.1500126, 28.6801402], [77.1499433, 28.6797725], [77.1498895, 28.6791364], [77.1498755, 28.678562], [77.1500266, 28.6779141], [77.1503036, 28.6772195], [77.15074, 28.6763457], [77.1503064, 28.676196], [77.1480263, 28.6770501], [77.1452987, 28.6780883], [77.1436537, 28.6786406], [77.1420413, 28.6791188], [77.1423518, 28.6798625]]]}, "properties": {"landuse": "industrial"}}, {"type": "Feature", "geometry": {"type": "Polygon", "coordinates": [[[77.1540744, 28.6923586], [77.1549617, 28.6941078], [77.155128, 28.6941453], [77.1553095, 28.6941321], [77.1555028, 28.6940365], [77.1555993, 28.6939278], [77.1557343, 28.6941248], [77.1554908, 28.6943398], [77.1553674, 28.6945425], [77.1553243, 28.6946929], [77.1553434, 28.694888], [77.1557044, 28.6955469], [77.1557949, 28.6957064], [77.1579798, 28.6948648], [77.1578067, 28.6945201], [77.1564853, 28.6939115], [77.155664, 28.693232], [77.1552123, 28.6927158], [77.1547639, 28.692035], [77.1540492, 28.6923093], [77.1540744, 28.6923586]]]}, "properties": {"landuse": "industrial"}}, {"type": "Feature", "geometry": {"type": "Polygon", "coordinates": [[[77.0827165, 28.687891], [77.0940915, 28.6876247], [77.0946494, 28.6877878], [77.0952705, 28.6880898], [77.0955395, 28.6881557], [77.0957215, 28.6880516], [77.0953892, 28.6860316], [77.094954, 28.6835847], [77.0876663, 28.6841782], [77.0825978, 28.6846655], [77.0827165, 28.687891]]]}, "properties": {"landuse": "industrial"}}, {"type": "Feature", "geometry": {"type": "Polygon", "coordinates": [[[77.0682573, 28.7970093], [77.0697685, 28.7982948], [77.0700139, 28.7985035], [77.0717646, 28.8000533], [77.0720359, 28.7999856], [77.0719784, 28.7995847], [77.0741886, 28.7995604], [77.0744296, 28.799377], [77.0745807, 28.7992619], [77.0768601, 28.7974327], [77.0755412, 28.796296], [77.0738788, 28.7948859], [77.0735164, 28.7945633], [77.0726208, 28.7953877], [77.0696068, 28.7928609], [77.066783, 28.7954408], [77.0666195, 28.7955758], [77.0682573, 28.7970093]]]}, "properties": {"landuse": "industrial"}}, {"type": "Feature", "geometry": {"type": "Polygon", "coordinates": [[[77.3081682, 28.4424112], [77.3093394, 28.4281482], [77.3093032, 28.4279396], [77.309172, 28.4277482], [77.3062251, 28.4275665], [77.3059941, 28.4308408], [77.3057721, 28.4339873], [77.3051648, 28.4425951], [77.3081682, 28.4424112]]]}, "properties": {"landuse": "industrial"}}, {"type": "Feature", "geometry": {"type": "Polygon", "coordinates": [[[77.3141246, 28.3926798], [77.3141246, 28.3909422], [77.3129667, 28.390925], [77.3128189, 28.3926528], [77.3141246, 28.3926798]]]}, "properties": {"landuse": "industrial"}}, {"type": "Feature", "geometry": {"type": "Polygon", "coordinates": [[[77.3165445, 28.3909081], [77.3165404, 28.3884883], [77.3131818, 28.38845], [77.3129699, 28.3908908], [77.3165445, 28.3909081]]]}, "properties": {"landuse": "industrial"}}, {"type": "Feature", "geometry": {"type": "Polygon", "coordinates": [[[77.3152764, 28.3682987], [77.3217471, 28.3687135], [77.3223427, 28.3615392], [77.322923, 28.3543601], [77.3163837, 28.3539362], [77.3159942, 28.3580906], [77.3158716, 28.3600086], [77.3157789, 28.3611345], [77.3157703, 28.3613788], [77.3155229, 28.3642937], [77.3154341, 28.3652602], [77.315183, 28.3682185], [77.3152764, 28.3682987]]]}, "properties": {"landuse": "industrial"}}, {"type": "Feature", "geometry": {"type": "Polygon", "coordinates": [[[77.3210185, 28.3539669], [77.3210946, 28.3539716], [77.3237753, 28.3541372], [77.3239371, 28.3521151], [77.3204898, 28.3498815], [77.3193326, 28.3492012], [77.3193422, 28.3491245], [77.3179981, 28.3482865], [77.3173316, 28.3480471], [77.3166533, 28.3479742], [77.3165598, 28.3500395], [77.3167294, 28.3502235], [77.3164066, 28.353682], [77.3210185, 28.3539669]]]}, "properties": {"landuse": "industrial"}}, {"type": "Feature", "geometry": {"type": "Polygon", "coordinates": [[[77.303299, 28.3063798], [77.3049007, 28.3093577], [77.307759, 28.3151729], [77.3099604, 28.3197297], [77.3140558, 28.3197411], [77.3143325, 28.3166832], [77.3145408, 28.3141526], [77.314798, 28.3127397], [77.3154393, 28.3060502], [77.3138083, 28.3060846], [77.3124638, 28.3054569], [77.3108849, 28.3049381], [77.3097553, 28.3039492], [77.308834, 28.3030693], [77.3056046, 28.299644], [77.3037885, 28.2978896], [77.303795, 28.2987466], [77.3024147, 28.2987667], [77.3024115, 28.3015385], [77.3001809, 28.3015208], [77.303299, 28.3063798]]]}, "properties": {"landuse": "industrial"}}, {"type": "Feature", "geometry": {"type": "Polygon", "coordinates": [[[77.3122644, 28.3452229], [77.3126764, 28.3460599], [77.3140847, 28.3464452], [77.3148139, 28.3464489], [77.3148445, 28.3469397], [77.3152642, 28.3471324], [77.3158192, 28.3472846], [77.3161789, 28.3473189], [77.3164707, 28.3440519], [77.3154985, 28.3440327], [77.3148069, 28.3442463], [77.3139731, 28.3445089], [77.3131031, 28.3447764], [77.3121968, 28.3450856], [77.3122644, 28.3452229]]]}, "properties": {"landuse": "industrial"}}, {"type": "Feature", "geometry": {"type": "Polygon", "coordinates": [[[77.3129123, 28.3388872], [77.3134032, 28.3388817], [77.3158992, 28.337769], [77.315715, 28.3365396], [77.3129681, 28.336514], [77.3128259, 28.3382319], [77.3129123, 28.3388872]]]}, "properties": {"landuse": "industrial"}}, {"type": "Feature", "geometry": {"type": "Polygon", "coordinates": [[[77.3028924, 28.3440192], [77.3029314, 28.3473166], [77.31079, 28.344757], [77.3108452, 28.3434174], [77.3113992, 28.3381906], [77.3114494, 28.3378078], [77.3122162, 28.3378004], [77.3124197, 28.3363132], [77.31253, 28.3353024], [77.3125619, 28.33501], [77.3127041, 28.3338025], [77.312877, 28.3328306], [77.3131007, 28.3300876], [77.3130884, 28.3290843], [77.3129741, 28.328397], [77.3127957, 28.3278718], [77.3120874, 28.325945], [77.3107964, 28.3229137], [77.3091569, 28.3239864], [77.3061064, 28.3255695], [77.3043386, 28.3265906], [77.3038646, 28.3269023], [77.3033934, 28.3275576], [77.3030755, 28.3280338], [77.3029692, 28.3287185], [77.3029528, 28.3288241], [77.3029221, 28.3293703], [77.3029054, 28.3296684], [77.3029153, 28.3365184], [77.3028842, 28.3433211], [77.3028924, 28.3440192]]]}, "properties": {"landuse": "industrial"}}, {"type": "Feature", "geometry": {"type": "Polygon", "coordinates": [[[77.3075305, 28.3732741], [77.3080514, 28.3703819], [77.3084855, 28.3699513], [77.3093536, 28.3694201], [77.309543, 28.3689409], [77.3099351, 28.3635949], [77.3101924, 28.3613868], [77.3103322, 28.3597607], [77.3106411, 28.3554452], [77.3107016, 28.3546061], [77.3107939, 28.3531478], [77.3108434, 28.3525225], [77.3108445, 28.3524518], [77.3108983, 28.3516966], [77.3110175, 28.3497318], [77.3111227, 28.3484748], [77.3111503, 28.3478961], [77.3115799, 28.346516], [77.3116106, 28.344856], [77.3088326, 28.3456937], [77.3072997, 28.3461918], [77.3014011, 28.3479992], [77.3013573, 28.348008], [77.3005115, 28.3481783], [77.3006195, 28.3488242], [77.3007113, 28.3493724], [77.3007915, 28.3500941], [77.3005662, 28.3526939], [77.3004658, 28.3539642], [77.2996886, 28.3630443], [77.2991528, 28.3671373], [77.2986453, 28.3692796], [77.2984723, 28.370355], [77.2982993, 28.3727364], [77.3075305, 28.3732741]]]}, "properties": {"landuse": "industrial"}}, {"type": "Feature", "geometry": {"type": "Polygon", "coordinates": [[[77.3132797, 28.3745781], [77.3134945, 28.3711032], [77.3102816, 28.3709388], [77.310025, 28.3743965], [77.3132797, 28.3745781]]]}, "properties": {"landuse": "industrial"}}, {"type": "Feature", "geometry": {"type": "Polygon", "coordinates": [[[77.2898575, 28.3769427], [77.2905595, 28.3770537], [77.2921793, 28.377148], [77.2934122, 28.3772198], [77.2969201, 28.3774241], [77.2973956, 28.3773259], [77.2975732, 28.3771898], [77.2976562, 28.3768574], [77.2977203, 28.3754616], [77.2978966, 28.3729417], [77.2978832, 28.372896], [77.2900268, 28.3724299], [77.2898888, 28.3725617], [77.2897245, 28.3751304], [77.2897096, 28.3753624], [77.2896209, 28.3767484], [77.2898575, 28.3769427]]]}, "properties": {"landuse": "industrial"}}, {"type": "Feature", "geometry": {"type": "Polygon", "coordinates": [[[77.2980012, 28.3773453], [77.2983404, 28.3774737], [77.303858, 28.3778268], [77.3047829, 28.3777139], [77.3068193, 28.3778235], [77.3069107, 28.3761431], [77.3046289, 28.3760262], [77.3042552, 28.375879], [77.3044501, 28.3732221], [77.3032505, 28.3731845], [77.299554, 28.3729775], [77.2982889, 28.372937], [77.2982125, 28.3739189], [77.2981712, 28.37449], [77.2979618, 28.37721], [77.2980012, 28.3773453]]]}, "properties": {"landuse": "industrial"}}, {"type": "Feature", "geometry": {"type": "Polygon", "coordinates": [[[77.3030414, 28.4981796], [77.3032312, 28.500071], [77.3035606, 28.4999729], [77.3046605, 28.5005739], [77.3047889, 28.5011603], [77.3037253, 28.5016583], [77.3039235, 28.5021783], [77.303912, 28.5023525], [77.3038705, 28.5029781], [77.3037002, 28.5033019], [77.3035743, 28.5039351], [77.3038202, 28.5058433], [77.3040994, 28.5075482], [77.3043143, 28.5085098], [77.3044734, 28.5090736], [77.3048051, 28.509587], [77.3054762, 28.5099513], [77.3097477, 28.5111412], [77.3104306, 28.5112765], [77.3109281, 28.5110891], [77.3114215, 28.5110718], [77.3123575, 28.5111482], [77.312806, 28.5097556], [77.3126927, 28.5092505], [77.3126848, 28.508862], [77.3127519, 28.5081231], [77.312215, 28.5079184], [77.3108412, 28.5076201], [77.3104793, 28.5051289], [77.3112354, 28.5034404], [77.3112497, 28.5031271], [77.3114428, 28.5029975], [77.3116584, 28.5024752], [77.3120438, 28.5018186], [77.3122782, 28.5009938], [77.3124917, 28.500186], [77.3115873, 28.5000814], [77.3101661, 28.5002063], [77.3084686, 28.5001855], [77.3079377, 28.5000809], [77.3067932, 28.49973], [77.3058469, 28.4994332], [77.3053639, 28.4990848], [77.3038956, 28.497819], [77.3036109, 28.4976178], [77.3033485, 28.4976129], [77.3030191, 28.4976791], [77.3030414, 28.4981796]]]}, "properties": {"landuse": "industrial"}}, {"type": "Feature", "geometry": {"type": "Polygon", "coordinates": [[[77.2857382, 28.6242198], [77.2857872, 28.6242385], [77.2857801, 28.624263], [77.2857717, 28.6242919], [77.28575, 28.6242903], [77.2858876, 28.6250106], [77.2864302, 28.6250254], [77.2869569, 28.6241868], [77.2897166, 28.6199304], [77.2895257, 28.6198452], [77.2894948, 28.6198763], [77.2894665, 28.6199297], [77.2893997, 28.6199059], [77.2894232, 28.6198585], [77.289339, 28.6198251], [77.2893106, 28.6198722], [77.2892622, 28.6198503], [77.2892826, 28.619802], [77.2892886, 28.6197776], [77.2877884, 28.6191968], [77.2868186, 28.6188233], [77.2866683, 28.6188294], [77.2866317, 28.6188883], [77.2868332, 28.6189845], [77.2868181, 28.6190026], [77.2867644, 28.6190674], [77.2867487, 28.6190863], [77.2866362, 28.6190373], [77.2865505, 28.619], [77.286196, 28.619583], [77.2863345, 28.6196474], [77.2858908, 28.6203461], [77.2856181, 28.6210161], [77.2855459, 28.6214675], [77.2854949, 28.6217862], [77.285372, 28.6226206], [77.2857382, 28.6242198]]]}, "properties": {"landuse": "industrial"}}, {"type": "Feature", "geometry": {"type": "Polygon", "coordinates": [[[77.3070452, 28.46202], [77.3072544, 28.462154], [77.3075132, 28.4622164], [77.3110236, 28.4621883], [77.3121867, 28.4627525], [77.3123285, 28.4631204], [77.3123994, 28.4632295], [77.3129774, 28.4632638], [77.3131866, 28.4617612], [77.3135802, 28.4600717], [77.3146581, 28.4565646], [77.3153567, 28.4538711], [77.3157503, 28.4521565], [77.3114101, 28.4521596], [77.3114101, 28.4505977], [77.3118321, 28.448512], [77.3117647, 28.4469001], [77.3121654, 28.4452851], [77.3121335, 28.439065], [77.3088784, 28.4391052], [77.3082386, 28.4465003], [77.3077973, 28.4512885], [77.30702, 28.4603], [77.3069034, 28.4617862], [77.3070452, 28.46202]]]}, "properties": {"landuse": "industrial"}}, {"type": "Feature", "geometry": {"type": "Polygon", "coordinates": [[[77.3026838, 28.4752768], [77.3030984, 28.4752663], [77.3049579, 28.4747041], [77.3050368, 28.4745966], [77.3052941, 28.4729], [77.305479, 28.4727781], [77.3056093, 28.4722957], [77.305933, 28.4690021], [77.3061228, 28.4656936], [77.3063326, 28.4629281], [77.3062923, 28.4626161], [77.3060554, 28.4625571], [77.303308, 28.4625329], [77.3027115, 28.4679436], [77.3019021, 28.4752282], [77.3026838, 28.4752768]]]}, "properties": {"landuse": "industrial"}}, {"type": "Feature", "geometry": {"type": "Polygon", "coordinates": [[[77.3067144, 28.4675993], [77.3094824, 28.4675623], [77.3094517, 28.4661929], [77.3107316, 28.4661757], [77.3107931, 28.4655302], [77.3118567, 28.4654799], [77.3120803, 28.4633443], [77.3120981, 28.4630996], [77.3119619, 28.4629001], [77.3116598, 28.4627248], [77.3110815, 28.4624697], [77.3107478, 28.4624072], [77.3102465, 28.4624037], [77.3073052, 28.4624141], [77.3072262, 28.4625929], [77.3070747, 28.4626121], [77.30708, 28.4627995], [77.3070306, 28.4637132], [77.3069844, 28.4645773], [77.3067117, 28.4665528], [77.3066909, 28.4670676], [77.3066828, 28.467169], [77.3067144, 28.4675993]]]}, "properties": {"landuse": "industrial"}}, {"type": "Feature", "geometry": {"type": "Polygon", "coordinates": [[[77.3041578, 28.4870837], [77.304521, 28.4834435], [77.3046099, 28.4824203], [77.3047816, 28.4804451], [77.3046119, 28.4778631], [77.3044346, 28.4772287], [77.3044381, 28.4765767], [77.304858, 28.476255], [77.3049096, 28.4760259], [77.3050224, 28.4749479], [77.3048764, 28.4749098], [77.3030168, 28.4754373], [77.3026338, 28.4754477], [77.3019547, 28.4753991], [77.3010573, 28.4835239], [77.3005847, 28.487802], [77.3041578, 28.4870837]]]}, "properties": {"landuse": "industrial"}}, {"type": "Feature", "geometry": {"type": "Polygon", "coordinates": [[[77.2955335, 28.4718067], [77.2962521, 28.4722857], [77.2963982, 28.4724454], [77.2969392, 28.4747916], [77.2983329, 28.4747916], [77.3005085, 28.4747187], [77.3013535, 28.4751456], [77.3015509, 28.4731881], [77.3014601, 28.4729521], [77.300777, 28.4729104], [77.3004216, 28.4719386], [77.2993319, 28.4717651], [77.2988464, 28.4716809], [77.298343, 28.4716774], [77.2954429, 28.4716566], [77.2955335, 28.4718067]]]}, "properties": {"landuse": "industrial"}}, {"type": "Feature", "geometry": {"type": "Polygon", "coordinates": [[[76.8792401, 28.366812], [76.8792828, 28.3687388], [76.8792891, 28.3688384], [76.8838552, 28.3687732], [76.8838522, 28.3686727], [76.8838218, 28.3667422], [76.8838207, 28.3665005], [76.8837808, 28.3645911], [76.8837787, 28.3643236], [76.8837782, 28.3642641], [76.8837987, 28.3624215], [76.8829454, 28.3624409], [76.8822106, 28.3624478], [76.8806602, 28.362466], [76.8806889, 28.3643569], [76.8806863, 28.3646179], [76.8791797, 28.3646294], [76.8792401, 28.366812]]]}, "properties": {"landuse": "industrial"}}, {"type": "Feature", "geometry": {"type": "Polygon", "coordinates": [[[77.1189577, 28.818583], [77.1189727, 28.8195544], [77.1189827, 28.8201977], [77.1192225, 28.8202102], [77.1192293, 28.8231663], [77.1192296, 28.8233078], [77.1192388, 28.8239816], [77.1192608, 28.825582], [77.119269, 28.8261797], [77.1185962, 28.8261985], [77.1186213, 28.8264994], [77.1192941, 28.8264775], [77.1211048, 28.8265872], [77.1232305, 28.8261326], [77.1243756, 28.8263113], [77.1242217, 28.8271077], [77.1263331, 28.8287348], [77.127922, 28.8307537], [77.1289884, 28.8320955], [77.1293641, 28.8323243], [77.1298615, 28.83076], [77.1310389, 28.8269352], [77.1324601, 28.8222561], [77.1335122, 28.8187603], [77.1324673, 28.8177224], [77.1316299, 28.8169229], [77.1311468, 28.8163554], [77.1308569, 28.8155841], [77.1302199, 28.8145619], [77.1300518, 28.8142139], [77.129951, 28.8129768], [77.1263009, 28.8135381], [77.1258965, 28.8123654], [77.1245152, 28.8128169], [77.1233414, 28.8133625], [77.1223931, 28.8140742], [77.1193084, 28.8170905], [77.1185103, 28.8178524], [77.1189577, 28.818583]]]}, "properties": {"landuse": "industrial"}}, {"type": "Feature", "geometry": {"type": "Polygon", "coordinates": [[[77.0108427, 28.4359918], [77.0126425, 28.4380806], [77.0132696, 28.4377162], [77.0142908, 28.4387575], [77.0185736, 28.4360374], [77.0187357, 28.4358401], [77.018774, 28.4356585], [77.0188256, 28.435415], [77.0159859, 28.432417], [77.0108661, 28.4357408], [77.0108138, 28.4358716], [77.0108427, 28.4359918]]]}, "properties": {"landuse": "industrial"}}, {"type": "Feature", "geometry": {"type": "Polygon", "coordinates": [[[77.017073, 28.4333572], [77.0181818, 28.4325916], [77.0172933, 28.4315707], [77.0161646, 28.4322891], [77.017073, 28.4333572]]]}, "properties": {"landuse": "industrial"}}, {"type": "Feature", "geometry": {"type": "Polygon", "coordinates": [[[77.0593976, 28.2097209], [77.0597914, 28.2085921], [77.0587201, 28.2083006], [77.0583159, 28.2094294], [77.0593976, 28.2097209]]]}, "properties": {"landuse": "industrial"}}, {"type": "Feature", "geometry": {"type": "Polygon", "coordinates": [[[76.8457944, 28.298723], [76.8509269, 28.2987553], [76.8509269, 28.2951238], [76.8652935, 28.2949724], [76.8582165, 28.2870516], [76.8580574, 28.28849], [76.8565982, 28.2885242], [76.8559494, 28.2885394], [76.8555078, 28.2885498], [76.8551212, 28.2887411], [76.8548253, 28.2887419], [76.8548273, 28.2892861], [76.8541494, 28.2892881], [76.8541511, 28.2887149], [76.8527112, 28.2887115], [76.8527088, 28.2894959], [76.8521924, 28.2894978], [76.8507893, 28.2894969], [76.8507895, 28.2892212], [76.8500868, 28.2892208], [76.8500866, 28.2893511], [76.8494275, 28.2893506], [76.8494274, 28.2894727], [76.8487443, 28.2894795], [76.8487545, 28.2906477], [76.8487537, 28.2915406], [76.8488189, 28.2937358], [76.8457394, 28.2950593], [76.8457944, 28.298723]]]}, "properties": {"landuse": "industrial"}}, {"type": "Feature", "geometry": {"type": "Polygon", "coordinates": [[[76.8012496, 28.226138], [76.8087538, 28.2363476], [76.8131239, 28.2338618], [76.81456, 28.2330449], [76.8144134, 28.2284098], [76.8067513, 28.2283937], [76.8067696, 28.2259065], [76.8050283, 28.2257934], [76.8048083, 28.2236292], [76.802462, 28.2235485], [76.802572, 28.2213358], [76.7976653, 28.2213023], [76.8012496, 28.226138]]]}, "properties": {"landuse": "industrial"}}, {"type": "Feature", "geometry": {"type": "Polygon", "coordinates": [[[76.7719621, 28.2160108], [76.7745284, 28.2154293], [76.7792942, 28.2202426], [76.7900725, 28.2198873], [76.79072, 28.2246554], [76.7936779, 28.2246675], [76.7957274, 28.2246458], [76.7992914, 28.2247077], [76.7959186, 28.2198462], [76.7921426, 28.2086687], [76.7905478, 28.2074572], [76.7821709, 28.205228], [76.7708244, 28.204598], [76.7666643, 28.2050422], [76.7719621, 28.2160108]]]}, "properties": {"landuse": "industrial"}}, {"type": "Feature", "geometry": {"type": "Polygon", "coordinates": [[[76.7978903, 28.2331431], [76.7998086, 28.2330631], [76.7998346, 28.2362377], [76.8020906, 28.2362558], [76.8020979, 28.2376816], [76.8021028, 28.2398689], [76.8082466, 28.2397319], [76.8080609, 28.239335], [76.8074496, 28.2382695], [76.808833, 28.2374603], [76.8082856, 28.2367395], [76.8066374, 28.2344818], [76.8043559, 28.2313567], [76.8016013, 28.2274772], [76.799983, 28.2274529], [76.7999735, 28.227898], [76.7999778, 28.2285687], [76.7999883, 28.2301945], [76.7978515, 28.2301854], [76.7978903, 28.2331431]]]}, "properties": {"landuse": "industrial"}}, {"type": "Feature", "geometry": {"type": "Polygon", "coordinates": [[[76.8678513, 28.3136835], [76.8728026, 28.3137748], [76.8728026, 28.3185672], [76.8755245, 28.3186813], [76.8793611, 28.3148474], [76.8789982, 28.314254], [76.8835088, 28.3122229], [76.884468, 28.3127478], [76.8853753, 28.3121088], [76.8775724, 28.3056728], [76.8776113, 28.3063346], [76.8720432, 28.3062646], [76.8719333, 28.306251], [76.8719977, 28.3055189], [76.8713969, 28.3055048], [76.8713969, 28.3053253], [76.8700209, 28.3052804], [76.8700317, 28.3050466], [76.8693423, 28.3050159], [76.8692563, 28.3072395], [76.8676958, 28.3081148], [76.8678513, 28.3136835]]]}, "properties": {"landuse": "industrial"}}, {"type": "Feature", "geometry": {"type": "Polygon", "coordinates": [[[76.8551863, 28.4001398], [76.8551736, 28.3992777], [76.8563347, 28.3995438], [76.8570793, 28.3987594], [76.857709, 28.3964984], [76.8577731, 28.3962682], [76.8588481, 28.3963022], [76.8589027, 28.3946677], [76.8584533, 28.394648], [76.8584389, 28.394372], [76.8601491, 28.3936852], [76.8613121, 28.3929464], [76.862205, 28.3925801], [76.8617498, 28.3923911], [76.8615784, 28.3926625], [76.8602069, 28.392654], [76.8602085, 28.3923739], [76.8595156, 28.3923735], [76.8595154, 28.3928136], [76.8588273, 28.3928029], [76.8588092, 28.3931645], [76.8581165, 28.3931674], [76.8581536, 28.3909976], [76.856859, 28.3904292], [76.856799, 28.3933846], [76.8578933, 28.3933698], [76.8578998, 28.3947153], [76.8574411, 28.3949807], [76.8569331, 28.3944983], [76.8565437, 28.394245], [76.8560228, 28.3941213], [76.8560591, 28.3955578], [76.853992, 28.3954832], [76.8539923, 28.3954024], [76.8533206, 28.3954051], [76.8533219, 28.3950477], [76.8505821, 28.395045], [76.850577, 28.3952976], [76.849904, 28.3952911], [76.8498937, 28.3955541], [76.8497761, 28.395554], [76.8497818, 28.3950218], [76.8485328, 28.3950147], [76.8485151, 28.3955546], [76.8478236, 28.3955493], [76.8478447, 28.3950308], [76.8459184, 28.3950327], [76.8456447, 28.3954592], [76.8551863, 28.4001398]]]}, "properties": {"landuse": "industrial"}}, {"type": "Feature", "geometry": {"type": "Polygon", "coordinates": [[[77.2849068, 28.5182218], [77.2849786, 28.5184634], [77.284997, 28.5186165], [77.2849841, 28.5187563], [77.2848918, 28.5188973], [77.2862498, 28.5193916], [77.2866874, 28.5184672], [77.2844865, 28.5153142], [77.2833487, 28.5159286], [77.2849068, 28.5182218]]]}, "properties": {"landuse": "industrial"}}, {"type": "Feature", "geometry": {"type": "Polygon", "coordinates": [[[77.2250488, 28.5795873], [77.2270256, 28.579453], [77.228871, 28.5794224], [77.2288698, 28.5794581], [77.2288683, 28.5795025], [77.2292438, 28.5795143], [77.2296032, 28.5795001], [77.2300921, 28.5794998], [77.2300921, 28.5794533], [77.2300921, 28.5794295], [77.2311541, 28.5794695], [77.2321003, 28.5795022], [77.2340862, 28.5795406], [77.2340745, 28.5795873], [77.2356224, 28.5796462], [77.2356411, 28.5791896], [77.2316366, 28.5791206], [77.2307029, 28.5790577], [77.2296649, 28.5790785], [77.228702, 28.5790573], [77.2279054, 28.5790573], [77.2272241, 28.5790974], [77.2259259, 28.5791892], [77.2250247, 28.5792481], [77.2250488, 28.5795873]]]}, "properties": {"landuse": "industrial"}}, {"type": "Feature", "geometry": {"type": "Polygon", "coordinates": [[[77.1148114, 28.780925], [77.1177357, 28.7809111], [77.1211903, 28.7808946], [77.1222214, 28.7808897], [77.1245772, 28.780837], [77.1259398, 28.7753597], [77.126506, 28.7703377], [77.1250864, 28.770124], [77.1245194, 28.7704281], [77.1244211, 28.7703238], [77.1234296, 28.7684409], [77.123182, 28.768438], [77.1222581, 28.7684629], [77.1214503, 28.7698246], [77.121995, 28.77034], [77.1223288, 28.7729241], [77.1192682, 28.77303], [77.1187044, 28.7750185], [77.1180652, 28.7755329], [77.1171889, 28.7762382], [77.11714, 28.7762776], [77.1152544, 28.7777953], [77.1148114, 28.7788189], [77.1148114, 28.780925]]]}, "properties": {"landuse": "industrial"}}, {"type": "Feature", "geometry": {"type": "Polygon", "coordinates": [[[77.1439076, 28.7925748], [77.1442812, 28.7937492], [77.1443396, 28.7945785], [77.1435559, 28.802398], [77.1456027, 28.8024386], [77.145642, 28.8004762], [77.1463609, 28.8005138], [77.1464038, 28.8034565], [77.1487319, 28.8034095], [77.1487749, 28.8030711], [77.1497083, 28.8030617], [77.1511352, 28.8020933], [77.1517467, 28.8010873], [77.1496653, 28.8011062], [77.1497513, 28.799751], [77.1494346, 28.7997533], [77.1493806, 28.7975919], [77.151649, 28.7974184], [77.151793, 28.7946101], [77.1533773, 28.7944997], [77.1533773, 28.7896559], [77.1514149, 28.7895455], [77.1514689, 28.7882201], [77.1446277, 28.7882359], [77.144632, 28.789058], [77.1433083, 28.7890606], [77.1433314, 28.7897348], [77.1426833, 28.7897822], [77.1439076, 28.7925748]]]}, "properties": {"landuse": "industrial"}}, {"type": "Feature", "geometry": {"type": "Polygon", "coordinates": [[[77.1462742, 28.7789808], [77.1480143, 28.7757723], [77.1482866, 28.7753266], [77.1483591, 28.7752147], [77.1486918, 28.7746691], [77.1488573, 28.7742904], [77.1483504, 28.7732908], [77.1453287, 28.7740085], [77.144432, 28.7729149], [77.1437789, 28.7729149], [77.1423851, 28.7788954], [77.1462742, 28.7789808]]]}, "properties": {"landuse": "industrial"}}, {"type": "Feature", "geometry": {"type": "Polygon", "coordinates": [[[76.9733837, 28.6930876], [76.9936098, 28.691506], [76.9937697, 28.6896086], [76.9943308, 28.6856612], [76.9912216, 28.6859361], [76.9785036, 28.6870542], [76.9756514, 28.6872854], [76.9733302, 28.6875455], [76.9733837, 28.6930876]]]}, "properties": {"landuse": "industrial"}}, {"type": "Feature", "geometry": {"type": "Polygon", "coordinates": [[[76.8720371, 28.7195196], [76.874918, 28.7190842], [76.8763787, 28.7185364], [76.8781275, 28.7176708], [76.8784816, 28.7201453], [76.8798619, 28.7201453], [76.8798459, 28.7203194], [76.8812183, 28.7203648], [76.8812087, 28.7197946], [76.8818892, 28.7197858], [76.8818796, 28.7192202], [76.8821325, 28.7192169], [76.8821241, 28.7187178], [76.8832614, 28.718703], [76.8832702, 28.7192275], [76.8839157, 28.7192191], [76.8839244, 28.719736], [76.8846524, 28.7197313], [76.8846148, 28.718654], [76.8860042, 28.7186446], [76.8860096, 28.7180942], [76.8859935, 28.7175202], [76.888032, 28.7175296], [76.8880641, 28.7180424], [76.8894374, 28.7180236], [76.8896466, 28.7185787], [76.8907839, 28.7185599], [76.8907303, 28.7175202], [76.8909931, 28.7174967], [76.8909931, 28.7169792], [76.892758, 28.7169557], [76.8927526, 28.7164052], [76.8921304, 28.7163958], [76.8921223, 28.7152878], [76.891551, 28.7152973], [76.8915483, 28.7147186], [76.8920982, 28.7147021], [76.8921062, 28.714775], [76.8928251, 28.714735], [76.8932623, 28.7147303], [76.8931228, 28.7145092], [76.8935305, 28.7141822], [76.8955153, 28.7141893], [76.8982595, 28.714156], [76.8982658, 28.7144714], [76.8990015, 28.7144601], [76.8990163, 28.7151961], [76.9015516, 28.7138926], [76.9045058, 28.7123127], [76.9044471, 28.7083929], [76.9056648, 28.7082894], [76.9056272, 28.7077671], [76.9063729, 28.7077248], [76.9063422, 28.7043836], [76.8995153, 28.7082078], [76.8968832, 28.7096821], [76.8967898, 28.7097513], [76.8948724, 28.7110722], [76.893336, 28.7119459], [76.8934017, 28.7100114], [76.8923932, 28.7099314], [76.8920875, 28.7099338], [76.8920445, 28.7092774], [76.8883082, 28.7033796], [76.8870583, 28.703996], [76.8867311, 28.703102], [76.8860391, 28.7034219], [76.8857065, 28.7032573], [76.8855187, 28.7033278], [76.8832764, 28.703389], [76.8828982, 28.7035796], [76.880607, 28.6999338], [76.8799263, 28.6988507], [76.8796688, 28.6989637], [76.878864, 28.6995417], [76.8754799, 28.7061499], [76.8741572, 28.7085641], [76.8696907, 28.7186133], [76.8720371, 28.7195196]]]}, "properties": {"landuse": "industrial"}}, {"type": "Feature", "geometry": {"type": "Polygon", "coordinates": [[[76.9159833, 28.7001585], [76.9167557, 28.7012769], [76.9176305, 28.7024827], [76.9258337, 28.6982717], [76.9239134, 28.6950858], [76.9156058, 28.6996082], [76.9159833, 28.7001585]]]}, "properties": {"landuse": "industrial"}}, {"type": "Feature", "geometry": {"type": "Polygon", "coordinates": [[[76.9345841, 28.6969479], [76.9347936, 28.6980531], [76.9352683, 28.6994907], [76.9354763, 28.6999537], [76.9417353, 28.6983567], [76.9414052, 28.6978202], [76.9410405, 28.6972885], [76.9402465, 28.6960321], [76.9404624, 28.6960145], [76.9404557, 28.6955686], [76.9404337, 28.694089], [76.938943, 28.6941899], [76.9390208, 28.6947122], [76.9383126, 28.6948698], [76.9380927, 28.6948016], [76.936661, 28.6950646], [76.9363738, 28.6946912], [76.9358879, 28.6949287], [76.9362178, 28.6954557], [76.9344476, 28.6960698], [76.9343322, 28.6958863], [76.9340297, 28.6959941], [76.9345841, 28.6969479]]]}, "properties": {"landuse": "industrial"}}, {"type": "Feature", "geometry": {"type": "Polygon", "coordinates": [[[77.1241543, 28.8054445], [77.1323671, 28.805402], [77.1353954, 28.8031093], [77.1356184, 28.8014277], [77.130412, 28.8014277], [77.1304362, 28.7999416], [77.1275404, 28.7996619], [77.1271342, 28.7997338], [77.1272069, 28.7982902], [77.1250549, 28.7982272], [77.1240661, 28.798269], [77.1241543, 28.8054445]]]}, "properties": {"landuse": "industrial"}}, {"type": "Feature", "geometry": {"type": "Polygon", "coordinates": [[[77.1810336, 28.643589], [77.1821, 28.6437458], [77.1821842, 28.6432556], [77.1809829, 28.6430767], [77.1810336, 28.643589]]]}, "properties": {"landuse": "industrial"}}, {"type": "Feature", "geometry": {"type": "Polygon", "coordinates": [[[76.9729568, 28.6216104], [76.9735844, 28.6216246], [76.974078, 28.6213891], [76.9745066, 28.62114], [76.9749733, 28.620655], [76.9752552, 28.6205828], [76.9757056, 28.6206006], [76.9756224, 28.6203489], [76.9754239, 28.6200664], [76.9751879, 28.6195248], [76.9746842, 28.6188934], [76.9728865, 28.6205985], [76.9727524, 28.6207868], [76.9725808, 28.6210976], [76.9729568, 28.6216104]]]}, "properties": {"landuse": "industrial"}}, {"type": "Feature", "geometry": {"type": "Polygon", "coordinates": [[[76.9731382, 28.619087], [76.9735781, 28.6195155], [76.9745169, 28.6187244], [76.9743345, 28.6186726], [76.9738088, 28.6186537], [76.9737438, 28.6186544], [76.9729987, 28.6188562], [76.9731382, 28.619087]]]}, "properties": {"landuse": "industrial"}}, {"type": "Feature", "geometry": {"type": "Polygon", "coordinates": [[[77.4391006, 28.2218328], [77.4398814, 28.2219169], [77.4399095, 28.218957], [77.4357414, 28.2190263], [77.4357021, 28.2218773], [77.4391006, 28.2218328]]]}, "properties": {"landuse": "industrial"}}, {"type": "Feature", "geometry": {"type": "Polygon", "coordinates": [[[77.3050936, 28.4442798], [77.3051955, 28.4442798], [77.305201, 28.4443309], [77.3051955, 28.4443693], [77.3052992, 28.4443661], [77.3056012, 28.4443709], [77.3056103, 28.4440254], [77.3052446, 28.4440142], [77.3052355, 28.4439822], [77.3050936, 28.4439822], [77.3050936, 28.4442798]]]}, "properties": {"landuse": "industrial"}}, {"type": "Feature", "geometry": {"type": "Polygon", "coordinates": [[[76.8166623, 28.3685317], [76.8166382, 28.3710993], [76.8216785, 28.3711417], [76.8219197, 28.3744307], [76.8260194, 28.3727119], [76.8237766, 28.3710568], [76.8166623, 28.3678526], [76.8128037, 28.365773], [76.8118391, 28.3651576], [76.811815, 28.3684468], [76.8166623, 28.3685317]]]}, "properties": {"landuse": "industrial"}}, {"type": "Feature", "geometry": {"type": "Polygon", "coordinates": [[[76.8277558, 28.3845941], [76.8294681, 28.3846577], [76.8294922, 28.3863126], [76.8343395, 28.3863126], [76.8344601, 28.3811993], [76.8386563, 28.3812842], [76.8387046, 28.3833635], [76.843769, 28.3834059], [76.8435037, 28.379608], [76.8402962, 28.3794807], [76.8401033, 28.37825], [76.8374988, 28.3782076], [76.8373782, 28.3768072], [76.8359794, 28.3767435], [76.8359794, 28.3749824], [76.8338572, 28.3749824], [76.8317591, 28.3756402], [76.8316868, 28.3771255], [76.8298298, 28.3769557], [76.8297816, 28.3757887], [76.8288893, 28.3751521], [76.828624, 28.3804567], [76.8277558, 28.3803506], [76.8277558, 28.3845941]]]}, "properties": {"landuse": "industrial"}}, {"type": "Feature", "geometry": {"type": "Polygon", "coordinates": [[[76.7744705, 28.1317639], [76.776029, 28.1314044], [76.7784391, 28.1296529], [76.7802344, 28.1296529], [76.7864406, 28.127592], [76.7880821, 28.1296925], [76.790142, 28.128841], [76.7914295, 28.1283584], [76.7913437, 28.1272703], [76.7945409, 28.1272893], [76.7982316, 28.1272325], [76.8007387, 28.1274863], [76.8022871, 28.1273082], [76.8068175, 28.1257364], [76.8080215, 28.1242828], [76.8058222, 28.1226765], [76.80275, 28.1213916], [76.8017206, 28.1213771], [76.801385, 28.1209411], [76.8006305, 28.1211708], [76.8006131, 28.1211262], [76.7989109, 28.1216444], [76.7985427, 28.121754], [76.7972338, 28.1186408], [76.7943692, 28.1192275], [76.7939722, 28.1190666], [76.7936933, 28.1183948], [76.7931569, 28.1180258], [76.7925453, 28.1164833], [76.7910647, 28.1166726], [76.7900991, 28.1124616], [76.7905176, 28.1124332], [76.7904856, 28.111282], [76.7863447, 28.1115412], [76.7856203, 28.1095132], [76.7838565, 28.1096799], [76.7836675, 28.1131525], [76.7775541, 28.116063], [76.779258, 28.1203197], [76.77488, 28.1216808], [76.7756989, 28.1248753], [76.7723288, 28.1261253], [76.7734311, 28.1275974], [76.7721083, 28.1280141], [76.7744705, 28.1317639]]]}, "properties": {"landuse": "industrial"}}, {"type": "Feature", "geometry": {"type": "Polygon", "coordinates": [[[76.8676874, 28.1864351], [76.8680495, 28.1864729], [76.8693128, 28.1863594], [76.8696793, 28.1873717], [76.8699813, 28.187897], [76.8711877, 28.188577], [76.8707746, 28.1894257], [76.8717241, 28.1912366], [76.8715551, 28.191402], [76.871759, 28.1917779], [76.8716329, 28.1920332], [76.8724295, 28.1931916], [76.8727226, 28.1936277], [76.8723015, 28.1938317], [76.8726923, 28.1944892], [76.8728279, 28.1947175], [76.8737452, 28.1942577], [76.8741435, 28.1939008], [76.8754765, 28.1932519], [76.8768632, 28.1922176], [76.8770265, 28.192137], [76.8770027, 28.1920592], [76.8778932, 28.1915864], [76.8783599, 28.1909103], [76.8800068, 28.1877519], [76.8804252, 28.1868536], [76.8853712, 28.1890191], [76.8873775, 28.1877897], [76.8872892, 28.1876664], [76.8870658, 28.1873542], [76.8869567, 28.1871224], [76.8844752, 28.1818506], [76.8818847, 28.1799477], [76.8812868, 28.178923], [76.8821171, 28.1778105], [76.8806558, 28.1745315], [76.8776605, 28.1756759], [76.8756408, 28.1764475], [76.8679353, 28.1793914], [76.8679021, 28.1822312], [76.8679154, 28.1831229], [76.867108, 28.1864753], [76.8676874, 28.1864351]]]}, "properties": {"landuse": "industrial"}}, {"type": "Feature", "geometry": {"type": "Polygon", "coordinates": [[[76.7504445, 28.2045644], [76.7460771, 28.2032985], [76.7451803, 28.2028668], [76.7450807, 28.2034302], [76.7450558, 28.2074181], [76.7504445, 28.2045644]]]}, "properties": {"landuse": "industrial"}}, {"type": "Feature", "geometry": {"type": "Polygon", "coordinates": [[[77.1274492, 28.6339148], [77.1278659, 28.6343847], [77.1282552, 28.6350512], [77.1283038, 28.6350413], [77.128498, 28.6350767], [77.1287276, 28.6353565], [77.1289629, 28.6351854], [77.1307938, 28.6340974], [77.1310337, 28.6336606], [77.1319583, 28.6315532], [77.1285333, 28.6275739], [77.1247642, 28.6232239], [77.1245675, 28.6233574], [77.120688, 28.6259903], [77.1274492, 28.6339148]]]}, "properties": {"landuse": "industrial"}}, {"type": "Feature", "geometry": {"type": "Polygon", "coordinates": [[[77.1271779, 28.7479167], [77.1282399, 28.7481144], [77.1281648, 28.7486976], [77.1301335, 28.7484718], [77.1301603, 28.7482884], [77.1292055, 28.7479357], [77.1294093, 28.7477428], [77.1314156, 28.7479451], [77.1313943, 28.7484011], [77.1329017, 28.7486175], [77.1329983, 28.7487021], [77.1331485, 28.7487163], [77.1333148, 28.7484905], [77.1334325, 28.7485234], [77.1338993, 28.7480343], [77.1341892, 28.74826], [77.1343555, 28.7481095], [77.1346881, 28.7483635], [77.1373218, 28.745457], [77.1362218, 28.7452264], [77.1355137, 28.7450477], [77.1348914, 28.7449066], [77.1342155, 28.7448219], [77.1337005, 28.7448219], [77.1331104, 28.7448219], [77.1323921, 28.7449724], [77.1314474, 28.7450289], [77.1306642, 28.7450101], [77.129527, 28.7449066], [77.1287545, 28.7447091], [77.1277996, 28.7463458], [77.1267702, 28.7475687], [77.1271779, 28.7479167]]]}, "properties": {"landuse": "industrial"}}, {"type": "Feature", "geometry": {"type": "Polygon", "coordinates": [[[77.0263111, 28.6978181], [77.0359273, 28.6976732], [77.0379262, 28.6976431], [77.037924, 28.6943773], [77.0379229, 28.6927389], [77.0367247, 28.6927597], [77.0324695, 28.6928114], [77.0324705, 28.6933958], [77.027943, 28.6934523], [77.0279129, 28.693985], [77.0278005, 28.693986], [77.0248965, 28.6940131], [77.0241771, 28.6940198], [77.0263111, 28.6978181]]]}, "properties": {"landuse": "industrial"}}, {"type": "Feature", "geometry": {"type": "Polygon", "coordinates": [[[76.9291235, 28.6222275], [76.9311126, 28.620907], [76.9310735, 28.6195658], [76.9310494, 28.6190402], [76.931009, 28.6181588], [76.9308655, 28.618205], [76.930686, 28.6182622], [76.9306255, 28.6182814], [76.9306486, 28.6186812], [76.930205, 28.6186918], [76.9298547, 28.6187001], [76.929683, 28.6188413], [76.9297565, 28.6206642], [76.9290806, 28.620683], [76.9291235, 28.6222275]]]}, "properties": {"landuse": "industrial"}}, {"type": "Feature", "geometry": {"type": "Polygon", "coordinates": [[[77.1463912, 28.6470019], [77.14849, 28.6457157], [77.1453092, 28.6417298], [77.1435497, 28.6428597], [77.1463912, 28.6470019]]]}, "properties": {"landuse": "industrial"}}, {"type": "Feature", "geometry": {"type": "Polygon", "coordinates": [[[77.138947, 28.6449124], [77.1398911, 28.645675], [77.1418373, 28.6436419], [77.1410713, 28.6423042], [77.1378312, 28.6386225], [77.1354011, 28.640468], [77.138947, 28.6449124]]]}, "properties": {"landuse": "industrial"}}, {"type": "Feature", "geometry": {"type": "Polygon", "coordinates": [[[77.1310778, 28.6360419], [77.1308954, 28.636475], [77.1315853, 28.6367001], [77.1321078, 28.6369082], [77.1326228, 28.6372189], [77.1330198, 28.6375108], [77.1335884, 28.637944], [77.1341463, 28.6384336], [77.1368532, 28.6363234], [77.134672, 28.6336971], [77.1342997, 28.6339128], [77.1323578, 28.6316815], [77.1317001, 28.6331981], [77.1311562, 28.6340446], [77.130477, 28.6358159], [77.1310778, 28.6360419]]]}, "properties": {"landuse": "industrial"}}, {"type": "Feature", "geometry": {"type": "Polygon", "coordinates": [[[77.1478008, 28.6572845], [77.1490241, 28.6565546], [77.1477362, 28.6549036], [77.1467448, 28.6558062], [77.1478008, 28.6572845]]]}, "properties": {"landuse": "industrial"}}, {"type": "Feature", "geometry": {"type": "Polygon", "coordinates": [[[77.1492789, 28.656498], [77.1498529, 28.6561402], [77.1501318, 28.6558107], [77.1510974, 28.6552129], [77.149649, 28.6540078], [77.1489087, 28.6547657], [77.1483884, 28.6545115], [77.1479882, 28.6548699], [77.1492789, 28.656498]]]}, "properties": {"landuse": "industrial"}}, {"type": "Feature", "geometry": {"type": "Polygon", "coordinates": [[[77.1454068, 28.6575212], [77.1454831, 28.6574766], [77.1456833, 28.6577421], [77.1456009, 28.6578096], [77.1456696, 28.6578861], [77.1457351, 28.657845], [77.1461245, 28.6584304], [77.1466234, 28.658228], [77.1465665, 28.6581157], [77.1467146, 28.6580352], [77.1457205, 28.6567427], [77.1451376, 28.6572807], [77.1454068, 28.6575212]]]}, "properties": {"landuse": "industrial"}}, {"type": "Feature", "geometry": {"type": "Polygon", "coordinates": [[[77.08003, 28.6729913], [77.0795843, 28.6699268], [77.0786508, 28.6700116], [77.0782705, 28.6700497], [77.0781954, 28.6704356], [77.0777708, 28.6722585], [77.0776164, 28.6732227], [77.08003, 28.6729913]]]}, "properties": {"landuse": "industrial"}}, {"type": "Feature", "geometry": {"type": "Polygon", "coordinates": [[[77.1137613, 28.6711462], [77.1142116, 28.6710991], [77.1140891, 28.6705378], [77.1136842, 28.6706043], [77.1137613, 28.6711462]]]}, "properties": {"landuse": "industrial"}}, {"type": "Feature", "geometry": {"type": "Polygon", "coordinates": [[[77.0886631, 28.6536484], [77.0889237, 28.6534672], [77.0890269, 28.6536099], [77.0899388, 28.6530653], [77.089319, 28.6522273], [77.0884788, 28.6522985], [77.0879092, 28.652601], [77.0886631, 28.6536484]]]}, "properties": {"landuse": "industrial"}}, {"type": "Feature", "geometry": {"type": "Polygon", "coordinates": [[[77.0517083, 28.5264183], [77.0526975, 28.5297325], [77.0529314, 28.5297551], [77.0536416, 28.5296948], [77.0541781, 28.5291481], [77.0544978, 28.5290387], [77.0560878, 28.5308636], [77.0577379, 28.529133], [77.0576975, 28.5261018], [77.0576735, 28.5243067], [77.056838, 28.5242978], [77.0505925, 28.5242313], [77.0517083, 28.5264183]]]}, "properties": {"landuse": "industrial"}}, {"type": "Feature", "geometry": {"type": "Polygon", "coordinates": [[[76.9622366, 28.6741798], [76.9689282, 28.6740602], [76.968778, 28.6642513], [76.9583221, 28.6643742], [76.95642, 28.6656791], [76.9622366, 28.6741798]]]}, "properties": {"landuse": "industrial"}}, {"type": "Feature", "geometry": {"type": "Polygon", "coordinates": [[[76.9809445, 28.6853168], [76.980923, 28.6862015], [76.9878324, 28.6855803], [76.9877406, 28.6778456], [76.9864738, 28.6765566], [76.9848354, 28.6766011], [76.9848945, 28.6771568], [76.9862373, 28.6771568], [76.9862331, 28.6792352], [76.983577, 28.6792685], [76.9813184, 28.6792688], [76.9811024, 28.6793685], [76.9780719, 28.6794029], [76.9809445, 28.6853168]]]}, "properties": {"landuse": "industrial"}}, {"type": "Feature", "geometry": {"type": "Polygon", "coordinates": [[[77.0199926, 28.6894895], [77.0180896, 28.6860512], [77.017242, 28.6852276], [77.0161613, 28.6837927], [76.994893, 28.6856932], [76.994378, 28.6892321], [76.9943351, 28.6915285], [77.0199926, 28.6894895]]]}, "properties": {"landuse": "industrial"}}, {"type": "Feature", "geometry": {"type": "Polygon", "coordinates": [[[77.055191, 28.5409464], [77.0554814, 28.54119], [77.0590706, 28.5454072], [77.0599242, 28.5452296], [77.06233, 28.5447211], [77.0622549, 28.5442923], [77.0617936, 28.5443017], [77.0617906, 28.5437721], [77.0620857, 28.5437674], [77.0620803, 28.5431453], [77.0627348, 28.5431029], [77.0627348, 28.5426552], [77.0620749, 28.5426599], [77.0620777, 28.5415009], [77.0620857, 28.5382207], [77.0606802, 28.5380652], [77.060353, 28.5378154], [77.0604257, 28.53733], [77.0592, 28.5373328], [77.0592417, 28.5365328], [77.0578681, 28.5365386], [77.057852, 28.5366211], [77.0565648, 28.5365633], [77.056078, 28.5371136], [77.0557883, 28.5371513], [77.0554058, 28.5372432], [77.055048, 28.5374717], [77.055277, 28.5379005], [77.0550909, 28.5379901], [77.055438, 28.538657], [77.0557883, 28.5385085], [77.0565833, 28.5382281], [77.0566262, 28.5387159], [77.0579948, 28.5393336], [77.0553989, 28.540562], [77.0549651, 28.5406593], [77.055191, 28.5409464]]]}, "properties": {"landuse": "industrial"}}, {"type": "Feature", "geometry": {"type": "Polygon", "coordinates": [[[77.1336834, 28.6907314], [77.1352994, 28.6902017], [77.1351854, 28.6872726], [77.1351224, 28.68719], [77.1350366, 28.6871664], [77.1348273, 28.68719], [77.1338564, 28.68743], [77.1333629, 28.68767], [77.1323973, 28.6881453], [77.1336834, 28.6907314]]]}, "properties": {"landuse": "industrial"}}, {"type": "Feature", "geometry": {"type": "Polygon", "coordinates": [[[77.164677, 28.5228943], [77.1659703, 28.522628], [77.1662843, 28.5224371], [77.166177, 28.5220836], [77.165882, 28.5221213], [77.1656112, 28.5211896], [77.1643555, 28.5213993], [77.164677, 28.5228943]]]}, "properties": {"landuse": "industrial"}}, {"type": "Feature", "geometry": {"type": "Polygon", "coordinates": [[[77.2780994, 28.5653505], [77.2780641, 28.5632856], [77.2752915, 28.5632759], [77.2752682, 28.5624174], [77.2735508, 28.5624297], [77.2733874, 28.5624347], [77.2733264, 28.5624366], [77.273324, 28.5625977], [77.2732897, 28.564944], [77.2732835, 28.5653671], [77.2780994, 28.5653505]]]}, "properties": {"landuse": "industrial"}}, {"type": "Feature", "geometry": {"type": "Polygon", "coordinates": [[[77.1214711, 28.6532014], [77.1216463, 28.6529071], [77.1202811, 28.6522815], [77.1195106, 28.6518921], [77.1193189, 28.6521705], [77.1214711, 28.6532014]]]}, "properties": {"landuse": "industrial"}}, {"type": "Feature", "geometry": {"type": "Polygon", "coordinates": [[[77.0469517, 28.6532468], [77.0483394, 28.6532619], [77.0525907, 28.6592421], [77.0525725, 28.6615345], [77.0555304, 28.6610346], [77.0552515, 28.660168], [77.0547183, 28.6594445], [77.0535596, 28.6576746], [77.0545219, 28.6576417], [77.0545396, 28.6581858], [77.0557847, 28.658167], [77.0557633, 28.6570942], [77.056363, 28.6570758], [77.0563201, 28.656068], [77.0557391, 28.6560671], [77.0556994, 28.6554753], [77.0563421, 28.6554645], [77.0563319, 28.654137], [77.0557434, 28.6541417], [77.0557209, 28.6533288], [77.0550852, 28.6533273], [77.0550761, 28.6538635], [77.0543717, 28.6538776], [77.0543363, 28.6528001], [77.0469479, 28.6529743], [77.0469517, 28.6532468]]]}, "properties": {"landuse": "industrial"}}, {"type": "Feature", "geometry": {"type": "Polygon", "coordinates": [[[77.2677522, 28.5544973], [77.2671031, 28.5553125], [77.2683047, 28.5559345], [77.2741326, 28.5495441], [77.2691545, 28.546811], [77.2686959, 28.5468563], [77.2684363, 28.547008], [77.2666757, 28.5501473], [77.2663049, 28.5534904], [77.2662877, 28.5536162], [77.2677522, 28.5544973]]]}, "properties": {"landuse": "industrial"}}, {"type": "Feature", "geometry": {"type": "Polygon", "coordinates": [[[77.2677522, 28.5544973], [77.2671031, 28.5553125], [77.2683047, 28.5559345], [77.2741326, 28.5495441], [77.2691545, 28.546811], [77.2686959, 28.5468563], [77.2684363, 28.547008], [77.2666757, 28.5501473], [77.2663049, 28.5534904], [77.2662877, 28.5536162], [77.2677522, 28.5544973]]]}, "properties": {"landuse": "industrial"}}, {"type": "Feature", "geometry": {"type": "Polygon", "coordinates": [[[77.2803991, 28.5544436], [77.2813961, 28.5521473], [77.2789979, 28.5513914], [77.2780483, 28.5536295], [77.2803991, 28.5544436]]]}, "properties": {"landuse": "industrial"}}, {"type": "Feature", "geometry": {"type": "Polygon", "coordinates": [[[77.0141524, 28.4332276], [77.0165188, 28.4316848], [77.0166281, 28.4316096], [77.0171298, 28.4312509], [77.0185663, 28.4302836], [77.0186003, 28.4302654], [77.0185155, 28.4301718], [77.0158442, 28.4270536], [77.0152667, 28.4274074], [77.014748, 28.4278329], [77.0146084, 28.4282314], [77.0142439, 28.4288355], [77.0134825, 28.4293409], [77.0122009, 28.4298353], [77.011467, 28.4299749], [77.0141524, 28.4332276]]]}, "properties": {"landuse": "industrial"}}, {"type": "Feature", "geometry": {"type": "Polygon", "coordinates": [[[77.0101187, 28.4358808], [77.0141524, 28.4332276], [77.011467, 28.4299749], [77.0107736, 28.4299871], [77.010458, 28.4299927], [77.0093508, 28.4300569], [77.0077594, 28.4302723], [77.0069977, 28.4305658], [77.0074745, 28.4310521], [77.0070558, 28.4312477], [77.0065073, 28.4315906], [77.0101187, 28.4358808]]]}, "properties": {"landuse": "industrial"}}, {"type": "Feature", "geometry": {"type": "Polygon", "coordinates": [[[76.9470614, 28.6921363], [76.9481975, 28.6930388], [76.9486047, 28.6952011], [76.9479617, 28.6964796], [76.9479831, 28.6971], [76.9592147, 28.6945618], [76.9635607, 28.6940359], [76.9632153, 28.6922835], [76.960072, 28.6886766], [76.9600358, 28.6886183], [76.946946, 28.6898525], [76.9470614, 28.6921363]]]}, "properties": {"landuse": "industrial"}}, {"type": "Feature", "geometry": {"type": "Polygon", "coordinates": [[[76.9469253, 28.6894437], [76.9516135, 28.6890161], [76.9520493, 28.6889771], [76.9598191, 28.6882696], [76.9572213, 28.6840886], [76.9559567, 28.6777515], [76.9499122, 28.6788986], [76.9477045, 28.6818697], [76.9492263, 28.6863826], [76.9489262, 28.6868903], [76.9468685, 28.6883194], [76.9469253, 28.6894437]]]}, "properties": {"landuse": "industrial"}}, {"type": "Feature", "geometry": {"type": "Polygon", "coordinates": [[[76.9389669, 28.3853575], [76.9389586, 28.38574], [76.9418095, 28.3858014], [76.9413911, 28.3850616], [76.9404231, 28.3837046], [76.9395534, 28.3844553], [76.9387946, 28.3853467], [76.9389669, 28.3853575]]]}, "properties": {"landuse": "industrial"}}, {"type": "Feature", "geometry": {"type": "Polygon", "coordinates": [[[76.9413675, 28.3868477], [76.9413723, 28.3866676], [76.9411059, 28.3866621], [76.9411292, 28.3857972], [76.9389725, 28.3857523], [76.9389626, 28.3861211], [76.9389444, 28.3867973], [76.9413675, 28.3868477]]]}, "properties": {"landuse": "industrial"}}, {"type": "Feature", "geometry": {"type": "Polygon", "coordinates": [[[76.9369061, 28.3709737], [76.936866, 28.3727439], [76.937399, 28.3727439], [76.937399, 28.3731827], [76.9380639, 28.3731928], [76.9380869, 28.3726481], [76.9386772, 28.3726633], [76.9387812, 28.3701082], [76.9368474, 28.3701328], [76.9368144, 28.3709687], [76.9369061, 28.3709737]]]}, "properties": {"landuse": "industrial"}}, {"type": "Feature", "geometry": {"type": "Polygon", "coordinates": [[[76.9047554, 28.3651502], [76.9194192, 28.3650106], [76.9339491, 28.3647873], [76.9338764, 28.3600481], [76.9353146, 28.3601819], [76.9353249, 28.360014], [76.9354891, 28.3574187], [76.9303782, 28.3572297], [76.9303181, 28.357486], [76.9298255, 28.3574857], [76.9298008, 28.3574857], [76.9295069, 28.3577175], [76.9284024, 28.3581039], [76.9284082, 28.3581796], [76.9272045, 28.3582603], [76.9271683, 28.3584244], [76.9257741, 28.3583816], [76.9257741, 28.3603504], [76.9222723, 28.3603575], [76.9222927, 28.3604233], [76.9223209, 28.3605144], [76.9047162, 28.3607455], [76.9047554, 28.3651502]]]}, "properties": {"landuse": "industrial"}}, {"type": "Feature", "geometry": {"type": "Polygon", "coordinates": [[[76.9047852, 28.3671915], [76.9048621, 28.3724665], [76.9195428, 28.3722399], [76.9194192, 28.3650106], [76.9047554, 28.3651502], [76.9047852, 28.3671915]]]}, "properties": {"landuse": "industrial"}}, {"type": "Feature", "geometry": {"type": "Polygon", "coordinates": [[[76.9195428, 28.3722399], [76.9340449, 28.3720517], [76.9340319, 28.3698896], [76.9340243, 28.3696969], [76.9339491, 28.3647873], [76.9194192, 28.3650106], [76.9195428, 28.3722399]]]}, "properties": {"landuse": "industrial"}}, {"type": "Feature", "geometry": {"type": "Polygon", "coordinates": [[[76.8786654, 28.3693686], [76.8963898, 28.3691266], [76.8964757, 28.3725763], [76.9048621, 28.3724665], [76.9047852, 28.3671915], [76.9047554, 28.3651502], [76.9047162, 28.3607455], [76.902946, 28.3611396], [76.9024989, 28.3617246], [76.9002902, 28.3627831], [76.899818, 28.3624995], [76.898918, 28.3625248], [76.8967091, 28.3617936], [76.896166, 28.361939], [76.8958022, 28.3617009], [76.8960909, 28.36115], [76.8949518, 28.3605935], [76.893742, 28.3602493], [76.8928787, 28.3610643], [76.8925403, 28.3616064], [76.8912774, 28.3604805], [76.8908081, 28.3606011], [76.8907708, 28.3605255], [76.8893458, 28.360446], [76.8893547, 28.3590655], [76.88792, 28.3591965], [76.8864014, 28.3608571], [76.8858066, 28.3603631], [76.8838956, 28.3606756], [76.8838129, 28.3601516], [76.8836947, 28.360069], [76.8822969, 28.3603998], [76.8779732, 28.3590267], [76.8786654, 28.3693686]]]}, "properties": {"landuse": "industrial"}}, {"type": "Feature", "geometry": {"type": "Polygon", "coordinates": [[[76.9096825, 28.3797241], [76.9196319, 28.379589], [76.9195428, 28.3722399], [76.9048621, 28.3724665], [76.9048202, 28.3797902], [76.9096825, 28.3797241]]]}, "properties": {"landuse": "industrial"}}, {"type": "Feature", "geometry": {"type": "Polygon", "coordinates": [[[76.9098897, 28.3867902], [76.8934127, 28.3868253], [76.8934304, 28.3892089], [76.8934798, 28.3956132], [76.8933025, 28.4015516], [76.9098897, 28.3867902]]]}, "properties": {"landuse": "industrial"}}, {"type": "Feature", "geometry": {"type": "Polygon", "coordinates": [[[76.8788102, 28.3813718], [76.8790219, 28.3871405], [76.8934127, 28.3868253], [76.8932719, 28.3799132], [76.8787979, 28.3801257], [76.8788102, 28.3813718]]]}, "properties": {"landuse": "industrial"}}, {"type": "Feature", "geometry": {"type": "Polygon", "coordinates": [[[76.8796311, 28.3957333], [76.8934798, 28.3956132], [76.8934304, 28.3892089], [76.8934127, 28.3868253], [76.8790219, 28.3871405], [76.8796311, 28.3957333]]]}, "properties": {"landuse": "industrial"}}, {"type": "Feature", "geometry": {"type": "Polygon", "coordinates": [[[76.8796311, 28.3957333], [76.8790219, 28.3871405], [76.8788102, 28.3813718], [76.8787979, 28.3801257], [76.8786654, 28.3693686], [76.8779732, 28.3590267], [76.8771301, 28.3611083], [76.8760385, 28.3636109], [76.8740926, 28.3701919], [76.8727612, 28.3761601], [76.8698757, 28.3834975], [76.8696144, 28.3854157], [76.8796311, 28.3957333]]]}, "properties": {"landuse": "industrial"}}, {"type": "Feature", "geometry": {"type": "Polygon", "coordinates": [[[76.8877189, 28.4035728], [76.8933025, 28.4015516], [76.8934798, 28.3956132], [76.8796311, 28.3957333], [76.8877189, 28.4035728]]]}, "properties": {"landuse": "industrial"}}, {"type": "Feature", "geometry": {"type": "Polygon", "coordinates": [[[76.8934127, 28.3868253], [76.9098897, 28.3867902], [76.9096825, 28.3797241], [76.9048202, 28.3797902], [76.8965668, 28.379882], [76.8932719, 28.3799132], [76.8934127, 28.3868253]]]}, "properties": {"landuse": "industrial"}}, {"type": "Feature", "geometry": {"type": "Polygon", "coordinates": [[[76.8787979, 28.3801257], [76.8932719, 28.3799132], [76.8965668, 28.379882], [76.9048202, 28.3797902], [76.9048621, 28.3724665], [76.8964757, 28.3725763], [76.8963898, 28.3691266], [76.8786654, 28.3693686], [76.8787979, 28.3801257]]]}, "properties": {"landuse": "industrial"}}, {"type": "Feature", "geometry": {"type": "Polygon", "coordinates": [[[76.9098897, 28.3867902], [76.919406, 28.3818495], [76.9197016, 28.381696], [76.9212602, 28.3809188], [76.9234356, 28.3798095], [76.9240718, 28.3794851], [76.9196319, 28.379589], [76.9096825, 28.3797241], [76.9098897, 28.3867902]]]}, "properties": {"landuse": "industrial"}}, {"type": "Feature", "geometry": {"type": "Polygon", "coordinates": [[[76.9196319, 28.379589], [76.9240718, 28.3794851], [76.925138, 28.3792622], [76.9257447, 28.3788499], [76.9271925, 28.3780307], [76.9296616, 28.3762865], [76.9293577, 28.3755573], [76.9290008, 28.3747008], [76.9315599, 28.3729459], [76.934071, 28.3729935], [76.9340449, 28.3720517], [76.9195428, 28.3722399], [76.9196319, 28.379589]]]}, "properties": {"landuse": "industrial"}}, {"type": "Feature", "geometry": {"type": "Polygon", "coordinates": [[[77.1578941, 28.6996], [77.1646634, 28.7015927], [77.1653115, 28.6997294], [77.167749, 28.7005571], [77.1668221, 28.7024195], [77.1682725, 28.7029722], [77.1684926, 28.7030562], [77.1693618, 28.7033874], [77.170462, 28.7037955], [77.1713674, 28.7042195], [77.1718651, 28.7046055], [77.1724928, 28.7053585], [77.1730086, 28.7050516], [77.1739428, 28.7054091], [77.1741737, 28.7053585], [77.1745633, 28.7049503], [77.1749564, 28.7043619], [77.1751873, 28.7038651], [77.1752666, 28.7033463], [77.1752558, 28.7027009], [77.175144, 28.7019921], [77.1747508, 28.7011379], [77.1744009, 28.700638], [77.173831, 28.7000527], [77.1732827, 28.699692], [77.1722367, 28.6992553], [77.1713782, 28.6988978], [77.1692536, 28.698129], [77.1689741, 28.6980327], [77.1595458, 28.6950837], [77.1574832, 28.6990645], [77.1578941, 28.6996]]]}, "properties": {"landuse": "industrial"}}, {"type": "Feature", "geometry": {"type": "Polygon", "coordinates": [[[77.1381209, 28.6376564], [77.1400521, 28.6397242], [77.1410252, 28.6402713], [77.1419189, 28.6409389], [77.1426377, 28.6415226], [77.1434392, 28.6426347], [77.1451772, 28.6415707], [77.1421023, 28.6376438], [77.1417665, 28.6378671], [77.1407924, 28.6373607], [77.1409072, 28.6368155], [77.1403496, 28.6367974], [77.1381531, 28.6369087], [77.1379063, 28.6374266], [77.1381209, 28.6376564]]]}, "properties": {"landuse": "industrial"}}, {"type": "Feature", "geometry": {"type": "Polygon", "coordinates": [[[77.133089, 28.6318995], [77.1376677, 28.6371528], [77.1379063, 28.6374266], [77.1381531, 28.6369087], [77.1403496, 28.6367974], [77.1409072, 28.6368155], [77.1410713, 28.6363908], [77.1371601, 28.6294658], [77.137002, 28.6291859], [77.1361146, 28.6276147], [77.1357283, 28.6271721], [77.1354462, 28.6269748], [77.1350202, 28.6268425], [77.1345589, 28.6267578], [77.1340439, 28.628387], [77.1335933, 28.6294982], [77.133368, 28.6307036], [77.133089, 28.6317112], [77.133089, 28.6318995]]]}, "properties": {"landuse": "industrial"}}, {"type": "Feature", "geometry": {"type": "Polygon", "coordinates": [[[77.325348, 28.6761929], [77.326721, 28.676237], [77.3337868, 28.6764726], [77.3371771, 28.676556], [77.3371211, 28.6762959], [77.3362148, 28.6741068], [77.3362092, 28.6737975], [77.331205, 28.6737116], [77.3272749, 28.6736822], [77.3240972, 28.6735791], [77.3239713, 28.6761486], [77.325348, 28.6761929]]]}, "properties": {"landuse": "industrial"}}, {"type": "Feature", "geometry": {"type": "Polygon", "coordinates": [[[77.2018431, 28.6787665], [77.2019965, 28.678759], [77.2022437, 28.6787067], [77.2022956, 28.67865], [77.2026696, 28.6782022], [77.2034479, 28.6781623], [77.2034297, 28.6778903], [77.2036772, 28.6777887], [77.2041448, 28.6774457], [77.2033237, 28.6769847], [77.202623, 28.6765233], [77.2022182, 28.676979], [77.2018644, 28.677424], [77.2010652, 28.6785926], [77.2018431, 28.6787665]]]}, "properties": {"landuse": "industrial"}}, {"type": "Feature", "geometry": {"type": "Polygon", "coordinates": [[[77.2687594, 28.5373495], [77.2679354, 28.539062], [77.2689728, 28.5395005], [77.2695011, 28.5397238], [77.2722861, 28.5409008], [77.27635, 28.5432911], [77.2766174, 28.5434822], [77.277157, 28.5435659], [77.2774169, 28.5434592], [77.2781393, 28.543799], [77.2787232, 28.54262], [77.2790773, 28.5413636], [77.2814585, 28.5360092], [77.281899, 28.5345209], [77.2815603, 28.534181], [77.2712177, 28.5289731], [77.2712661, 28.5295815], [77.2692711, 28.5326629], [77.2676403, 28.5370102], [77.2687594, 28.5373495]]]}, "properties": {"landuse": "industrial"}}, {"type": "Feature", "geometry": {"type": "Polygon", "coordinates": [[[77.0077392, 28.4378991], [77.0083118, 28.4376695], [77.0097052, 28.4394691], [77.0117625, 28.4417939], [77.0102844, 28.4427438], [77.0109766, 28.4434705], [77.011965, 28.4435123], [77.0123223, 28.4429207], [77.0126141, 28.4426746], [77.0130725, 28.4421589], [77.0133405, 28.4424835], [77.0136561, 28.4423369], [77.0136501, 28.4420097], [77.0138943, 28.4420044], [77.0138913, 28.4418788], [77.0131768, 28.4409521], [77.0129624, 28.4410515], [77.0126111, 28.4405803], [77.0129564, 28.4403971], [77.0126349, 28.4399468], [77.0122717, 28.44013], [77.009322, 28.436365], [77.0074539, 28.4375406], [77.0077392, 28.4378991]]]}, "properties": {"landuse": "industrial"}}, {"type": "Feature", "geometry": {"type": "Polygon", "coordinates": [[[77.3312734, 28.6311391], [77.3322713, 28.6299401], [77.3337497, 28.6289535], [77.3332724, 28.6283933], [77.3328703, 28.6286344], [77.3327343, 28.6287159], [77.3312659, 28.6300527], [77.3305696, 28.6298085], [77.3312734, 28.6311391]]]}, "properties": {"landuse": "industrial"}}, {"type": "Feature", "geometry": {"type": "Polygon", "coordinates": [[[77.3304754, 28.619847], [77.3309197, 28.6205987], [77.3313374, 28.621151], [77.331937, 28.6219787], [77.3311305, 28.6225299], [77.331301, 28.6227142], [77.3305241, 28.6232466], [77.334375, 28.6276644], [77.3345018, 28.6276456], [77.3364999, 28.6262965], [77.338559, 28.6249016], [77.3395986, 28.6240738], [77.3403645, 28.6236253], [77.3401356, 28.6220407], [77.3403126, 28.6217709], [77.3410303, 28.6212002], [77.3413957, 28.620734], [77.3416306, 28.6201661], [77.3418752, 28.6193383], [77.3419654, 28.6187139], [77.3418109, 28.6169367], [77.3416954, 28.6159788], [77.3416748, 28.6157833], [77.3339762, 28.6191176], [77.3348334, 28.6203048], [77.334427, 28.6204787], [77.3342084, 28.6202059], [77.3340411, 28.6200859], [77.3337576, 28.6197382], [77.3335732, 28.6195223], [77.3330574, 28.6198341], [77.332697, 28.6193689], [77.3325812, 28.619435], [77.3320524, 28.6187718], [77.331262, 28.6191187], [77.3310586, 28.6187259], [77.330832, 28.6188381], [77.3309598, 28.6192922], [77.3303106, 28.6194451], [77.3304754, 28.619847]]]}, "properties": {"landuse": "industrial"}}, {"type": "Feature", "geometry": {"type": "Polygon", "coordinates": [[[77.285141, 28.6215641], [77.2851785, 28.6218518], [77.2856885, 28.62406], [77.2861699, 28.624016], [77.2868254, 28.6243306], [77.2900039, 28.6197496], [77.289898, 28.6196807], [77.2895191, 28.6195488], [77.2887783, 28.6192551], [77.2892608, 28.6183906], [77.2875783, 28.6176144], [77.2871648, 28.6174359], [77.2870309, 28.6176436], [77.2849229, 28.6209129], [77.2848614, 28.6210149], [77.285141, 28.6215641]]]}, "properties": {"landuse": "industrial"}}, {"type": "Feature", "geometry": {"type": "Polygon", "coordinates": [[[77.3148558, 28.636734], [77.3150685, 28.6365364], [77.3167651, 28.637121], [77.3184482, 28.6377009], [77.3189097, 28.6366396], [77.3151244, 28.6353168], [77.3150654, 28.6352848], [77.31502, 28.635466], [77.314863, 28.6359754], [77.3148393, 28.6362138], [77.3148, 28.6364829], [77.3148558, 28.636734]]]}, "properties": {"landuse": "industrial"}}, {"type": "Feature", "geometry": {"type": "Polygon", "coordinates": [[[77.3148214, 28.6372391], [77.3148436, 28.6375071], [77.3149125, 28.6378518], [77.3149884, 28.6381651], [77.3150992, 28.6383942], [77.3167651, 28.637121], [77.3150685, 28.6365364], [77.3148558, 28.636734], [77.3148006, 28.6367862], [77.3148214, 28.6372391]]]}, "properties": {"landuse": "industrial"}}, {"type": "Feature", "geometry": {"type": "Polygon", "coordinates": [[[77.3164516, 28.6405982], [77.3168098, 28.6403272], [77.3161998, 28.6397061], [77.3158416, 28.639977], [77.3164516, 28.6405982]]]}, "properties": {"landuse": "industrial"}}, {"type": "Feature", "geometry": {"type": "Polygon", "coordinates": [[[77.31548, 28.6397543], [77.3156246, 28.6401503], [77.3158416, 28.639977], [77.3161998, 28.6397061], [77.3157634, 28.6392647], [77.3153997, 28.639521], [77.31548, 28.6397543]]]}, "properties": {"landuse": "industrial"}}, {"type": "Feature", "geometry": {"type": "Polygon", "coordinates": [[[77.3157198, 28.6404247], [77.3159061, 28.6409541], [77.3159697, 28.6409791], [77.3164516, 28.6405982], [77.3158416, 28.639977], [77.3156246, 28.6401503], [77.3157198, 28.6404247]]]}, "properties": {"landuse": "industrial"}}, {"type": "Feature", "geometry": {"type": "Polygon", "coordinates": [[[77.2815603, 28.534181], [77.2822273, 28.53268], [77.2825924, 28.5308734], [77.2841059, 28.5233839], [77.2844415, 28.5218666], [77.2837197, 28.5205013], [77.2846773, 28.5188583], [77.286251, 28.5194015], [77.2866993, 28.5184675], [77.2853085, 28.5164849], [77.2852375, 28.5163803], [77.2840541, 28.5146378], [77.2832717, 28.515041], [77.2833943, 28.5137762], [77.2832805, 28.5137733], [77.2811409, 28.5137179], [77.2811004, 28.5142404], [77.280951, 28.5147432], [77.2808358, 28.5150655], [77.280456, 28.5157715], [77.2712177, 28.5289731], [77.2815603, 28.534181]]]}, "properties": {"landuse": "industrial"}}, {"type": "Feature", "geometry": {"type": "Polygon", "coordinates": [[[77.2292983, 28.7113775], [77.22972, 28.7115162], [77.2300212, 28.7117903], [77.2306688, 28.7113577], [77.2305596, 28.7110496], [77.2304617, 28.7107359], [77.2302998, 28.7104487], [77.229671, 28.7103529], [77.229046, 28.7104982], [77.228982, 28.7107756], [77.2288879, 28.7107657], [77.2288178, 28.7112568], [77.2292983, 28.7113775]]]}, "properties": {"landuse": "industrial"}}, {"type": "Feature", "geometry": {"type": "Polygon", "coordinates": [[[77.1973099, 28.7035334], [77.1973295, 28.7035473], [77.1973482, 28.7035719], [77.1974624, 28.7037783], [77.1981622, 28.7035186], [77.1978816, 28.7029092], [77.196882, 28.7032989], [77.1973099, 28.7035334]]]}, "properties": {"landuse": "industrial"}}, {"type": "Feature", "geometry": {"type": "Polygon", "coordinates": [[[77.1954599, 28.7127164], [77.1955928, 28.7128255], [77.1956605, 28.7129788], [77.195683, 28.7131123], [77.1958353, 28.7173014], [77.1958579, 28.7173706], [77.1959255, 28.7174003], [77.2006263, 28.717631], [77.2007591, 28.7176375], [77.200764, 28.7174012], [77.2007663, 28.7172914], [77.2008978, 28.715226], [77.2009502, 28.7151979], [77.2009316, 28.7136779], [77.2033617, 28.713644], [77.2032658, 28.7129466], [77.204106, 28.712823], [77.2043045, 28.7105774], [77.2036341, 28.7107206], [77.2035968, 28.7116322], [77.2028149, 28.7115762], [77.2027849, 28.7120284], [77.2009263, 28.7119232], [77.2009769, 28.7104075], [77.2003724, 28.7103863], [77.2002233, 28.7072339], [77.1985742, 28.7083612], [77.1976431, 28.7064738], [77.1958957, 28.7071032], [77.1955112, 28.7072616], [77.1955903, 28.7093226], [77.1955844, 28.7095206], [77.1955487, 28.7096928], [77.1941146, 28.712438], [77.1954599, 28.7127164]]]}, "properties": {"landuse": "industrial"}}, {"type": "Feature", "geometry": {"type": "Polygon", "coordinates": [[[77.0424451, 28.7955483], [77.0431331, 28.7965268], [77.0439595, 28.798014], [77.0441763, 28.7983975], [77.0475848, 28.7939109], [77.0479132, 28.7935316], [77.048684, 28.7929942], [77.0506399, 28.7913556], [77.0523269, 28.7906176], [77.0525419, 28.7905105], [77.0534022, 28.7899872], [77.0515184, 28.7880991], [77.0478919, 28.7844892], [77.0458263, 28.7825001], [77.0456152, 28.782259], [77.0449733, 28.7816285], [77.0439667, 28.7805875], [77.0424876, 28.7836859], [77.0424031, 28.7838662], [77.0412414, 28.7861215], [77.041168, 28.7862888], [77.0399882, 28.7886656], [77.0392496, 28.7903377], [77.0390567, 28.7911561], [77.0424451, 28.7955483]]]}, "properties": {"landuse": "industrial"}}, {"type": "Feature", "geometry": {"type": "Polygon", "coordinates": [[[77.0449733, 28.7816285], [77.0456152, 28.782259], [77.0458263, 28.7825001], [77.0478919, 28.7844892], [77.0515184, 28.7880991], [77.0534022, 28.7899872], [77.0540956, 28.789618], [77.063238, 28.7843653], [77.057515, 28.7787609], [77.0570921, 28.7787736], [77.0459577, 28.7789192], [77.0455077, 28.7789826], [77.0450164, 28.7791775], [77.0446803, 28.7794223], [77.0443596, 28.779803], [77.0442355, 28.7801158], [77.0439667, 28.7805875], [77.0449733, 28.7816285]]]}, "properties": {"landuse": "industrial"}}, {"type": "Feature", "geometry": {"type": "Polygon", "coordinates": [[[77.0590212, 28.795705], [77.0592677, 28.7955264], [77.0635121, 28.7922931], [77.0675768, 28.7890383], [77.0652899, 28.7864094], [77.063238, 28.7843653], [77.0540956, 28.789618], [77.0534022, 28.7899872], [77.0590212, 28.795705]]]}, "properties": {"landuse": "industrial"}}, {"type": "Feature", "geometry": {"type": "Polygon", "coordinates": [[[77.0459422, 28.8047151], [77.0467523, 28.8052381], [77.0590212, 28.795705], [77.0534022, 28.7899872], [77.0525419, 28.7905105], [77.0523269, 28.7906176], [77.0506399, 28.7913556], [77.048684, 28.7929942], [77.0479132, 28.7935316], [77.0475848, 28.7939109], [77.0441763, 28.7983975], [77.0437059, 28.7988545], [77.0435139, 28.7990356], [77.0428287, 28.7997714], [77.0417186, 28.80118], [77.0410672, 28.8025748], [77.0459422, 28.8047151]]]}, "properties": {"landuse": "industrial"}}, {"type": "Feature", "geometry": {"type": "Polygon", "coordinates": [[[77.0874227, 28.8345168], [77.0885057, 28.8318945], [77.0899213, 28.8322598], [77.0958718, 28.816999], [77.0858253, 28.8151042], [77.0802091, 28.8326149], [77.0874227, 28.8345168]]]}, "properties": {"landuse": "industrial"}}, {"type": "Feature", "geometry": {"type": "Polygon", "coordinates": [[[77.0963787, 28.8368757], [77.1028058, 28.8387955], [77.1046176, 28.8342901], [77.1049869, 28.8334192], [77.1055646, 28.8330034], [77.1082511, 28.8307449], [77.1096883, 28.8295027], [77.1135899, 28.8244695], [77.1128626, 28.8243459], [77.1050675, 28.8220802], [77.1010949, 28.820842], [77.0999831, 28.8229815], [77.0993082, 28.8242473], [77.0985601, 28.8255472], [77.098055, 28.8259601], [77.097498, 28.8263495], [77.0970225, 28.8266854], [77.0951104, 28.827874], [77.0952411, 28.8280348], [77.0949619, 28.8296092], [77.0935934, 28.8326449], [77.0924704, 28.8357083], [77.0963787, 28.8368757]]]}, "properties": {"landuse": "industrial"}}, {"type": "Feature", "geometry": {"type": "Polygon", "coordinates": [[[77.1914906, 28.6813661], [77.1932055, 28.6792935], [77.1919331, 28.6789737], [77.1909439, 28.6810406], [77.1914906, 28.6813661]]]}, "properties": {"landuse": "industrial"}}, {"type": "Feature", "geometry": {"type": "Polygon", "coordinates": [[[77.1934561, 28.6789509], [77.1943217, 28.6778118], [77.1933422, 28.677198], [77.1925937, 28.6778403], [77.1922032, 28.6786254], [77.1934561, 28.6789509]]]}, "properties": {"landuse": "industrial"}}, {"type": "Feature", "geometry": {"type": "Polygon", "coordinates": [[[77.302447, 28.6751642], [77.3024632, 28.6752564], [77.3024642, 28.6752623], [77.3034697, 28.6753301], [77.3049822, 28.6754055], [77.3064518, 28.6754885], [77.3073456, 28.6750059], [77.3069559, 28.674483], [77.3078957, 28.6740106], [77.3074084, 28.6733734], [77.3035166, 28.6732798], [77.3027775, 28.6733025], [77.3019009, 28.6733703], [77.3015227, 28.673491], [77.3008524, 28.6738454], [77.3003797, 28.6742827], [77.3001047, 28.6751272], [77.302447, 28.6751642]]]}, "properties": {"landuse": "industrial"}}, {"type": "Feature", "geometry": {"type": "Polygon", "coordinates": [[[77.1291397, 28.6354056], [77.130004, 28.6364817], [77.1307938, 28.6340974], [77.1289629, 28.6351854], [77.1291397, 28.6354056]]]}, "properties": {"landuse": "industrial"}}, {"type": "Feature", "geometry": {"type": "Polygon", "coordinates": [[[77.1563405, 28.659182], [77.1567956, 28.6595829], [77.1584297, 28.6578748], [77.1562073, 28.6557919], [77.1553972, 28.6550293], [77.1545979, 28.6541137], [77.1528849, 28.6551899], [77.1563405, 28.659182]]]}, "properties": {"landuse": "industrial"}}, {"type": "Feature", "geometry": {"type": "Polygon", "coordinates": [[[77.1559351, 28.6545916], [77.1570925, 28.6538713], [77.1564078, 28.653024], [77.1559611, 28.6532997], [77.1552492, 28.6537428], [77.1559351, 28.6545916]]]}, "properties": {"landuse": "industrial"}}, {"type": "Feature", "geometry": {"type": "Polygon", "coordinates": [[[77.1420289, 28.6472288], [77.142311, 28.6474769], [77.1423555, 28.6475214], [77.1426238, 28.6479263], [77.1433721, 28.6464276], [77.1441612, 28.6459669], [77.1438889, 28.645628], [77.1422622, 28.6436036], [77.1409426, 28.6448653], [77.1400628, 28.6457974], [77.1420289, 28.6472288]]]}, "properties": {"landuse": "industrial"}}, {"type": "Feature", "geometry": {"type": "Polygon", "coordinates": [[[77.1436671, 28.6582722], [77.1442159, 28.6579103], [77.1443045, 28.6579882], [77.1451773, 28.6572339], [77.1450516, 28.6569954], [77.1448645, 28.6566227], [77.1446495, 28.6561945], [77.1444725, 28.655842], [77.1440267, 28.654954], [77.1430332, 28.655238], [77.1426897, 28.6553363], [77.1423413, 28.6554359], [77.1419961, 28.6555345], [77.1415363, 28.655666], [77.1414088, 28.6557025], [77.1412258, 28.6558075], [77.1409508, 28.6559225], [77.1406315, 28.65606], [77.1400067, 28.6562713], [77.1436671, 28.6582722]]]}, "properties": {"landuse": "industrial"}}, {"type": "Feature", "geometry": {"type": "Polygon", "coordinates": [[[77.1046678, 28.642481], [77.1050344, 28.6423313], [77.1053504, 28.6419652], [77.1055084, 28.6417877], [77.1064185, 28.6413162], [77.105205, 28.6407726], [77.1051039, 28.6409557], [77.1044924, 28.6407089], [77.1037928, 28.6421328], [77.1046678, 28.642481]]]}, "properties": {"landuse": "industrial"}}, {"type": "Feature", "geometry": {"type": "Polygon", "coordinates": [[[77.0841131, 28.6839969], [77.0885276, 28.6836876], [77.09464, 28.6832245], [77.0941903, 28.6800089], [77.0824047, 28.68119], [77.0823205, 28.684033], [77.0841131, 28.6839969]]]}, "properties": {"landuse": "industrial"}}, {"type": "Feature", "geometry": {"type": "Polygon", "coordinates": [[[77.0789864, 28.6842382], [77.0823205, 28.684033], [77.0824047, 28.68119], [77.0785785, 28.6816165], [77.0789864, 28.6842382]]]}, "properties": {"landuse": "industrial"}}, {"type": "Feature", "geometry": {"type": "MultiPolygon", "coordinates": [[[[77.2851045, 28.5347466], [77.2860795, 28.5333335], [77.2876808, 28.5298596], [77.2885496, 28.5280552], [77.2911333, 28.5256813], [77.2920141, 28.5245061], [77.2923456, 28.5239814], [77.2926978, 28.5233648], [77.293204, 28.5222344], [77.2932188, 28.5221395], [77.2935402, 28.5214219], [77.2938021, 28.52089], [77.2939932, 28.5204554], [77.2941212, 28.5201862], [77.2942666, 28.5198887], [77.2933596, 28.5195473], [77.2933692, 28.5195302], [77.2937976, 28.5187732], [77.2946455, 28.5190842], [77.2951844, 28.5179195], [77.2953646, 28.517527], [77.2960263, 28.516032], [77.2966192, 28.5146923], [77.2968287, 28.514016], [77.296856, 28.5139527], [77.2971143, 28.5133675], [77.2979651, 28.5113834], [77.2986187, 28.5097277], [77.2987621, 28.5093519], [77.299202, 28.5083277], [77.2999471, 28.506593], [77.2999748, 28.5065288], [77.3000755, 28.5062954], [77.3002322, 28.5059324], [77.3002264, 28.5052333], [77.3000701, 28.505196], [77.2977263, 28.5046359], [77.2967072, 28.5078921], [77.2963905, 28.5088362], [77.296396, 28.509176], [77.2963798, 28.5092258], [77.2949886, 28.5134983], [77.2947149, 28.5145806], [77.2942201, 28.5160805], [77.293476, 28.5181974], [77.2932891, 28.5186149], [77.2924944, 28.5183402], [77.2840807, 28.5344086], [77.2851045, 28.5347466]]], [[[77.3001004, 28.497808], [77.3005916, 28.4977972], [77.3006527, 28.4976593], [77.3012987, 28.4975959], [77.3015783, 28.49715], [77.3019155, 28.4971222], [77.3021519, 28.4967244], [77.302347, 28.4958117], [77.3027653, 28.493855], [77.302268, 28.4937511], [77.3024699, 28.4929886], [77.3020548, 28.4929075], [77.3021788, 28.4923603], [77.3030781, 28.4925123], [77.3032395, 28.4925174], [77.3035745, 28.4909983], [77.3035417, 28.4901964], [77.3019562, 28.4901429], [77.3012038, 28.4901509], [77.3009429, 28.4896708], [77.3004939, 28.4896788], [77.3005078, 28.4941457], [77.2998523, 28.4941629], [77.2991159, 28.4974283], [77.3001004, 28.497808]]]]}, "properties": {"landuse": "industrial"}}, {"type": "Feature", "geometry": {"type": "Polygon", "coordinates": [[[77.177788, 28.7049643], [77.1777827, 28.7052546], [77.1784047, 28.7052837], [77.1783127, 28.7055668], [77.1781729, 28.7061444], [77.1780967, 28.7064591], [77.1787499, 28.7067205], [77.1792373, 28.7061245], [77.1893638, 28.6937742], [77.1875448, 28.6925008], [77.1868234, 28.6926599], [77.1861817, 28.6921086], [77.1852921, 28.6925473], [77.1851903, 28.6926017], [77.1849292, 28.6926716], [77.181926, 28.6984259], [77.1781956, 28.7027298], [77.1779042, 28.7030342], [77.1774852, 28.7049379], [77.177788, 28.7049643]]]}, "properties": {"landuse": "industrial"}}, {"type": "Feature", "geometry": {"type": "Polygon", "coordinates": [[[77.2041177, 28.6478826], [77.2049388, 28.6493387], [77.2052207, 28.6493474], [77.2052829, 28.64902], [77.2055026, 28.6476642], [77.2054202, 28.6470616], [77.2053037, 28.6470719], [77.2051897, 28.6470119], [77.205087, 28.6468918], [77.2034392, 28.6472521], [77.2041177, 28.6478826]]]}, "properties": {"landuse": "industrial"}}, {"type": "Feature", "geometry": {"type": "Polygon", "coordinates": [[[77.1164987, 28.621201], [77.1195199, 28.6246145], [77.1232843, 28.6222377], [77.1237176, 28.6219641], [77.1193187, 28.6166821], [77.1173954, 28.6154409], [77.1158694, 28.6140715], [77.1151077, 28.6144953], [77.1170925, 28.6167934], [77.1167814, 28.6169817], [77.1157943, 28.6161624], [77.1154188, 28.6164261], [77.1141641, 28.6153392], [77.1140783, 28.6153674], [77.1136255, 28.614869], [77.1143999, 28.6143441], [77.1142483, 28.6141991], [77.1143205, 28.6141612], [77.1139069, 28.6137091], [77.114909, 28.6129653], [77.1148153, 28.6128282], [77.1137352, 28.6115868], [77.111377, 28.6130441], [77.1125505, 28.6144251], [77.1113093, 28.6153231], [77.1109154, 28.6156081], [77.1116099, 28.6162746], [77.1107754, 28.6169794], [77.1164987, 28.621201]], [[77.1132288, 28.6124536], [77.113669, 28.6128428], [77.113375, 28.6130543], [77.1129989, 28.6126172], [77.1132288, 28.6124536]], [[77.1137296, 28.6139123], [77.1138476, 28.6140489], [77.1140246, 28.6142749], [77.1138583, 28.6144068], [77.1134775, 28.6141854], [77.1137296, 28.6139123]]]}, "properties": {"landuse": "industrial"}}, {"type": "Feature", "geometry": {"type": "Polygon", "coordinates": [[[77.2867457, 28.7171258], [77.2869041, 28.7208201], [77.2893645, 28.7207956], [77.289495, 28.7172321], [77.2890197, 28.7170196], [77.2888799, 28.7162676], [77.2875379, 28.7153358], [77.2875006, 28.7160796], [77.2862797, 28.7159243], [77.2853384, 28.7159407], [77.2867457, 28.7171258]]]}, "properties": {"landuse": "industrial"}}, {"type": "Feature", "geometry": {"type": "Polygon", "coordinates": [[[77.112364, 28.7167494], [77.1129183, 28.7163601], [77.1131781, 28.7161776], [77.1118883, 28.7147653], [77.1110742, 28.7153371], [77.112364, 28.7167494]]]}, "properties": {"landuse": "industrial"}}, {"type": "Feature", "geometry": {"type": "Polygon", "coordinates": [[[77.3368602, 28.6114209], [77.3373852, 28.6112049], [77.3371955, 28.6109052], [77.3366832, 28.6111266], [77.3368602, 28.6114209]]]}, "properties": {"landuse": "industrial"}}, {"type": "Feature", "geometry": {"type": "Polygon", "coordinates": [[[77.0934649, 28.5261638], [77.0935259, 28.5261592], [77.0940087, 28.5261557], [77.0940068, 28.5256995], [77.0934563, 28.5256964], [77.0934649, 28.5261638]]]}, "properties": {"landuse": "industrial"}}, {"type": "Feature", "geometry": {"type": "Polygon", "coordinates": [[[77.3021583, 28.3906737], [77.3021596, 28.3905684], [77.3019579, 28.3905571], [77.3019512, 28.3906637], [77.3021583, 28.3906737]]]}, "properties": {"landuse": "industrial"}}, {"type": "Feature", "geometry": {"type": "Polygon", "coordinates": [[[77.3161992, 28.263837], [77.3161992, 28.2643229], [77.3174864, 28.2643229], [77.3174864, 28.263837], [77.3193968, 28.263837], [77.3193968, 28.2654297], [77.318743, 28.2654927], [77.3187532, 28.2665994], [77.3203571, 28.2664644], [77.3203877, 28.2629462], [77.3217363, 28.2629554], [77.3227476, 28.2573403], [77.3228191, 28.2547529], [77.3161041, 28.2547611], [77.3161481, 28.2615515], [77.3158314, 28.2615965], [77.3155556, 28.2628023], [77.315433, 28.263837], [77.3161992, 28.263837]]]}, "properties": {"landuse": "industrial"}}, {"type": "Feature", "geometry": {"type": "Polygon", "coordinates": [[[77.2761208, 28.505529], [77.2778642, 28.5046569], [77.2774136, 28.5039592], [77.2756648, 28.5047983], [77.2761208, 28.505529]]]}, "properties": {"landuse": "industrial"}}, {"type": "Feature", "geometry": {"type": "Polygon", "coordinates": [[[76.8003056, 28.1133919], [76.8004899, 28.11572], [76.8007267, 28.11633], [76.8013016, 28.1177557], [76.8016531, 28.1186357], [76.8022855, 28.1201852], [76.8023531, 28.12023], [76.8024698, 28.1202866], [76.8024258, 28.1203806], [76.8025645, 28.120652], [76.8026744, 28.1206893], [76.8026439, 28.1207833], [76.8030988, 28.1210383], [76.8047355, 28.1217526], [76.8062098, 28.1223631], [76.8077785, 28.1236137], [76.8079961, 28.123386], [76.8100943, 28.1211067], [76.8098136, 28.1206653], [76.8102482, 28.1204595], [76.8098288, 28.119863], [76.8108501, 28.1194186], [76.8117531, 28.1191128], [76.8128319, 28.1187206], [76.8126476, 28.1184432], [76.8121724, 28.1173695], [76.8115738, 28.1176349], [76.8115231, 28.1175365], [76.8122096, 28.1171845], [76.8131227, 28.1167371], [76.8148829, 28.1161018], [76.8150909, 28.1160108], [76.8154748, 28.115723], [76.8158096, 28.1155216], [76.8171403, 28.1149534], [76.8182766, 28.1146701], [76.8185556, 28.1148654], [76.8194924, 28.1147029], [76.8197883, 28.1147238], [76.8202381, 28.1146507], [76.8227423, 28.113808], [76.8219645, 28.1127074], [76.8214944, 28.1119348], [76.8212797, 28.1114859], [76.8211731, 28.1112055], [76.8211867, 28.1107998], [76.8206473, 28.1108774], [76.8204427, 28.1101123], [76.8197375, 28.1101347], [76.8156033, 28.1102495], [76.8103175, 28.1104747], [76.8048136, 28.1107178], [76.8026154, 28.1108416], [76.800167, 28.1110683], [76.8001332, 28.1110892], [76.8003056, 28.1133919]]]}, "properties": {"landuse": "industrial"}}, {"type": "Feature", "geometry": {"type": "Polygon", "coordinates": [[[76.8122766, 28.1265013], [76.8128801, 28.1260572], [76.8125301, 28.1256904], [76.812596, 28.1255845], [76.8120346, 28.1250447], [76.8120313, 28.1249954], [76.8116596, 28.1245217], [76.8115687, 28.1245702], [76.8112961, 28.1242138], [76.8114659, 28.1240957], [76.8111451, 28.1233838], [76.8097839, 28.124702], [76.8122766, 28.1265013]]]}, "properties": {"landuse": "industrial"}}, {"type": "Feature", "geometry": {"type": "Polygon", "coordinates": [[[76.8097839, 28.124702], [76.8111451, 28.1233838], [76.8104603, 28.1218522], [76.8105431, 28.1218239], [76.8100943, 28.1211067], [76.8079961, 28.123386], [76.8097839, 28.124702]]]}, "properties": {"landuse": "industrial"}}, {"type": "Feature", "geometry": {"type": "Polygon", "coordinates": [[[76.8212685, 28.128071], [76.8216695, 28.1278088], [76.8217564, 28.1279145], [76.8221144, 28.1274389], [76.8218058, 28.1270651], [76.8218747, 28.1270175], [76.8217279, 28.1267586], [76.8222148, 28.1265459], [76.8213684, 28.1253477], [76.8211722, 28.1253107], [76.819462, 28.1264303], [76.8212685, 28.128071]]]}, "properties": {"landuse": "industrial"}}, {"type": "Feature", "geometry": {"type": "Polygon", "coordinates": [[[76.8203942, 28.1297202], [76.8214692, 28.1283234], [76.8212685, 28.128071], [76.819462, 28.1264303], [76.8188523, 28.126857], [76.8188523, 28.1269033], [76.8186059, 28.1270664], [76.8185737, 28.1270479], [76.8180285, 28.127392], [76.8180524, 28.1274224], [76.8178577, 28.1275512], [76.8178315, 28.1275228], [76.8177557, 28.1275696], [76.8203942, 28.1297202]]]}, "properties": {"landuse": "industrial"}}, {"type": "Feature", "geometry": {"type": "Polygon", "coordinates": [[[76.8140462, 28.1277665], [76.8150842, 28.1285459], [76.8154452, 28.1285565], [76.8160788, 28.1281205], [76.8179108, 28.1269092], [76.8199644, 28.125534], [76.8213095, 28.124633], [76.820935, 28.1240531], [76.8188155, 28.1234956], [76.818077, 28.1239685], [76.8171873, 28.1236171], [76.8170944, 28.1236621], [76.8167379, 28.1233926], [76.8164638, 28.123563], [76.8170629, 28.1243741], [76.8163454, 28.1247836], [76.8157942, 28.1239448], [76.8155306, 28.1240848], [76.8157867, 28.1244996], [76.8146539, 28.12523], [76.8143256, 28.1255064], [76.8137473, 28.1259941], [76.81351, 28.1256073], [76.8128801, 28.1260572], [76.8122766, 28.1265013], [76.8140462, 28.1277665]]]}, "properties": {"landuse": "industrial"}}, {"type": "Feature", "geometry": {"type": "Polygon", "coordinates": [[[76.7983577, 28.1147164], [76.7999989, 28.1143648], [76.7998464, 28.1125412], [76.7975324, 28.1126914], [76.7983577, 28.1147164]]]}, "properties": {"landuse": "industrial"}}, {"type": "Feature", "geometry": {"type": "Polygon", "coordinates": [[[76.7996247, 28.1179161], [76.7996427, 28.1179483], [76.8008095, 28.117589], [76.8005116, 28.1168423], [76.7992699, 28.1172234], [76.7996247, 28.1179161]]]}, "properties": {"landuse": "industrial"}}, {"type": "Feature", "geometry": {"type": "Polygon", "coordinates": [[[76.8001061, 28.1198463], [76.8014936, 28.119412], [76.8015211, 28.1193438], [76.8011822, 28.1185198], [76.799843, 28.1189113], [76.8001061, 28.1198463]]]}, "properties": {"landuse": "industrial"}}, {"type": "Feature", "geometry": {"type": "Polygon", "coordinates": [[[76.8171997, 28.1324547], [76.8176163, 28.1332543], [76.8184835, 28.1318529], [76.8165795, 28.1304581], [76.8160554, 28.1310151], [76.8171997, 28.1324547]]]}, "properties": {"landuse": "industrial"}}, {"type": "Feature", "geometry": {"type": "Polygon", "coordinates": [[[76.7975324, 28.1126914], [76.7998464, 28.1125412], [76.7997566, 28.1113905], [76.7970978, 28.1109096], [76.796991, 28.1113628], [76.7975324, 28.1126914]]]}, "properties": {"landuse": "industrial"}}, {"type": "Feature", "geometry": {"type": "Polygon", "coordinates": [[[76.8145242, 28.1310054], [76.8147316, 28.130771], [76.8154291, 28.1312797], [76.8163302, 28.1303105], [76.8135793, 28.1282982], [76.8124705, 28.1295113], [76.8145242, 28.1310054]]]}, "properties": {"landuse": "industrial"}}, {"type": "Feature", "geometry": {"type": "Polygon", "coordinates": [[[76.796615, 28.1160596], [76.7986402, 28.1154096], [76.7983577, 28.1147164], [76.7975324, 28.1126914], [76.796991, 28.1113628], [76.7949598, 28.1119996], [76.796615, 28.1160596]]]}, "properties": {"landuse": "industrial"}}, {"type": "Feature", "geometry": {"type": "Polygon", "coordinates": [[[76.8116454, 28.12811], [76.8118347, 28.1284662], [76.8124185, 28.1294502], [76.8124705, 28.1295113], [76.8135793, 28.1282982], [76.8118079, 28.1270315], [76.8112788, 28.1276187], [76.8116454, 28.12811]]]}, "properties": {"landuse": "industrial"}}, {"type": "Feature", "geometry": {"type": "Polygon", "coordinates": [[[76.7983499, 28.1203527], [76.8001061, 28.1198463], [76.799843, 28.1189113], [76.7996887, 28.1183629], [76.7996427, 28.1179483], [76.7996247, 28.1179161], [76.797643, 28.1185582], [76.7983499, 28.1203527]]]}, "properties": {"landuse": "industrial"}}, {"type": "Feature", "geometry": {"type": "Polygon", "coordinates": [[[76.797643, 28.1185582], [76.7996247, 28.1179161], [76.7992699, 28.1172234], [76.7989162, 28.1165329], [76.7991289, 28.1164642], [76.7987634, 28.1153742], [76.7986402, 28.1154096], [76.796615, 28.1160596], [76.797643, 28.1185582]]]}, "properties": {"landuse": "industrial"}}, {"type": "Feature", "geometry": {"type": "Polygon", "coordinates": [[[76.7986402, 28.1154096], [76.7987634, 28.1153742], [76.7991289, 28.1164642], [76.7989162, 28.1165329], [76.7992699, 28.1172234], [76.8005116, 28.1168423], [76.8001197, 28.1158651], [76.7999989, 28.1143648], [76.7983577, 28.1147164], [76.7986402, 28.1154096]]]}, "properties": {"landuse": "industrial"}}, {"type": "Feature", "geometry": {"type": "Polygon", "coordinates": [[[76.8163589, 28.1297968], [76.8189457, 28.1316514], [76.8203942, 28.1297202], [76.8177557, 28.1275696], [76.8176785, 28.1276171], [76.817701, 28.1276343], [76.8174413, 28.12787], [76.8173778, 28.1278215], [76.8154522, 28.1291254], [76.8163589, 28.1297968]]]}, "properties": {"landuse": "industrial"}}, {"type": "Feature", "geometry": {"type": "Polygon", "coordinates": [[[76.7758923, 28.1299141], [76.7759969, 28.1302358], [76.77549, 28.1303753], [76.7757877, 28.1312813], [76.7766192, 28.1309217], [76.7775231, 28.1301092], [76.7778195, 28.1299176], [76.7780193, 28.1297533], [76.7784082, 28.1295687], [76.7772012, 28.1269762], [76.77584, 28.1273275], [76.7755302, 28.128392], [76.7753371, 28.1291039], [76.7758923, 28.1299141]]]}, "properties": {"landuse": "industrial"}}, {"type": "Feature", "geometry": {"type": "Polygon", "coordinates": [[[76.7814671, 28.1253905], [76.7843666, 28.1246004], [76.7834586, 28.1222089], [76.7806168, 28.1229777], [76.7814671, 28.1253905]]]}, "properties": {"landuse": "industrial"}}, {"type": "Feature", "geometry": {"type": "Polygon", "coordinates": [[[76.7860378, 28.126269], [76.7882466, 28.1256291], [76.7877088, 28.1240762], [76.7855094, 28.1247196], [76.7860378, 28.126269]]]}, "properties": {"landuse": "industrial"}}, {"type": "Feature", "geometry": {"type": "Polygon", "coordinates": [[[76.7841478, 28.1209034], [76.784778, 28.1207132], [76.7845747, 28.1201892], [76.7839445, 28.1203795], [76.7841478, 28.1209034]]]}, "properties": {"landuse": "industrial"}}, {"type": "Feature", "geometry": {"type": "Polygon", "coordinates": [[[76.7837423, 28.1216645], [76.7843696, 28.1214752], [76.7842649, 28.1212054], [76.7836376, 28.1213948], [76.7837423, 28.1216645]]]}, "properties": {"landuse": "industrial"}}, {"type": "Feature", "geometry": {"type": "Polygon", "coordinates": [[[76.7846415, 28.1239838], [76.7852616, 28.1238047], [76.7851625, 28.123538], [76.7845424, 28.1237171], [76.7846415, 28.1239838]]]}, "properties": {"landuse": "industrial"}}, {"type": "Feature", "geometry": {"type": "Polygon", "coordinates": [[[76.785059, 28.1232592], [76.7856925, 28.1230762], [76.7855081, 28.1225795], [76.7848746, 28.1227625], [76.785059, 28.1232592]]]}, "properties": {"landuse": "industrial"}}, {"type": "Feature", "geometry": {"type": "Polygon", "coordinates": [[[76.7885121, 28.1254666], [76.7897187, 28.1251267], [76.7894716, 28.1244445], [76.7882651, 28.1247843], [76.7885121, 28.1254666]]]}, "properties": {"landuse": "industrial"}}, {"type": "Feature", "geometry": {"type": "Polygon", "coordinates": [[[76.7848746, 28.1227625], [76.7855081, 28.1225795], [76.7853965, 28.1223071], [76.7847662, 28.1224974], [76.7848746, 28.1227625]]]}, "properties": {"landuse": "industrial"}}, {"type": "Feature", "geometry": {"type": "Polygon", "coordinates": [[[76.7829204, 28.1195461], [76.7835477, 28.1193568], [76.7834356, 28.1190679], [76.7828079, 28.1192574], [76.7829204, 28.1195461]]]}, "properties": {"landuse": "industrial"}}, {"type": "Feature", "geometry": {"type": "Polygon", "coordinates": [[[76.7834356, 28.1190679], [76.7840659, 28.1188778], [76.7839549, 28.1185918], [76.7833245, 28.1187817], [76.7834356, 28.1190679]]]}, "properties": {"landuse": "industrial"}}, {"type": "Feature", "geometry": {"type": "Polygon", "coordinates": [[[76.7882651, 28.1247843], [76.7894716, 28.1244445], [76.789182, 28.1236042], [76.7879931, 28.1239945], [76.7882651, 28.1247843]]]}, "properties": {"landuse": "industrial"}}, {"type": "Feature", "geometry": {"type": "Polygon", "coordinates": [[[76.7806168, 28.1229777], [76.7834586, 28.1222089], [76.7826258, 28.1198031], [76.779785, 28.1205826], [76.7806168, 28.1229777]]]}, "properties": {"landuse": "industrial"}}, {"type": "Feature", "geometry": {"type": "Polygon", "coordinates": [[[76.7828079, 28.1192574], [76.7834356, 28.1190679], [76.7833245, 28.1187817], [76.7826968, 28.1189712], [76.7828079, 28.1192574]]]}, "properties": {"landuse": "industrial"}}, {"type": "Feature", "geometry": {"type": "Polygon", "coordinates": [[[76.7841622, 28.1209406], [76.7842474, 28.1211602], [76.7848776, 28.12097], [76.784778, 28.1207132], [76.7841478, 28.1209034], [76.7841622, 28.1209406]]]}, "properties": {"landuse": "industrial"}}, {"type": "Feature", "geometry": {"type": "Polygon", "coordinates": [[[76.7851625, 28.123538], [76.7852616, 28.1238047], [76.7858951, 28.1236217], [76.7856925, 28.1230762], [76.785059, 28.1232592], [76.7851625, 28.123538]]]}, "properties": {"landuse": "industrial"}}, {"type": "Feature", "geometry": {"type": "Polygon", "coordinates": [[[76.7839423, 28.1221801], [76.7845696, 28.1219907], [76.7845559, 28.1219554], [76.7844674, 28.1217271], [76.78384, 28.1219165], [76.7839423, 28.1221801]]]}, "properties": {"landuse": "industrial"}}, {"type": "Feature", "geometry": {"type": "Polygon", "coordinates": [[[76.7831313, 28.1200898], [76.7837586, 28.1199005], [76.783741, 28.119855], [76.7836556, 28.119635], [76.7830283, 28.1198243], [76.7831313, 28.1200898]]]}, "properties": {"landuse": "industrial"}}, {"type": "Feature", "geometry": {"type": "Polygon", "coordinates": [[[76.7838598, 28.1201611], [76.7839445, 28.1203795], [76.7845747, 28.1201892], [76.7844711, 28.1199222], [76.7838409, 28.1201124], [76.7838598, 28.1201611]]]}, "properties": {"landuse": "industrial"}}, {"type": "Feature", "geometry": {"type": "Polygon", "coordinates": [[[76.7842437, 28.1229569], [76.7848746, 28.1227625], [76.7847662, 28.1224974], [76.7846722, 28.1222552], [76.7840449, 28.1224445], [76.7842437, 28.1229569]]]}, "properties": {"landuse": "industrial"}}, {"type": "Feature", "geometry": {"type": "Polygon", "coordinates": [[[76.7830283, 28.1198243], [76.7836556, 28.119635], [76.7836392, 28.1195928], [76.7835477, 28.1193568], [76.7829204, 28.1195461], [76.7830283, 28.1198243]]]}, "properties": {"landuse": "industrial"}}, {"type": "Feature", "geometry": {"type": "Polygon", "coordinates": [[[76.7840449, 28.1224445], [76.7846722, 28.1222552], [76.7846635, 28.1222326], [76.7845696, 28.1219907], [76.7839423, 28.1221801], [76.7840449, 28.1224445]]]}, "properties": {"landuse": "industrial"}}, {"type": "Feature", "geometry": {"type": "Polygon", "coordinates": [[[76.7836376, 28.1213948], [76.7842649, 28.1212054], [76.7842474, 28.1211602], [76.7841622, 28.1209406], [76.7835349, 28.1211299], [76.7836376, 28.1213948]]]}, "properties": {"landuse": "industrial"}}, {"type": "Feature", "geometry": {"type": "Polygon", "coordinates": [[[76.7846722, 28.1222552], [76.7847662, 28.1224974], [76.7853965, 28.1223071], [76.7852937, 28.1220424], [76.7846635, 28.1222326], [76.7846722, 28.1222552]]]}, "properties": {"landuse": "industrial"}}, {"type": "Feature", "geometry": {"type": "Polygon", "coordinates": [[[76.7890968, 28.1271253], [76.7899766, 28.1267421], [76.7912828, 28.1262997], [76.7911912, 28.1254991], [76.7887589, 28.1261578], [76.7890968, 28.1271253]]]}, "properties": {"landuse": "industrial"}}, {"type": "Feature", "geometry": {"type": "Polygon", "coordinates": [[[76.78384, 28.1219165], [76.7844674, 28.1217271], [76.784456, 28.1216979], [76.7843696, 28.1214752], [76.7837423, 28.1216645], [76.78384, 28.1219165]]]}, "properties": {"landuse": "industrial"}}, {"type": "Feature", "geometry": {"type": "Polygon", "coordinates": [[[76.7845696, 28.1219907], [76.7846635, 28.1222326], [76.7852937, 28.1220424], [76.7851862, 28.1217652], [76.7845559, 28.1219554], [76.7845696, 28.1219907]]]}, "properties": {"landuse": "industrial"}}, {"type": "Feature", "geometry": {"type": "Polygon", "coordinates": [[[76.7835477, 28.1193568], [76.7836392, 28.1195928], [76.7842695, 28.1194026], [76.7840659, 28.1188778], [76.7834356, 28.1190679], [76.7835477, 28.1193568]]]}, "properties": {"landuse": "industrial"}}, {"type": "Feature", "geometry": {"type": "Polygon", "coordinates": [[[76.7837586, 28.1199005], [76.7838409, 28.1201124], [76.7844711, 28.1199222], [76.7843713, 28.1196648], [76.783741, 28.119855], [76.7837586, 28.1199005]]]}, "properties": {"landuse": "industrial"}}, {"type": "Feature", "geometry": {"type": "Polygon", "coordinates": [[[76.7845424, 28.1237171], [76.7851625, 28.123538], [76.785059, 28.1232592], [76.7848746, 28.1227625], [76.7842437, 28.1229569], [76.7845424, 28.1237171]]]}, "properties": {"landuse": "industrial"}}, {"type": "Feature", "geometry": {"type": "Polygon", "coordinates": [[[76.7832324, 28.1203504], [76.7838598, 28.1201611], [76.7838409, 28.1201124], [76.7837586, 28.1199005], [76.7831313, 28.1200898], [76.7832324, 28.1203504]]]}, "properties": {"landuse": "industrial"}}, {"type": "Feature", "geometry": {"type": "Polygon", "coordinates": [[[76.7844674, 28.1217271], [76.7845559, 28.1219554], [76.7851862, 28.1217652], [76.7850863, 28.1215077], [76.784456, 28.1216979], [76.7844674, 28.1217271]]]}, "properties": {"landuse": "industrial"}}, {"type": "Feature", "geometry": {"type": "Polygon", "coordinates": [[[76.7836556, 28.119635], [76.783741, 28.119855], [76.7843713, 28.1196648], [76.7842695, 28.1194026], [76.7836392, 28.1195928], [76.7836556, 28.119635]]]}, "properties": {"landuse": "industrial"}}, {"type": "Feature", "geometry": {"type": "Polygon", "coordinates": [[[76.7887589, 28.1261578], [76.7911912, 28.1254991], [76.7914491, 28.1254292], [76.7913096, 28.1247219], [76.7897187, 28.1251267], [76.7885121, 28.1254666], [76.7887589, 28.1261578]]]}, "properties": {"landuse": "industrial"}}, {"type": "Feature", "geometry": {"type": "Polygon", "coordinates": [[[76.7835349, 28.1211299], [76.7841622, 28.1209406], [76.7841478, 28.1209034], [76.7839445, 28.1203795], [76.7838598, 28.1201611], [76.7832324, 28.1203504], [76.7835349, 28.1211299]]]}, "properties": {"landuse": "industrial"}}, {"type": "Feature", "geometry": {"type": "Polygon", "coordinates": [[[76.7842649, 28.1212054], [76.7843696, 28.1214752], [76.784456, 28.1216979], [76.7850863, 28.1215077], [76.7848776, 28.12097], [76.7842474, 28.1211602], [76.7842649, 28.1212054]]]}, "properties": {"landuse": "industrial"}}, {"type": "Feature", "geometry": {"type": "Polygon", "coordinates": [[[76.7864548, 28.1275179], [76.7870074, 28.1273003], [76.7877544, 28.1270661], [76.787867, 28.1272802], [76.7887119, 28.1269857], [76.7882466, 28.1256291], [76.7860378, 28.126269], [76.7864548, 28.1275179]]]}, "properties": {"landuse": "industrial"}}, {"type": "Feature", "geometry": {"type": "Polygon", "coordinates": [[[76.7762851, 28.1241013], [76.7806168, 28.1229777], [76.779785, 28.1205826], [76.7795654, 28.1206429], [76.7764085, 28.1216364], [76.7766686, 28.1231362], [76.7761751, 28.1231858], [76.7762851, 28.1241013]]]}, "properties": {"landuse": "industrial"}}, {"type": "Feature", "geometry": {"type": "Polygon", "coordinates": [[[76.7796298, 28.1258849], [76.7814671, 28.1253905], [76.7806168, 28.1229777], [76.7762851, 28.1241013], [76.7763012, 28.124941], [76.7762717, 28.1256152], [76.7761805, 28.1260907], [76.7759525, 28.1268689], [76.7796298, 28.1258849]]]}, "properties": {"landuse": "industrial"}}, {"type": "Feature", "geometry": {"type": "Polygon", "coordinates": [[[76.785505, 28.1191107], [76.7859037, 28.1189937], [76.7857505, 28.1185567], [76.7853494, 28.1186735], [76.785505, 28.1191107]]]}, "properties": {"landuse": "industrial"}}, {"type": "Feature", "geometry": {"type": "Polygon", "coordinates": [[[76.7860391, 28.1206125], [76.7864289, 28.1204947], [76.7863537, 28.1202763], [76.7859626, 28.1203939], [76.7860391, 28.1206125]]]}, "properties": {"landuse": "industrial"}}, {"type": "Feature", "geometry": {"type": "Polygon", "coordinates": [[[76.7856813, 28.1211681], [76.7860715, 28.121049], [76.7859976, 28.1208405], [76.785605, 28.1209472], [76.7856813, 28.1211681]]]}, "properties": {"landuse": "industrial"}}, {"type": "Feature", "geometry": {"type": "Polygon", "coordinates": [[[76.7858888, 28.1201859], [76.7862812, 28.1200684], [76.78621, 28.1198677], [76.7858163, 28.1199851], [76.7858888, 28.1201859]]]}, "properties": {"landuse": "industrial"}}, {"type": "Feature", "geometry": {"type": "Polygon", "coordinates": [[[76.7841675, 28.118765], [76.7847717, 28.118583], [76.7846938, 28.1183622], [76.7840863, 28.1185539], [76.7841675, 28.118765]]]}, "properties": {"landuse": "industrial"}}, {"type": "Feature", "geometry": {"type": "Polygon", "coordinates": [[[76.7860272, 28.1235985], [76.7865047, 28.1234672], [76.7863882, 28.1231426], [76.7859092, 28.1232917], [76.7860272, 28.1235985]]]}, "properties": {"landuse": "industrial"}}, {"type": "Feature", "geometry": {"type": "Polygon", "coordinates": [[[76.7857552, 28.1213741], [76.7861467, 28.121261], [76.7860715, 28.121049], [76.7856813, 28.1211681], [76.7857552, 28.1213741]]]}, "properties": {"landuse": "industrial"}}, {"type": "Feature", "geometry": {"type": "Polygon", "coordinates": [[[76.7853494, 28.1186735], [76.7857505, 28.1185567], [76.785674, 28.1183383], [76.7852716, 28.1184549], [76.7853494, 28.1186735]]]}, "properties": {"landuse": "industrial"}}, {"type": "Feature", "geometry": {"type": "Polygon", "coordinates": [[[76.7859626, 28.1203939], [76.7863537, 28.1202763], [76.7862812, 28.1200684], [76.7858888, 28.1201859], [76.7859626, 28.1203939]]]}, "properties": {"landuse": "industrial"}}, {"type": "Feature", "geometry": {"type": "Polygon", "coordinates": [[[76.7870049, 28.1233353], [76.7874072, 28.1232194], [76.7873394, 28.1230021], [76.7869286, 28.1231202], [76.7870049, 28.1233353]]]}, "properties": {"landuse": "industrial"}}, {"type": "Feature", "geometry": {"type": "Polygon", "coordinates": [[[76.7857331, 28.1197511], [76.786128, 28.1196338], [76.7860515, 28.1194165], [76.7856553, 28.1195337], [76.7857331, 28.1197511]]]}, "properties": {"landuse": "industrial"}}, {"type": "Feature", "geometry": {"type": "Polygon", "coordinates": [[[76.7854268, 28.1220379], [76.7859329, 28.1218733], [76.7858462, 28.1216315], [76.7853325, 28.1217928], [76.7854268, 28.1220379]]]}, "properties": {"landuse": "industrial"}}, {"type": "Feature", "geometry": {"type": "Polygon", "coordinates": [[[76.7864371, 28.1217281], [76.7868261, 28.1216195], [76.7867289, 28.1213487], [76.7863399, 28.1214573], [76.7864371, 28.1217281]]]}, "properties": {"landuse": "industrial"}}, {"type": "Feature", "geometry": {"type": "Polygon", "coordinates": [[[76.7863758, 28.1231079], [76.7867633, 28.1229998], [76.7866871, 28.1227818], [76.7862982, 28.1228917], [76.7863758, 28.1231079]]]}, "properties": {"landuse": "industrial"}}, {"type": "Feature", "geometry": {"type": "Polygon", "coordinates": [[[76.7861961, 28.1210414], [76.7865834, 28.1209234], [76.7864289, 28.1204947], [76.7860391, 28.1206125], [76.7861961, 28.1210414]]]}, "properties": {"landuse": "industrial"}}, {"type": "Feature", "geometry": {"type": "Polygon", "coordinates": [[[76.7858163, 28.1199851], [76.78621, 28.1198677], [76.786128, 28.1196338], [76.7857331, 28.1197511], [76.7858163, 28.1199851]]]}, "properties": {"landuse": "industrial"}}, {"type": "Feature", "geometry": {"type": "Polygon", "coordinates": [[[76.7868524, 28.1229051], [76.7872716, 28.1227848], [76.7872038, 28.1225675], [76.7867761, 28.12269], [76.7868524, 28.1229051]]]}, "properties": {"landuse": "industrial"}}, {"type": "Feature", "geometry": {"type": "Polygon", "coordinates": [[[76.7860641, 28.122239], [76.7864523, 28.1221226], [76.7863753, 28.1219056], [76.7859852, 28.1220189], [76.7860641, 28.122239]]]}, "properties": {"landuse": "industrial"}}, {"type": "Feature", "geometry": {"type": "Polygon", "coordinates": [[[76.7855788, 28.119321], [76.7859762, 28.1192039], [76.7859037, 28.1189937], [76.785505, 28.1191107], [76.7855788, 28.119321]]]}, "properties": {"landuse": "industrial"}}, {"type": "Feature", "geometry": {"type": "Polygon", "coordinates": [[[76.7862618, 28.1212387], [76.7866519, 28.1211206], [76.7865834, 28.1209234], [76.7861961, 28.1210414], [76.7862618, 28.1212387]]]}, "properties": {"landuse": "industrial"}}, {"type": "Feature", "geometry": {"type": "Polygon", "coordinates": [[[76.7856553, 28.1195337], [76.7860515, 28.1194165], [76.7859762, 28.1192039], [76.7855788, 28.119321], [76.7856553, 28.1195337]]]}, "properties": {"landuse": "industrial"}}, {"type": "Feature", "geometry": {"type": "Polygon", "coordinates": [[[76.7849211, 28.1190072], [76.7853077, 28.1188951], [76.7852323, 28.1186824], [76.7848457, 28.1187931], [76.7849211, 28.1190072]]]}, "properties": {"landuse": "industrial"}}, {"type": "Feature", "geometry": {"type": "Polygon", "coordinates": [[[76.7852716, 28.1184549], [76.785674, 28.1183383], [76.7855974, 28.1181198], [76.7851937, 28.1182363], [76.7852716, 28.1184549]]]}, "properties": {"landuse": "industrial"}}, {"type": "Feature", "geometry": {"type": "Polygon", "coordinates": [[[76.7866236, 28.1222598], [76.7870681, 28.1221329], [76.7870003, 28.1219156], [76.7865474, 28.1220447], [76.7866236, 28.1222598]]]}, "properties": {"landuse": "industrial"}}, {"type": "Feature", "geometry": {"type": "Polygon", "coordinates": [[[76.7863882, 28.1231426], [76.7865047, 28.1234672], [76.7868909, 28.1233595], [76.7867633, 28.1229998], [76.7863758, 28.1231079], [76.7863882, 28.1231426]]]}, "properties": {"landuse": "industrial"}}, {"type": "Feature", "geometry": {"type": "Polygon", "coordinates": [[[76.7857668, 28.1214063], [76.7858278, 28.1215795], [76.7862207, 28.1214696], [76.7861467, 28.121261], [76.7857552, 28.1213741], [76.7857668, 28.1214063]]]}, "properties": {"landuse": "industrial"}}, {"type": "Feature", "geometry": {"type": "Polygon", "coordinates": [[[76.7855237, 28.1207166], [76.785605, 28.1209472], [76.7859976, 28.1208405], [76.7858482, 28.1204193], [76.7854564, 28.1205258], [76.7855237, 28.1207166]]]}, "properties": {"landuse": "industrial"}}, {"type": "Feature", "geometry": {"type": "Polygon", "coordinates": [[[76.7844822, 28.1195828], [76.7850646, 28.119414], [76.7849973, 28.1192233], [76.784989, 28.1191998], [76.7844004, 28.1193703], [76.7844822, 28.1195828]]]}, "properties": {"landuse": "industrial"}}, {"type": "Feature", "geometry": {"type": "Polygon", "coordinates": [[[76.786203, 28.1226262], [76.7862982, 28.1228917], [76.7866871, 28.1227818], [76.7865221, 28.1223441], [76.7861426, 28.122458], [76.786203, 28.1226262]]]}, "properties": {"landuse": "industrial"}}, {"type": "Feature", "geometry": {"type": "Polygon", "coordinates": [[[76.7866999, 28.1224749], [76.7871359, 28.1223502], [76.7871256, 28.1223169], [76.7870681, 28.1221329], [76.7866236, 28.1222598], [76.7866999, 28.1224749]]]}, "properties": {"landuse": "industrial"}}, {"type": "Feature", "geometry": {"type": "Polygon", "coordinates": [[[76.784564, 28.1197955], [76.7851402, 28.1196285], [76.7850753, 28.1194444], [76.7850646, 28.119414], [76.7844822, 28.1195828], [76.784564, 28.1197955]]]}, "properties": {"landuse": "industrial"}}, {"type": "Feature", "geometry": {"type": "Polygon", "coordinates": [[[76.7852418, 28.1215571], [76.7857668, 28.1214063], [76.7857552, 28.1213741], [76.7856813, 28.1211681], [76.7851538, 28.1213285], [76.7852418, 28.1215571]]]}, "properties": {"landuse": "industrial"}}, {"type": "Feature", "geometry": {"type": "Polygon", "coordinates": [[[76.7865474, 28.1220447], [76.7870003, 28.1219156], [76.7869762, 28.1218386], [76.7869325, 28.1216983], [76.7864711, 28.1218296], [76.7865474, 28.1220447]]]}, "properties": {"landuse": "industrial"}}, {"type": "Feature", "geometry": {"type": "Polygon", "coordinates": [[[76.7846433, 28.1200016], [76.7852132, 28.1198357], [76.7851507, 28.1196584], [76.7851402, 28.1196285], [76.784564, 28.1197955], [76.7846433, 28.1200016]]]}, "properties": {"landuse": "industrial"}}, {"type": "Feature", "geometry": {"type": "Polygon", "coordinates": [[[76.785368, 28.1202749], [76.7853809, 28.1203115], [76.7857705, 28.1202001], [76.7856926, 28.1199805], [76.7853017, 28.1200868], [76.785368, 28.1202749]]]}, "properties": {"landuse": "industrial"}}, {"type": "Feature", "geometry": {"type": "Polygon", "coordinates": [[[76.7869286, 28.1231202], [76.7873394, 28.1230021], [76.7873218, 28.1229459], [76.7872716, 28.1227848], [76.7868524, 28.1229051], [76.7869286, 28.1231202]]]}, "properties": {"landuse": "industrial"}}, {"type": "Feature", "geometry": {"type": "Polygon", "coordinates": [[[76.7854454, 28.1204945], [76.7854564, 28.1205258], [76.7858482, 28.1204193], [76.7857705, 28.1202001], [76.7853809, 28.1203115], [76.7854454, 28.1204945]]]}, "properties": {"landuse": "industrial"}}, {"type": "Feature", "geometry": {"type": "Polygon", "coordinates": [[[76.7852132, 28.1198357], [76.7852302, 28.1198841], [76.7856184, 28.1197712], [76.7855401, 28.1195503], [76.7851507, 28.1196584], [76.7852132, 28.1198357]]]}, "properties": {"landuse": "industrial"}}, {"type": "Feature", "geometry": {"type": "Polygon", "coordinates": [[[76.7861159, 28.1223833], [76.7861426, 28.122458], [76.7865221, 28.1223441], [76.7864523, 28.1221226], [76.7860641, 28.122239], [76.7861159, 28.1223833]]]}, "properties": {"landuse": "industrial"}}, {"type": "Feature", "geometry": {"type": "Polygon", "coordinates": [[[76.7863399, 28.1214573], [76.7867289, 28.1213487], [76.7867074, 28.1212889], [76.7866519, 28.1211206], [76.7862618, 28.1212387], [76.7863399, 28.1214573]]]}, "properties": {"landuse": "industrial"}}, {"type": "Feature", "geometry": {"type": "Polygon", "coordinates": [[[76.7850646, 28.119414], [76.7850753, 28.1194444], [76.7854632, 28.1193335], [76.7853848, 28.1191125], [76.7849973, 28.1192233], [76.7850646, 28.119414]]]}, "properties": {"landuse": "industrial"}}, {"type": "Feature", "geometry": {"type": "Polygon", "coordinates": [[[76.7847274, 28.12022], [76.7852908, 28.120056], [76.7852302, 28.1198841], [76.7852132, 28.1198357], [76.7846433, 28.1200016], [76.7847274, 28.12022]]]}, "properties": {"landuse": "industrial"}}, {"type": "Feature", "geometry": {"type": "Polygon", "coordinates": [[[76.7851402, 28.1196285], [76.7851507, 28.1196584], [76.7855401, 28.1195503], [76.7854632, 28.1193335], [76.7850753, 28.1194444], [76.7851402, 28.1196285]]]}, "properties": {"landuse": "industrial"}}, {"type": "Feature", "geometry": {"type": "Polygon", "coordinates": [[[76.7849789, 28.1208738], [76.7855237, 28.1207166], [76.7854564, 28.1205258], [76.7854454, 28.1204945], [76.7848941, 28.1206535], [76.7849789, 28.1208738]]]}, "properties": {"landuse": "industrial"}}, {"type": "Feature", "geometry": {"type": "Polygon", "coordinates": [[[76.784989, 28.1191998], [76.7849973, 28.1192233], [76.7853848, 28.1191125], [76.7853077, 28.1188951], [76.7849211, 28.1190072], [76.784989, 28.1191998]]]}, "properties": {"landuse": "industrial"}}, {"type": "Feature", "geometry": {"type": "Polygon", "coordinates": [[[76.7848092, 28.1204328], [76.785368, 28.1202749], [76.7853017, 28.1200868], [76.7852908, 28.120056], [76.7847274, 28.12022], [76.7848092, 28.1204328]]]}, "properties": {"landuse": "industrial"}}, {"type": "Feature", "geometry": {"type": "Polygon", "coordinates": [[[76.7848941, 28.1206535], [76.7854454, 28.1204945], [76.7853809, 28.1203115], [76.785368, 28.1202749], [76.7848092, 28.1204328], [76.7848941, 28.1206535]]]}, "properties": {"landuse": "industrial"}}, {"type": "Feature", "geometry": {"type": "Polygon", "coordinates": [[[76.7852908, 28.120056], [76.7853017, 28.1200868], [76.7856926, 28.1199805], [76.7856184, 28.1197712], [76.7852302, 28.1198841], [76.7852908, 28.120056]]]}, "properties": {"landuse": "industrial"}}, {"type": "Feature", "geometry": {"type": "Polygon", "coordinates": [[[76.7873394, 28.1230021], [76.7874072, 28.1232194], [76.7877894, 28.1231129], [76.7877251, 28.1228385], [76.7873218, 28.1229459], [76.7873394, 28.1230021]]]}, "properties": {"landuse": "industrial"}}, {"type": "Feature", "geometry": {"type": "Polygon", "coordinates": [[[76.7867761, 28.12269], [76.7872038, 28.1225675], [76.7871864, 28.1225118], [76.7871359, 28.1223502], [76.7866999, 28.1224749], [76.7867761, 28.12269]]]}, "properties": {"landuse": "industrial"}}, {"type": "Feature", "geometry": {"type": "Polygon", "coordinates": [[[76.7871359, 28.1223502], [76.7871864, 28.1225118], [76.7876164, 28.1224009], [76.7875668, 28.1221975], [76.7871256, 28.1223169], [76.7871359, 28.1223502]]]}, "properties": {"landuse": "industrial"}}, {"type": "Feature", "geometry": {"type": "Polygon", "coordinates": [[[76.7853325, 28.1217928], [76.7858462, 28.1216315], [76.7858278, 28.1215795], [76.7857668, 28.1214063], [76.7852418, 28.1215571], [76.7853325, 28.1217928]]]}, "properties": {"landuse": "industrial"}}, {"type": "Feature", "geometry": {"type": "Polygon", "coordinates": [[[76.7851538, 28.1213285], [76.7856813, 28.1211681], [76.785605, 28.1209472], [76.7855237, 28.1207166], [76.7849789, 28.1208738], [76.7851538, 28.1213285]]]}, "properties": {"landuse": "industrial"}}, {"type": "Feature", "geometry": {"type": "Polygon", "coordinates": [[[76.7867289, 28.1213487], [76.7868261, 28.1216195], [76.7873171, 28.1214824], [76.7871984, 28.1211518], [76.7867074, 28.1212889], [76.7867289, 28.1213487]]]}, "properties": {"landuse": "industrial"}}, {"type": "Feature", "geometry": {"type": "Polygon", "coordinates": [[[76.7847717, 28.118583], [76.7848457, 28.1187931], [76.7852323, 28.1186824], [76.7850764, 28.1182428], [76.7846938, 28.1183622], [76.7847717, 28.118583]]]}, "properties": {"landuse": "industrial"}}, {"type": "Feature", "geometry": {"type": "Polygon", "coordinates": [[[76.785713, 28.1227817], [76.786203, 28.1226262], [76.7861426, 28.122458], [76.7861159, 28.1223833], [76.7856187, 28.1225366], [76.785713, 28.1227817]]]}, "properties": {"landuse": "industrial"}}, {"type": "Feature", "geometry": {"type": "Polygon", "coordinates": [[[76.7859092, 28.1232917], [76.7863882, 28.1231426], [76.7863758, 28.1231079], [76.7862982, 28.1228917], [76.786203, 28.1226262], [76.785713, 28.1227817], [76.7859092, 28.1232917]]]}, "properties": {"landuse": "industrial"}}, {"type": "Feature", "geometry": {"type": "Polygon", "coordinates": [[[76.7856187, 28.1225366], [76.7861159, 28.1223833], [76.7860641, 28.122239], [76.7859852, 28.1220189], [76.7859329, 28.1218733], [76.7854268, 28.1220379], [76.7856187, 28.1225366]]]}, "properties": {"landuse": "industrial"}}, {"type": "Feature", "geometry": {"type": "Polygon", "coordinates": [[[76.7858462, 28.1216315], [76.7859329, 28.1218733], [76.7859852, 28.1220189], [76.7863753, 28.1219056], [76.7862207, 28.1214696], [76.7858278, 28.1215795], [76.7858462, 28.1216315]]]}, "properties": {"landuse": "industrial"}}, {"type": "Feature", "geometry": {"type": "Polygon", "coordinates": [[[76.7872038, 28.1225675], [76.7872716, 28.1227848], [76.7873218, 28.1229459], [76.7877251, 28.1228385], [76.7876164, 28.1224009], [76.7871864, 28.1225118], [76.7872038, 28.1225675]]]}, "properties": {"landuse": "industrial"}}, {"type": "Feature", "geometry": {"type": "Polygon", "coordinates": [[[76.7870003, 28.1219156], [76.7870681, 28.1221329], [76.7871256, 28.1223169], [76.7875668, 28.1221975], [76.7874434, 28.1217137], [76.7869762, 28.1218386], [76.7870003, 28.1219156]]]}, "properties": {"landuse": "industrial"}}, {"type": "Feature", "geometry": {"type": "Polygon", "coordinates": [[[76.7844004, 28.1193703], [76.784989, 28.1191998], [76.7849211, 28.1190072], [76.7848457, 28.1187931], [76.7847717, 28.118583], [76.7841675, 28.118765], [76.7844004, 28.1193703]]]}, "properties": {"landuse": "industrial"}}, {"type": "Feature", "geometry": {"type": "Polygon", "coordinates": [[[76.9920539, 28.4346049], [76.9924683, 28.4351219], [76.9927571, 28.4354822], [76.9937, 28.4366584], [76.9947346, 28.437949], [76.9947336, 28.4380677], [76.9970987, 28.4410194], [76.9971713, 28.4411076], [76.9995911, 28.4440701], [77.0001506, 28.4434109], [77.0009331, 28.4425741], [77.0022039, 28.4411764], [77.0060488, 28.4383915], [77.0074539, 28.4375406], [77.009322, 28.436365], [77.0092948, 28.4361535], [77.0087589, 28.4361849], [77.0087321, 28.4358681], [77.0083897, 28.4357713], [77.0083808, 28.4356954], [77.0081456, 28.4356954], [77.0081277, 28.4354021], [77.0075115, 28.4353943], [77.0074089, 28.4351493], [77.0069101, 28.435122], [77.0064337, 28.4353576], [77.0058382, 28.4346822], [77.0056239, 28.4343366], [77.0054214, 28.4344204], [77.0053023, 28.4342057], [77.0039566, 28.4346926], [77.0037601, 28.4343732], [77.0035755, 28.434457], [77.0037661, 28.4347345], [77.003909, 28.4349859], [77.003391, 28.4352372], [77.0032482, 28.4350348], [77.0022116, 28.4356484], [77.0021048, 28.4355308], [77.002357, 28.4353427], [77.0022084, 28.4351651], [77.0024528, 28.4349587], [77.0022006, 28.4346782], [77.001787, 28.4350378], [77.0019813, 28.4352045], [77.0018521, 28.4353369], [77.0019159, 28.4354648], [77.0017256, 28.4356121], [77.0009646, 28.4348104], [77.0015956, 28.4343545], [77.0012858, 28.4338425], [77.0016116, 28.4336864], [77.0014181, 28.4333784], [77.0010934, 28.4335569], [77.000895, 28.4331046], [76.999765, 28.4336229], [76.9995188, 28.4333789], [76.9988962, 28.4326382], [76.9997963, 28.4322205], [76.9992816, 28.4313292], [76.9999874, 28.4309778], [77.0006512, 28.4316139], [77.0014614, 28.4312516], [77.0010446, 28.4303195], [77.0004967, 28.4294398], [77.0001514, 28.4290209], [77.0004015, 28.4288533], [76.9988652, 28.426832], [76.9998775, 28.4263084], [76.9994249, 28.4254286], [76.9991105, 28.4247066], [76.9978002, 28.4253474], [76.9897779, 28.4297524], [76.9887061, 28.4303221], [76.9920539, 28.4346049]]]}, "properties": {"landuse": "industrial"}}, {"type": "Feature", "geometry": {"type": "Polygon", "coordinates": [[[77.100857, 28.4338059], [77.1027614, 28.4325841], [77.1043216, 28.4316828], [77.1042694, 28.4316071], [77.1034258, 28.4316056], [77.1011911, 28.432274], [77.0996774, 28.4327302], [77.100857, 28.4338059]]]}, "properties": {"landuse": "industrial"}}, {"type": "Feature", "geometry": {"type": "Polygon", "coordinates": [[[77.0602844, 28.493847], [77.0644883, 28.4986332], [77.0651028, 28.4987438], [77.0666404, 28.4987731], [77.0689307, 28.498818], [77.0717494, 28.498895], [77.0729539, 28.498928], [77.0735997, 28.4989456], [77.0737553, 28.4989498], [77.0741564, 28.4989608], [77.0745815, 28.4989724], [77.0749863, 28.4989834], [77.0762563, 28.4990248], [77.0766397, 28.4990356], [77.0770463, 28.4990471], [77.0770922, 28.4990484], [77.0772351, 28.496075], [77.0772493, 28.4956159], [77.0773423, 28.492886], [77.078464, 28.4929155], [77.0786572, 28.4929194], [77.0786673, 28.4925229], [77.0754916, 28.4924666], [77.0739526, 28.492429], [77.0730899, 28.492408], [77.0717546, 28.4923754], [77.0680085, 28.4922721], [77.067236, 28.4922539], [77.0645023, 28.4921754], [77.062457, 28.4921406], [77.0619273, 28.4921559], [77.0617076, 28.4922645], [77.0610854, 28.4927153], [77.0608005, 28.4928983], [77.0606055, 28.4930457], [77.0603823, 28.493274], [77.0602863, 28.4935601], [77.0602784, 28.4938277], [77.0602844, 28.493847]]]}, "properties": {"landuse": "industrial"}}, {"type": "Feature", "geometry": {"type": "Polygon", "coordinates": [[[77.0199708, 28.6862423], [77.0218299, 28.6893028], [77.023154, 28.6891761], [77.0248755, 28.6890113], [77.0249151, 28.688588], [77.0252652, 28.6877382], [77.02554, 28.6869641], [77.0259118, 28.6862423], [77.025366, 28.6847641], [77.0247727, 28.6847988], [77.0247648, 28.6854165], [77.0206907, 28.6854651], [77.0199629, 28.6858745], [77.0199708, 28.6862423]]]}, "properties": {"landuse": "industrial"}}, {"type": "Feature", "geometry": {"type": "Polygon", "coordinates": [[[77.0466471, 28.6725186], [77.0466515, 28.6755643], [77.0503882, 28.6754052], [77.0502688, 28.6752034], [77.0506447, 28.6752151], [77.0536252, 28.6751802], [77.0535544, 28.6755449], [77.0566587, 28.6755759], [77.0566941, 28.6704856], [77.056703, 28.6701053], [77.0565172, 28.6696165], [77.0542752, 28.6668656], [77.0532184, 28.666885], [77.0532184, 28.6664426], [77.0516352, 28.6664737], [77.0516485, 28.6681072], [77.0511798, 28.6681072], [77.0511665, 28.668662], [77.0511444, 28.6723557], [77.046625, 28.6723945], [77.0466471, 28.6725186]]]}, "properties": {"landuse": "industrial"}}, {"type": "Feature", "geometry": {"type": "Polygon", "coordinates": [[[77.0354942, 28.6767993], [77.035683, 28.6769722], [77.0374072, 28.6767777], [77.0413851, 28.6762554], [77.0414262, 28.6769001], [77.0423417, 28.6769109], [77.0423458, 28.6774872], [77.0431586, 28.67748], [77.0431668, 28.6780418], [77.0419312, 28.6780391], [77.0419391, 28.6820228], [77.0465005, 28.6819535], [77.0464153, 28.6734831], [77.0463416, 28.672041], [77.0462334, 28.6715695], [77.0457326, 28.6712165], [77.0451004, 28.6709284], [77.0451004, 28.6714687], [77.0444517, 28.6714615], [77.0430724, 28.6714255], [77.043056, 28.6708996], [77.0423334, 28.6708996], [77.0423252, 28.6719801], [77.041652, 28.6719945], [77.0416602, 28.6730967], [77.0382282, 28.6731903], [77.035486, 28.673212], [77.0354942, 28.6767993]]]}, "properties": {"landuse": "industrial"}}, {"type": "Feature", "geometry": {"type": "Polygon", "coordinates": [[[77.0293689, 28.6856177], [77.0294084, 28.686631], [77.0309115, 28.686631], [77.0309209, 28.687347], [77.0309335, 28.6883116], [77.0309352, 28.6884422], [77.0474728, 28.6870855], [77.0473422, 28.6844206], [77.0476626, 28.6844102], [77.0476666, 28.6837474], [77.047184, 28.6837509], [77.0471721, 28.6835843], [77.0472473, 28.6835358], [77.0472552, 28.6833657], [77.0476547, 28.683338], [77.0476784, 28.6830534], [77.0482282, 28.6828036], [77.049229, 28.6827932], [77.0492171, 28.6824566], [77.0445022, 28.6824982], [77.0315285, 28.6825572], [77.0292265, 28.6826058], [77.0290208, 28.6826474], [77.0296932, 28.6842575], [77.0287835, 28.6844171], [77.0282693, 28.6843963], [77.0281506, 28.6841187], [77.0281822, 28.6835982], [77.028467, 28.6834039], [77.0285303, 28.682696], [77.0280319, 28.6827446], [77.0279845, 28.6831194], [77.0269482, 28.6854234], [77.0262836, 28.6863117], [77.0293689, 28.6856177]]]}, "properties": {"landuse": "industrial"}}, {"type": "Feature", "geometry": {"type": "Polygon", "coordinates": [[[77.0278005, 28.693986], [77.0275259, 28.6909272], [77.0273964, 28.690633], [77.0271143, 28.690399], [77.0249039, 28.6897504], [77.0248965, 28.6940131], [77.0278005, 28.693986]]]}, "properties": {"landuse": "industrial"}}, {"type": "Feature", "geometry": {"type": "Polygon", "coordinates": [[[77.0467391, 28.6819423], [77.0525904, 28.6818958], [77.0521836, 28.6811276], [77.0520465, 28.6803517], [77.0519581, 28.6799483], [77.0500035, 28.6806582], [77.0499991, 28.6802043], [77.0467051, 28.680193], [77.0467391, 28.6819423]]]}, "properties": {"landuse": "industrial"}}, {"type": "Feature", "geometry": {"type": "Polygon", "coordinates": [[[77.4554641, 28.2702712], [77.455499, 28.2716058], [77.4587525, 28.2715396], [77.458825, 28.2698318], [77.4578888, 28.2698176], [77.4578808, 28.2674931], [77.4543736, 28.2685605], [77.4541527, 28.2702628], [77.4554641, 28.2702712]]]}, "properties": {"landuse": "industrial"}}, {"type": "Feature", "geometry": {"type": "Polygon", "coordinates": [[[77.4488981, 28.275083], [77.4490536, 28.2753098], [77.4516071, 28.275494], [77.4515777, 28.2736681], [77.4517707, 28.2736397], [77.4517491, 28.2728591], [77.4515159, 28.272872], [77.4515159, 28.2716058], [77.4508561, 28.2715656], [77.4508746, 28.2699126], [77.4492815, 28.2703102], [77.4481322, 28.2712704], [77.4481256, 28.2748941], [77.4488981, 28.275083]]]}, "properties": {"landuse": "industrial"}}, {"type": "Feature", "geometry": {"type": "Polygon", "coordinates": [[[77.4543402, 28.2780724], [77.4543226, 28.2808269], [77.4575991, 28.2793089], [77.4581248, 28.2757822], [77.4572022, 28.2758578], [77.4573309, 28.2752909], [77.4541911, 28.2753095], [77.4543402, 28.2780724]]]}, "properties": {"landuse": "industrial"}}, {"type": "Feature", "geometry": {"type": "Polygon", "coordinates": [[[77.430914, 28.3962792], [77.432931, 28.3946747], [77.4305922, 28.3931646], [77.4281245, 28.3927116], [77.4258286, 28.3936177], [77.430914, 28.3962792]]]}, "properties": {"landuse": "industrial"}}, {"type": "Feature", "geometry": {"type": "Polygon", "coordinates": [[[77.4077827, 28.413134], [77.4089414, 28.4143041], [77.4128467, 28.4139456], [77.4128038, 28.408076], [77.4107867, 28.4080382], [77.4071604, 28.4103219], [77.4069243, 28.4129453], [77.4077827, 28.413134]]]}, "properties": {"landuse": "industrial"}}, {"type": "Feature", "geometry": {"type": "Polygon", "coordinates": [[[77.144408, 28.6501474], [77.1479699, 28.6547796], [77.1499803, 28.6530063], [77.1441612, 28.6459669], [77.1433721, 28.6464276], [77.1426238, 28.6479263], [77.144408, 28.6501474]]]}, "properties": {"landuse": "industrial"}}, {"type": "Feature", "geometry": {"type": "Polygon", "coordinates": [[[77.146093, 28.6595501], [77.1475531, 28.6603355], [77.1479624, 28.6604919], [77.1474615, 28.6612503], [77.1477654, 28.6613732], [77.1490465, 28.6617277], [77.150272, 28.6621976], [77.1528602, 28.6633291], [77.1531696, 28.662752], [77.1533121, 28.6624486], [77.1573898, 28.6642266], [77.1580302, 28.6644885], [77.1631571, 28.6662486], [77.163374, 28.6663135], [77.163549, 28.6663351], [77.1638178, 28.66624], [77.1639164, 28.6660756], [77.1639164, 28.6659069], [77.1637537, 28.6658009], [77.162425, 28.6653266], [77.1624431, 28.6651207], [77.1607338, 28.6639536], [77.1585069, 28.6626967], [77.1575801, 28.6621475], [77.1569542, 28.6617039], [77.1562216, 28.6611645], [77.1538273, 28.6585248], [77.1532672, 28.6574862], [77.1533549, 28.657305], [77.1520831, 28.6556355], [77.151552, 28.6551146], [77.1514125, 28.6551783], [77.1507486, 28.6544537], [77.1509495, 28.6543656], [77.1499803, 28.6530063], [77.1479699, 28.6547796], [77.1477337, 28.6549124], [77.1467423, 28.655815], [77.1457206, 28.656745], [77.1455682, 28.6568813], [77.1451773, 28.6572339], [77.1443045, 28.6579882], [77.1438616, 28.6583779], [77.146093, 28.6595501]]]}, "properties": {"landuse": "industrial"}}, {"type": "Feature", "geometry": {"type": "Polygon", "coordinates": [[[77.2530403, 28.6386849], [77.2536354, 28.6386238], [77.2538514, 28.6400228], [77.254006, 28.6400069], [77.255449, 28.6394231], [77.2560498, 28.6392818], [77.2560981, 28.6394325], [77.2571219, 28.6389901], [77.2570903, 28.6388373], [77.2558607, 28.6352914], [77.2555296, 28.6350843], [77.2541974, 28.6356178], [77.2529477, 28.6364608], [77.252832, 28.6371616], [77.2530403, 28.6386849]]]}, "properties": {"landuse": "industrial"}}, {"type": "Feature", "geometry": {"type": "Polygon", "coordinates": [[[77.2524597, 28.643725], [77.2525589, 28.6437698], [77.2525669, 28.6438902], [77.2525723, 28.6439722], [77.2524892, 28.6440263], [77.252548, 28.6444865], [77.2529063, 28.6444583], [77.2528982, 28.6439404], [77.2532657, 28.6430012], [77.2540489, 28.6415229], [77.2538692, 28.6404188], [77.2535876, 28.6404965], [77.2535272, 28.640573], [77.2531061, 28.6410533], [77.2529709, 28.6413152], [77.252634, 28.6423432], [77.2524946, 28.6428917], [77.2524463, 28.6432943], [77.2524597, 28.643725]]]}, "properties": {"landuse": "industrial"}}, {"type": "Feature", "geometry": {"type": "Polygon", "coordinates": [[[77.1418655, 28.6787331], [77.1430993, 28.6783848], [77.1441936, 28.6779706], [77.145583, 28.6775612], [77.1476296, 28.6766434], [77.1472415, 28.6748965], [77.1462382, 28.6750399], [77.1461863, 28.6747607], [77.1451002, 28.6749962], [77.1441293, 28.6753821], [77.1435445, 28.6761351], [77.143228, 28.6769964], [77.1428633, 28.6772176], [77.142477, 28.6777071], [77.1416992, 28.6778906], [77.1418655, 28.6787331]]]}, "properties": {"landuse": "industrial"}}, {"type": "Feature", "geometry": {"type": "Polygon", "coordinates": [[[76.85358, 28.7353491], [76.8538455, 28.7356478], [76.8544141, 28.7361922], [76.8544879, 28.7361887], [76.8545724, 28.7363416], [76.8554414, 28.7371283], [76.8560691, 28.7376245], [76.8563346, 28.7377221], [76.8586976, 28.7364733], [76.8611277, 28.7351845], [76.8640915, 28.7335969], [76.8642766, 28.7338909], [76.865485, 28.73325], [76.8654568, 28.7331712], [76.8656472, 28.7331042], [76.8652918, 28.7322739], [76.8646106, 28.7326338], [76.863885, 28.7329466], [76.8637455, 28.732729], [76.8630053, 28.7329513], [76.8627518, 28.7330642], [76.8612712, 28.7338509], [76.8598255, 28.7317647], [76.8575617, 28.7328749], [76.8565693, 28.7333829], [76.855534, 28.7339756], [76.8544597, 28.7345071], [76.8542401, 28.7345959], [76.8532702, 28.7349881], [76.85358, 28.7353491]]]}, "properties": {"landuse": "industrial"}}, {"type": "Feature", "geometry": {"type": "Polygon", "coordinates": [[[76.8522603, 28.7337815], [76.8523713, 28.7339182], [76.8524685, 28.7340378], [76.8525889, 28.7341861], [76.8532138, 28.7338662], [76.8542401, 28.7345959], [76.8544597, 28.7345071], [76.855534, 28.7339756], [76.8565693, 28.7333829], [76.8575617, 28.7328749], [76.8598255, 28.7317647], [76.8612712, 28.7338509], [76.8627518, 28.7330642], [76.8630053, 28.7329513], [76.8637455, 28.732729], [76.8642149, 28.7325033], [76.8640245, 28.7321599], [76.8635229, 28.7317365], [76.8633378, 28.731546], [76.8629985, 28.731192], [76.8625493, 28.7305852], [76.8623615, 28.7302595], [76.8622757, 28.7300031], [76.8621443, 28.7300019], [76.8621496, 28.7297973], [76.8614643, 28.7298091], [76.8614563, 28.7292716], [76.8600508, 28.7292857], [76.8600481, 28.728733], [76.8586512, 28.7287573], [76.8573501, 28.7287732], [76.8573579, 28.7292904], [76.8575309, 28.7297173], [76.85693, 28.7299878], [76.8555697, 28.7306977], [76.8556962, 28.7309027], [76.8547682, 28.7314366], [76.8545053, 28.7315095], [76.8528772, 28.7323704], [76.8517279, 28.733043], [76.8522603, 28.7337815]]]}, "properties": {"landuse": "industrial"}}, {"type": "Feature", "geometry": {"type": "Polygon", "coordinates": [[[77.3616974, 28.3332709], [77.3617282, 28.331801], [77.3603849, 28.3317847], [77.3603787, 28.3332383], [77.3616974, 28.3332709]]]}, "properties": {"landuse": "industrial"}}, {"type": "Feature", "geometry": {"type": "Polygon", "coordinates": [[[77.3539435, 28.3302484], [77.3543614, 28.3302567], [77.3550171, 28.3302692], [77.3555039, 28.3294935], [77.3538833, 28.3294773], [77.3538771, 28.3302475], [77.3539435, 28.3302484]]]}, "properties": {"landuse": "industrial"}}, {"type": "Feature", "geometry": {"type": "Polygon", "coordinates": [[[77.3546513, 28.3268399], [77.3549805, 28.3268461], [77.354984, 28.3263538], [77.3546442, 28.3263445], [77.3546513, 28.3268399]]]}, "properties": {"landuse": "industrial"}}, {"type": "Feature", "geometry": {"type": "Polygon", "coordinates": [[[77.3543433, 28.399935], [77.3543272, 28.3990667], [77.3535976, 28.3990856], [77.3535869, 28.3999255], [77.3543433, 28.399935]]]}, "properties": {"landuse": "industrial"}}, {"type": "Feature", "geometry": {"type": "Polygon", "coordinates": [[[77.3527587, 28.4001234], [77.3534255, 28.4001091], [77.3534458, 28.3993652], [77.3527425, 28.3993867], [77.3527587, 28.4001234]]]}, "properties": {"landuse": "industrial"}}, {"type": "Feature", "geometry": {"type": "Polygon", "coordinates": [[[76.8370137, 28.1580309], [76.8371397, 28.1583194], [76.838285, 28.159743], [76.8376507, 28.1600315], [76.8382274, 28.1615993], [76.8385358, 28.1615047], [76.8389328, 28.1624624], [76.8390039, 28.1627532], [76.8424129, 28.1609774], [76.8430513, 28.1605044], [76.842649, 28.15962], [76.842767, 28.1595869], [76.8427294, 28.1584613], [76.8425041, 28.1579458], [76.8411469, 28.1568769], [76.8411416, 28.1562715], [76.8413615, 28.1557891], [76.8410021, 28.1551506], [76.8401974, 28.155633], [76.8369037, 28.1569526], [76.8369627, 28.1571559], [76.8369842, 28.1572529], [76.8368742, 28.1575556], [76.8370137, 28.1580309]]]}, "properties": {"landuse": "industrial"}}, {"type": "Feature", "geometry": {"type": "Polygon", "coordinates": [[[76.8599117, 28.1884375], [76.8612123, 28.1887172], [76.8629579, 28.1890155], [76.8640718, 28.1844126], [76.8646799, 28.181826], [76.862691, 28.1814466], [76.8616298, 28.1812463], [76.8601879, 28.1809828], [76.8586414, 28.1807002], [76.8569183, 28.1878872], [76.8599117, 28.1884375]]]}, "properties": {"landuse": "industrial"}}, {"type": "Feature", "geometry": {"type": "Polygon", "coordinates": [[[77.3060497, 28.6986761], [77.3061237, 28.6986812], [77.3062716, 28.6970041], [77.3052784, 28.6969367], [77.3051306, 28.6986138], [77.3060497, 28.6986761]]]}, "properties": {"landuse": "industrial"}}, {"type": "Feature", "geometry": {"type": "Polygon", "coordinates": [[[76.8840751, 28.3686606], [76.8840793, 28.3689611], [76.8948716, 28.368846], [76.8967006, 28.3688265], [76.8967494, 28.3723672], [76.9026165, 28.3722695], [76.9025922, 28.3687319], [76.8988569, 28.3687632], [76.8988418, 28.3676682], [76.896784, 28.3676901], [76.8967626, 28.3661406], [76.8966844, 28.3661422], [76.8955099, 28.3661532], [76.8948486, 28.366161], [76.8948246, 28.3644155], [76.8926902, 28.3644383], [76.8926946, 28.3647587], [76.8898831, 28.3647887], [76.8898848, 28.3649099], [76.8877341, 28.3649328], [76.8877477, 28.3659201], [76.8840379, 28.3659597], [76.8840751, 28.3686606]]]}, "properties": {"landuse": "industrial"}}, {"type": "Feature", "geometry": {"type": "Polygon", "coordinates": [[[76.8579349, 28.1817776], [76.858584, 28.1791155], [76.8565401, 28.1790351], [76.8559715, 28.1813828], [76.8579349, 28.1817776]]]}, "properties": {"landuse": "industrial"}}, {"type": "Feature", "geometry": {"type": "Polygon", "coordinates": [[[77.3223937, 28.6486346], [77.3225457, 28.6491534], [77.3229884, 28.6497343], [77.3231594, 28.6499587], [77.323942, 28.6509321], [77.3254284, 28.6523995], [77.3271231, 28.654318], [77.3271996, 28.6544046], [77.3282627, 28.6534946], [77.3261668, 28.6515599], [77.3264176, 28.6514869], [77.3262003, 28.6509961], [77.3264605, 28.6509114], [77.3260635, 28.6500476], [77.3266456, 28.6499852], [77.3268344, 28.6499872], [77.327159, 28.6499563], [77.3272719, 28.6499625], [77.3279609, 28.6499625], [77.3288313, 28.6499117], [77.3309073, 28.6463991], [77.3273314, 28.6461739], [77.3242066, 28.645996], [77.3237859, 28.6459757], [77.323732, 28.6468125], [77.3223096, 28.646742], [77.3223125, 28.6474121], [77.322298, 28.6478242], [77.3223937, 28.6486346]]]}, "properties": {"landuse": "industrial"}}, {"type": "Feature", "geometry": {"type": "Polygon", "coordinates": [[[77.3038963, 28.321968], [77.3057145, 28.3219607], [77.3057141, 28.3218829], [77.3057041, 28.3199478], [77.3038858, 28.3199551], [77.3038963, 28.321968]]]}, "properties": {"landuse": "industrial"}}, {"type": "Feature", "geometry": {"type": "Polygon", "coordinates": [[[77.299794, 28.3184356], [77.300781, 28.3184261], [77.300781, 28.3152219], [77.3000673, 28.3152142], [77.2994316, 28.3152161], [77.2982302, 28.3152219], [77.299794, 28.3184356]]]}, "properties": {"landuse": "industrial"}}, {"type": "Feature", "geometry": {"type": "Polygon", "coordinates": [[[77.3066282, 28.3248862], [77.3066738, 28.3249995], [77.308487, 28.3240929], [77.3106006, 28.3227376], [77.3106274, 28.3226668], [77.3090798, 28.3193517], [77.3086828, 28.3186811], [77.3059469, 28.3186434], [77.3058638, 28.3248886], [77.3066282, 28.3248862]]]}, "properties": {"landuse": "industrial"}}, {"type": "Feature", "geometry": {"type": "Polygon", "coordinates": [[[77.3121863, 28.2037931], [77.314375, 28.2037751], [77.3143578, 28.2021583], [77.3121691, 28.2021763], [77.3121863, 28.2037931]]]}, "properties": {"landuse": "industrial"}}, {"type": "Feature", "geometry": {"type": "Polygon", "coordinates": [[[77.3111171, 28.2039947], [77.3111193, 28.2044405], [77.3119531, 28.2044373], [77.3119463, 28.2030734], [77.3111337, 28.2030765], [77.3111296, 28.2022493], [77.3082751, 28.2022602], [77.3075402, 28.2040085], [77.3111171, 28.2039947]]]}, "properties": {"landuse": "industrial"}}, {"type": "Feature", "geometry": {"type": "Polygon", "coordinates": [[[77.2772044, 28.2126998], [77.27898, 28.2126762], [77.279039, 28.2130638], [77.2799885, 28.2130591], [77.2800314, 28.2108893], [77.2783926, 28.2099722], [77.2774512, 28.2099912], [77.2774592, 28.2108491], [77.2755253, 28.2108562], [77.2772044, 28.2126998]]]}, "properties": {"landuse": "industrial"}}, {"type": "Feature", "geometry": {"type": "Polygon", "coordinates": [[[77.3021677, 28.2289646], [77.3038468, 28.2289646], [77.3038468, 28.2276152], [77.3030582, 28.2276152], [77.3030582, 28.2266959], [77.3021677, 28.2266959], [77.3021677, 28.2289646]]]}, "properties": {"landuse": "industrial"}}, {"type": "Feature", "geometry": {"type": "Polygon", "coordinates": [[[77.3054009, 28.2242235], [77.305404, 28.22218], [77.3038191, 28.2221781], [77.3038181, 28.2228348], [77.3030235, 28.2228338], [77.3030231, 28.2230782], [77.3021605, 28.2230772], [77.3021588, 28.2242197], [77.3054009, 28.2242235]]]}, "properties": {"landuse": "industrial"}}, {"type": "Feature", "geometry": {"type": "Polygon", "coordinates": [[[77.2656468, 28.5585115], [77.265864, 28.5582783], [77.2660357, 28.5583701], [77.2668216, 28.5574938], [77.2665828, 28.5573124], [77.2673842, 28.5562698], [77.265687, 28.555364], [77.2653115, 28.5559789], [77.2640374, 28.5574702], [77.2656468, 28.5585115]]]}, "properties": {"landuse": "industrial"}}, {"type": "Feature", "geometry": {"type": "Polygon", "coordinates": [[[76.9368511, 28.369593], [76.938687, 28.3695815], [76.9386785, 28.3685301], [76.9368426, 28.3685415], [76.9368511, 28.369593]]]}, "properties": {"landuse": "industrial"}}, {"type": "Feature", "geometry": {"type": "Polygon", "coordinates": [[[76.9332257, 28.3600358], [76.9353249, 28.360014], [76.9354307, 28.3573239], [76.9331885, 28.3572586], [76.9332257, 28.3600358]]]}, "properties": {"landuse": "industrial"}}, {"type": "Feature", "geometry": {"type": "Polygon", "coordinates": [[[76.9311823, 28.360466], [76.9329164, 28.360459], [76.932905, 28.3582748], [76.9311709, 28.3582818], [76.9311823, 28.360466]]]}, "properties": {"landuse": "industrial"}}, {"type": "Feature", "geometry": {"type": "Polygon", "coordinates": [[[76.9295442, 28.3604815], [76.9311823, 28.360466], [76.9311709, 28.3582818], [76.9295422, 28.3581887], [76.9295442, 28.3604815]]]}, "properties": {"landuse": "industrial"}}, {"type": "Feature", "geometry": {"type": "Polygon", "coordinates": [[[77.0693753, 28.801229], [77.0711994, 28.7996434], [77.0691539, 28.7978365], [77.068817, 28.7981346], [77.06733, 28.7994224], [77.0693753, 28.801229]]]}, "properties": {"landuse": "industrial"}}, {"type": "Feature", "geometry": {"type": "Polygon", "coordinates": [[[77.0674715, 28.7991501], [77.0688397, 28.7979674], [77.0667693, 28.7962274], [77.0654624, 28.7974219], [77.0674715, 28.7991501]]]}, "properties": {"landuse": "industrial"}}, {"type": "Feature", "geometry": {"type": "Polygon", "coordinates": [[[77.1083572, 28.7737822], [77.1114046, 28.7734248], [77.1127781, 28.7729545], [77.1127352, 28.7706783], [77.1092585, 28.7706501], [77.1092585, 28.7723243], [77.1078314, 28.772409], [77.1083572, 28.7737822]]]}, "properties": {"landuse": "industrial"}}, {"type": "Feature", "geometry": {"type": "Polygon", "coordinates": [[[77.1253101, 28.7845967], [77.126804, 28.7852555], [77.1274049, 28.7853401], [77.1274264, 28.7866661], [77.1300533, 28.785349], [77.1300457, 28.7842547], [77.1305919, 28.784174], [77.1305704, 28.7818416], [77.1252763, 28.7819266], [77.1253101, 28.7845967]]]}, "properties": {"landuse": "industrial"}}, {"type": "Feature", "geometry": {"type": "Polygon", "coordinates": [[[77.1285487, 28.7808299], [77.1307879, 28.7808088], [77.1307736, 28.7796523], [77.131445, 28.7796459], [77.1314389, 28.7791613], [77.1327451, 28.7791487], [77.132731, 28.7780287], [77.131874, 28.7780371], [77.1322174, 28.7770589], [77.1317453, 28.7763817], [77.1294922, 28.7764032], [77.1295014, 28.7771403], [77.1285036, 28.7771498], [77.1285487, 28.7808299]]]}, "properties": {"landuse": "industrial"}}, {"type": "Feature", "geometry": {"type": "Polygon", "coordinates": [[[77.1268043, 28.7640628], [77.1298232, 28.7640267], [77.1298137, 28.7634167], [77.1310484, 28.7634019], [77.1310597, 28.7641314], [77.1311482, 28.764271], [77.1311604, 28.7650019], [77.1298151, 28.7650192], [77.1298264, 28.765699], [77.1318836, 28.7656726], [77.1319145, 28.7675227], [77.1339773, 28.7682357], [77.1339674, 28.7673912], [77.133962, 28.7669273], [77.1339591, 28.7666824], [77.1407002, 28.7666218], [77.1406867, 28.7654692], [77.1399088, 28.7654762], [77.1399006, 28.7647735], [77.1382174, 28.7647885], [77.1382123, 28.764348], [77.1360346, 28.7643674], [77.131482, 28.759765], [77.1310669, 28.7600805], [77.1305763, 28.7598289], [77.1304774, 28.7599772], [77.1303391, 28.7599736], [77.1298596, 28.7596374], [77.1294488, 28.7600877], [77.1290301, 28.7600877], [77.128503, 28.7607121], [77.1287307, 28.7607094], [77.1287494, 28.7618865], [77.1291719, 28.7618814], [77.1291787, 28.7623133], [77.129001, 28.7623154], [77.1290172, 28.7633505], [77.1267936, 28.7633772], [77.1268043, 28.7640628]]]}, "properties": {"landuse": "industrial"}}, {"type": "Feature", "geometry": {"type": "Polygon", "coordinates": [[[77.1319457, 28.7698045], [77.1319481, 28.7700434], [77.1319693, 28.7707522], [77.1334108, 28.7708827], [77.1334124, 28.7705542], [77.133993, 28.7705562], [77.1340037, 28.7682379], [77.1319083, 28.7682598], [77.1319457, 28.7698045]]]}, "properties": {"landuse": "industrial"}}, {"type": "Feature", "geometry": {"type": "Polygon", "coordinates": [[[77.1306007, 28.7706278], [77.131861, 28.770724], [77.1317675, 28.7675452], [77.1312471, 28.7675131], [77.1304991, 28.7670712], [77.1306007, 28.7706278]]]}, "properties": {"landuse": "industrial"}}, {"type": "Feature", "geometry": {"type": "Polygon", "coordinates": [[[77.1303964, 28.770625], [77.1304051, 28.7669363], [77.1295612, 28.7665652], [77.129441, 28.7667988], [77.1285918, 28.7667851], [77.1285576, 28.7705409], [77.1303964, 28.770625]]]}, "properties": {"landuse": "industrial"}}, {"type": "Feature", "geometry": {"type": "Polygon", "coordinates": [[[77.1249528, 28.7699685], [77.1255799, 28.7700024], [77.1273612, 28.7703293], [77.1275101, 28.7694658], [77.1267628, 28.7694338], [77.126721, 28.7689276], [77.1263709, 28.7686413], [77.1259842, 28.7689505], [77.1255348, 28.769049], [77.1247745, 28.7696055], [77.1249528, 28.7699685]]]}, "properties": {"landuse": "industrial"}}, {"type": "Feature", "geometry": {"type": "Polygon", "coordinates": [[[77.127335, 28.7725718], [77.1285922, 28.7725772], [77.1286169, 28.7707261], [77.1273288, 28.7705036], [77.127335, 28.7725718]]]}, "properties": {"landuse": "industrial"}}, {"type": "Feature", "geometry": {"type": "Polygon", "coordinates": [[[77.1347234, 28.7737063], [77.1347869, 28.7747502], [77.1358747, 28.7747711], [77.1367164, 28.7733235], [77.1360971, 28.7725161], [77.1356762, 28.7717923], [77.1343899, 28.7735114], [77.1347234, 28.7737063]]]}, "properties": {"landuse": "industrial"}}, {"type": "Feature", "geometry": {"type": "Polygon", "coordinates": [[[77.1335959, 28.7742352], [77.1340882, 28.7735949], [77.1320475, 28.7735462], [77.1320396, 28.77427], [77.1335959, 28.7742352]]]}, "properties": {"landuse": "industrial"}}, {"type": "Feature", "geometry": {"type": "Polygon", "coordinates": [[[77.1323875, 28.781429], [77.1330046, 28.7815519], [77.1334043, 28.782105], [77.1339373, 28.7821112], [77.1339583, 28.7818407], [77.1356149, 28.7817986], [77.1356337, 28.7807453], [77.1351478, 28.7807255], [77.1351892, 28.779943], [77.1379772, 28.7800076], [77.1381463, 28.7806511], [77.1386148, 28.78074], [77.1386728, 28.7824461], [77.1409768, 28.7823445], [77.1415805, 28.7794064], [77.1410541, 28.7792625], [77.1402812, 28.7792879], [77.1402909, 28.7791101], [77.1334462, 28.7792384], [77.133451, 28.7803773], [77.1330984, 28.7803942], [77.1331032, 28.7806736], [77.1323449, 28.780699], [77.1323875, 28.781429]]]}, "properties": {"landuse": "industrial"}}, {"type": "Feature", "geometry": {"type": "Polygon", "coordinates": [[[77.1199766, 28.840789], [77.1268967, 28.840648], [77.126886, 28.8368887], [77.1273366, 28.8368417], [77.1273581, 28.8356575], [77.1213714, 28.8382797], [77.1211461, 28.8386744], [77.1211461, 28.8399149], [77.1207598, 28.8399337], [77.1206418, 28.8403285], [77.1199766, 28.8403191], [77.1199766, 28.840789]]]}, "properties": {"landuse": "industrial"}}, {"type": "Feature", "geometry": {"type": "Polygon", "coordinates": [[[77.0828605, 28.7492288], [77.0833135, 28.7492164], [77.0835047, 28.7507368], [77.0828747, 28.7507864], [77.0828747, 28.7513822], [77.0837312, 28.7513884], [77.0838373, 28.7509726], [77.0838161, 28.7505941], [77.0845523, 28.7505754], [77.0845523, 28.7510409], [77.0850124, 28.7510099], [77.0850548, 28.7515994], [77.0855928, 28.7516056], [77.0856901, 28.7520603], [77.0871385, 28.7520509], [77.0871063, 28.7495959], [77.0877393, 28.74953], [77.0877501, 28.7478839], [77.08613, 28.7452595], [77.0848318, 28.7453347], [77.0847138, 28.7469715], [77.0843276, 28.7470091], [77.0842525, 28.7462001], [77.0836462, 28.7461941], [77.0836038, 28.748242], [77.0827756, 28.748391], [77.0828605, 28.7492288]]]}, "properties": {"landuse": "industrial"}}, {"type": "Feature", "geometry": {"type": "Polygon", "coordinates": [[[77.0816494, 28.7537561], [77.0815928, 28.7526825], [77.0832208, 28.7526018], [77.0832704, 28.7522605], [77.0823573, 28.7515593], [77.0807646, 28.7528749], [77.0801488, 28.7532969], [77.0801276, 28.7538119], [77.0816494, 28.7537561]]]}, "properties": {"landuse": "industrial"}}, {"type": "Feature", "geometry": {"type": "Polygon", "coordinates": [[[77.0737669, 28.7495205], [77.0749136, 28.7495081], [77.0766478, 28.7494647], [77.0778086, 28.7484655], [77.0777095, 28.7474292], [77.0762372, 28.7474292], [77.076216, 28.7471871], [77.0737315, 28.7473423], [77.0737669, 28.7495205]]]}, "properties": {"landuse": "industrial"}}, {"type": "Feature", "geometry": {"type": "Polygon", "coordinates": [[[77.1106951, 28.7493447], [77.1107985, 28.7498253], [77.1121774, 28.7498981], [77.1120245, 28.749407], [77.1134713, 28.74886], [77.1131181, 28.7478477], [77.1123863, 28.7477265], [77.1116708, 28.7472489], [77.1112968, 28.7463507], [77.1118334, 28.7459229], [77.1115895, 28.7453526], [77.1096055, 28.7455665], [77.1106951, 28.7493447]]]}, "properties": {"landuse": "industrial"}}, {"type": "Feature", "geometry": {"type": "Polygon", "coordinates": [[[77.1812101, 28.6090979], [77.1812524, 28.6084945], [77.1803077, 28.6084434], [77.1802653, 28.6090468], [77.1812101, 28.6090979]]]}, "properties": {"landuse": "industrial"}}, {"type": "Feature", "geometry": {"type": "Polygon", "coordinates": [[[77.1262958, 28.8342426], [77.1267394, 28.834246], [77.1286612, 28.8342298], [77.1290209, 28.8331523], [77.1262797, 28.8331993], [77.1262958, 28.8342426]]]}, "properties": {"landuse": "industrial"}}, {"type": "Feature", "geometry": {"type": "Polygon", "coordinates": [[[76.8719387, 28.7056828], [76.8726736, 28.7056945], [76.8726817, 28.7060568], [76.8734434, 28.7060427], [76.8734327, 28.7057251], [76.8746504, 28.7056945], [76.8754953, 28.7040313], [76.8711635, 28.7040854], [76.8719387, 28.7056828]]]}, "properties": {"landuse": "industrial"}}, {"type": "Feature", "geometry": {"type": "Polygon", "coordinates": [[[77.0912698, 28.5249539], [77.0912704, 28.5243696], [77.0908371, 28.5243693], [77.0908366, 28.5249536], [77.0912698, 28.5249539]]]}, "properties": {"landuse": "industrial"}}, {"type": "Feature", "geometry": {"type": "Polygon", "coordinates": [[[77.0925737, 28.5242799], [77.0925791, 28.524935], [77.0926059, 28.5257551], [77.0926167, 28.5258788], [77.093475, 28.5251978], [77.0931692, 28.5248113], [77.0931906, 28.5247429], [77.0932738, 28.5246946], [77.0932845, 28.5238557], [77.0925469, 28.5238545], [77.0925737, 28.5242799]]]}, "properties": {"landuse": "industrial"}}, {"type": "Feature", "geometry": {"type": "Polygon", "coordinates": [[[77.0919559, 28.5255229], [77.091961, 28.5263973], [77.0924745, 28.5260202], [77.0924477, 28.5254664], [77.0924155, 28.5250187], [77.0924129, 28.5249434], [77.0912698, 28.5249539], [77.0912676, 28.5255243], [77.0919559, 28.5255229]]]}, "properties": {"landuse": "industrial"}}, {"type": "Feature", "geometry": {"type": "Polygon", "coordinates": [[[77.0905996, 28.5243685], [77.0912704, 28.5243696], [77.0912698, 28.5249539], [77.0924129, 28.5249434], [77.092394, 28.5237355], [77.0905784, 28.5237641], [77.0905996, 28.5243685]]]}, "properties": {"landuse": "industrial"}}, {"type": "Feature", "geometry": {"type": "Polygon", "coordinates": [[[77.0929653, 28.5261475], [77.0929734, 28.5262959], [77.0933194, 28.5262936], [77.0933175, 28.5262127], [77.0933167, 28.5261757], [77.0933918, 28.5261639], [77.0933784, 28.5257068], [77.0933435, 28.5256785], [77.0933462, 28.5256243], [77.0932307, 28.5255965], [77.0927087, 28.5260109], [77.0929653, 28.5261475]]]}, "properties": {"landuse": "industrial"}}, {"type": "Feature", "geometry": {"type": "Polygon", "coordinates": [[[77.3100324, 28.4386413], [77.310072, 28.4388985], [77.3106114, 28.4388985], [77.3106297, 28.4370601], [77.3106023, 28.436693], [77.3104407, 28.4360471], [77.3095508, 28.4361865], [77.3095874, 28.4364572], [77.3094624, 28.4385662], [77.3100324, 28.4386413]]]}, "properties": {"landuse": "industrial"}}, {"type": "Feature", "geometry": {"type": "Polygon", "coordinates": [[[76.9875144, 28.6886653], [76.988083, 28.6886747], [76.9880079, 28.6897571], [76.9935547, 28.6907453], [76.9942092, 28.6857288], [76.9875251, 28.6863406], [76.9875144, 28.6875076], [76.9875144, 28.6886653]]]}, "properties": {"landuse": "industrial"}}, {"type": "Feature", "geometry": {"type": "Polygon", "coordinates": [[[77.3104649, 28.5394271], [77.3107867, 28.5387768], [77.3119347, 28.5352611], [77.3102825, 28.5341112], [77.3098426, 28.5341489], [77.3091345, 28.53413], [77.3087804, 28.5340358], [77.3072033, 28.5370331], [77.306345, 28.537297], [77.3063235, 28.537806], [77.3104649, 28.5394271]]]}, "properties": {"landuse": "industrial"}}, {"type": "Feature", "geometry": {"type": "Polygon", "coordinates": [[[76.8231281, 28.4688733], [76.8252468, 28.4688375], [76.8252629, 28.4693798], [76.8259978, 28.4693798], [76.8260407, 28.4704833], [76.8273818, 28.4704408], [76.8273175, 28.4701296], [76.8272477, 28.4697099], [76.8266791, 28.4697052], [76.8267006, 28.4700164], [76.8263411, 28.4700164], [76.8263197, 28.4693751], [76.8265718, 28.4693751], [76.8265504, 28.4688092], [76.8270546, 28.4688045], [76.8268376, 28.4678438], [76.8265396, 28.4678519], [76.8265343, 28.4679321], [76.8253058, 28.4679273], [76.8252844, 28.4676963], [76.8237072, 28.4681773], [76.8236697, 28.468116], [76.8232942, 28.4683565], [76.8231171, 28.4687337], [76.8231281, 28.4688733]]]}, "properties": {"landuse": "industrial"}}, {"type": "Feature", "geometry": {"type": "Polygon", "coordinates": [[[76.9995099, 28.3908671], [77.000159, 28.3908765], [77.0001429, 28.3949963], [77.0016181, 28.3968179], [77.0028359, 28.3968131], [77.0028466, 28.3962752], [77.0035225, 28.3962846], [77.002514, 28.3956948], [77.0024282, 28.3951993], [77.0023316, 28.3950388], [77.0022297, 28.394364], [77.00194, 28.3940856], [77.0020312, 28.3928964], [77.0019346, 28.3919997], [77.0018756, 28.3912541], [77.0013285, 28.3903386], [77.0011353, 28.3895646], [77.0009798, 28.3892767], [76.9993329, 28.3908294], [76.9995099, 28.3908671]]]}, "properties": {"landuse": "industrial"}}, {"type": "Feature", "geometry": {"type": "Polygon", "coordinates": [[[76.8008172, 28.4827244], [76.8049693, 28.482682], [76.80498, 28.483757], [76.8081719, 28.4833515], [76.8103713, 28.4828706], [76.8128389, 28.4819936], [76.812619, 28.4798906], [76.8076891, 28.4799472], [76.8076676, 28.479603], [76.8070024, 28.4795982], [76.8069112, 28.4759486], [76.8041861, 28.4774528], [76.8041968, 28.4783864], [76.804406, 28.478377], [76.8044275, 28.4788862], [76.8056023, 28.4788674], [76.8056238, 28.4804894], [76.8042558, 28.480513], [76.8042505, 28.4810458], [76.8022013, 28.4810883], [76.8021852, 28.4805507], [76.80152, 28.4805507], [76.80152, 28.4806639], [76.8008387, 28.4806875], [76.8008655, 28.4816352], [76.8011767, 28.4816305], [76.8011713, 28.4821727], [76.8005919, 28.4821822], [76.8008172, 28.4827244]]]}, "properties": {"landuse": "industrial"}}, {"type": "Feature", "geometry": {"type": "Polygon", "coordinates": [[[76.7946321, 28.4629851], [76.7952222, 28.4651592], [76.7977595, 28.4650884], [76.7977649, 28.4643009], [76.7977488, 28.4632869], [76.7977488, 28.4620042], [76.7945999, 28.4619947], [76.7946321, 28.4629851]]]}, "properties": {"landuse": "industrial"}}, {"type": "Feature", "geometry": {"type": "Polygon", "coordinates": [[[76.7999469, 28.4668663], [76.7999482, 28.466904], [76.8013644, 28.4668852], [76.8013966, 28.4679698], [76.8027323, 28.4679792], [76.8027431, 28.4691204], [76.8056399, 28.4690733], [76.8056828, 28.4695826], [76.8055916, 28.4701202], [76.8055218, 28.4708747], [76.8053019, 28.4717046], [76.8052912, 28.4723224], [76.8047279, 28.4722894], [76.8048137, 28.4730155], [76.805082, 28.4729967], [76.8050498, 28.4731382], [76.8049586, 28.4733409], [76.8048406, 28.4736427], [76.8048942, 28.4741709], [76.8048781, 28.4750904], [76.805328, 28.4750622], [76.8051426, 28.4736533], [76.8058221, 28.4712639], [76.8060648, 28.4699753], [76.8059726, 28.4684648], [76.806026, 28.466758], [76.8060163, 28.4654992], [76.8056995, 28.4635449], [76.805613, 28.4635557], [76.8034136, 28.4637019], [76.8034244, 28.4642726], [76.7978642, 28.4643004], [76.7978588, 28.4668922], [76.7999469, 28.4668663]]]}, "properties": {"landuse": "industrial"}}, {"type": "Feature", "geometry": {"type": "Polygon", "coordinates": [[[76.9140601, 28.4293311], [76.9154173, 28.4301331], [76.9178474, 28.4314304], [76.9218385, 28.4334164], [76.9227666, 28.4338032], [76.9248587, 28.4349118], [76.9260925, 28.4355156], [76.9271198, 28.4359731], [76.9314516, 28.4381383], [76.9315776, 28.4379237], [76.9273692, 28.435742], [76.9257331, 28.434716], [76.9256732, 28.4347464], [76.9256204, 28.4347726], [76.9253522, 28.4346382], [76.9229865, 28.4327984], [76.9167316, 28.4272696], [76.915721, 28.4264908], [76.9148906, 28.4262325], [76.9147521, 28.4267742], [76.9140708, 28.426727], [76.9140201, 28.4259563], [76.913486, 28.4258123], [76.9134647, 28.4278357], [76.9151169, 28.4278309], [76.9151276, 28.4289113], [76.9147414, 28.4290434], [76.9147468, 28.4286141], [76.9134325, 28.4286376], [76.913411, 28.4290764], [76.9140601, 28.4293311]]]}, "properties": {"landuse": "industrial"}}, {"type": "Feature", "geometry": {"type": "Polygon", "coordinates": [[[76.8833346, 28.2815398], [76.8864581, 28.2814028], [76.8864277, 28.2808651], [76.8867949, 28.280849], [76.8867364, 28.2798152], [76.8881464, 28.2797533], [76.8881125, 28.2791547], [76.8894328, 28.2790968], [76.8892703, 28.2762238], [76.8831766, 28.278747], [76.8833346, 28.2815398]]]}, "properties": {"landuse": "industrial"}}, {"type": "Feature", "geometry": {"type": "Polygon", "coordinates": [[[76.8812285, 28.2856334], [76.8812741, 28.2839765], [76.8811395, 28.2839737], [76.8811542, 28.2834401], [76.8805975, 28.2834282], [76.8806123, 28.2828936], [76.8792595, 28.2828647], [76.8792514, 28.2831579], [76.878592, 28.2831439], [76.8785307, 28.2853733], [76.8812285, 28.2856334]]]}, "properties": {"landuse": "industrial"}}, {"type": "Feature", "geometry": {"type": "Polygon", "coordinates": [[[76.8925823, 28.273561], [76.8930422, 28.2735435], [76.8931181, 28.2743142], [76.8940006, 28.2739468], [76.893864, 28.2711661], [76.8931454, 28.2711935], [76.8931532, 28.2713521], [76.8924751, 28.2713779], [76.8925823, 28.273561]]]}, "properties": {"landuse": "industrial"}}, {"type": "Feature", "geometry": {"type": "Polygon", "coordinates": [[[76.8884771, 28.2734814], [76.8891504, 28.2734614], [76.88913, 28.2731589], [76.8890897, 28.2720441], [76.8884024, 28.2720633], [76.8884771, 28.2734814]]]}, "properties": {"landuse": "industrial"}}, {"type": "Feature", "geometry": {"type": "Polygon", "coordinates": [[[76.8886167, 28.2761284], [76.8894452, 28.2758384], [76.8902258, 28.2755129], [76.8901397, 28.2731306], [76.88913, 28.2731589], [76.8891504, 28.2734614], [76.8884771, 28.2734814], [76.8886167, 28.2761284]]]}, "properties": {"landuse": "industrial"}}, {"type": "Feature", "geometry": {"type": "Polygon", "coordinates": [[[76.86815, 28.2755734], [76.8691013, 28.2755309], [76.8691546, 28.2754008], [76.8692135, 28.2742649], [76.8684736, 28.274298], [76.8685055, 28.2748505], [76.8681093, 28.2748682], [76.86815, 28.2755734]]]}, "properties": {"landuse": "industrial"}}, {"type": "Feature", "geometry": {"type": "Polygon", "coordinates": [[[76.8706787, 28.2733307], [76.8740733, 28.2731996], [76.874079, 28.2733145], [76.8747899, 28.273287], [76.8747557, 28.2725993], [76.8753761, 28.2725753], [76.8752957, 28.2709604], [76.8725099, 28.271068], [76.8725367, 28.2716077], [76.8705966, 28.2716826], [76.8706787, 28.2733307]]]}, "properties": {"landuse": "industrial"}}, {"type": "Feature", "geometry": {"type": "Polygon", "coordinates": [[[76.8462566, 28.2090622], [76.8461895, 28.2093152], [76.8461734, 28.2096792], [76.8468252, 28.2120215], [76.8484416, 28.212141], [76.8496168, 28.212206], [76.8507497, 28.2122686], [76.8520893, 28.2123427], [76.8516915, 28.2109555], [76.8515655, 28.2104974], [76.8514479, 28.2100696], [76.8509028, 28.2081988], [76.8542635, 28.2074214], [76.8541359, 28.2068893], [76.8535772, 28.2047123], [76.8529172, 28.2022588], [76.8531772, 28.2012395], [76.8534905, 28.2000115], [76.852281, 28.2001662], [76.8514699, 28.200281], [76.850691, 28.2003579], [76.8482331, 28.2006789], [76.8483031, 28.2011556], [76.8480831, 28.2018742], [76.8461749, 28.2021559], [76.8459642, 28.2033492], [76.8462995, 28.2032972], [76.8478544, 28.2057514], [76.845578, 28.2067553], [76.8456396, 28.2068593], [76.8451193, 28.2070744], [76.8462566, 28.2090622]]]}, "properties": {"landuse": "industrial"}}, {"type": "Feature", "geometry": {"type": "Polygon", "coordinates": [[[76.8169046, 28.1408116], [76.8176587, 28.1425022], [76.8184357, 28.1422701], [76.8185559, 28.1422322], [76.818852, 28.1422205], [76.8196222, 28.1420144], [76.8203008, 28.1418641], [76.8207165, 28.1417347], [76.8211421, 28.1415438], [76.8211633, 28.1415098], [76.821158, 28.1414783], [76.8211447, 28.1414381], [76.8205097, 28.1405203], [76.8201068, 28.1406917], [76.8200368, 28.1407008], [76.8199904, 28.1406771], [76.8193435, 28.1396759], [76.8187444, 28.1399702], [76.8185956, 28.1397197], [76.817951, 28.1400315], [76.8180708, 28.1402474], [76.8169124, 28.1407435], [76.8169015, 28.1407654], [76.8168973, 28.1407889], [76.8169046, 28.1408116]]]}, "properties": {"landuse": "industrial"}}, {"type": "Feature", "geometry": {"type": "Polygon", "coordinates": [[[76.8191293, 28.1649481], [76.8194473, 28.1658754], [76.8199933, 28.1671025], [76.8205664, 28.1682609], [76.8207397, 28.1680407], [76.8210041, 28.1677405], [76.8211558, 28.1676239], [76.8214666, 28.1674964], [76.8217393, 28.1674081], [76.8235825, 28.1666641], [76.8245865, 28.1662829], [76.8254903, 28.1660022], [76.8246689, 28.163464], [76.8227148, 28.1638363], [76.822637, 28.1635667], [76.8215564, 28.1637118], [76.8214732, 28.1632104], [76.8213889, 28.1631843], [76.821243, 28.1632126], [76.8209566, 28.1632981], [76.8207451, 28.1633589], [76.8202293, 28.163576], [76.8196088, 28.1638292], [76.8196194, 28.1640466], [76.8193352, 28.1641275], [76.8194671, 28.1645331], [76.8190134, 28.1646284], [76.8191293, 28.1649481]]]}, "properties": {"landuse": "industrial"}}, {"type": "Feature", "geometry": {"type": "Polygon", "coordinates": [[[76.8367642, 28.2169211], [76.837047, 28.2175585], [76.8376133, 28.2188236], [76.8380731, 28.2198541], [76.8387008, 28.2197052], [76.8411955, 28.2187261], [76.8418518, 28.220014], [76.8420598, 28.2204221], [76.8440145, 28.2198999], [76.8458922, 28.2193982], [76.846329, 28.2202015], [76.8466562, 28.2207593], [76.8470454, 28.2213824], [76.8475896, 28.2212437], [76.8479878, 28.2210533], [76.848537, 28.2216483], [76.8504615, 28.2211421], [76.8515154, 28.2208853], [76.8519723, 28.2207734], [76.8520528, 28.2208727], [76.8522486, 28.2207912], [76.8532518, 28.220478], [76.8535388, 28.2203008], [76.8549925, 28.2198824], [76.8552875, 28.2201211], [76.8556094, 28.2202771], [76.8559501, 28.2203882], [76.8566072, 28.2204922], [76.8574521, 28.2211114], [76.8590113, 28.2209671], [76.8590869, 28.2209601], [76.8592545, 28.2209483], [76.8592679, 28.2210192], [76.8595389, 28.2209861], [76.8595147, 28.2208254], [76.8598983, 28.220478], [76.8599144, 28.2219055], [76.8622291, 28.2218653], [76.8622211, 28.2213525], [76.8638078, 28.2211658], [76.8638078, 28.2207489], [76.8638587, 28.219931], [76.8641895, 28.2194597], [76.8642837, 28.2185093], [76.8644335, 28.2185136], [76.8643641, 28.2180461], [76.8645975, 28.2179964], [76.8644755, 28.2176183], [76.8640999, 28.2172496], [76.8639744, 28.216612], [76.8639524, 28.2165004], [76.8636815, 28.2162215], [76.8630919, 28.2159479], [76.8627924, 28.21575], [76.8628889, 28.2156176], [76.8624262, 28.2154368], [76.8621004, 28.2154722], [76.861744, 28.215181], [76.8617511, 28.2150695], [76.8617071, 28.2141681], [76.8598887, 28.2140958], [76.8599404, 28.2129319], [76.8583016, 28.2128629], [76.8574734, 28.2128279], [76.8535323, 28.2126618], [76.8480774, 28.2123874], [76.8470542, 28.2123039], [76.8442464, 28.2120379], [76.8441939, 28.2127093], [76.8429762, 28.2127944], [76.8422198, 28.2127046], [76.8422627, 28.2124966], [76.8417156, 28.2124493], [76.8414688, 28.2125722], [76.8410826, 28.2126195], [76.840986, 28.2134514], [76.8393928, 28.213494], [76.8385506, 28.2136169], [76.8394594, 28.2152712], [76.8391838, 28.2153629], [76.8364106, 28.216448], [76.8367642, 28.2169211]], [[76.8626368, 28.2194712], [76.8627682, 28.2194677], [76.8627696, 28.2194866], [76.8634428, 28.2194736], [76.8638062, 28.2194346], [76.8639135, 28.2196922], [76.8636386, 28.2199758], [76.8633476, 28.2201838], [76.8625604, 28.2200455], [76.8626368, 28.2194712]]]}, "properties": {"landuse": "industrial"}}, {"type": "Feature", "geometry": {"type": "Polygon", "coordinates": [[[76.8671319, 28.2111145], [76.8677437, 28.2128771], [76.8685832, 28.2126149], [76.8693632, 28.2123805], [76.8696052, 28.2123027], [76.869664, 28.212465], [76.8701255, 28.2137374], [76.8682104, 28.214255], [76.8682533, 28.2144276], [76.8686074, 28.2149806], [76.8697615, 28.2164022], [76.8695562, 28.2165038], [76.8686946, 28.216992], [76.8680066, 28.2173559], [76.8686181, 28.2182682], [76.8683374, 28.2184087], [76.8681621, 28.2186322], [76.8683821, 28.2191002], [76.8684787, 28.2198517], [76.8686253, 28.2198071], [76.8692808, 28.2196075], [76.8695491, 28.2195258], [76.8716148, 28.218949], [76.8721318, 28.2188496], [76.8727273, 28.2196343], [76.8746263, 28.2195421], [76.8746209, 28.2190222], [76.8740818, 28.2190009], [76.8738297, 28.2183722], [76.8742079, 28.2181477], [76.8751252, 28.2178404], [76.8745699, 28.2171196], [76.8739369, 28.216654], [76.8737136, 28.2163939], [76.873261, 28.2158669], [76.8728918, 28.2153262], [76.8728193, 28.2150856], [76.872502, 28.2140329], [76.8725234, 28.2135365], [76.8724483, 28.2129551], [76.8725663, 28.2128511], [76.8723062, 28.2122437], [76.8722874, 28.2117402], [76.873076, 28.2114117], [76.8729421, 28.2111364], [76.8727147, 28.2106688], [76.8718475, 28.208573], [76.8698841, 28.2092962], [76.8686752, 28.2097881], [76.8669016, 28.2105095], [76.8671319, 28.2111145]]]}, "properties": {"landuse": "industrial"}}, {"type": "Feature", "geometry": {"type": "Polygon", "coordinates": [[[76.8544561, 28.2073486], [76.8553036, 28.207169], [76.8554673, 28.2071619], [76.8555397, 28.208261], [76.8556577, 28.2082468], [76.8556738, 28.2098777], [76.8558669, 28.2107948], [76.8558401, 28.2113195], [76.8555504, 28.2120097], [76.8567789, 28.2120191], [76.8568298, 28.2124469], [76.8578672, 28.2124932], [76.8618012, 28.2125813], [76.8618678, 28.2107478], [76.8618894, 28.2101543], [76.8620148, 28.2067022], [76.8619339, 28.2057788], [76.8618819, 28.2051846], [76.86176, 28.2037924], [76.8537426, 28.2046776], [76.8544561, 28.2073486]]]}, "properties": {"landuse": "industrial"}}, {"type": "Feature", "geometry": {"type": "Polygon", "coordinates": [[[76.8709854, 28.1472212], [76.8711673, 28.1476808], [76.8716445, 28.147534], [76.8718197, 28.1479766], [76.8719065, 28.1481646], [76.8716115, 28.1483231], [76.8721481, 28.14905], [76.8726702, 28.1501803], [76.8726981, 28.1502401], [76.8730009, 28.1508749], [76.8725449, 28.1510593], [76.873261, 28.152146], [76.8735346, 28.1524617], [76.8737438, 28.1527692], [76.8740389, 28.1526817], [76.8742964, 28.1530648], [76.8743902, 28.1530435], [76.8746263, 28.1534668], [76.8741596, 28.1536702], [76.8745673, 28.1544459], [76.8742374, 28.1545901], [76.8736848, 28.1549094], [76.871759, 28.1557323], [76.8719521, 28.1561462], [76.8712413, 28.1563448], [76.8712923, 28.1565151], [76.8721586, 28.1562691], [76.8722901, 28.1564087], [76.8727804, 28.1577886], [76.8728077, 28.1578654], [76.8729579, 28.1578937], [76.8735909, 28.1581491], [76.8730223, 28.1583714], [76.873135, 28.1586174], [76.873666, 28.1583904], [76.8739665, 28.1587309], [76.8742052, 28.1591045], [76.8739665, 28.1593457], [76.8743527, 28.1600386], [76.8749455, 28.1597832], [76.8752378, 28.1599369], [76.8758064, 28.1611051], [76.874387, 28.1616533], [76.8738983, 28.1618244], [76.8732184, 28.1620718], [76.8729901, 28.1621928], [76.8710804, 28.1628455], [76.8713808, 28.1636542], [76.8716437, 28.1644818], [76.8714184, 28.1646426], [76.8716973, 28.1650399], [76.8726629, 28.1664113], [76.8730599, 28.1661347], [76.873135, 28.1661772], [76.8743876, 28.1652503], [76.8748516, 28.1658485], [76.8763563, 28.1652196], [76.87608, 28.1645456], [76.8768874, 28.1642193], [76.8769598, 28.164269], [76.8773568, 28.164775], [76.8777162, 28.1646615], [76.8779361, 28.1652337], [76.8784779, 28.1650351], [76.879009, 28.1647703], [76.8815464, 28.1631434], [76.8819594, 28.162888], [76.8820453, 28.1623962], [76.8815973, 28.1618097], [76.882226, 28.1613961], [76.8818414, 28.1609159], [76.8819219, 28.1608], [76.8817583, 28.1606558], [76.8813747, 28.1607314], [76.8812701, 28.1606581], [76.8810609, 28.1599487], [76.881195, 28.1593599], [76.8812755, 28.1590738], [76.881423, 28.1590265], [76.8814015, 28.1583549], [76.8812438, 28.1582068], [76.8813157, 28.157785], [76.8809429, 28.1575863], [76.8807363, 28.1572505], [76.8810421, 28.157033], [76.8813506, 28.1569336], [76.8814284, 28.1571678], [76.8816456, 28.1570921], [76.8813962, 28.1561935], [76.8821593, 28.1559653], [76.8847704, 28.1552026], [76.884588, 28.1547509], [76.8855107, 28.1544742], [76.8854195, 28.1542046], [76.8867391, 28.1537837], [76.8869001, 28.1540155], [76.8872246, 28.1538334], [76.8871495, 28.1536867], [76.8873695, 28.1535448], [76.8871415, 28.1532398], [76.887635, 28.1529891], [76.8874928, 28.1527621], [76.8868223, 28.1530813], [76.8865621, 28.1523695], [76.8877959, 28.1519935], [76.8877235, 28.1517688], [76.8886864, 28.1514685], [76.8885657, 28.1511327], [76.8895796, 28.1508323], [76.8892255, 28.1498982], [76.8894213, 28.1498036], [76.8893677, 28.1496971], [76.8903279, 28.1494133], [76.8902153, 28.1490444], [76.8913525, 28.1487039], [76.8907464, 28.1473156], [76.8926775, 28.1466936], [76.8924252, 28.1459636], [76.8944478, 28.1454023], [76.8940294, 28.1443255], [76.8950003, 28.1440022], [76.8945859, 28.1428903], [76.8950407, 28.1427656], [76.8954724, 28.1426162], [76.8950272, 28.1392388], [76.8951184, 28.1380751], [76.894995, 28.1378102], [76.8953651, 28.1371432], [76.895805, 28.1369777], [76.8959847, 28.1376742], [76.8959498, 28.1386097], [76.8963951, 28.1384678], [76.8989834, 28.1370557], [76.8992114, 28.1367459], [76.8968779, 28.1363911], [76.8960015, 28.1359788], [76.8947911, 28.1353977], [76.8948203, 28.1355352], [76.8934968, 28.1349589], [76.8929699, 28.1355136], [76.8894482, 28.1340116], [76.889728, 28.1335533], [76.8890136, 28.133153], [76.8887588, 28.1331719], [76.888327, 28.133179], [76.8881232, 28.1326942], [76.8879622, 28.1325806], [76.8858996, 28.1315682], [76.8854061, 28.1313152], [76.8805341, 28.128904], [76.8789005, 28.1280698], [76.878342, 28.1287262], [76.8776129, 28.1297158], [76.877115, 28.1303824], [76.8766111, 28.1308716], [76.8767989, 28.1310597], [76.8762359, 28.131854], [76.8780005, 28.1327486], [76.8771476, 28.1340897], [76.8762141, 28.1336001], [76.8752646, 28.1350949], [76.8763791, 28.1356981], [76.8762007, 28.1359689], [76.8804118, 28.1381674], [76.8803984, 28.1387279], [76.8780273, 28.1394044], [76.878537, 28.1405568], [76.8788856, 28.1413438], [76.878953, 28.1414233], [76.8789124, 28.1415354], [76.8792182, 28.1425737], [76.8777507, 28.1430295], [76.8763771, 28.1434185], [76.8739825, 28.1440968], [76.8742454, 28.1448016], [76.8749589, 28.1446053], [76.8752137, 28.1452391], [76.8738806, 28.1456625], [76.8741703, 28.1464429], [76.8731164, 28.1467701], [76.8730442, 28.1465877], [76.872502, 28.145128], [76.8703562, 28.1457192], [76.8709854, 28.1472212]], [[76.8816107, 28.1434724], [76.8827963, 28.1433258], [76.8836707, 28.1430703], [76.8837458, 28.1431531], [76.8847758, 28.1430301], [76.8855725, 28.1428493], [76.8863654, 28.1447881], [76.8863904, 28.1448512], [76.8863611, 28.1448547], [76.8860525, 28.1448915], [76.8864387, 28.1459888], [76.8857628, 28.1461402], [76.8860676, 28.1468995], [76.8865299, 28.1480511], [76.885383, 28.1484065], [76.8846769, 28.146543], [76.8839549, 28.1467557], [76.883058, 28.1470257], [76.8828714, 28.1470815], [76.8829197, 28.1472045], [76.8821472, 28.1473605], [76.8812299, 28.1451043], [76.8808061, 28.1436569], [76.8816107, 28.1434724]]]}, "properties": {"landuse": "industrial"}}, {"type": "Feature", "geometry": {"type": "Polygon", "coordinates": [[[76.7937031, 28.2265176], [76.7957526, 28.226496], [76.7957274, 28.2246458], [76.7936779, 28.2246675], [76.7937031, 28.2265176]]]}, "properties": {"landuse": "industrial"}}, {"type": "Feature", "geometry": {"type": "Polygon", "coordinates": [[[76.7990125, 28.2323548], [76.7999352, 28.2323402], [76.7999156, 28.2313772], [76.7989929, 28.2313918], [76.7990125, 28.2323548]]]}, "properties": {"landuse": "industrial"}}, {"type": "Feature", "geometry": {"type": "Polygon", "coordinates": [[[76.8020906, 28.2362558], [76.8020979, 28.2376816], [76.8034081, 28.2376764], [76.8034031, 28.2366952], [76.8027109, 28.2366979], [76.8027082, 28.2361602], [76.8020901, 28.2361627], [76.8020906, 28.2362558]]]}, "properties": {"landuse": "industrial"}}, {"type": "Feature", "geometry": {"type": "Polygon", "coordinates": [[[76.7832876, 28.2143018], [76.7847594, 28.2142863], [76.7847502, 28.2136062], [76.7832784, 28.2136217], [76.7832876, 28.2143018]]]}, "properties": {"landuse": "industrial"}}, {"type": "Feature", "geometry": {"type": "Polygon", "coordinates": [[[76.7215113, 28.2936243], [76.7228565, 28.2936178], [76.7228532, 28.2930923], [76.7215081, 28.2930988], [76.7215113, 28.2936243]]]}, "properties": {"landuse": "industrial"}}, {"type": "Feature", "geometry": {"type": "Polygon", "coordinates": [[[76.7195946, 28.2943886], [76.7199191, 28.2946366], [76.72019, 28.2947122], [76.7215311, 28.2947027], [76.7215258, 28.294169], [76.7228454, 28.294169], [76.7228565, 28.2936178], [76.7215113, 28.2936243], [76.7215081, 28.2930988], [76.7215097, 28.2928133], [76.719262, 28.2937438], [76.7195946, 28.2943886]]]}, "properties": {"landuse": "industrial"}}, {"type": "Feature", "geometry": {"type": "Polygon", "coordinates": [[[76.7977785, 28.3216049], [76.7984627, 28.3215977], [76.7984484, 28.318896], [76.7977446, 28.3191534], [76.7977785, 28.3216049]]]}, "properties": {"landuse": "industrial"}}, {"type": "Feature", "geometry": {"type": "Polygon", "coordinates": [[[76.836065, 28.2718702], [76.836082, 28.2715858], [76.8346211, 28.2707212], [76.8334195, 28.2706929], [76.8333552, 28.2717598], [76.836065, 28.2718702]]]}, "properties": {"landuse": "industrial"}}, {"type": "Feature", "geometry": {"type": "Polygon", "coordinates": [[[76.8316843, 28.2722567], [76.8316572, 28.2727708], [76.8331675, 28.2728325], [76.8332234, 28.2717712], [76.831932, 28.2717184], [76.8319433, 28.2715048], [76.8313045, 28.2714787], [76.8312644, 28.2722395], [76.8316843, 28.2722567]]]}, "properties": {"landuse": "industrial"}}, {"type": "Feature", "geometry": {"type": "Polygon", "coordinates": [[[76.8770591, 28.1968883], [76.8796688, 28.1982291], [76.881187, 28.1978556], [76.8806881, 28.1961016], [76.8810689, 28.1960307], [76.881559, 28.1958418], [76.8821257, 28.1976382], [76.8832308, 28.1974396], [76.883248, 28.1975197], [76.8839278, 28.1973538], [76.8851459, 28.1971748], [76.8856259, 28.1970451], [76.8869643, 28.1966833], [76.8882573, 28.1963404], [76.8884236, 28.1963026], [76.8879837, 28.1957423], [76.8894428, 28.1947825], [76.8863368, 28.1908441], [76.8854892, 28.1904706], [76.8830471, 28.1919501], [76.8768031, 28.1955799], [76.8770591, 28.1968883]]]}, "properties": {"landuse": "industrial"}}, {"type": "Feature", "geometry": {"type": "Polygon", "coordinates": [[[76.7936611, 28.109651], [76.7942458, 28.1062536], [76.7924327, 28.1064902], [76.7919445, 28.1094428], [76.7936611, 28.109651]]]}, "properties": {"landuse": "industrial"}}, {"type": "Feature", "geometry": {"type": "Polygon", "coordinates": [[[76.7906924, 28.1137429], [76.7909521, 28.1147729], [76.792084, 28.1145955], [76.7931154, 28.1144116], [76.7952919, 28.1140277], [76.7945545, 28.1121475], [76.7942136, 28.1112787], [76.7935967, 28.1113686], [76.7933339, 28.1107251], [76.7915261, 28.1112834], [76.7917192, 28.111714], [76.7911076, 28.1116146], [76.7906678, 28.1114632], [76.7906168, 28.1132302], [76.7905712, 28.1132388], [76.7906924, 28.1137429]]]}, "properties": {"landuse": "industrial"}}, {"type": "Feature", "geometry": {"type": "Polygon", "coordinates": [[[76.8076181, 28.1036995], [76.808454, 28.1036916], [76.808443, 28.1027801], [76.8076071, 28.102788], [76.8076181, 28.1036995]]]}, "properties": {"landuse": "industrial"}}, {"type": "Feature", "geometry": {"type": "Polygon", "coordinates": [[[76.808443, 28.1027801], [76.808454, 28.1036916], [76.8099298, 28.1036709], [76.8099116, 28.1027175], [76.808439, 28.1027393], [76.808443, 28.1027801]]]}, "properties": {"landuse": "industrial"}}, {"type": "Feature", "geometry": {"type": "Polygon", "coordinates": [[[76.8107417, 28.1002535], [76.81244919883318, 28.099302087258632], [76.81072880584593, 28.099302087258632], [76.8107417, 28.1002535]]]}, "properties": {"landuse": "industrial"}}, {"type": "Feature", "geometry": {"type": "Polygon", "coordinates": [[[76.8030328, 28.101446], [76.8032289, 28.1014485], [76.8041914, 28.099345], [76.8029954, 28.0993627], [76.8030328, 28.101446]]]}, "properties": {"landuse": "industrial"}}, {"type": "Feature", "geometry": {"type": "Polygon", "coordinates": [[[76.8013637, 28.1018551], [76.8020242, 28.1018453], [76.8030543, 28.1018301], [76.8032289, 28.1014485], [76.8030328, 28.101446], [76.8029954, 28.0993627], [76.8013169, 28.0993875], [76.8013637, 28.1018551]]]}, "properties": {"landuse": "industrial"}}, {"type": "Feature", "geometry": {"type": "Polygon", "coordinates": [[[76.7980047, 28.1019087], [76.8002149, 28.1018823], [76.8001858, 28.0999895], [76.7979756, 28.1000159], [76.7980047, 28.1019087]]]}, "properties": {"landuse": "industrial"}}, {"type": "Feature", "geometry": {"type": "Polygon", "coordinates": [[[76.7800965, 28.1388051], [76.7809734, 28.1387219], [76.7810015, 28.1389526], [76.7818287, 28.1388983], [76.7817106, 28.1379305], [76.7800095, 28.1380919], [76.7800965, 28.1388051]]]}, "properties": {"landuse": "industrial"}}, {"type": "Feature", "geometry": {"type": "Polygon", "coordinates": [[[77.0717413, 28.4642375], [77.0719236, 28.4640635], [77.0721549, 28.4629757], [77.0705152, 28.4614295], [77.0692809, 28.4623136], [77.0717413, 28.4642375]]]}, "properties": {"landuse": "industrial"}}, {"type": "Feature", "geometry": {"type": "Polygon", "coordinates": [[[76.7042701, 28.4058237], [76.7066171, 28.4069301], [76.7065896, 28.4048097], [76.7052936, 28.4048227], [76.7053005, 28.4053559], [76.7042642, 28.4053663], [76.7042701, 28.4058237]]]}, "properties": {"landuse": "industrial"}}, {"type": "Feature", "geometry": {"type": "Polygon", "coordinates": [[[77.3209288, 28.5965805], [77.3225963, 28.5945116], [77.322741, 28.5943947], [77.3234474, 28.5936016], [77.3190627, 28.5909355], [77.3182422, 28.5919594], [77.3192346, 28.5925623], [77.3184514, 28.593575], [77.318033, 28.5933254], [77.3175985, 28.5939], [77.3169976, 28.5935279], [77.3166455, 28.5939913], [77.3209288, 28.5965805]]]}, "properties": {"landuse": "industrial"}}, {"type": "Feature", "geometry": {"type": "Polygon", "coordinates": [[[77.3041439, 28.3138543], [77.3049153, 28.3138527], [77.3049106, 28.3121593], [77.3041397, 28.3122986], [77.3041439, 28.3138543]]]}, "properties": {"landuse": "industrial"}}, {"type": "Feature", "geometry": {"type": "Polygon", "coordinates": [[[77.2994316, 28.3152161], [77.3000673, 28.3152142], [77.3000626, 28.3140084], [77.2994269, 28.3140103], [77.2994316, 28.3152161]]]}, "properties": {"landuse": "industrial"}}, {"type": "Feature", "geometry": {"type": "Polygon", "coordinates": [[[77.2992575, 28.2998559], [77.2996625, 28.299667], [77.2996572, 28.2993175], [77.2999361, 28.2993175], [77.2999576, 28.2988853], [77.3011833, 28.2988687], [77.3014784, 28.2986704], [77.3014422, 28.2982771], [77.3013255, 28.2980067], [77.3021007, 28.2978131], [77.3024091, 28.2977706], [77.3024788, 28.2980162], [77.3029402, 28.2977658], [77.3030099, 28.2976194], [77.3029831, 28.2970503], [77.3032272, 28.2970455], [77.3032191, 28.2965071], [77.3023957, 28.2964834], [77.302393, 28.2960276], [77.3015723, 28.2960087], [77.3015481, 28.2961599], [77.3007756, 28.2961599], [77.3007703, 28.2962709], [77.2999603, 28.2962473], [77.2999442, 28.2970739], [77.2990655, 28.2970995], [77.2986137, 28.2971077], [77.2990429, 28.2982972], [77.2985011, 28.2986279], [77.2992575, 28.2998559]]]}, "properties": {"landuse": "industrial"}}, {"type": "Feature", "geometry": {"type": "Polygon", "coordinates": [[[77.294582, 28.2983492], [77.2945882, 28.2979648], [77.2946915, 28.2979661], [77.2946987, 28.2975257], [77.2940228, 28.2975171], [77.2940048, 28.2986183], [77.294582, 28.2983492]]]}, "properties": {"landuse": "industrial"}}, {"type": "Feature", "geometry": {"type": "Polygon", "coordinates": [[[77.2940048, 28.2986183], [77.2940228, 28.2975171], [77.2933857, 28.2975155], [77.2933794, 28.2988734], [77.2940048, 28.2986183]]]}, "properties": {"landuse": "industrial"}}, {"type": "Feature", "geometry": {"type": "Polygon", "coordinates": [[[77.2930064, 28.2979674], [77.2930015, 28.2990647], [77.2933794, 28.2988734], [77.2933857, 28.2975155], [77.2933874, 28.2970741], [77.29257, 28.2970713], [77.2925661, 28.2979659], [77.2930064, 28.2979674]]]}, "properties": {"landuse": "industrial"}}, {"type": "Feature", "geometry": {"type": "Polygon", "coordinates": [[[77.2971359, 28.3024135], [77.2970688, 28.3025505], [77.2971788, 28.3028858], [77.2975141, 28.3028551], [77.2975248, 28.3026473], [77.2982329, 28.3025009], [77.29992, 28.3024726], [77.2999549, 28.3021537], [77.2991717, 28.3009045], [77.2969159, 28.301842], [77.2971359, 28.3024135]]]}, "properties": {"landuse": "industrial"}}, {"type": "Feature", "geometry": {"type": "Polygon", "coordinates": [[[77.2328931, 28.3720429], [77.2332374, 28.3720428], [77.2332379, 28.3730813], [77.23338, 28.3731285], [77.2333796, 28.3723109], [77.2344849, 28.3723105], [77.2344848, 28.3720192], [77.2341966, 28.3720193], [77.2341964, 28.3715329], [77.2328928, 28.3715333], [77.2328931, 28.3720429]]]}, "properties": {"landuse": "industrial"}}, {"type": "Feature", "geometry": {"type": "Polygon", "coordinates": [[[77.2881118, 28.4578566], [77.2880928, 28.4582914], [77.2889198, 28.4583194], [77.2889749, 28.4570606], [77.2873005, 28.457004], [77.2872644, 28.4578279], [77.2881118, 28.4578566]]]}, "properties": {"landuse": "industrial"}}, {"type": "Feature", "geometry": {"type": "Polygon", "coordinates": [[[77.295786, 28.4777336], [77.2957867, 28.4778607], [77.296012, 28.4777876], [77.2960053, 28.4779077], [77.2959436, 28.4790053], [77.2963741, 28.4791338], [77.296578, 28.479135], [77.2966222, 28.4792599], [77.2972083, 28.479287], [77.2972472, 28.4794544], [77.296924, 28.4794992], [77.296975, 28.4796831], [77.2968355, 28.4797279], [77.296975, 28.4800273], [77.2973563, 28.479983], [77.297361, 28.480089], [77.2980117, 28.4800683], [77.2986513, 28.4800061], [77.2987694, 28.4804376], [77.2993943, 28.4802796], [77.2994801, 28.4802796], [77.2994533, 28.4808289], [77.3008159, 28.4809822], [77.3008309, 28.4808237], [77.3008913, 28.4803007], [77.3011048, 28.4784521], [77.3013371, 28.4753267], [77.3012861, 28.4753017], [77.3004295, 28.4748825], [77.2985384, 28.4748852], [77.2984154, 28.4748866], [77.2970455, 28.4749017], [77.2964771, 28.4749392], [77.2965162, 28.4752605], [77.2964868, 28.4757788], [77.2962132, 28.4758448], [77.2961998, 28.4759462], [77.296012, 28.4760405], [77.2961998, 28.476703], [77.2963312, 28.4766677], [77.2964305, 28.4768657], [77.2957827, 28.4771463], [77.295786, 28.4777336]]]}, "properties": {"landuse": "industrial"}}, {"type": "Feature", "geometry": {"type": "Polygon", "coordinates": [[[76.7280463, 28.7612967], [76.7287261, 28.7612943], [76.7287208, 28.7600939], [76.7280409, 28.7600963], [76.7280463, 28.7612967]]]}, "properties": {"landuse": "industrial"}}, {"type": "Feature", "geometry": {"type": "Polygon", "coordinates": [[[76.7196699, 28.7643138], [76.7205404, 28.7643035], [76.7205342, 28.763905], [76.72124, 28.7638966], [76.7212269, 28.7630379], [76.7192593, 28.763061], [76.7196699, 28.7643138]]]}, "properties": {"landuse": "industrial"}}, {"type": "Feature", "geometry": {"type": "Polygon", "coordinates": [[[76.724018, 28.7640688], [76.7257449, 28.7640735], [76.7257744, 28.7651621], [76.7259353, 28.7651574], [76.7259045, 28.7645661], [76.7281133, 28.7645602], [76.7280811, 28.7627404], [76.7273913, 28.7624817], [76.7273922, 28.762982], [76.7265827, 28.7629831], [76.7265835, 28.7634099], [76.725722, 28.7634111], [76.7257222, 28.7635163], [76.7240171, 28.7635186], [76.724018, 28.7640688]]]}, "properties": {"landuse": "industrial"}}, {"type": "Feature", "geometry": {"type": "Polygon", "coordinates": [[[76.7260135, 28.7629735], [76.7260288, 28.7619245], [76.7253506, 28.7616834], [76.7253319, 28.7629658], [76.7260135, 28.7629735]]]}, "properties": {"landuse": "industrial"}}, {"type": "Feature", "geometry": {"type": "Polygon", "coordinates": [[[76.7785326, 28.7843651], [76.7792233, 28.7843535], [76.7791981, 28.7830366], [76.7785074, 28.7830467], [76.7785326, 28.7843651]]]}, "properties": {"landuse": "industrial"}}, {"type": "Feature", "geometry": {"type": "Polygon", "coordinates": [[[76.7850378, 28.7590629], [76.7850727, 28.7606759], [76.7858264, 28.7606618], [76.7858224, 28.7590088], [76.7857178, 28.7590123], [76.785711, 28.7584562], [76.7850351, 28.7589712], [76.7850378, 28.7590629]]]}, "properties": {"landuse": "industrial"}}, {"type": "Feature", "geometry": {"type": "Polygon", "coordinates": [[[76.7832327, 28.7604713], [76.7836994, 28.7604784], [76.7836967, 28.7606759], [76.7850727, 28.7606759], [76.7850378, 28.7590629], [76.7832112, 28.7603938], [76.7832327, 28.7604713]]]}, "properties": {"landuse": "industrial"}}, {"type": "Feature", "geometry": {"type": "Polygon", "coordinates": [[[76.7931676, 28.754043], [76.7938525, 28.7540422], [76.7938533, 28.7545401], [76.7941291, 28.7545398], [76.7941265, 28.7529247], [76.7945343, 28.7529242], [76.794534, 28.7527338], [76.7941294, 28.7527343], [76.7941289, 28.7523855], [76.7933071, 28.7523865], [76.7931488, 28.7525236], [76.7931676, 28.754043]]]}, "properties": {"landuse": "industrial"}}, {"type": "Feature", "geometry": {"type": "Polygon", "coordinates": [[[76.8014941, 28.7566824], [76.8041281, 28.7566324], [76.8040886, 28.7550335], [76.8014546, 28.7550835], [76.8014941, 28.7566824]]]}, "properties": {"landuse": "industrial"}}, {"type": "Feature", "geometry": {"type": "Polygon", "coordinates": [[[76.8165395, 28.7559665], [76.8165412, 28.7540593], [76.8158594, 28.7540588], [76.8158587, 28.7548611], [76.8153017, 28.7548607], [76.8153007, 28.7559657], [76.8165395, 28.7559665]]]}, "properties": {"landuse": "industrial"}}, {"type": "Feature", "geometry": {"type": "Polygon", "coordinates": [[[76.8117198, 28.7538095], [76.8124137, 28.7538054], [76.8124219, 28.7548965], [76.8129089, 28.7548936], [76.8129163, 28.7558676], [76.8137991, 28.7558624], [76.8137751, 28.7527073], [76.8130756, 28.7527114], [76.8130797, 28.7532615], [76.8117157, 28.7532694], [76.8117198, 28.7538095]]]}, "properties": {"landuse": "industrial"}}, {"type": "Feature", "geometry": {"type": "Polygon", "coordinates": [[[76.8157094, 28.7445304], [76.8166875, 28.7445118], [76.816664, 28.7435616], [76.8156844, 28.7435215], [76.8157094, 28.7445304]]]}, "properties": {"landuse": "industrial"}}, {"type": "Feature", "geometry": {"type": "Polygon", "coordinates": [[[76.8258858, 28.7373764], [76.8268607, 28.736819], [76.8268355, 28.7358146], [76.825847, 28.7358337], [76.8258858, 28.7373764]]]}, "properties": {"landuse": "industrial"}}, {"type": "Feature", "geometry": {"type": "Polygon", "coordinates": [[[76.8224917, 28.7406279], [76.8238785, 28.7406113], [76.8238954, 28.7416927], [76.8239887, 28.7416915], [76.8239948, 28.7420797], [76.8243695, 28.7420752], [76.8243806, 28.7427851], [76.8266634, 28.7427577], [76.8266785, 28.7437259], [76.8270175, 28.7437218], [76.8269684, 28.7405694], [76.8252657, 28.7405898], [76.8252333, 28.7385099], [76.8238682, 28.738851], [76.8239379, 28.7390791], [76.8236965, 28.7391732], [76.8226692, 28.7392767], [76.8224897, 28.739286], [76.8224917, 28.7406279]]]}, "properties": {"landuse": "industrial"}}, {"type": "Feature", "geometry": {"type": "Polygon", "coordinates": [[[76.8341492, 28.7389172], [76.834865, 28.7389024], [76.8348492, 28.7383123], [76.8337816, 28.7383344], [76.8341492, 28.7389172]]]}, "properties": {"landuse": "industrial"}}, {"type": "Feature", "geometry": {"type": "Polygon", "coordinates": [[[76.834302, 28.7391177], [76.8355484, 28.7390946], [76.8355418, 28.738822], [76.836218, 28.7388095], [76.8362054, 28.7382857], [76.8348492, 28.7383123], [76.834865, 28.7389024], [76.8341492, 28.7389172], [76.834302, 28.7391177]]]}, "properties": {"landuse": "industrial"}}, {"type": "Feature", "geometry": {"type": "Polygon", "coordinates": [[[76.8337789, 28.7364098], [76.8346533, 28.7362357], [76.8348062, 28.736645], [76.835053, 28.7369625], [76.8359327, 28.7369107], [76.8365067, 28.7368472], [76.8364585, 28.736629], [76.8363726, 28.7362404], [76.8359113, 28.7363039], [76.8358147, 28.7362052], [76.8355975, 28.7355231], [76.8354928, 28.735469], [76.8345675, 28.7357418], [76.8342751, 28.7351068], [76.8338513, 28.7352409], [76.8333471, 28.7353726], [76.8337789, 28.7364098]]]}, "properties": {"landuse": "industrial"}}, {"type": "Feature", "geometry": {"type": "Polygon", "coordinates": [[[76.8432176, 28.7367367], [76.8444836, 28.7360476], [76.8446714, 28.7363063], [76.8450898, 28.7361111], [76.8452829, 28.7364356], [76.8462163, 28.7359982], [76.8453312, 28.7354102], [76.8466133, 28.7341731], [76.8459105, 28.7334017], [76.8450093, 28.7340791], [76.8434268, 28.7328278], [76.8431908, 28.7323386], [76.8407392, 28.7331242], [76.8432176, 28.7367367]]]}, "properties": {"landuse": "industrial"}}, {"type": "Feature", "geometry": {"type": "Polygon", "coordinates": [[[76.8306128, 28.8199499], [76.8312335, 28.8205583], [76.8320099, 28.8205472], [76.8319994, 28.8199866], [76.8326582, 28.8199772], [76.832628, 28.818358], [76.8314953, 28.8183742], [76.8315052, 28.8189048], [76.8305935, 28.8189179], [76.8306128, 28.8199499]]]}, "properties": {"landuse": "industrial"}}, {"type": "Feature", "geometry": {"type": "Polygon", "coordinates": [[[76.8327044, 28.8220227], [76.8334436, 28.8226948], [76.8343663, 28.8226901], [76.8343931, 28.8233434], [76.8347794, 28.8234906], [76.8355004, 28.8234876], [76.8354959, 28.8226741], [76.8368181, 28.8226685], [76.8368123, 28.821603], [76.8361488, 28.8216058], [76.8361458, 28.8210469], [76.8347349, 28.8210528], [76.834738, 28.8216283], [76.8327023, 28.8216369], [76.8327044, 28.8220227]]]}, "properties": {"landuse": "industrial"}}, {"type": "Feature", "geometry": {"type": "Polygon", "coordinates": [[[76.8558401, 28.8452634], [76.8565884, 28.8453104], [76.8565589, 28.8434285], [76.8559688, 28.8431794], [76.8559581, 28.8430526], [76.8558079, 28.8430479], [76.8558401, 28.8452634]]]}, "properties": {"landuse": "industrial"}}, {"type": "Feature", "geometry": {"type": "Polygon", "coordinates": [[[76.8557945, 28.8485643], [76.8584472, 28.8484938], [76.8586618, 28.8482307], [76.8586403, 28.8471312], [76.8592358, 28.8471218], [76.8594933, 28.8463089], [76.855765, 28.8463559], [76.8557945, 28.8485643]]]}, "properties": {"landuse": "industrial"}}, {"type": "Feature", "geometry": {"type": "Polygon", "coordinates": [[[76.8530291, 28.8414831], [76.8570363, 28.8414361], [76.8570524, 28.8408065], [76.8564731, 28.839829], [76.8515593, 28.8398901], [76.8515432, 28.8409145], [76.8530291, 28.8414831]]]}, "properties": {"landuse": "industrial"}}, {"type": "Feature", "geometry": {"type": "Polygon", "coordinates": [[[76.8931919, 28.7267516], [76.8943951, 28.7262194], [76.893975, 28.725489], [76.8929488, 28.7259429], [76.8931919, 28.7267516]]]}, "properties": {"landuse": "industrial"}}, {"type": "Feature", "geometry": {"type": "Polygon", "coordinates": [[[76.8573417, 28.7282177], [76.8573501, 28.7287732], [76.8586512, 28.7287573], [76.8586257, 28.7282061], [76.858023, 28.7282155], [76.858015, 28.7276699], [76.8573337, 28.7276887], [76.8573417, 28.7282177]]]}, "properties": {"landuse": "industrial"}}, {"type": "Feature", "geometry": {"type": "Polygon", "coordinates": [[[76.8376362, 28.7431591], [76.8383306, 28.743155], [76.838336, 28.7440931], [76.8416941, 28.7442106], [76.8415868, 28.7438344], [76.8412355, 28.7432958], [76.8408197, 28.7427479], [76.8405783, 28.7423716], [76.8404415, 28.74208], [76.8395376, 28.7404385], [76.8383073, 28.7404478], [76.8383156, 28.7415292], [76.8383261, 28.7428976], [76.8376343, 28.7429017], [76.8376362, 28.7431591]]]}, "properties": {"landuse": "industrial"}}, {"type": "Feature", "geometry": {"type": "Polygon", "coordinates": [[[76.8365415, 28.7426352], [76.8369604, 28.74263], [76.8369517, 28.7420819], [76.8376293, 28.7420735], [76.8376343, 28.7429017], [76.8383261, 28.7428976], [76.8383156, 28.7415292], [76.8358563, 28.7415595], [76.8365415, 28.7426352]]]}, "properties": {"landuse": "industrial"}}, {"type": "Feature", "geometry": {"type": "Polygon", "coordinates": [[[76.8342015, 28.7415811], [76.8348691, 28.7415715], [76.8348614, 28.7411587], [76.8354391, 28.7411504], [76.8353292, 28.741017], [76.8341878, 28.7410331], [76.8342015, 28.7415811]]]}, "properties": {"landuse": "industrial"}}, {"type": "Feature", "geometry": {"type": "Polygon", "coordinates": [[[76.8328297, 28.7417432], [76.8335, 28.7417325], [76.8334971, 28.7415917], [76.8342015, 28.7415811], [76.8341878, 28.7410331], [76.8328158, 28.7410714], [76.8328297, 28.7417432]]]}, "properties": {"landuse": "industrial"}}, {"type": "Feature", "geometry": {"type": "Polygon", "coordinates": [[[76.8390414, 28.7387939], [76.8403247, 28.738774], [76.8403358, 28.739322], [76.8410166, 28.7393114], [76.8410278, 28.7398626], [76.8412118, 28.7398597], [76.8412217, 28.7403493], [76.8417069, 28.7403417], [76.8416948, 28.7397418], [76.842396, 28.7397309], [76.8423762, 28.7387496], [76.8417142, 28.7387599], [76.8417034, 28.7382257], [76.8390307, 28.7382673], [76.8390414, 28.7387939]]]}, "properties": {"landuse": "industrial"}}, {"type": "Feature", "geometry": {"type": "Polygon", "coordinates": [[[76.8376735, 28.735716], [76.8380088, 28.7356078], [76.8376306, 28.7346035], [76.8372497, 28.7347235], [76.8376735, 28.735716]]]}, "properties": {"landuse": "industrial"}}, {"type": "Feature", "geometry": {"type": "Polygon", "coordinates": [[[76.8365148, 28.7362028], [76.8363726, 28.7362404], [76.8364585, 28.736629], [76.8375984, 28.7366567], [76.8375796, 28.7357771], [76.8369842, 28.7342766], [76.8364182, 28.734453], [76.8365926, 28.7348881], [76.8361071, 28.7350598], [76.8365148, 28.7362028]]]}, "properties": {"landuse": "industrial"}}, {"type": "Feature", "geometry": {"type": "Polygon", "coordinates": [[[76.8273262, 28.7408476], [76.8279123, 28.7408454], [76.8279055, 28.7394766], [76.8273194, 28.7394789], [76.8273262, 28.7408476]]]}, "properties": {"landuse": "industrial"}}, {"type": "Feature", "geometry": {"type": "Polygon", "coordinates": [[[76.8122209, 28.7494572], [76.8123513, 28.7494559], [76.8130348, 28.7494487], [76.813056, 28.7510031], [76.8134549, 28.7509989], [76.8134486, 28.7505367], [76.8143878, 28.7505269], [76.8143733, 28.7494619], [76.8135267, 28.7487987], [76.8135324, 28.7492151], [76.8122178, 28.7492289], [76.8122209, 28.7494572]]]}, "properties": {"landuse": "industrial"}}, {"type": "Feature", "geometry": {"type": "Polygon", "coordinates": [[[76.8117022, 28.7510318], [76.813056, 28.7510031], [76.8130348, 28.7494487], [76.8123513, 28.7494559], [76.8123661, 28.7500012], [76.8116745, 28.7500157], [76.8117022, 28.7510318]]]}, "properties": {"landuse": "industrial"}}, {"type": "Feature", "geometry": {"type": "Polygon", "coordinates": [[[76.9455775, 28.3736895], [76.9456149, 28.3723992], [76.9449479, 28.3720476], [76.9449007, 28.3736743], [76.9455775, 28.3736895]]]}, "properties": {"landuse": "industrial"}}, {"type": "Feature", "geometry": {"type": "Polygon", "coordinates": [[[76.9479581, 28.3746511], [76.9479954, 28.3739144], [76.9476255, 28.3735073], [76.9463303, 28.3734486], [76.9462644, 28.3745743], [76.9479581, 28.3746511]]]}, "properties": {"landuse": "industrial"}}, {"type": "Feature", "geometry": {"type": "Polygon", "coordinates": [[[76.944092, 28.372358], [76.944104, 28.3721634], [76.9442779, 28.3721396], [76.9442832, 28.3720759], [76.9445166, 28.3720594], [76.9445246, 28.3715473], [76.9432801, 28.3703885], [76.9432646, 28.3704635], [76.9431511, 28.3723133], [76.944092, 28.372358]]]}, "properties": {"landuse": "industrial"}}, {"type": "Feature", "geometry": {"type": "Polygon", "coordinates": [[[76.924687, 28.43394], [76.9254434, 28.4344353], [76.9269079, 28.4353363], [76.9275409, 28.4357279], [76.9283616, 28.4361288], [76.9283831, 28.4355722], [76.9287854, 28.4355439], [76.9287693, 28.4344165], [76.9281256, 28.4344259], [76.9280451, 28.4327041], [76.9269133, 28.4334824], [76.9269025, 28.432355], [76.9263983, 28.4323361], [76.9264036, 28.4318031], [76.9248319, 28.4317748], [76.9248426, 28.4323456], [76.9249392, 28.4323503], [76.9250464, 28.4327513], [76.924231, 28.4330107], [76.923598, 28.4320295], [76.9227934, 28.4323125], [76.924687, 28.43394]]]}, "properties": {"landuse": "industrial"}}, {"type": "Feature", "geometry": {"type": "Polygon", "coordinates": [[[77.184596, 28.688173], [77.1847223, 28.6881325], [77.1846484, 28.6879838], [77.1845298, 28.6880298], [77.184596, 28.688173]]]}, "properties": {"landuse": "industrial"}}, {"type": "Feature", "geometry": {"type": "Polygon", "coordinates": [[[77.1986508, 28.6787955], [77.1985289, 28.6789239], [77.1997973, 28.6797085], [77.2012121, 28.6779252], [77.1997567, 28.6770905], [77.1984151, 28.6786029], [77.1986508, 28.6787955]]]}, "properties": {"landuse": "industrial"}}, {"type": "Feature", "geometry": {"type": "Polygon", "coordinates": [[[77.0998985, 28.8939437], [77.1005267, 28.8939389], [77.1005492, 28.896171], [77.100272, 28.8961732], [77.1002845, 28.8974119], [77.1002931, 28.8982725], [77.1020342, 28.8982591], [77.102035, 28.8983375], [77.1027258, 28.8983322], [77.102725, 28.8982589], [77.1034148, 28.8982536], [77.1034199, 28.8987664], [77.1047932, 28.8987558], [77.104799, 28.8993315], [77.1041214, 28.8993367], [77.104121, 28.8994207], [77.1041281, 28.8998767], [77.1043111, 28.8998746], [77.1043153, 28.900296], [77.1047223, 28.9002929], [77.1048403, 28.9004037], [77.1049262, 28.9006677], [77.1062819, 28.9006539], [77.1062854, 28.9009186], [77.1068944, 28.9009124], [77.1068873, 28.900377], [77.1075928, 28.9003698], [77.1082486, 28.9003631], [77.10825, 28.9004735], [77.1097354, 28.9004583], [77.1102154, 28.9003614], [77.1104461, 28.9001195], [77.1106151, 28.8996147], [77.1109959, 28.8975177], [77.1110523, 28.8966512], [77.1109503, 28.8959984], [77.1107465, 28.8956485], [77.1095395, 28.8937581], [77.1091801, 28.8929292], [77.1091372, 28.8927225], [77.1091532, 28.8923396], [77.1060585, 28.8923634], [77.1060626, 28.8927751], [77.1045601, 28.8927867], [77.1045573, 28.8925088], [77.103986, 28.8925132], [77.103978, 28.8917146], [77.1026045, 28.8917252], [77.1026021, 28.8914847], [77.1019245, 28.8914899], [77.1019303, 28.8920604], [77.1013561, 28.8920648], [77.1013587, 28.8923279], [77.101646, 28.8923257], [77.101651, 28.892819], [77.0998874, 28.8928325], [77.0998985, 28.8939437]]]}, "properties": {"landuse": "industrial"}}, {"type": "Feature", "geometry": {"type": "Polygon", "coordinates": [[[77.1031625, 28.8853362], [77.1044004, 28.8853232], [77.1043924, 28.8847431], [77.1031545, 28.8847561], [77.1031625, 28.8853362]]]}, "properties": {"landuse": "industrial"}}, {"type": "Feature", "geometry": {"type": "Polygon", "coordinates": [[[77.2965056, 28.3116067], [77.2990376, 28.311602], [77.2990268, 28.3111392], [77.2998047, 28.3111486], [77.2998851, 28.3108133], [77.299828, 28.3082641], [77.2998257, 28.3078088], [77.2997993, 28.305604], [77.296055, 28.305611], [77.2965056, 28.3116067]]]}, "properties": {"landuse": "industrial"}}, {"type": "Feature", "geometry": {"type": "Polygon", "coordinates": [[[77.2956347, 28.3482636], [77.295633, 28.348728], [77.2975998, 28.348296], [77.2976107, 28.3451302], [77.2951766, 28.3451237], [77.2951657, 28.3482623], [77.2956347, 28.3482636]]]}, "properties": {"landuse": "industrial"}}, {"type": "Feature", "geometry": {"type": "Polygon", "coordinates": [[[77.2929887, 28.300258], [77.2933854, 28.3002579], [77.2933856, 28.3011531], [77.2942078, 28.3011529], [77.2942073, 28.2989585], [77.2939803, 28.2989585], [77.2939802, 28.2987483], [77.2929884, 28.2991828], [77.2929887, 28.300258]]]}, "properties": {"landuse": "industrial"}}, {"type": "Feature", "geometry": {"type": "Polygon", "coordinates": [[[77.335899, 28.3895291], [77.3362121, 28.3863947], [77.3295107, 28.3859216], [77.329211, 28.38903], [77.335899, 28.3895291]]]}, "properties": {"landuse": "industrial"}}, {"type": "Feature", "geometry": {"type": "Polygon", "coordinates": [[[77.3362121, 28.3863947], [77.3366254, 28.3827438], [77.3298419, 28.3823027], [77.3295107, 28.3859216], [77.3362121, 28.3863947]]]}, "properties": {"landuse": "industrial"}}, {"type": "Feature", "geometry": {"type": "Polygon", "coordinates": [[[77.3116145, 28.3642167], [77.3116361, 28.3638501], [77.3116386, 28.3638084], [77.3122126, 28.363799], [77.3122133, 28.3638242], [77.312234, 28.364533], [77.3132613, 28.3645307], [77.3132694, 28.3653166], [77.3147137, 28.3651703], [77.3149609, 28.3623358], [77.3150733, 28.3609779], [77.3152918, 28.3585403], [77.3110901, 28.3586066], [77.3109113, 28.3610062], [77.3108075, 28.3623428], [77.3106675, 28.3641936], [77.3116145, 28.3642167]]]}, "properties": {"landuse": "industrial"}}, {"type": "Feature", "geometry": {"type": "Polygon", "coordinates": [[[77.2394282, 28.6911006], [77.2398519, 28.6917782], [77.2418046, 28.6908041], [77.2424108, 28.6904418], [77.2420943, 28.6894818], [77.2415203, 28.6889783], [77.2386932, 28.6904653], [77.2394282, 28.6911006]]]}, "properties": {"landuse": "industrial"}}, {"type": "Feature", "geometry": {"type": "Polygon", "coordinates": [[[76.9985819, 28.6225197], [76.9991076, 28.6242996], [76.9996118, 28.6255333], [76.999923, 28.6262961], [77.0010978, 28.6263196], [77.0011246, 28.6251848], [77.0031577, 28.6251095], [77.0051841, 28.6240924], [77.0051265, 28.621034], [76.9983888, 28.6210787], [76.9985819, 28.6225197]]]}, "properties": {"landuse": "industrial"}}, {"type": "Feature", "geometry": {"type": "Polygon", "coordinates": [[[76.9917744, 28.6220629], [76.9921634, 28.6220464], [76.9926542, 28.6230753], [76.9938529, 28.6242258], [76.9980472, 28.6240859], [76.997273, 28.6214037], [76.9962269, 28.6214178], [76.9962162, 28.620217], [76.9957066, 28.6202358], [76.9957012, 28.621187], [76.9948965, 28.6212012], [76.9948965, 28.6203441], [76.993475, 28.6204007], [76.991415, 28.6215732], [76.9917744, 28.6220629]]]}, "properties": {"landuse": "industrial"}}, {"type": "Feature", "geometry": {"type": "Polygon", "coordinates": [[[77.2494784, 28.621891], [77.249819, 28.6226421], [77.2501945, 28.6228257], [77.2504306, 28.6230941], [77.2498941, 28.6242572], [77.2495347, 28.6255568], [77.2506505, 28.6255898], [77.2507954, 28.6252366], [77.2508814, 28.6248706], [77.2509187, 28.6243655], [77.2510556, 28.6241583], [77.2512245, 28.6231], [77.250967, 28.6225903], [77.2513519, 28.6222736], [77.2515115, 28.6219723], [77.2516256, 28.6215661], [77.2505727, 28.6215167], [77.2500497, 28.6215261], [77.2494275, 28.6215426], [77.2494784, 28.621891]]]}, "properties": {"landuse": "industrial"}}, {"type": "Feature", "geometry": {"type": "Polygon", "coordinates": [[[76.8601145, 28.2981117], [76.8616512, 28.2980908], [76.861632, 28.2969925], [76.8600953, 28.2970134], [76.8601145, 28.2981117]]]}, "properties": {"landuse": "industrial"}}, {"type": "Feature", "geometry": {"type": "Polygon", "coordinates": [[[77.040309, 28.7960648], [77.0407287, 28.7963527], [77.0415023, 28.7956618], [77.0411665, 28.7951518], [77.0410923, 28.7950304], [77.0408485, 28.794655], [77.0399249, 28.7958081], [77.040309, 28.7960648]]]}, "properties": {"landuse": "industrial"}}, {"type": "Feature", "geometry": {"type": "Polygon", "coordinates": [[[77.108307, 28.5484294], [77.1092965, 28.5482103], [77.1090782, 28.5474219], [77.1087464, 28.5469536], [77.107935, 28.5471332], [77.108307, 28.5484294]]]}, "properties": {"landuse": "industrial"}}, {"type": "Feature", "geometry": {"type": "Polygon", "coordinates": [[[77.1251398, 28.5553818], [77.125145, 28.5554679], [77.1275408, 28.5555614], [77.1273327, 28.5548045], [77.1270694, 28.5548674], [77.1270151, 28.554692], [77.1250746, 28.5551555], [77.1251398, 28.5553818]]]}, "properties": {"landuse": "industrial"}}, {"type": "Feature", "geometry": {"type": "Polygon", "coordinates": [[[76.7116284, 28.1743608], [76.7114138, 28.1745877], [76.7109418, 28.1745877], [76.7108989, 28.1773115], [76.7116499, 28.1773115], [76.7117142, 28.1755713], [76.71283, 28.1756092], [76.7151046, 28.1747769], [76.7168855, 28.1737744], [76.7191815, 28.1736987], [76.7191815, 28.1728854], [76.7196965, 28.1728854], [76.7196965, 28.1701426], [76.7187524, 28.1701426], [76.7187094, 28.1720531], [76.7164564, 28.1721855], [76.7163491, 28.1712397], [76.7151046, 28.1712586], [76.7150402, 28.1729043], [76.7106199, 28.1728664], [76.7116284, 28.1743608]]]}, "properties": {"landuse": "industrial"}}, {"type": "Feature", "geometry": {"type": "Polygon", "coordinates": [[[76.6986465, 28.1692157], [76.6986465, 28.1687239], [76.699934, 28.168705], [76.699934, 28.1663404], [76.69815895812475, 28.167062622513033], [76.69815895812475, 28.168854101032604], [76.6986465, 28.1692157]]]}, "properties": {"landuse": "industrial"}}, {"type": "Feature", "geometry": {"type": "Polygon", "coordinates": [[[76.9312262, 28.1450759], [76.9332862, 28.1489167], [76.9362259, 28.1472328], [76.9374275, 28.1466842], [76.9375348, 28.1453976], [76.9385004, 28.143865], [76.9355607, 28.1422946], [76.9346595, 28.1419351], [76.9340586, 28.1419351], [76.9303465, 28.1419351], [76.9312262, 28.1450759]]]}, "properties": {"landuse": "industrial"}}, {"type": "Feature", "geometry": {"type": "Polygon", "coordinates": [[[76.970365, 28.3505905], [76.9707405, 28.3519595], [76.972897, 28.3513647], [76.9741094, 28.3510153], [76.9764805, 28.351072], [76.9801497, 28.3511475], [76.9801497, 28.3519407], [76.9835186, 28.3517896], [76.9835615, 28.3526771], [76.9882178, 28.3522995], [76.9889474, 28.3513741], [76.9888401, 28.3498445], [76.9882822, 28.3492969], [76.9875848, 28.3480789], [76.9863617, 28.3479844], [76.9845593, 28.3476445], [76.9834006, 28.3475123], [76.983422, 28.3479089], [76.9809008, 28.3480883], [76.9800103, 28.3470119], [76.9790876, 28.346908], [76.9762015, 28.3474651], [76.9762605, 28.3490089], [76.9758689, 28.3490561], [76.9743937, 28.349448], [76.9739377, 28.3491505], [76.9734549, 28.3493299], [76.9725001, 28.3484565], [76.972307, 28.3475406], [76.9705796, 28.3477861], [76.9709444, 28.349939], [76.9702792, 28.3500711], [76.970365, 28.3505905]]]}, "properties": {"landuse": "industrial"}}, {"type": "Feature", "geometry": {"type": "Polygon", "coordinates": [[[77.0495438, 28.3010745], [77.0496082, 28.3049097], [77.0507669, 28.3042768], [77.0517218, 28.3040028], [77.0531165, 28.3030016], [77.0545542, 28.3024159], [77.05832, 28.301509], [77.0584917, 28.3013107], [77.0589852, 28.2987884], [77.0594466, 28.2970408], [77.0573544, 28.2977493], [77.0569038, 28.2978154], [77.0569897, 28.2939895], [77.0509171, 28.2938761], [77.0507562, 28.29603], [77.0495009, 28.2960772], [77.049458, 28.2971258], [77.0500696, 28.2971164], [77.0500266, 28.2998276], [77.0492434, 28.2999787], [77.0495438, 28.3010745]]]}, "properties": {"landuse": "industrial"}}, {"type": "Feature", "geometry": {"type": "Polygon", "coordinates": [[[77.0570282, 28.219498], [77.0578363, 28.2189459], [77.058835, 28.2183779], [77.0586716, 28.2179698], [77.0599428, 28.2172978], [77.0563835, 28.2119532], [77.0547038, 28.2128653], [77.0552485, 28.2137374], [77.0544041, 28.2140335], [77.0538049, 28.2144335], [77.0570282, 28.219498]]]}, "properties": {"landuse": "industrial"}}, {"type": "Feature", "geometry": {"type": "Polygon", "coordinates": [[[77.0603695, 28.2175138], [77.0618495, 28.2130893], [77.0563654, 28.2116492], [77.0563563, 28.2117292], [77.0603695, 28.2175138]]]}, "properties": {"landuse": "industrial"}}, {"type": "Feature", "geometry": {"type": "Polygon", "coordinates": [[[76.9220366, 28.2570916], [76.9221782, 28.2575592], [76.922886, 28.2581516], [76.9236293, 28.258136], [76.9243725, 28.2576683], [76.9244079, 28.257154], [76.9252396, 28.2571072], [76.9252573, 28.2559381], [76.926673, 28.2558758], [76.9267261, 28.2566084], [76.9275401, 28.2565928], [76.9275047, 28.2542547], [76.9277348, 28.2542391], [76.9272039, 28.2536623], [76.9249565, 28.2536935], [76.9233191, 28.253747], [76.9233273, 28.2532589], [76.9229089, 28.2530489], [76.9203201, 28.2559537], [76.9220366, 28.2570916]]]}, "properties": {"landuse": "industrial"}}, {"type": "Feature", "geometry": {"type": "Polygon", "coordinates": [[[77.0054752, 28.1003623], [77.0078731, 28.1004191], [77.0077443, 28.0995579], [77.0068431, 28.0995816], [77.0068216, 28.0997519], [77.0062905, 28.0997519], [77.0061618, 28.0999365], [77.0054752, 28.0999081], [77.0054752, 28.1003623]]]}, "properties": {"landuse": "industrial"}}, {"type": "Feature", "geometry": {"type": "Polygon", "coordinates": [[[77.0191812, 28.2318855], [77.0204472, 28.2318666], [77.0205331, 28.2343053], [77.0224428, 28.2343998], [77.0225286, 28.2334924], [77.022829, 28.2335113], [77.0228505, 28.2321691], [77.0224428, 28.2311104], [77.0211768, 28.231394], [77.0211553, 28.2304298], [77.0191812, 28.2304109], [77.0191812, 28.2318855]]]}, "properties": {"landuse": "industrial"}}, {"type": "Feature", "geometry": {"type": "Polygon", "coordinates": [[[77.3246419, 28.2035075], [77.325055, 28.2035075], [77.3250523, 28.2039378], [77.3254359, 28.2039378], [77.3254278, 28.2034863], [77.3273215, 28.2034721], [77.3273456, 28.2034508], [77.3292124, 28.2034437], [77.3292178, 28.2044436], [77.3274448, 28.204453], [77.3276058, 28.2047982], [77.3272866, 28.2050251], [77.3279276, 28.2055522], [77.3277211, 28.2057295], [77.3285472, 28.20572], [77.3285419, 28.2057649], [77.3289496, 28.2057602], [77.3289576, 28.2062211], [77.3324821, 28.2062116], [77.3324994, 28.2058299], [77.3325491, 28.2058299], [77.3330533, 28.2030561], [77.3338366, 28.1987161], [77.3341101, 28.1971391], [77.3332703, 28.1971397], [77.333271, 28.1980607], [77.3316571, 28.1980618], [77.331636, 28.1986095], [77.3308277, 28.198584], [77.3308185, 28.2005052], [77.330002, 28.2005058], [77.3300026, 28.20123], [77.3299191, 28.20123], [77.3299193, 28.2014874], [77.3291658, 28.2014879], [77.329176, 28.2007793], [77.3275088, 28.2007874], [77.3275283, 28.1987386], [77.3274207, 28.198735], [77.327359, 28.1987338], [77.3272786, 28.1985979], [77.3267233, 28.1989064], [77.3267287, 28.198826], [77.3260286, 28.199177], [77.3260421, 28.1992503], [77.3258945, 28.1993118], [77.3258972, 28.1998815], [77.3257095, 28.1998838], [77.3257175, 28.2003306], [77.3258972, 28.2003282], [77.3259026, 28.2007774], [77.3265865, 28.2007845], [77.3267233, 28.2010445], [77.326836, 28.2010374], [77.3275763, 28.2023127], [77.3274636, 28.2026022], [77.3246419, 28.2026093], [77.3246419, 28.2035075]]]}, "properties": {"landuse": "industrial"}}, {"type": "Feature", "geometry": {"type": "Polygon", "coordinates": [[[77.1422088, 28.4908482], [77.1454436, 28.4920411], [77.1454436, 28.4917818], [77.1454005, 28.4878667], [77.145119, 28.4869373], [77.145119, 28.48652], [77.1450922, 28.4862536], [77.1448703, 28.485775], [77.144594, 28.4838821], [77.1440372, 28.4825072], [77.1438741, 28.4812209], [77.1402339, 28.48261], [77.1365518, 28.4847883], [77.1350688, 28.485676], [77.1350902, 28.4868878], [77.1347845, 28.4872084], [77.1422088, 28.4908482]]]}, "properties": {"landuse": "industrial"}}, {"type": "Feature", "geometry": {"type": "Polygon", "coordinates": [[[76.7924273, 28.0994396], [76.7916548, 28.0997992], [76.7919338, 28.102222], [76.792717, 28.102222], [76.7927384, 28.1028845], [76.7884362, 28.1048341], [76.7895734, 28.1080328], [76.7899597, 28.1093103], [76.7919445, 28.1094428], [76.7936611, 28.109651], [76.7979097, 28.1102945], [76.7989826, 28.1106352], [76.799798, 28.1106541], [76.8003774, 28.1104933], [76.8046474, 28.1102094], [76.8046904, 28.1103513], [76.8157089, 28.1098308], [76.819936, 28.1097551], [76.8198287, 28.1090643], [76.8207943, 28.1089034], [76.820215, 28.1078057], [76.8219638, 28.106935], [76.8216634, 28.1064997], [76.8195283, 28.1074177], [76.8187451, 28.1062252], [76.8194961, 28.1058088], [76.8185413, 28.1048246], [76.8172645, 28.1041527], [76.816417, 28.1037931], [76.8163526, 28.1035943], [76.8159985, 28.1033672], [76.8146574, 28.1003198], [76.8153226, 28.0998466], [76.81514465050981, 28.099302087258632], [76.79256757316618, 28.099302087258632], [76.7924273, 28.0994396]]]}, "properties": {"landuse": "industrial"}}, {"type": "Feature", "geometry": {"type": "Polygon", "coordinates": [[[77.171811, 28.7297228], [77.1722191, 28.7291721], [77.171768, 28.728915], [77.1715773, 28.7291723], [77.1713598, 28.7294657], [77.171811, 28.7297228]]]}, "properties": {"landuse": "industrial"}}, {"type": "Feature", "geometry": {"type": "Polygon", "coordinates": [[[76.8536755, 28.7253413], [76.8539223, 28.7254636], [76.854338, 28.7264774], [76.8555424, 28.7257717], [76.8552232, 28.7247039], [76.8542549, 28.7246145], [76.8541101, 28.7242334], [76.8532652, 28.7246921], [76.8536755, 28.7253413]]]}, "properties": {"landuse": "industrial"}}, {"type": "Feature", "geometry": {"type": "Polygon", "coordinates": [[[77.1392908, 28.8099633], [77.141677, 28.8099509], [77.1417123, 28.8112932], [77.1423547, 28.8112932], [77.1423829, 28.8120293], [77.1425982, 28.8120262], [77.1426053, 28.8136654], [77.1433642, 28.8136469], [77.1426653, 28.815951], [77.1471975, 28.8158891], [77.1471128, 28.8111324], [77.1464281, 28.8111324], [77.1463963, 28.8090323], [77.1456833, 28.8090323], [77.1457009, 28.806193], [77.1464528, 28.8061868], [77.1464598, 28.8046898], [77.1442784, 28.8038052], [77.144289, 28.8045785], [77.1435442, 28.8045908], [77.1435548, 28.805129], [77.1429724, 28.8051569], [77.1429724, 28.8057074], [77.1420758, 28.8057012], [77.140498, 28.8073529], [77.1408722, 28.80739], [77.1408934, 28.8089241], [77.1392414, 28.8089488], [77.1392908, 28.8099633]]]}, "properties": {"landuse": "industrial"}}, {"type": "Feature", "geometry": {"type": "Polygon", "coordinates": [[[77.1673518, 28.7334005], [77.1675879, 28.7330736], [77.1672526, 28.7328901], [77.1670152, 28.7332159], [77.1673518, 28.7334005]]]}, "properties": {"landuse": "industrial"}}, {"type": "Feature", "geometry": {"type": "Polygon", "coordinates": [[[77.1795709, 28.7245264], [77.1797739, 28.7245715], [77.1798702, 28.7245905], [77.1799798, 28.7246115], [77.180234, 28.724661], [77.1807456, 28.7243854], [77.1810025, 28.724247], [77.181294, 28.72409], [77.1804107, 28.7238126], [77.1795651, 28.7242761], [77.1795709, 28.7245264]]]}, "properties": {"landuse": "industrial"}}, {"type": "Feature", "geometry": {"type": "Polygon", "coordinates": [[[77.1792394, 28.7212838], [77.1796739, 28.723175], [77.179867, 28.7234431], [77.1798134, 28.7236125], [77.1804107, 28.7238126], [77.181294, 28.72409], [77.180234, 28.724661], [77.1810574, 28.7248392], [77.1811277, 28.7248544], [77.1814421, 28.7248822], [77.1812986, 28.7231091], [77.1817722, 28.7230945], [77.1815729, 28.7209921], [77.1814311, 28.7190068], [77.181331, 28.7189528], [77.1811485, 28.7191855], [77.180376, 28.7190386], [77.1800627, 28.7188273], [77.1800313, 28.7188062], [77.1798892, 28.7190161], [77.1787995, 28.720116], [77.1785973, 28.720326], [77.1785294, 28.7203615], [77.1792394, 28.7212838]]]}, "properties": {"landuse": "industrial"}}, {"type": "Feature", "geometry": {"type": "Polygon", "coordinates": [[[77.092073, 28.5336589], [77.0921695, 28.5342433], [77.0920247, 28.5342716], [77.0922822, 28.5346628], [77.092883, 28.5346109], [77.0932102, 28.5344318], [77.0935589, 28.5349549], [77.0932692, 28.5351058], [77.0931351, 28.5351717], [77.0937842, 28.5351764], [77.0937842, 28.5349974], [77.0944279, 28.5349738], [77.0945567, 28.534413], [77.094546, 28.5339558], [77.0945406, 28.5335694], [77.0941275, 28.5335694], [77.0941329, 28.533051], [77.0943904, 28.5330415], [77.0944333, 28.5324854], [77.0944816, 28.5321744], [77.0927757, 28.5321697], [77.0927757, 28.5325184], [77.0922071, 28.5325326], [77.0920891, 28.5325938], [77.0922285, 28.53282], [77.0921159, 28.5329756], [77.0920408, 28.5334139], [77.0919442, 28.5334657], [77.092073, 28.5336589]]]}, "properties": {"landuse": "industrial"}}, {"type": "Feature", "geometry": {"type": "Polygon", "coordinates": [[[77.0932263, 28.5358032], [77.0941973, 28.5357891], [77.0941919, 28.5352707], [77.0931244, 28.5352848], [77.0932263, 28.5358032]]]}, "properties": {"landuse": "industrial"}}, {"type": "Feature", "geometry": {"type": "Polygon", "coordinates": [[[77.0944655, 28.5373914], [77.0952433, 28.5372548], [77.0952594, 28.5352754], [77.0943314, 28.5352801], [77.0946372, 28.5361803], [77.0941865, 28.5363688], [77.0944655, 28.5373914]]]}, "properties": {"landuse": "industrial"}}, {"type": "Feature", "geometry": {"type": "Polygon", "coordinates": [[[77.099036, 28.5365573], [77.1017933, 28.5360342], [77.1017348, 28.5351517], [77.0989823, 28.5352236], [77.099036, 28.5365573]]]}, "properties": {"landuse": "industrial"}}, {"type": "Feature", "geometry": {"type": "Polygon", "coordinates": [[[77.0853996, 28.8416476], [77.0866656, 28.8420423], [77.0872557, 28.8411589], [77.0904744, 28.8324089], [77.088629, 28.8318826], [77.0877814, 28.8339597], [77.0850778, 28.8414314], [77.0853996, 28.8416476]]]}, "properties": {"landuse": "industrial"}}, {"type": "Feature", "geometry": {"type": "Polygon", "coordinates": [[[77.0880711, 28.8423806], [77.0881569, 28.8420094], [77.0886451, 28.8420705], [77.0887256, 28.8415489], [77.0901203, 28.8417463], [77.0911074, 28.8390443], [77.091735, 28.8372821], [77.0918959, 28.8366524], [77.0894022, 28.8360903], [77.0871162, 28.8421833], [77.0880711, 28.8423806]]]}, "properties": {"landuse": "industrial"}}, {"type": "Feature", "geometry": {"type": "Polygon", "coordinates": [[[77.1094537, 28.8170125], [77.1092284, 28.8173791], [77.1113741, 28.8186388], [77.1114707, 28.8180371], [77.1149576, 28.8180747], [77.1162734, 28.8183036], [77.118929, 28.8073188], [77.1139958, 28.8062175], [77.1131122, 28.8080255], [77.1129513, 28.8087682], [77.1126079, 28.8093511], [77.1111381, 28.811156], [77.1104729, 28.8116449], [77.1091103, 28.8123311], [77.1090674, 28.8126037], [77.1094537, 28.8170125]]]}, "properties": {"landuse": "industrial"}}, {"type": "Feature", "geometry": {"type": "Polygon", "coordinates": [[[77.137362, 28.8088222], [77.1410094, 28.8057522], [77.1401918, 28.8057505], [77.1402454, 28.8042933], [77.1411466, 28.8042557], [77.1411359, 28.8026198], [77.1405887, 28.8026668], [77.139709, 28.8030053], [77.138561, 28.8031933], [77.1371233, 28.8088528], [77.137362, 28.8088222]]]}, "properties": {"landuse": "industrial"}}, {"type": "Feature", "geometry": {"type": "Polygon", "coordinates": [[[77.1362597, 28.8090468], [77.138046, 28.8031745], [77.1378986, 28.8031231], [77.1350105, 28.8060134], [77.1326905, 28.809111], [77.1362597, 28.8090468]]]}, "properties": {"landuse": "industrial"}}, {"type": "Feature", "geometry": {"type": "Polygon", "coordinates": [[[77.1401811, 28.8015104], [77.1402669, 28.8012566], [77.1408141, 28.8010403], [77.140857, 28.7997899], [77.1409106, 28.7994797], [77.1423375, 28.7995643], [77.1429288, 28.799633], [77.1429929, 28.7988867], [77.1397519, 28.7986429], [77.1396446, 28.7988309], [77.1393871, 28.8008429], [77.1387434, 28.8026198], [77.1401811, 28.8015104]]]}, "properties": {"landuse": "industrial"}}, {"type": "Feature", "geometry": {"type": "Polygon", "coordinates": [[[77.1434418, 28.7936642], [77.1434538, 28.7935251], [77.1431047, 28.7924704], [77.1424878, 28.7912716], [77.141313, 28.7896919], [77.1408478, 28.7882821], [77.1406692, 28.7882298], [77.1400845, 28.7935752], [77.1434418, 28.7936642]]]}, "properties": {"landuse": "industrial"}}, {"type": "Feature", "geometry": {"type": "Polygon", "coordinates": [[[77.1293664, 28.7891748], [77.1293783, 28.7900878], [77.1323061, 28.790068], [77.1323801, 28.7927148], [77.1324046, 28.7949627], [77.1330623, 28.7949745], [77.1331966, 28.7948398], [77.1333361, 28.7946564], [77.1339476, 28.7929922], [77.1351707, 28.7929264], [77.1362114, 28.7929264], [77.1370911, 28.7927666], [77.1371555, 28.7932931], [77.1394944, 28.7932555], [77.1396446, 28.792146], [77.1400407, 28.7888253], [77.1359432, 28.7888457], [77.1358788, 28.7878866], [77.1401596, 28.787802], [77.1402879, 28.7867528], [77.1406995, 28.7827555], [77.1344108, 28.7831655], [77.1319735, 28.7846802], [77.131319, 28.7851503], [77.1335184, 28.7851879], [77.1334755, 28.7856957], [77.1321773, 28.7857333], [77.1322095, 28.7867959], [77.1309006, 28.7868429], [77.1308577, 28.7884884], [77.1293986, 28.7885072], [77.1275961, 28.7885166], [77.1275639, 28.7890713], [77.1293664, 28.7891748]]]}, "properties": {"landuse": "industrial"}}, {"type": "Feature", "geometry": {"type": "Polygon", "coordinates": [[[77.0526767, 28.7966215], [77.0525586, 28.7967061], [77.0532882, 28.7974488], [77.0530307, 28.7976463], [77.0544595, 28.799012], [77.0559865, 28.7978014], [77.0560563, 28.7978578], [77.0564049, 28.7975758], [77.0558792, 28.7970634], [77.0567375, 28.7963864], [77.0572096, 28.7968518], [77.0582074, 28.7961467], [77.0552248, 28.7953663], [77.0546025, 28.7958364], [77.0537388, 28.7950231], [77.0518398, 28.7945624], [77.051357, 28.7949291], [77.0512497, 28.7947975], [77.0510566, 28.7949667], [77.0526767, 28.7966215]]]}, "properties": {"landuse": "industrial"}}, {"type": "Feature", "geometry": {"type": "Polygon", "coordinates": [[[77.045515, 28.8004809], [77.0462942, 28.8020211], [77.0464218, 28.8023472], [77.0476985, 28.8044061], [77.054286, 28.7993856], [77.052741, 28.7978155], [77.0524192, 28.7980036], [77.0517325, 28.7973078], [77.0520008, 28.7970446], [77.0486319, 28.7937162], [77.04831, 28.7939418], [77.0480092, 28.7937477], [77.0467135, 28.7954531], [77.0452024, 28.7974333], [77.0464218, 28.7986711], [77.0451067, 28.799741], [77.045515, 28.8004809]]]}, "properties": {"landuse": "industrial"}}, {"type": "Feature", "geometry": {"type": "Polygon", "coordinates": [[[77.1443868, 28.7398411], [77.1446872, 28.7397894], [77.14495, 28.7395401], [77.1458191, 28.740208], [77.1453524, 28.7408336], [77.1458566, 28.7412287], [77.1458673, 28.7419154], [77.1471602, 28.7419577], [77.1475142, 28.7416237], [77.1476483, 28.7415062], [77.1496654, 28.7429313], [77.1520579, 28.7403632], [77.1523422, 28.7405466], [77.1529055, 28.7407912], [77.1532273, 28.7405655], [77.1535277, 28.7398928], [77.1541232, 28.7378609], [77.1541607, 28.7373811], [77.1492737, 28.7340226], [77.1441936, 28.7397188], [77.1443868, 28.7398411]]]}, "properties": {"landuse": "industrial"}}, {"type": "Feature", "geometry": {"type": "Polygon", "coordinates": [[[77.1311045, 28.8699787], [77.1313405, 28.8700256], [77.1313512, 28.8712564], [77.1310937, 28.8712658], [77.1312117, 28.8742253], [77.1332824, 28.8741971], [77.1333039, 28.8760479], [77.1464896, 28.875907], [77.1464789, 28.8749393], [77.1459317, 28.8747514], [77.1458207, 28.8745669], [77.1448703, 28.8718361], [77.1408311, 28.8719141], [77.1405935, 28.868689], [77.13896, 28.868741], [77.13896, 28.8667123], [77.1454466, 28.8664992], [77.1455306, 28.8675291], [77.1480508, 28.8674923], [77.1480718, 28.8628943], [77.1429895, 28.8630599], [77.1429475, 28.8611654], [77.141282, 28.8615849], [77.1412754, 28.8623211], [77.139827, 28.8623681], [77.1398163, 28.8629412], [77.1392798, 28.863458], [77.1390545, 28.8634392], [77.13781, 28.8634111], [77.1377885, 28.8628755], [77.134645, 28.8628755], [77.1335935, 28.863054], [77.1336579, 28.8640688], [77.1310294, 28.8641158], [77.1311045, 28.8699787]]]}, "properties": {"landuse": "industrial"}}, {"type": "Feature", "geometry": {"type": "Polygon", "coordinates": [[[77.1332185, 28.8627043], [77.1330769, 28.8618276], [77.1308298, 28.8620299], [77.1270916, 28.8605033], [77.1270856, 28.857514], [77.1249621, 28.857527], [77.123864, 28.8637126], [77.1332185, 28.8627043]]]}, "properties": {"landuse": "industrial"}}, {"type": "Feature", "geometry": {"type": "Polygon", "coordinates": [[[77.1301067, 28.8760479], [77.1301174, 28.8751366], [77.1292055, 28.875146], [77.1292269, 28.8736146], [77.1303642, 28.8735677], [77.1302891, 28.8723181], [77.1304017, 28.8723157], [77.1302837, 28.870082], [77.1307933, 28.8700679], [77.1306753, 28.8645574], [77.1282077, 28.8645292], [77.1282828, 28.8636741], [77.1238046, 28.8640471], [77.1221406, 28.8734192], [77.1210916, 28.8762414], [77.1301067, 28.8760479]]]}, "properties": {"landuse": "industrial"}}, {"type": "Feature", "geometry": {"type": "Polygon", "coordinates": [[[77.1312532, 28.8867401], [77.1326339, 28.887414], [77.1340892, 28.887466], [77.142821, 28.8831491], [77.1445436, 28.8830971], [77.1497412, 28.8850215], [77.1495415, 28.8780109], [77.1481311, 28.878049], [77.1481526, 28.8775135], [77.1465754, 28.8775041], [77.1465862, 28.8764049], [77.1381318, 28.8765271], [77.1382499, 28.8820699], [77.1379375, 28.8820721], [77.1311922, 28.8820779], [77.1312532, 28.8867401]]]}, "properties": {"landuse": "industrial"}}, {"type": "Feature", "geometry": {"type": "Polygon", "coordinates": [[[77.1205162, 28.8835912], [77.1264562, 28.8835652], [77.1308222, 28.8865298], [77.1307665, 28.8784436], [77.1297634, 28.8784389], [77.1297687, 28.8777014], [77.1301871, 28.8777061], [77.1301818, 28.8766304], [77.1238893, 28.8767103], [77.1238893, 28.8765928], [77.1209377, 28.8766553], [77.1190675, 28.8816867], [77.1188581, 28.8822437], [77.1185182, 28.8831594], [77.1205162, 28.8835912]]]}, "properties": {"landuse": "industrial"}}, {"type": "Feature", "geometry": {"type": "Polygon", "coordinates": [[[77.1517897, 28.8023284], [77.1518326, 28.8043779], [77.1545684, 28.8043309], [77.1545255, 28.8017267], [77.1519613, 28.8017361], [77.1518326, 28.8020087], [77.1515643, 28.8023284], [77.1517897, 28.8023284]]]}, "properties": {"landuse": "industrial"}}, {"type": "Feature", "geometry": {"type": "Polygon", "coordinates": [[[77.1464118, 28.8089139], [77.1477207, 28.8089092], [77.1477342, 28.8067282], [77.1464038, 28.8067282], [77.1464118, 28.8089139]]]}, "properties": {"landuse": "industrial"}}, {"type": "Feature", "geometry": {"type": "Polygon", "coordinates": [[[77.1476376, 28.8115885], [77.1483672, 28.8115979], [77.1484423, 28.8132336], [77.1492576, 28.8132336], [77.1492684, 28.8127165], [77.1506524, 28.8126789], [77.1506739, 28.8115979], [77.1512425, 28.8115227], [77.1512747, 28.813243], [77.1520257, 28.8132242], [77.1519935, 28.813713], [77.1540642, 28.8136754], [77.1541071, 28.8131866], [77.1555984, 28.8131584], [77.1564674, 28.8113722], [77.153635, 28.8085802], [77.1528411, 28.8081666], [77.1518004, 28.8077247], [77.1506631, 28.8071418], [77.1506846, 28.8088716], [77.1484796, 28.8088996], [77.1484798, 28.8110714], [77.1476161, 28.8111184], [77.1476376, 28.8115885]]]}, "properties": {"landuse": "industrial"}}, {"type": "Feature", "geometry": {"type": "Polygon", "coordinates": [[[77.1704256, 28.7579813], [77.1705866, 28.7564811], [77.1696907, 28.7563964], [77.1696693, 28.7568573], [77.1695352, 28.7568573], [77.1695191, 28.757953], [77.1704256, 28.7579813]]]}, "properties": {"landuse": "industrial"}}, {"type": "Feature", "geometry": {"type": "Polygon", "coordinates": [[[77.1787566, 28.7732735], [77.1788263, 28.7736779], [77.1788692, 28.7750603], [77.1792716, 28.775065], [77.1792072, 28.7736497], [77.1792716, 28.7728033], [77.1793359, 28.7713363], [77.1794486, 28.7705604], [77.1796417, 28.7701372], [77.180264, 28.7692767], [77.1796417, 28.7692579], [77.1790785, 28.7701184], [77.1787727, 28.7709507], [77.1787244, 28.7712422], [77.1787566, 28.7732735]]]}, "properties": {"landuse": "industrial"}}, {"type": "Feature", "geometry": {"type": "Polygon", "coordinates": [[[77.1822971, 28.7664835], [77.1834236, 28.7646637], [77.1828711, 28.7646073], [77.1816963, 28.7664365], [77.1822971, 28.7664835]]]}, "properties": {"landuse": "industrial"}}, {"type": "Feature", "geometry": {"type": "Polygon", "coordinates": [[[77.1901452, 28.7583246], [77.1910196, 28.7583481], [77.1909928, 28.7576333], [77.1911377, 28.7576286], [77.1911269, 28.757163], [77.1901184, 28.7571959], [77.1901452, 28.7583246]]]}, "properties": {"landuse": "industrial"}}, {"type": "Feature", "geometry": {"type": "Polygon", "coordinates": [[[77.195633, 28.7592933], [77.1966684, 28.7586961], [77.1969581, 28.7586114], [77.1965235, 28.7579436], [77.1953648, 28.7581365], [77.1949249, 28.7582775], [77.195633, 28.7592933]]]}, "properties": {"landuse": "industrial"}}, {"type": "Feature", "geometry": {"type": "Polygon", "coordinates": [[[77.1901935, 28.7602856], [77.1907461, 28.7600363], [77.1916687, 28.7596601], [77.1936804, 28.7587243], [77.1936858, 28.7584139], [77.192468, 28.7585174], [77.1901506, 28.7585268], [77.1901935, 28.7602856]]]}, "properties": {"landuse": "industrial"}}, {"type": "Feature", "geometry": {"type": "Polygon", "coordinates": [[[77.1918994, 28.758334], [77.1941256, 28.7582446], [77.1946889, 28.7581459], [77.1944153, 28.7574687], [77.1937072, 28.7576333], [77.1918619, 28.7576427], [77.1918994, 28.758334]]]}, "properties": {"landuse": "industrial"}}, {"type": "Feature", "geometry": {"type": "Polygon", "coordinates": [[[77.0299798, 28.5418212], [77.0305431, 28.5418118], [77.0305592, 28.5420286], [77.0312136, 28.5420239], [77.0319102, 28.5420144], [77.032603, 28.542005], [77.0324796, 28.53889], [77.0313209, 28.539121], [77.0299047, 28.5393613], [77.0299798, 28.5418212]]]}, "properties": {"landuse": "industrial"}}, {"type": "Feature", "geometry": {"type": "Polygon", "coordinates": [[[77.0272332, 28.548018], [77.0272976, 28.5480792], [77.031337, 28.5479991], [77.0361006, 28.5479944], [77.0360202, 28.5425894], [77.0346951, 28.5426176], [77.0333111, 28.5426082], [77.0333272, 28.543645], [77.0333379, 28.545332], [77.033397, 28.5458126], [77.0298833, 28.5458786], [77.0298296, 28.5433811], [77.0298243, 28.5427402], [77.0295721, 28.5426742], [77.0271313, 28.5426883], [77.0272332, 28.548018]]]}, "properties": {"landuse": "industrial"}}, {"type": "Feature", "geometry": {"type": "Polygon", "coordinates": [[[77.0538676, 28.5550672], [77.054522, 28.5554441], [77.055273, 28.5535122], [77.0540929, 28.5534463], [77.0533526, 28.553173], [77.0527732, 28.553729], [77.052269, 28.5541436], [77.0520329, 28.554351], [77.0538676, 28.5550672]]]}, "properties": {"landuse": "industrial"}}, {"type": "Feature", "geometry": {"type": "Polygon", "coordinates": [[[76.9120216, 28.5364536], [76.9140065, 28.5364725], [76.912601, 28.5391398], [76.9147038, 28.5391398], [76.9146931, 28.5385837], [76.9154012, 28.5385366], [76.9154119, 28.5380276], [76.9160771, 28.5380088], [76.9160342, 28.5369343], [76.9151866, 28.5369343], [76.9151974, 28.5364065], [76.9153905, 28.5364065], [76.915369, 28.5358692], [76.9166779, 28.5358127], [76.9166779, 28.5342198], [76.9160128, 28.534248], [76.9160235, 28.5347476], [76.9151866, 28.5347759], [76.9153368, 28.5342198], [76.9119465, 28.5350304], [76.9120216, 28.5364536]]]}, "properties": {"landuse": "industrial"}}, {"type": "Feature", "geometry": {"type": "Polygon", "coordinates": [[[77.3158926, 28.3343915], [77.3159945, 28.3349203], [77.3182207, 28.3349156], [77.319079, 28.3348684], [77.3190683, 28.3322053], [77.3158657, 28.33221], [77.3158926, 28.3343915]]]}, "properties": {"landuse": "industrial"}}, {"type": "Feature", "geometry": {"type": "Polygon", "coordinates": [[[77.2829765, 28.3795522], [77.2831106, 28.3795569], [77.2831026, 28.3798], [77.2838107, 28.3798401], [77.2837812, 28.3803663], [77.2860047, 28.3804843], [77.2861683, 28.3802696], [77.2876596, 28.3783581], [77.286694, 28.3783605], [77.2859859, 28.3782307], [77.2837919, 28.3778484], [77.2829685, 28.3778507], [77.2829765, 28.3795522]]]}, "properties": {"landuse": "industrial"}}, {"type": "Feature", "geometry": {"type": "Polygon", "coordinates": [[[77.2857273, 28.3826147], [77.2858572, 28.3819191], [77.2862649, 28.3807298], [77.2858089, 28.3806354], [77.285176, 28.3806278], [77.2849178, 28.3825829], [77.2857273, 28.3826147]]]}, "properties": {"landuse": "industrial"}}, {"type": "Feature", "geometry": {"type": "Polygon", "coordinates": [[[77.2822523, 28.3824784], [77.2837592, 28.3825375], [77.2837919, 28.3817964], [77.2826976, 28.381702], [77.2827732, 28.3805991], [77.2822523, 28.3805929], [77.2822523, 28.3824784]]]}, "properties": {"landuse": "industrial"}}, {"type": "Feature", "geometry": {"type": "Polygon", "coordinates": [[[77.2822523, 28.3842647], [77.2827693, 28.3842718], [77.2828566, 28.383594], [77.2853172, 28.383921], [77.2853959, 28.3832359], [77.2856051, 28.3832689], [77.2856884, 28.3828225], [77.2822523, 28.3826388], [77.2822523, 28.3842647]]]}, "properties": {"landuse": "industrial"}}, {"type": "Feature", "geometry": {"type": "Polygon", "coordinates": [[[77.2527051, 28.3810743], [77.2552585, 28.3817256], [77.2568571, 28.3821126], [77.2583592, 28.3827734], [77.259314, 28.3830282], [77.2613847, 28.3834624], [77.2632408, 28.3835379], [77.2644853, 28.3838022], [77.2659552, 28.3839061], [77.2659552, 28.3823769], [77.2639167, 28.3823675], [77.2639704, 28.3806495], [77.2578764, 28.3805079], [77.2586274, 28.3797056], [77.2587883, 28.3775156], [77.2550332, 28.3774118], [77.2549045, 28.3763829], [77.2538853, 28.375505], [77.2543681, 28.3747781], [77.2524691, 28.3748914], [77.2525012, 28.3760714], [77.2534239, 28.376128], [77.2533703, 28.3769021], [77.2526085, 28.3777516], [77.2503877, 28.3804796], [77.250216, 28.3806967], [77.2527051, 28.3810743]]]}, "properties": {"landuse": "industrial"}}, {"type": "Feature", "geometry": {"type": "Polygon", "coordinates": [[[77.2486281, 28.384076], [77.2494006, 28.3848971], [77.2525763, 28.3878232], [77.2535956, 28.3886632], [77.2568786, 28.3907869], [77.2573614, 28.3902583], [77.2568571, 28.3897675], [77.257458, 28.3891068], [77.2569644, 28.3886821], [77.2585845, 28.3869737], [77.2609019, 28.3891823], [77.2632408, 28.3891352], [77.2633052, 28.3882762], [77.2641528, 28.3882762], [77.2641849, 28.3878515], [77.2658372, 28.3878232], [77.2666848, 28.3869548], [77.2658801, 28.3869171], [77.2658694, 28.3865584], [77.265805, 28.3858882], [77.2657514, 28.3841137], [77.2638631, 28.3838683], [77.262361, 28.383689], [77.2609019, 28.3835474], [77.2583592, 28.3829433], [77.2568142, 28.382292], [77.2542715, 28.3816407], [77.2522437, 28.3811876], [77.2510528, 28.3809327], [77.2497117, 28.3809422], [77.2496045, 28.3816595], [77.2486925, 28.3830754], [77.2485316, 28.3835662], [77.2486281, 28.384076]]]}, "properties": {"landuse": "industrial"}}, {"type": "Feature", "geometry": {"type": "Polygon", "coordinates": [[[77.2435427, 28.3890974], [77.2446585, 28.3891068], [77.2445941, 28.389239], [77.246976, 28.3892342], [77.2469765, 28.3922491], [77.2489986, 28.3922308], [77.2472012, 28.3933824], [77.2468471, 28.3934013], [77.2462571, 28.3944961], [77.2487998, 28.3958363], [77.2509885, 28.3934579], [77.2517931, 28.3927689], [77.2522545, 28.3932692], [77.2525777, 28.3929411], [77.2532308, 28.3922782], [77.2528338, 28.3918723], [77.2534544, 28.3910807], [77.2539067, 28.3905037], [77.2556877, 28.3912871], [77.2561169, 28.390617], [77.2525871, 28.3882102], [77.2509563, 28.3866339], [77.248553, 28.3844252], [77.2481882, 28.3838211], [77.2476518, 28.3843686], [77.2473621, 28.3840948], [77.2459781, 28.3840948], [77.2459888, 28.3853691], [77.2451949, 28.3853597], [77.2451949, 28.3851898], [77.2443151, 28.3851803], [77.2443259, 28.3864923], [77.2427058, 28.3865206], [77.2427273, 28.387389], [77.2423947, 28.3883329], [77.2435427, 28.3890974]]]}, "properties": {"landuse": "industrial"}}, {"type": "Feature", "geometry": {"type": "Polygon", "coordinates": [[[77.226119, 28.3997153], [77.2261512, 28.4004986], [77.2271597, 28.4005175], [77.2271597, 28.4012819], [77.2337687, 28.4012253], [77.2336614, 28.398007], [77.2328889, 28.3979599], [77.2329748, 28.3964687], [77.2334361, 28.3964687], [77.2334254, 28.3952889], [77.2261938, 28.395284], [77.226001, 28.3955343], [77.2261941, 28.3962705], [77.2261512, 28.3970444], [77.2257864, 28.3996398], [77.226119, 28.3997153]]]}, "properties": {"landuse": "industrial"}}, {"type": "Feature", "geometry": {"type": "Polygon", "coordinates": [[[77.1889919, 28.4586887], [77.1894962, 28.4598348], [77.1896893, 28.4602026], [77.1898556, 28.4601413], [77.1900755, 28.460528], [77.1904349, 28.4604149], [77.1906924, 28.4608912], [77.1907836, 28.4608629], [77.1908963, 28.4611034], [77.1911162, 28.4610185], [77.1914703, 28.4617212], [77.1919209, 28.4616033], [77.1909875, 28.4595282], [77.1914756, 28.4593726], [77.1924037, 28.4615514], [77.1931654, 28.4615231], [77.194013, 28.4613722], [77.1948981, 28.4611836], [77.1947104, 28.4608817], [77.1944261, 28.4609525], [77.1936965, 28.4593537], [77.1933371, 28.4594811], [77.1938842, 28.4609336], [77.1932566, 28.4611411], [77.1926933, 28.4596556], [77.1930581, 28.4595141], [77.1926075, 28.4584529], [77.193262, 28.4582218], [77.1930152, 28.4576748], [77.1933263, 28.4575286], [77.1932352, 28.4573493], [77.1935999, 28.4570805], [77.1935087, 28.4569154], [77.1939433, 28.4567409], [77.1938038, 28.4564297], [77.1931922, 28.4566466], [77.1925968, 28.4569862], [77.1918565, 28.4572173], [77.1912181, 28.4574484], [77.1907783, 28.4576653], [77.1905637, 28.4578162], [77.1901882, 28.4579106], [77.1897429, 28.4579672], [77.1894801, 28.4580379], [77.1895283, 28.4582879], [77.1889651, 28.458335], [77.1889919, 28.4586887]]]}, "properties": {"landuse": "industrial"}}, {"type": "Feature", "geometry": {"type": "Polygon", "coordinates": [[[77.2008258, 28.4563825], [77.2012871, 28.456175], [77.2012818, 28.4560712], [77.2018665, 28.4557788], [77.201947, 28.4558543], [77.2023761, 28.4557034], [77.2026068, 28.4560807], [77.2028965, 28.455958], [77.2031432, 28.4558071], [77.2025961, 28.4547648], [77.2021133, 28.4548073], [77.201432, 28.4550619], [77.2009599, 28.4540998], [77.1999621, 28.4545148], [77.2008258, 28.4563825]]]}, "properties": {"landuse": "industrial"}}, {"type": "Feature", "geometry": {"type": "Polygon", "coordinates": [[[77.1754253, 28.356907], [77.1816695, 28.3568314], [77.1814871, 28.3532153], [77.1858966, 28.3530926], [77.1856177, 28.3516763], [77.1799207, 28.3517707], [77.1799743, 28.3520823], [77.179234, 28.3521201], [77.1793091, 28.3549148], [77.1773028, 28.3550092], [77.1751034, 28.3550564], [77.1754253, 28.356907]]]}, "properties": {"landuse": "industrial"}}, {"type": "Feature", "geometry": {"type": "Polygon", "coordinates": [[[77.2062814, 28.4640533], [77.206834, 28.4640486], [77.2068474, 28.4648267], [77.2068527, 28.4649941], [77.2073409, 28.4650012], [77.2073624, 28.4644683], [77.2078478, 28.4644683], [77.2078747, 28.4645461], [77.2085398, 28.4644588], [77.2085908, 28.4641971], [77.2088413, 28.4641832], [77.2088268, 28.4639212], [77.2075796, 28.4639566], [77.2070633, 28.4638328], [77.2070096, 28.463979], [77.2063592, 28.4639837], [77.206195, 28.4633931], [77.2060912, 28.4634004], [77.2062814, 28.4640533]]]}, "properties": {"landuse": "industrial"}}, {"type": "Feature", "geometry": {"type": "Polygon", "coordinates": [[[77.2526354, 28.4953248], [77.2531212, 28.4949601], [77.2525635, 28.4942118], [77.2518875, 28.4945737], [77.2526354, 28.4953248]]]}, "properties": {"landuse": "industrial"}}, {"type": "Feature", "geometry": {"type": "Polygon", "coordinates": [[[77.0996774, 28.4327302], [77.1034258, 28.4316056], [77.1028197, 28.4316141], [77.1027057, 28.4316157], [77.1021387, 28.4316237], [77.1020076, 28.4316256], [77.1019728, 28.4316261], [77.100988, 28.4316399], [77.1009142, 28.4316441], [77.1008358, 28.4316486], [77.0993759, 28.4324456], [77.0996774, 28.4327302]]]}, "properties": {"landuse": "industrial"}}, {"type": "Feature", "geometry": {"type": "Polygon", "coordinates": [[[77.0533438, 28.7472645], [77.0546044, 28.7467378], [77.0537622, 28.7452751], [77.0525606, 28.7458489], [77.0533438, 28.7472645]]]}, "properties": {"landuse": "industrial"}}, {"type": "Feature", "geometry": {"type": "Polygon", "coordinates": [[[77.1614124, 28.7226147], [77.1617057, 28.7222147], [77.1614544, 28.7220492], [77.1611439, 28.7224527], [77.1614124, 28.7226147]]]}, "properties": {"landuse": "industrial"}}, {"type": "Feature", "geometry": {"type": "Polygon", "coordinates": [[[76.8936631, 28.3672263], [76.8949728, 28.3672209], [76.8949813, 28.3673641], [76.8962976, 28.3673387], [76.8963502, 28.3669962], [76.8967125, 28.36699], [76.896719, 28.3665777], [76.8936441, 28.3666431], [76.8936631, 28.3672263]]]}, "properties": {"landuse": "industrial"}}, {"type": "Feature", "geometry": {"type": "Polygon", "coordinates": [[[76.8105692, 28.473265], [76.8158698, 28.470389], [76.8177903, 28.4693138], [76.816653, 28.4686724], [76.81602, 28.4680028], [76.8155606, 28.4669198], [76.8147472, 28.4673819], [76.8144039, 28.4669534], [76.8137106, 28.4672974], [76.8123446, 28.468631], [76.8111274, 28.4697961], [76.8101469, 28.4718612], [76.8101372, 28.4721898], [76.8105692, 28.473265]]]}, "properties": {"landuse": "industrial"}}, {"type": "Feature", "geometry": {"type": "Polygon", "coordinates": [[[77.3003865, 28.6572294], [77.3005838, 28.6565408], [77.2986585, 28.6561608], [77.2984698, 28.6568945], [77.3003865, 28.6572294]]]}, "properties": {"landuse": "industrial"}}, {"type": "Feature", "geometry": {"type": "Polygon", "coordinates": [[[77.3009611, 28.6573498], [77.3010426, 28.6568794], [77.3008496, 28.656838], [77.3009053, 28.6566048], [77.3007038, 28.6565709], [77.3005452, 28.6572783], [77.3009611, 28.6573498]]]}, "properties": {"landuse": "industrial"}}, {"type": "Feature", "geometry": {"type": "Polygon", "coordinates": [[[77.2474795, 28.7086119], [77.247735, 28.709101], [77.2474024, 28.7092469], [77.2478221, 28.7100784], [77.2481641, 28.7099344], [77.2486013, 28.7106654], [77.2493309, 28.7103866], [77.2480488, 28.7080518], [77.247338, 28.7083411], [77.2474795, 28.7086119]]]}, "properties": {"landuse": "industrial"}}, {"type": "Feature", "geometry": {"type": "Polygon", "coordinates": [[[77.0787666, 28.5162284], [77.0795515, 28.5169518], [77.0800435, 28.5175646], [77.0804111, 28.5180224], [77.0827494, 28.5170898], [77.0830606, 28.5169698], [77.0840906, 28.5166587], [77.0846262, 28.5164992], [77.0859574, 28.5161025], [77.0925943, 28.5142311], [77.092899, 28.5121524], [77.0932423, 28.5109928], [77.095482, 28.5069595], [77.0951239, 28.5051167], [77.0930397, 28.502044], [77.0930223, 28.5020237], [77.0925399, 28.5016157], [77.0922032, 28.5013309], [77.0918625, 28.5010415], [77.0916743, 28.5009315], [77.0911395, 28.5012251], [77.083368, 28.506939], [77.07916, 28.5100327], [77.0811509, 28.5120581], [77.0801564, 28.512833], [77.0807969, 28.5135194], [77.0796382, 28.5143584], [77.0794483, 28.5150956], [77.0781524, 28.5157087], [77.0787666, 28.5162284]]]}, "properties": {"landuse": "industrial"}}, {"type": "Feature", "geometry": {"type": "Polygon", "coordinates": [[[77.2806939, 28.5096891], [77.2824079, 28.5088476], [77.2811252, 28.5065191], [77.2792777, 28.5071765], [77.2806939, 28.5096891]]]}, "properties": {"landuse": "industrial"}}, {"type": "Feature", "geometry": {"type": "Polygon", "coordinates": [[[76.8193258, 28.3682352], [76.819682, 28.3683715], [76.8213894, 28.3683507], [76.8213969, 28.3689139], [76.8227592, 28.3689048], [76.8227643, 28.369427], [76.824106, 28.3694406], [76.824106, 28.368873], [76.8246117, 28.3688912], [76.8245962, 28.3683509], [76.8248026, 28.3683418], [76.8247871, 28.3672566], [76.8254631, 28.3672566], [76.8254683, 28.3667526], [76.8202959, 28.366756], [76.8203083, 28.3671272], [76.8193114, 28.36714], [76.8193258, 28.3682352]]]}, "properties": {"landuse": "industrial"}}, {"type": "Feature", "geometry": {"type": "Polygon", "coordinates": [[[77.1919853, 28.7335489], [77.1924386, 28.7337691], [77.1928008, 28.7336942], [77.1929031, 28.7336006], [77.1922865, 28.731674], [77.1914805, 28.7318573], [77.1919853, 28.7335489]]]}, "properties": {"landuse": "industrial"}}, {"type": "Feature", "geometry": {"type": "Polygon", "coordinates": [[[77.1253822, 28.604887], [77.1254938, 28.6051114], [77.1256286, 28.6053769], [77.1260964, 28.6051939], [77.1261619, 28.6051683], [77.1266192, 28.604988], [77.1267206, 28.6049481], [77.1268327, 28.604905], [77.1266986, 28.6046364], [77.1265858, 28.6046798], [77.1264811, 28.6047187], [77.1263764, 28.6045019], [77.126245, 28.6042316], [77.1257759, 28.6044097], [77.125713, 28.6044332], [77.1252463, 28.604609], [77.1253822, 28.604887]]]}, "properties": {"landuse": "industrial"}}, {"type": "Feature", "geometry": {"type": "Polygon", "coordinates": [[[76.8776384, 28.3382087], [76.8779953, 28.3382311], [76.8779762, 28.3389283], [76.8785172, 28.3389045], [76.8786328, 28.338738], [76.8786656, 28.3385268], [76.8786274, 28.3383491], [76.8783058, 28.3383625], [76.8783062, 28.3381377], [76.8782184, 28.3380133], [76.8780868, 28.3379914], [76.8779998, 28.3378588], [76.8776384, 28.3378358], [76.8776384, 28.3382087]]]}, "properties": {"landuse": "industrial"}}, {"type": "Feature", "geometry": {"type": "Polygon", "coordinates": [[[76.8786532, 28.3378345], [76.8786553, 28.3379047], [76.8792055, 28.3378559], [76.8793144, 28.3378414], [76.8794719, 28.3376529], [76.8792626, 28.3375249], [76.8790587, 28.337478], [76.8786432, 28.3375018], [76.8786532, 28.3378345]]]}, "properties": {"landuse": "industrial"}}, {"type": "Feature", "geometry": {"type": "Polygon", "coordinates": [[[77.0541265, 28.7486885], [77.0553833, 28.7480267], [77.0546044, 28.7467378], [77.0533438, 28.7472645], [77.0541265, 28.7486885]]]}, "properties": {"landuse": "industrial"}}, {"type": "Feature", "geometry": {"type": "Polygon", "coordinates": [[[77.192881, 28.7346752], [77.1939003, 28.7344692], [77.193302, 28.7337407], [77.1922884, 28.7339345], [77.192881, 28.7346752]]]}, "properties": {"landuse": "industrial"}}, {"type": "Feature", "geometry": {"type": "Polygon", "coordinates": [[[77.0885635, 28.5605754], [77.0890242, 28.5602849], [77.0888919, 28.5601026], [77.0884176, 28.5604031], [77.0885635, 28.5605754]]]}, "properties": {"landuse": "industrial"}}, {"type": "Feature", "geometry": {"type": "Polygon", "coordinates": [[[77.0852806, 28.5613765], [77.0855806, 28.5609302], [77.0853489, 28.5608144], [77.0850471, 28.5612602], [77.0852806, 28.5613765]]]}, "properties": {"landuse": "industrial"}}, {"type": "Feature", "geometry": {"type": "Polygon", "coordinates": [[[77.0861754, 28.564193], [77.086625, 28.5640867], [77.0865687, 28.5638941], [77.086121, 28.5639958], [77.0861754, 28.564193]]]}, "properties": {"landuse": "industrial"}}, {"type": "Feature", "geometry": {"type": "Polygon", "coordinates": [[[76.9462135, 28.8541403], [76.9569137, 28.847451], [76.94216, 28.8353961], [76.953284, 28.8247258], [76.9529948, 28.8241588], [76.9324546, 28.8096679], [76.9136638, 28.8269144], [76.9462135, 28.8541403]]]}, "properties": {"landuse": "industrial"}}, {"type": "Feature", "geometry": {"type": "Polygon", "coordinates": [[[77.0680871, 28.4971422], [77.0680994, 28.4968216], [77.0678776, 28.4968172], [77.0678665, 28.4971432], [77.0680871, 28.4971422]]]}, "properties": {"landuse": "industrial"}}, {"type": "Feature", "geometry": {"type": "Polygon", "coordinates": [[[76.8002824, 28.435823], [76.801592, 28.4357902], [76.8015324, 28.434076], [76.8022319, 28.4340629], [76.80215, 28.4324795], [76.800141, 28.4325842], [76.8002824, 28.435823]]]}, "properties": {"landuse": "industrial"}}, {"type": "Feature", "geometry": {"type": "Polygon", "coordinates": [[[76.7323347, 28.7258922], [76.7343884, 28.7258716], [76.7343517, 28.7231507], [76.7323059, 28.7231667], [76.7323347, 28.7258922]]]}, "properties": {"landuse": "industrial"}}, {"type": "Feature", "geometry": {"type": "Polygon", "coordinates": [[[77.0024485, 28.4263391], [77.0028496, 28.4261168], [77.0030652, 28.4259863], [77.0031138, 28.4260132], [77.003461, 28.4258035], [77.0034699, 28.4257829], [77.0035809, 28.4256805], [77.0037398, 28.4255778], [77.0039393, 28.425462], [77.0041538, 28.4253357], [77.0042546, 28.4252761], [77.0043322, 28.4252302], [77.0046112, 28.4250776], [77.0049837, 28.4255548], [77.0053372, 28.4260184], [77.0052503, 28.4260838], [77.0051564, 28.4261442], [77.0049559, 28.4262731], [77.004934, 28.426334], [77.0049809, 28.426426], [77.0051168, 28.4265456], [77.0052121, 28.4266417], [77.0052499, 28.4266764], [77.0053534, 28.4267716], [77.0055651, 28.4269694], [77.0057064, 28.4271137], [77.0059519, 28.4273621], [77.0060373, 28.4274441], [77.0062183, 28.4276174], [77.0065598, 28.4279651], [77.0073904, 28.4272952], [77.0070971, 28.4267982], [77.00699, 28.4266319], [77.0061965, 28.4252045], [77.0057935, 28.4245986], [77.0054726, 28.4241153], [77.0050968, 28.4235446], [77.004598, 28.4238133], [77.004575, 28.4237753], [77.0042911, 28.4233675], [77.0041397, 28.4234317], [77.0037964, 28.4235934], [77.003553, 28.4237206], [77.0032209, 28.423877], [77.0029727, 28.4239918], [77.0027267, 28.4241166], [77.0022941, 28.424314], [77.0021077, 28.4243972], [77.0018211, 28.424528], [77.0011859, 28.4248535], [77.0024485, 28.4263391]]]}, "properties": {"landuse": "industrial"}}, {"type": "Feature", "geometry": {"type": "Polygon", "coordinates": [[[77.1310337, 28.6336606], [77.1319583, 28.6315532], [77.1285333, 28.6275739], [77.1276453, 28.6281702], [77.128431, 28.6290969], [77.1276179, 28.6296226], [77.1310337, 28.6336606]]]}, "properties": {"landuse": "industrial"}}, {"type": "Feature", "geometry": {"type": "Polygon", "coordinates": [[[77.2784218, 28.5412942], [77.2785272, 28.5411322], [77.2781478, 28.5409439], [77.2780618, 28.5410728], [77.2780426, 28.5411015], [77.2784218, 28.5412942]]]}, "properties": {"landuse": "industrial"}}, {"type": "Feature", "geometry": {"type": "Polygon", "coordinates": [[[77.2782033, 28.541645], [77.2783063, 28.5414696], [77.2779271, 28.5412769], [77.2778243, 28.5414494], [77.2782033, 28.541645]]]}, "properties": {"landuse": "industrial"}}, {"type": "Feature", "geometry": {"type": "Polygon", "coordinates": [[[77.2783063, 28.5414696], [77.2784218, 28.5412942], [77.2780426, 28.5411015], [77.2779271, 28.5412769], [77.2783063, 28.5414696]]]}, "properties": {"landuse": "industrial"}}, {"type": "Feature", "geometry": {"type": "Polygon", "coordinates": [[[77.2779711, 28.5419967], [77.278098, 28.5418026], [77.277713, 28.5416083], [77.2775984, 28.5417836], [77.2775861, 28.5418024], [77.2779711, 28.5419967]]]}, "properties": {"landuse": "industrial"}}, {"type": "Feature", "geometry": {"type": "Polygon", "coordinates": [[[77.278098, 28.5418026], [77.2782033, 28.541645], [77.2778243, 28.5414494], [77.277713, 28.5416083], [77.278098, 28.5418026]]]}, "properties": {"landuse": "industrial"}}, {"type": "Feature", "geometry": {"type": "Polygon", "coordinates": [[[77.2776024, 28.541372], [77.2776677, 28.5412676], [77.2773225, 28.5410954], [77.2772559, 28.5412085], [77.2776024, 28.541372]]]}, "properties": {"landuse": "industrial"}}, {"type": "Feature", "geometry": {"type": "Polygon", "coordinates": [[[77.2774769, 28.5415718], [77.2775376, 28.5414764], [77.2775075, 28.5414619], [77.277216, 28.541324], [77.2771922, 28.5413126], [77.277135, 28.5414069], [77.2774769, 28.5415718]]]}, "properties": {"landuse": "industrial"}}, {"type": "Feature", "geometry": {"type": "Polygon", "coordinates": [[[77.2780574, 28.5407033], [77.2783318, 28.5402477], [77.2779109, 28.5400431], [77.2776078, 28.5404944], [77.2780574, 28.5407033]]]}, "properties": {"landuse": "industrial"}}, {"type": "Feature", "geometry": {"type": "Polygon", "coordinates": [[[77.277216, 28.541324], [77.2775075, 28.5414619], [77.2775376, 28.5414764], [77.2776024, 28.541372], [77.2772559, 28.5412085], [77.2771922, 28.5413126], [77.277216, 28.541324]]]}, "properties": {"landuse": "industrial"}}, {"type": "Feature", "geometry": {"type": "Polygon", "coordinates": [[[77.2778053, 28.5410551], [77.2779466, 28.5408348], [77.2775998, 28.540663], [77.2774602, 28.5408829], [77.2778053, 28.5410551]]]}, "properties": {"landuse": "industrial"}}, {"type": "Feature", "geometry": {"type": "Polygon", "coordinates": [[[77.2777373, 28.5411603], [77.2778053, 28.5410551], [77.2774602, 28.5408829], [77.2773906, 28.5409902], [77.2777373, 28.5411603]]]}, "properties": {"landuse": "industrial"}}, {"type": "Feature", "geometry": {"type": "Polygon", "coordinates": [[[77.2774098, 28.5416791], [77.2774769, 28.5415718], [77.277135, 28.5414069], [77.2770679, 28.5415142], [77.2774098, 28.5416791]]]}, "properties": {"landuse": "industrial"}}, {"type": "Feature", "geometry": {"type": "Polygon", "coordinates": [[[77.2776677, 28.5412676], [77.2777373, 28.5411603], [77.2773906, 28.5409902], [77.2773225, 28.5410954], [77.2776677, 28.5412676]]]}, "properties": {"landuse": "industrial"}}, {"type": "Feature", "geometry": {"type": "Polygon", "coordinates": [[[77.2321585, 28.530671], [77.2324616, 28.5306521], [77.2344084, 28.5297289], [77.2343304, 28.5290319], [77.2345097, 28.5287342], [77.2344847, 28.528082], [77.2320907, 28.5288487], [77.2321585, 28.530671]]]}, "properties": {"landuse": "industrial"}}, {"type": "Feature", "geometry": {"type": "Polygon", "coordinates": [[[76.9197067, 28.4296435], [76.9207687, 28.4297006], [76.9208076, 28.4284811], [76.9181218, 28.4282811], [76.9197067, 28.4296435]]]}, "properties": {"landuse": "industrial"}}, {"type": "Feature", "geometry": {"type": "Polygon", "coordinates": [[[77.0942995, 28.6756721], [77.0950477, 28.6755846], [77.0961914, 28.6754541], [77.0960556, 28.6745376], [77.0941633, 28.6747535], [77.0942995, 28.6756721]]]}, "properties": {"landuse": "industrial"}}, {"type": "Feature", "geometry": {"type": "Polygon", "coordinates": [[[77.1233936, 28.6027674], [77.1235043, 28.6027337], [77.1231152, 28.6018586], [77.1230152, 28.6019099], [77.1233936, 28.6027674]]]}, "properties": {"landuse": "industrial"}}, {"type": "Feature", "geometry": {"type": "Polygon", "coordinates": [[[77.1232991, 28.6028107], [77.123377, 28.6027746], [77.1230016, 28.6019259], [77.1229276, 28.6019628], [77.1232991, 28.6028107]]]}, "properties": {"landuse": "industrial"}}, {"type": "Feature", "geometry": {"type": "Polygon", "coordinates": [[[77.1768217, 28.7213774], [77.1768168, 28.7213831], [77.1768628, 28.7214134], [77.1768842, 28.7213885], [77.1768381, 28.7213582], [77.1767477, 28.7212987], [77.1767312, 28.7213178], [77.1768217, 28.7213774]]]}, "properties": {"landuse": "industrial"}}, {"type": "Feature", "geometry": {"type": "Polygon", "coordinates": [[[77.323732, 28.6468125], [77.3237859, 28.6459757], [77.3233461, 28.6459539], [77.3223635, 28.6459052], [77.3223096, 28.646742], [77.323732, 28.6468125]]]}, "properties": {"landuse": "industrial"}}, {"type": "Feature", "geometry": {"type": "Polygon", "coordinates": [[[77.0254375, 28.8031069], [77.025444, 28.8035014], [77.025457, 28.8040002], [77.0256886, 28.8040002], [77.0265241, 28.8040021], [77.0272471, 28.8040021], [77.0272211, 28.8038561], [77.0272177, 28.803791], [77.0272168, 28.8037745], [77.0272168, 28.8037448], [77.0272168, 28.8036759], [77.0273813, 28.803674], [77.027364, 28.8034843], [77.0274203, 28.8029722], [77.0273575, 28.8029665], [77.0267774, 28.8029855], [77.0260046, 28.803012], [77.0254332, 28.8030215], [77.0254375, 28.8031069]]]}, "properties": {"landuse": "industrial"}}, {"type": "Feature", "geometry": {"type": "Polygon", "coordinates": [[[77.333145, 28.1713111], [77.3339722, 28.1713138], [77.3339462, 28.1715999], [77.3347496, 28.171632], [77.3350313, 28.1716241], [77.3350468, 28.1726534], [77.3363212, 28.1726344], [77.3363029, 28.173089], [77.335603, 28.1731042], [77.3355926, 28.1734561], [77.3350011, 28.1734685], [77.3350385, 28.1742963], [77.3384416, 28.1725405], [77.3390518, 28.1691211], [77.3372389, 28.1691154], [77.3372191, 28.1694884], [77.3364195, 28.1694638], [77.3364014, 28.1699161], [77.3356263, 28.1699178], [77.3355931, 28.1694994], [77.3350204, 28.169493], [77.3350469, 28.1711343], [77.3347714, 28.1711538], [77.3347535, 28.1698564], [77.3339489, 28.1698457], [77.3339489, 28.1699547], [77.333144, 28.1699577], [77.333145, 28.1713111]]]}, "properties": {"landuse": "industrial"}}, {"type": "Feature", "geometry": {"type": "Polygon", "coordinates": [[[77.2825078, 28.6214197], [77.2826343, 28.6212195], [77.2824715, 28.6211403], [77.2823451, 28.6213405], [77.2825078, 28.6214197]]]}, "properties": {"landuse": "industrial"}}]}