timestamp,location_name,location_lat,location_lon,aqi,aqi_category,station_name,station_lat,station_lon,distance_km,is_directly_measured
2026-08-22 20:31:25,Delhi,28.7041,77.1025,126,Moderate,"Delhi Institute of Tool Engineering, Wazirpur, Delhi, Delhi, India",28.700505,77.165603,6.17,False
2026-08-22 20:31:25,Ghaziabad,28.6692,77.4538,142,Moderate,"Sanjay Nagar, Ghaziabad, India",28.685382,77.453839,1.8,True
2026-08-22 20:31:25,Gurgaon,28.4595,77.0266,222,Poor,"Vikas Sadan Gurgaon, Gurgaon, India",28.4501238,77.0263051,1.04,True
2026-08-22 20:31:25,Noida,28.5355,77.391,125,Moderate,"Sector-116, Noida, India",28.56923,77.393848,3.76,False
2026-08-22 20:31:25,Anand Vihar,28.6469,77.3152,153,Moderate,"Anand Vihar, Delhi, Delhi, India",28.6508,77.3152,0.43,True
2026-08-22 20:31:25,Ashok Vihar,28.698,77.173,74,Satisfactory,"Sonia Vihar Water Treatment Plant DJB, Delhi, Delhi, India",28.710066,77.24622,7.27,False
2026-08-22 20:31:25,Bawana,28.7996,77.0339,167,Moderate,"Pooth Khurd, Bawana, Delhi, Delhi, India",28.7757959,77.0462514,2.91,False
2026-08-22 20:31:25,Dwarka,28.573,77.041,72,Satisfactory,"National Institute of Malaria Research, Sector 8, Dwarka, Delhi, Delhi, India",28.576909,77.075898,3.44,False
2026-08-22 20:31:25,Jahangirpuri,28.728,77.1636,147,Moderate,"ITI Jahangirpuri, Delhi, Delhi, India",28.733016,77.17197,0.99,True
2026-08-22 20:31:25,Mundka,28.6828,76.9821,74,Satisfactory,"Mundka, Delhi, Delhi, India",28.68241,77.030469,4.72,False
2026-08-22 20:31:25,Narela,28.8553,77.0888,78,Satisfactory,"Narela, Delhi, Delhi, India",28.820629,77.101099,4.04,False
2026-08-22 20:31:25,Okhla,28.5355,77.291,87,Satisfactory,"DITE Okhla, Delhi, Delhi, India",28.531314,77.270686,2.04,False
2026-08-22 20:31:25,Punjabi Bagh,28.6692,77.1341,74,Satisfactory,"Punjabi Bagh, Delhi, Delhi, India",28.6683,77.1167,1.7,True
2026-08-22 20:31:25,R.K. Puram,28.5641,77.1765,118,Moderate,"R.K. Puram, Delhi, Delhi, India",28.5648,77.1744,0.22,True
2026-08-22 20:31:25,Rohini,28.7495,77.0565,167,Moderate,"Pooth Khurd, Bawana, Delhi, Delhi, India",28.7757959,77.0462514,3.09,False
2026-08-22 20:31:25,Vivek Vihar,28.672,77.3152,153,Moderate,"Anand Vihar, Delhi, Delhi, India",28.6508,77.3152,2.36,False
2026-08-22 20:31:25,Wazirpur,28.7041,77.1663,126,Moderate,"Delhi Institute of Tool Engineering, Wazirpur, Delhi, Delhi, India",28.700505,77.165603,0.41,True
2026-08-23 01:22:39,Delhi,28.7041,77.1025,153,Moderate,"Shaheed Sukhdev College of Business Studies, Rohini, Delhi, Delhi, India",28.7041,77.1025,3.56,False
2026-08-23 01:22:39,Faridabad,28.4089,77.3178,92,Satisfactory,"Dr. Karni Singh Shooting Range, Delhi, Delhi, India",28.4089,77.3178,11.25,False
2026-08-23 01:22:39,Noida,28.5355,77.391,87,Satisfactory,"DITE Okhla, Delhi, Delhi, India",28.5355,77.391,11.76,False
2026-08-23 01:22:39,Anand Vihar,28.6469,77.3152,153,Moderate,"Anand Vihar, Delhi, Delhi, India",28.6469,77.3152,0.43,True
2026-08-23 01:22:39,Ashok Vihar,28.698,77.173,126,Moderate,"Delhi Institute of Tool Engineering, Wazirpur, Delhi, Delhi, India",28.698,77.173,0.77,True
2026-08-23 01:22:39,Bawana,28.7996,77.0339,167,Moderate,"Pooth Khurd, Bawana, Delhi, Delhi, India",28.7996,77.0339,2.91,False
2026-08-23 01:22:39,Dwarka,28.573,77.041,72,Satisfactory,"National Institute of Malaria Research, Sector 8, Dwarka, Delhi, Delhi, India",28.573,77.041,3.44,False
2026-08-23 01:22:39,Jahangirpuri,28.728,77.1636,147,Moderate,"ITI Jahangirpuri, Delhi, Delhi, India",28.728,77.1636,0.99,True
2026-08-23 01:22:39,Mundka,28.6828,76.9821,74,Satisfactory,"Mundka, Delhi, Delhi, India",28.6828,76.9821,4.72,False
2026-08-23 01:22:39,Narela,28.8553,77.0888,78,Satisfactory,"Narela, Delhi, Delhi, India",28.8553,77.0888,4.04,False
2026-08-23 01:22:39,Okhla,28.5355,77.291,87,Satisfactory,"DITE Okhla, Delhi, Delhi, India",28.5355,77.291,2.04,False
2026-08-23 01:22:39,Punjabi Bagh,28.6692,77.1341,74,Satisfactory,"Punjabi Bagh, Delhi, Delhi, India",28.6692,77.1341,1.7,True
2026-08-23 01:22:39,R.K. Puram,28.5641,77.1765,118,Moderate,"R.K. Puram, Delhi, Delhi, India",28.5641,77.1765,0.22,True
2026-08-23 01:22:39,Rohini,28.7495,77.0565,167,Moderate,"Pooth Khurd, Bawana, Delhi, Delhi, India",28.7495,77.0565,3.09,False
2026-08-23 01:22:39,Vivek Vihar,28.672,77.3152,68,Satisfactory,"ITI Shahdra, Jhilmil Industrial Area, Delhi, Delhi, India",28.672,77.3152,0.13,True
2026-08-23 01:22:39,Wazirpur,28.7041,77.1663,126,Moderate,"Delhi Institute of Tool Engineering, Wazirpur, Delhi, Delhi, India",28.7041,77.1663,0.41,True
2026-08-23 01:22:39,Chandni Chowk,28.6506,77.2303,142,Moderate,"Mandir Marg, Delhi, Delhi, India",28.6506,77.2303,3.44,False
2026-08-23 01:22:39,Red Fort,28.6562,77.241,142,Moderate,"Mandir Marg, Delhi, Delhi, India",28.6562,77.241,4.65,False
2026-08-23 01:22:39,Connaught Place,28.6315,77.2167,142,Moderate,"Mandir Marg, Delhi, Delhi, India",28.6315,77.2167,1.61,True
2026-08-23 03:43:34,Delhi,28.7041,77.1025,153,Moderate,"Shaheed Sukhdev College of Business Studies, Rohini, Delhi, Delhi, India",28.7041,77.1025,3.56,False
2026-08-23 03:43:34,Faridabad,28.4089,77.3178,92,Satisfactory,"Dr. Karni Singh Shooting Range, Delhi, Delhi, India",28.4089,77.3178,11.25,False
2026-08-23 03:43:34,Noida,28.5355,77.391,87,Satisfactory,"DITE Okhla, Delhi, Delhi, India",28.5355,77.391,11.76,False
2026-08-23 03:43:34,Anand Vihar,28.6469,77.3152,153,Moderate,"Anand Vihar, Delhi, Delhi, India",28.6469,77.3152,0.43,True
2026-08-23 03:43:34,Ashok Vihar,28.698,77.173,126,Moderate,"Delhi Institute of Tool Engineering, Wazirpur, Delhi, Delhi, India",28.698,77.173,0.77,True
2026-08-23 03:43:34,Bawana,28.7996,77.0339,167,Moderate,"Pooth Khurd, Bawana, Delhi, Delhi, India",28.7996,77.0339,2.91,False
2026-08-23 03:43:34,Dwarka,28.573,77.041,72,Satisfactory,"National Institute of Malaria Research, Sector 8, Dwarka, Delhi, Delhi, India",28.573,77.041,3.44,False
2026-08-23 03:43:34,Jahangirpuri,28.728,77.1636,147,Moderate,"ITI Jahangirpuri, Delhi, Delhi, India",28.728,77.1636,0.99,True
2026-08-23 03:43:34,Mundka,28.6828,76.9821,74,Satisfactory,"Mundka, Delhi, Delhi, India",28.6828,76.9821,4.72,False
2026-08-23 03:43:34,Narela,28.8553,77.0888,78,Satisfactory,"Narela, Delhi, Delhi, India",28.8553,77.0888,4.04,False
2026-08-23 03:43:34,Okhla,28.5355,77.291,87,Satisfactory,"DITE Okhla, Delhi, Delhi, India",28.5355,77.291,2.04,False
2026-08-23 03:43:34,Punjabi Bagh,28.6692,77.1341,74,Satisfactory,"Punjabi Bagh, Delhi, Delhi, India",28.6692,77.1341,1.7,True
2026-08-23 03:43:34,R.K. Puram,28.5641,77.1765,118,Moderate,"R.K. Puram, Delhi, Delhi, India",28.5641,77.1765,0.22,True
2026-08-23 03:43:34,Rohini,28.7495,77.0565,167,Moderate,"Pooth Khurd, Bawana, Delhi, Delhi, India",28.7495,77.0565,3.09,False
2026-08-23 03:43:34,Vivek Vihar,28.672,77.3152,68,Satisfactory,"ITI Shahdra, Jhilmil Industrial Area, Delhi, Delhi, India",28.672,77.3152,0.13,True
2026-08-23 03:43:34,Wazirpur,28.7041,77.1663,126,Moderate,"Delhi Institute of Tool Engineering, Wazirpur, Delhi, Delhi, India",28.7041,77.1663,0.41,True
2026-08-23 03:43:34,Chandni Chowk,28.6506,77.2303,142,Moderate,"Mandir Marg, Delhi, Delhi, India",28.6506,77.2303,3.44,False
2026-08-23 03:43:34,Red Fort,28.6562,77.241,142,Moderate,"Mandir Marg, Delhi, Delhi, India",28.6562,77.241,4.65,False
2026-08-23 03:43:34,Connaught Place,28.6315,77.2167,142,Moderate,"Mandir Marg, Delhi, Delhi, India",28.6315,77.2167,1.61,True
2026-08-23 12:56:57,Delhi,28.7041,77.1025,153,Moderate,"Shaheed Sukhdev College of Business Studies, Rohini, Delhi, Delhi, India",28.7041,77.1025,3.56,False
2026-08-23 12:56:57,Faridabad,28.4089,77.3178,92,Satisfactory,"Dr. Karni Singh Shooting Range, Delhi, Delhi, India",28.4089,77.3178,11.25,False
2026-08-23 12:56:57,Noida,28.5355,77.391,87,Satisfactory,"DITE Okhla, Delhi, Delhi, India",28.5355,77.391,11.76,False
2026-08-23 12:56:57,Anand Vihar,28.6469,77.3152,153,Moderate,"Anand Vihar, Delhi, Delhi, India",28.6469,77.3152,0.43,True
2026-08-23 12:56:57,Ashok Vihar,28.698,77.173,126,Moderate,"Delhi Institute of Tool Engineering, Wazirpur, Delhi, Delhi, India",28.698,77.173,0.77,True
2026-08-23 12:56:57,Bawana,28.7996,77.0339,167,Moderate,"Pooth Khurd, Bawana, Delhi, Delhi, India",28.7996,77.0339,2.91,False
2026-08-23 12:56:57,Dwarka,28.573,77.041,72,Satisfactory,"National Institute of Malaria Research, Sector 8, Dwarka, Delhi, Delhi, India",28.573,77.041,3.44,False
2026-08-23 12:56:57,Jahangirpuri,28.728,77.1636,147,Moderate,"ITI Jahangirpuri, Delhi, Delhi, India",28.728,77.1636,0.99,True
2026-08-23 12:56:57,Mundka,28.6828,76.9821,74,Satisfactory,"Mundka, Delhi, Delhi, India",28.6828,76.9821,4.72,False
2026-08-23 12:56:57,Narela,28.8553,77.0888,78,Satisfactory,"Narela, Delhi, Delhi, India",28.8553,77.0888,4.04,False
2026-08-23 12:56:57,Okhla,28.5355,77.291,87,Satisfactory,"DITE Okhla, Delhi, Delhi, India",28.5355,77.291,2.04,False
2026-08-23 12:56:57,Punjabi Bagh,28.6692,77.1341,74,Satisfactory,"Punjabi Bagh, Delhi, Delhi, India",28.6692,77.1341,1.7,True
2026-08-23 12:56:57,R.K. Puram,28.5641,77.1765,118,Moderate,"R.K. Puram, Delhi, Delhi, India",28.5641,77.1765,0.22,True
2026-08-23 12:56:57,Rohini,28.7495,77.0565,167,Moderate,"Pooth Khurd, Bawana, Delhi, Delhi, India",28.7495,77.0565,3.09,False
2026-08-23 12:56:57,Vivek Vihar,28.672,77.3152,68,Satisfactory,"ITI Shahdra, Jhilmil Industrial Area, Delhi, Delhi, India",28.672,77.3152,0.13,True
2026-08-23 12:56:57,Wazirpur,28.7041,77.1663,126,Moderate,"Delhi Institute of Tool Engineering, Wazirpur, Delhi, Delhi, India",28.7041,77.1663,0.41,True
2026-08-23 12:56:57,Chandni Chowk,28.6506,77.2303,142,Moderate,"Mandir Marg, Delhi, Delhi, India",28.6506,77.2303,3.44,False
2026-08-23 12:56:57,Red Fort,28.6562,77.241,142,Moderate,"Mandir Marg, Delhi, Delhi, India",28.6562,77.241,4.65,False
2026-08-23 12:56:57,Connaught Place,28.6315,77.2167,142,Moderate,"Mandir Marg, Delhi, Delhi, India",28.6315,77.2167,1.61,True
2026-08-23 13:49:18,Delhi,28.7041,77.1025,153,Moderate,"Shaheed Sukhdev College of Business Studies, Rohini, Delhi, Delhi, India",28.7041,77.1025,3.56,False
2026-08-23 13:49:18,Faridabad,28.4089,77.3178,92,Satisfactory,"Dr. Karni Singh Shooting Range, Delhi, Delhi, India",28.4089,77.3178,11.25,False
2026-08-23 13:49:18,Noida,28.5355,77.391,87,Satisfactory,"DITE Okhla, Delhi, Delhi, India",28.5355,77.391,11.76,False
2026-08-23 13:49:18,Anand Vihar,28.6469,77.3152,153,Moderate,"Anand Vihar, Delhi, Delhi, India",28.6469,77.3152,0.43,True
2026-08-23 13:49:18,Ashok Vihar,28.698,77.173,126,Moderate,"Delhi Institute of Tool Engineering, Wazirpur, Delhi, Delhi, India",28.698,77.173,0.77,True
2026-08-23 13:49:18,Bawana,28.7996,77.0339,167,Moderate,"Pooth Khurd, Bawana, Delhi, Delhi, India",28.7996,77.0339,2.91,False
2026-08-23 13:49:18,Dwarka,28.573,77.041,72,Satisfactory,"National Institute of Malaria Research, Sector 8, Dwarka, Delhi, Delhi, India",28.573,77.041,3.44,False
2026-08-23 13:49:18,Jahangirpuri,28.728,77.1636,147,Moderate,"ITI Jahangirpuri, Delhi, Delhi, India",28.728,77.1636,0.99,True
2026-08-23 13:49:18,Mundka,28.6828,76.9821,74,Satisfactory,"Mundka, Delhi, Delhi, India",28.6828,76.9821,4.72,False
2026-08-23 13:49:18,Narela,28.8553,77.0888,78,Satisfactory,"Narela, Delhi, Delhi, India",28.8553,77.0888,4.04,False
2026-08-23 13:49:18,Okhla,28.5355,77.291,87,Satisfactory,"DITE Okhla, Delhi, Delhi, India",28.5355,77.291,2.04,False
2026-08-23 13:49:18,Punjabi Bagh,28.6692,77.1341,74,Satisfactory,"Punjabi Bagh, Delhi, Delhi, India",28.6692,77.1341,1.7,True
2026-08-23 13:49:18,R.K. Puram,28.5641,77.1765,118,Moderate,"R.K. Puram, Delhi, Delhi, India",28.5641,77.1765,0.22,True
2026-08-23 13:49:18,Rohini,28.7495,77.0565,167,Moderate,"Pooth Khurd, Bawana, Delhi, Delhi, India",28.7495,77.0565,3.09,False
2026-08-23 13:49:18,Vivek Vihar,28.672,77.3152,68,Satisfactory,"ITI Shahdra, Jhilmil Industrial Area, Delhi, Delhi, India",28.672,77.3152,0.13,True
2026-08-23 13:49:18,Wazirpur,28.7041,77.1663,126,Moderate,"Delhi Institute of Tool Engineering, Wazirpur, Delhi, Delhi, India",28.7041,77.1663,0.41,True
2026-08-23 13:49:18,Chandni Chowk,28.6506,77.2303,142,Moderate,"Mandir Marg, Delhi, Delhi, India",28.6506,77.2303,3.44,False
2026-08-23 13:49:18,Red Fort,28.6562,77.241,142,Moderate,"Mandir Marg, Delhi, Delhi, India",28.6562,77.241,4.65,False
2026-08-23 13:49:18,Connaught Place,28.6315,77.2167,142,Moderate,"Mandir Marg, Delhi, Delhi, India",28.6315,77.2167,1.61,True
2026-08-23 14:20:27,Delhi,28.7041,77.1025,153,Moderate,"Shaheed Sukhdev College of Business Studies, Rohini, Delhi, Delhi, India",28.7041,77.1025,3.56,False
2026-08-23 14:20:27,Faridabad,28.4089,77.3178,92,Satisfactory,"Dr. Karni Singh Shooting Range, Delhi, Delhi, India",28.4089,77.3178,11.25,False
2026-08-23 14:20:27,Noida,28.5355,77.391,87,Satisfactory,"DITE Okhla, Delhi, Delhi, India",28.5355,77.391,11.76,False
2026-08-23 14:20:27,Anand Vihar,28.6469,77.3152,153,Moderate,"Anand Vihar, Delhi, Delhi, India",28.6469,77.3152,0.43,True
2026-08-23 14:20:27,Ashok Vihar,28.698,77.173,126,Moderate,"Delhi Institute of Tool Engineering, Wazirpur, Delhi, Delhi, India",28.698,77.173,0.77,True
2026-08-23 14:20:27,Bawana,28.7996,77.0339,167,Moderate,"Pooth Khurd, Bawana, Delhi, Delhi, India",28.7996,77.0339,2.91,False
2026-08-23 14:20:27,Dwarka,28.573,77.041,72,Satisfactory,"National Institute of Malaria Research, Sector 8, Dwarka, Delhi, Delhi, India",28.573,77.041,3.44,False
2026-08-23 14:20:27,Jahangirpuri,28.728,77.1636,147,Moderate,"ITI Jahangirpuri, Delhi, Delhi, India",28.728,77.1636,0.99,True
2026-08-23 14:20:27,Mundka,28.6828,76.9821,74,Satisfactory,"Mundka, Delhi, Delhi, India",28.6828,76.9821,4.72,False
2026-08-23 14:20:27,Narela,28.8553,77.0888,78,Satisfactory,"Narela, Delhi, Delhi, India",28.8553,77.0888,4.04,False
2026-08-23 14:20:27,Okhla,28.5355,77.291,87,Satisfactory,"DITE Okhla, Delhi, Delhi, India",28.5355,77.291,2.04,False
2026-08-23 14:20:27,Punjabi Bagh,28.6692,77.1341,74,Satisfactory,"Punjabi Bagh, Delhi, Delhi, India",28.6692,77.1341,1.7,True
2026-08-23 14:20:27,R.K. Puram,28.5641,77.1765,118,Moderate,"R.K. Puram, Delhi, Delhi, India",28.5641,77.1765,0.22,True
2026-08-23 14:20:27,Rohini,28.7495,77.0565,167,Moderate,"Pooth Khurd, Bawana, Delhi, Delhi, India",28.7495,77.0565,3.09,False
2026-08-23 14:20:27,Vivek Vihar,28.672,77.3152,68,Satisfactory,"ITI Shahdra, Jhilmil Industrial Area, Delhi, Delhi, India",28.672,77.3152,0.13,True
2026-08-23 14:20:27,Wazirpur,28.7041,77.1663,126,Moderate,"Delhi Institute of Tool Engineering, Wazirpur, Delhi, Delhi, India",28.7041,77.1663,0.41,True
2026-08-23 14:20:27,Chandni Chowk,28.6506,77.2303,142,Moderate,"Mandir Marg, Delhi, Delhi, India",28.6506,77.2303,3.44,False
2026-08-23 14:20:27,Red Fort,28.6562,77.241,142,Moderate,"Mandir Marg, Delhi, Delhi, India",28.6562,77.241,4.65,False
2026-08-23 14:20:27,Connaught Place,28.6315,77.2167,142,Moderate,"Mandir Marg, Delhi, Delhi, India",28.6315,77.2167,1.61,True
2026-08-23 14:51:23,Delhi,28.7041,77.1025,153,Moderate,"Shaheed Sukhdev College of Business Studies, Rohini, Delhi, Delhi, India",28.7041,77.1025,3.56,False
2026-08-23 14:51:23,Faridabad,28.4089,77.3178,92,Satisfactory,"Dr. Karni Singh Shooting Range, Delhi, Delhi, India",28.4089,77.3178,11.25,False
2026-08-23 14:51:23,Noida,28.5355,77.391,87,Satisfactory,"DITE Okhla, Delhi, Delhi, India",28.5355,77.391,11.76,False
2026-08-23 14:51:23,Anand Vihar,28.6469,77.3152,153,Moderate,"Anand Vihar, Delhi, Delhi, India",28.6469,77.3152,0.43,True
2026-08-23 14:51:23,Ashok Vihar,28.698,77.173,126,Moderate,"Delhi Institute of Tool Engineering, Wazirpur, Delhi, Delhi, India",28.698,77.173,0.77,True
2026-08-23 14:51:23,Bawana,28.7996,77.0339,167,Moderate,"Pooth Khurd, Bawana, Delhi, Delhi, India",28.7996,77.0339,2.91,False
2026-08-23 14:51:23,Dwarka,28.573,77.041,72,Satisfactory,"National Institute of Malaria Research, Sector 8, Dwarka, Delhi, Delhi, India",28.573,77.041,3.44,False
2026-08-23 14:51:23,Jahangirpuri,28.728,77.1636,147,Moderate,"ITI Jahangirpuri, Delhi, Delhi, India",28.728,77.1636,0.99,True
2026-08-23 14:51:23,Mundka,28.6828,76.9821,74,Satisfactory,"Mundka, Delhi, Delhi, India",28.6828,76.9821,4.72,False
2026-08-23 14:51:23,Narela,28.8553,77.0888,78,Satisfactory,"Narela, Delhi, Delhi, India",28.8553,77.0888,4.04,False
2026-08-23 14:51:23,Okhla,28.5355,77.291,87,Satisfactory,"DITE Okhla, Delhi, Delhi, India",28.5355,77.291,2.04,False
2026-08-23 14:51:23,Punjabi Bagh,28.6692,77.1341,74,Satisfactory,"Punjabi Bagh, Delhi, Delhi, India",28.6692,77.1341,1.7,True
2026-08-23 14:51:23,R.K. Puram,28.5641,77.1765,118,Moderate,"R.K. Puram, Delhi, Delhi, India",28.5641,77.1765,0.22,True
2026-08-23 14:51:23,Rohini,28.7495,77.0565,167,Moderate,"Pooth Khurd, Bawana, Delhi, Delhi, India",28.7495,77.0565,3.09,False
2026-08-23 14:51:23,Vivek Vihar,28.672,77.3152,68,Satisfactory,"ITI Shahdra, Jhilmil Industrial Area, Delhi, Delhi, India",28.672,77.3152,0.13,True
2026-08-23 14:51:23,Wazirpur,28.7041,77.1663,126,Moderate,"Delhi Institute of Tool Engineering, Wazirpur, Delhi, Delhi, India",28.7041,77.1663,0.41,True
2026-08-23 14:51:23,Chandni Chowk,28.6506,77.2303,142,Moderate,"Mandir Marg, Delhi, Delhi, India",28.6506,77.2303,3.44,False
2026-08-23 14:51:23,Red Fort,28.6562,77.241,142,Moderate,"Mandir Marg, Delhi, Delhi, India",28.6562,77.241,4.65,False
2026-08-23 14:51:23,Connaught Place,28.6315,77.2167,142,Moderate,"Mandir Marg, Delhi, Delhi, India",28.6315,77.2167,1.61,True
2026-08-23 15:22:40,Delhi,28.7041,77.1025,153,Moderate,"Shaheed Sukhdev College of Business Studies, Rohini, Delhi, Delhi, India",28.7041,77.1025,3.56,False
2026-08-23 15:22:40,Faridabad,28.4089,77.3178,92,Satisfactory,"Dr. Karni Singh Shooting Range, Delhi, Delhi, India",28.4089,77.3178,11.25,False
2026-08-23 15:22:40,Noida,28.5355,77.391,87,Satisfactory,"DITE Okhla, Delhi, Delhi, India",28.5355,77.391,11.76,False
2026-08-23 15:22:40,Anand Vihar,28.6469,77.3152,153,Moderate,"Anand Vihar, Delhi, Delhi, India",28.6469,77.3152,0.43,True
2026-08-23 15:22:40,Ashok Vihar,28.698,77.173,126,Moderate,"Delhi Institute of Tool Engineering, Wazirpur, Delhi, Delhi, India",28.698,77.173,0.77,True
2026-08-23 15:22:40,Bawana,28.7996,77.0339,167,Moderate,"Pooth Khurd, Bawana, Delhi, Delhi, India",28.7996,77.0339,2.91,False
2026-08-23 15:22:40,Dwarka,28.573,77.041,72,Satisfactory,"National Institute of Malaria Research, Sector 8, Dwarka, Delhi, Delhi, India",28.573,77.041,3.44,False
2026-08-23 15:22:40,Jahangirpuri,28.728,77.1636,147,Moderate,"ITI Jahangirpuri, Delhi, Delhi, India",28.728,77.1636,0.99,True
2026-08-23 15:22:40,Mundka,28.6828,76.9821,74,Satisfactory,"Mundka, Delhi, Delhi, India",28.6828,76.9821,4.72,False
2026-08-23 15:22:40,Narela,28.8553,77.0888,78,Satisfactory,"Narela, Delhi, Delhi, India",28.8553,77.0888,4.04,False
2026-08-23 15:22:40,Okhla,28.5355,77.291,87,Satisfactory,"DITE Okhla, Delhi, Delhi, India",28.5355,77.291,2.04,False
2026-08-23 15:22:40,Punjabi Bagh,28.6692,77.1341,74,Satisfactory,"Punjabi Bagh, Delhi, Delhi, India",28.6692,77.1341,1.7,True
2026-08-23 15:22:40,R.K. Puram,28.5641,77.1765,118,Moderate,"R.K. Puram, Delhi, Delhi, India",28.5641,77.1765,0.22,True
2026-08-23 15:22:40,Rohini,28.7495,77.0565,167,Moderate,"Pooth Khurd, Bawana, Delhi, Delhi, India",28.7495,77.0565,3.09,False
2026-08-23 15:22:40,Vivek Vihar,28.672,77.3152,68,Satisfactory,"ITI Shahdra, Jhilmil Industrial Area, Delhi, Delhi, India",28.672,77.3152,0.13,True
2026-08-23 15:22:40,Wazirpur,28.7041,77.1663,126,Moderate,"Delhi Institute of Tool Engineering, Wazirpur, Delhi, Delhi, India",28.7041,77.1663,0.41,True
2026-08-23 15:22:40,Chandni Chowk,28.6506,77.2303,142,Moderate,"Mandir Marg, Delhi, Delhi, India",28.6506,77.2303,3.44,False
2026-08-23 15:22:40,Red Fort,28.6562,77.241,142,Moderate,"Mandir Marg, Delhi, Delhi, India",28.6562,77.241,4.65,False
2026-08-23 15:22:40,Connaught Place,28.6315,77.2167,142,Moderate,"Mandir Marg, Delhi, Delhi, India",28.6315,77.2167,1.61,True
2026-08-23 15:54:51,Delhi,28.7041,77.1025,153,Moderate,"Shaheed Sukhdev College of Business Studies, Rohini, Delhi, Delhi, India",28.7041,77.1025,3.56,False
2026-08-23 15:54:51,Faridabad,28.4089,77.3178,92,Satisfactory,"Dr. Karni Singh Shooting Range, Delhi, Delhi, India",28.4089,77.3178,11.25,False
2026-08-23 15:54:51,Noida,28.5355,77.391,87,Satisfactory,"DITE Okhla, Delhi, Delhi, India",28.5355,77.391,11.76,False
2026-08-23 15:54:51,Anand Vihar,28.6469,77.3152,153,Moderate,"Anand Vihar, Delhi, Delhi, India",28.6469,77.3152,0.43,True
2026-08-23 15:54:51,Ashok Vihar,28.698,77.173,126,Moderate,"Delhi Institute of Tool Engineering, Wazirpur, Delhi, Delhi, India",28.698,77.173,0.77,True
2026-08-23 15:54:51,Bawana,28.7996,77.0339,167,Moderate,"Pooth Khurd, Bawana, Delhi, Delhi, India",28.7996,77.0339,2.91,False
2026-08-23 15:54:51,Dwarka,28.573,77.041,72,Satisfactory,"National Institute of Malaria Research, Sector 8, Dwarka, Delhi, Delhi, India",28.573,77.041,3.44,False
2026-08-23 15:54:51,Jahangirpuri,28.728,77.1636,147,Moderate,"ITI Jahangirpuri, Delhi, Delhi, India",28.728,77.1636,0.99,True
2026-08-23 15:54:51,Mundka,28.6828,76.9821,74,Satisfactory,"Mundka, Delhi, Delhi, India",28.6828,76.9821,4.72,False
2026-08-23 15:54:51,Narela,28.8553,77.0888,78,Satisfactory,"Narela, Delhi, Delhi, India",28.8553,77.0888,4.04,False
2026-08-23 15:54:51,Okhla,28.5355,77.291,87,Satisfactory,"DITE Okhla, Delhi, Delhi, India",28.5355,77.291,2.04,False
2026-08-23 15:54:51,Punjabi Bagh,28.6692,77.1341,74,Satisfactory,"Punjabi Bagh, Delhi, Delhi, India",28.6692,77.1341,1.7,True
2026-08-23 15:54:51,R.K. Puram,28.5641,77.1765,118,Moderate,"R.K. Puram, Delhi, Delhi, India",28.5641,77.1765,0.22,True
2026-08-23 15:54:51,Rohini,28.7495,77.0565,167,Moderate,"Pooth Khurd, Bawana, Delhi, Delhi, India",28.7495,77.0565,3.09,False
2026-08-23 15:54:51,Vivek Vihar,28.672,77.3152,68,Satisfactory,"ITI Shahdra, Jhilmil Industrial Area, Delhi, Delhi, India",28.672,77.3152,0.13,True
2026-08-23 15:54:51,Wazirpur,28.7041,77.1663,126,Moderate,"Delhi Institute of Tool Engineering, Wazirpur, Delhi, Delhi, India",28.7041,77.1663,0.41,True
2026-08-23 15:54:51,Chandni Chowk,28.6506,77.2303,142,Moderate,"Mandir Marg, Delhi, Delhi, India",28.6506,77.2303,3.44,False
2026-08-23 15:54:51,Red Fort,28.6562,77.241,142,Moderate,"Mandir Marg, Delhi, Delhi, India",28.6562,77.241,4.65,False
2026-08-23 15:54:51,Connaught Place,28.6315,77.2167,142,Moderate,"Mandir Marg, Delhi, Delhi, India",28.6315,77.2167,1.61,True
2026-08-23 16:26:16,Delhi,28.7041,77.1025,153,Moderate,"Shaheed Sukhdev College of Business Studies, Rohini, Delhi, Delhi, India",28.7041,77.1025,3.56,False
2026-08-23 16:26:16,Faridabad,28.4089,77.3178,92,Satisfactory,"Dr. Karni Singh Shooting Range, Delhi, Delhi, India",28.4089,77.3178,11.25,False
2026-08-23 16:26:16,Noida,28.5355,77.391,87,Satisfactory,"DITE Okhla, Delhi, Delhi, India",28.5355,77.391,11.76,False
2026-08-23 16:26:16,Anand Vihar,28.6469,77.3152,153,Moderate,"Anand Vihar, Delhi, Delhi, India",28.6469,77.3152,0.43,True
2026-08-23 16:26:16,Ashok Vihar,28.698,77.173,126,Moderate,"Delhi Institute of Tool Engineering, Wazirpur, Delhi, Delhi, India",28.698,77.173,0.77,True
2026-08-23 16:26:16,Bawana,28.7996,77.0339,167,Moderate,"Pooth Khurd, Bawana, Delhi, Delhi, India",28.7996,77.0339,2.91,False
2026-08-23 16:26:16,Dwarka,28.573,77.041,72,Satisfactory,"National Institute of Malaria Research, Sector 8, Dwarka, Delhi, Delhi, India",28.573,77.041,3.44,False
2026-08-23 16:26:16,Jahangirpuri,28.728,77.1636,147,Moderate,"ITI Jahangirpuri, Delhi, Delhi, India",28.728,77.1636,0.99,True
2026-08-23 16:26:16,Mundka,28.6828,76.9821,74,Satisfactory,"Mundka, Delhi, Delhi, India",28.6828,76.9821,4.72,False
2026-08-23 16:26:16,Narela,28.8553,77.0888,78,Satisfactory,"Narela, Delhi, Delhi, India",28.8553,77.0888,4.04,False
2026-08-23 16:26:16,Okhla,28.5355,77.291,87,Satisfactory,"DITE Okhla, Delhi, Delhi, India",28.5355,77.291,2.04,False
2026-08-23 16:26:16,Punjabi Bagh,28.6692,77.1341,74,Satisfactory,"Punjabi Bagh, Delhi, Delhi, India",28.6692,77.1341,1.7,True
2026-08-23 16:26:16,R.K. Puram,28.5641,77.1765,118,Moderate,"R.K. Puram, Delhi, Delhi, India",28.5641,77.1765,0.22,True
2026-08-23 16:26:16,Rohini,28.7495,77.0565,167,Moderate,"Pooth Khurd, Bawana, Delhi, Delhi, India",28.7495,77.0565,3.09,False
2026-08-23 16:26:16,Vivek Vihar,28.672,77.3152,68,Satisfactory,"ITI Shahdra, Jhilmil Industrial Area, Delhi, Delhi, India",28.672,77.3152,0.13,True
2026-08-23 16:26:16,Wazirpur,28.7041,77.1663,126,Moderate,"Delhi Institute of Tool Engineering, Wazirpur, Delhi, Delhi, India",28.7041,77.1663,0.41,True
2026-08-23 16:26:16,Chandni Chowk,28.6506,77.2303,142,Moderate,"Mandir Marg, Delhi, Delhi, India",28.6506,77.2303,3.44,False
2026-08-23 16:26:16,Red Fort,28.6562,77.241,142,Moderate,"Mandir Marg, Delhi, Delhi, India",28.6562,77.241,4.65,False
2026-08-23 16:26:16,Connaught Place,28.6315,77.2167,142,Moderate,"Mandir Marg, Delhi, Delhi, India",28.6315,77.2167,1.61,True
2026-08-23 16:57:17,Delhi,28.7041,77.1025,153,Moderate,"Shaheed Sukhdev College of Business Studies, Rohini, Delhi, Delhi, India",28.7041,77.1025,3.56,False
2026-08-23 16:57:17,Faridabad,28.4089,77.3178,92,Satisfactory,"Dr. Karni Singh Shooting Range, Delhi, Delhi, India",28.4089,77.3178,11.25,False
2026-08-23 16:57:17,Noida,28.5355,77.391,87,Satisfactory,"DITE Okhla, Delhi, Delhi, India",28.5355,77.391,11.76,False
2026-08-23 16:57:17,Anand Vihar,28.6469,77.3152,153,Moderate,"Anand Vihar, Delhi, Delhi, India",28.6469,77.3152,0.43,True
2026-08-23 16:57:17,Ashok Vihar,28.698,77.173,126,Moderate,"Delhi Institute of Tool Engineering, Wazirpur, Delhi, Delhi, India",28.698,77.173,0.77,True
2026-08-23 16:57:17,Bawana,28.7996,77.0339,167,Moderate,"Pooth Khurd, Bawana, Delhi, Delhi, India",28.7996,77.0339,2.91,False
2026-08-23 16:57:17,Dwarka,28.573,77.041,72,Satisfactory,"National Institute of Malaria Research, Sector 8, Dwarka, Delhi, Delhi, India",28.573,77.041,3.44,False
2026-08-23 16:57:17,Jahangirpuri,28.728,77.1636,147,Moderate,"ITI Jahangirpuri, Delhi, Delhi, India",28.728,77.1636,0.99,True
2026-08-23 16:57:17,Mundka,28.6828,76.9821,74,Satisfactory,"Mundka, Delhi, Delhi, India",28.6828,76.9821,4.72,False
2026-08-23 16:57:17,Narela,28.8553,77.0888,78,Satisfactory,"Narela, Delhi, Delhi, India",28.8553,77.0888,4.04,False
2026-08-23 16:57:17,Okhla,28.5355,77.291,87,Satisfactory,"DITE Okhla, Delhi, Delhi, India",28.5355,77.291,2.04,False
2026-08-23 16:57:17,Punjabi Bagh,28.6692,77.1341,74,Satisfactory,"Punjabi Bagh, Delhi, Delhi, India",28.6692,77.1341,1.7,True
2026-08-23 16:57:17,R.K. Puram,28.5641,77.1765,118,Moderate,"R.K. Puram, Delhi, Delhi, India",28.5641,77.1765,0.22,True
2026-08-23 16:57:17,Rohini,28.7495,77.0565,167,Moderate,"Pooth Khurd, Bawana, Delhi, Delhi, India",28.7495,77.0565,3.09,False
2026-08-23 16:57:17,Vivek Vihar,28.672,77.3152,68,Satisfactory,"ITI Shahdra, Jhilmil Industrial Area, Delhi, Delhi, India",28.672,77.3152,0.13,True
2026-08-23 16:57:17,Wazirpur,28.7041,77.1663,126,Moderate,"Delhi Institute of Tool Engineering, Wazirpur, Delhi, Delhi, India",28.7041,77.1663,0.41,True
2026-08-23 16:57:17,Chandni Chowk,28.6506,77.2303,142,Moderate,"Mandir Marg, Delhi, Delhi, India",28.6506,77.2303,3.44,False
2026-08-23 16:57:17,Red Fort,28.6562,77.241,142,Moderate,"Mandir Marg, Delhi, Delhi, India",28.6562,77.241,4.65,False
2026-08-23 16:57:17,Connaught Place,28.6315,77.2167,142,Moderate,"Mandir Marg, Delhi, Delhi, India",28.6315,77.2167,1.61,True
2026-08-23 17:28:03,Delhi,28.7041,77.1025,153,Moderate,"Shaheed Sukhdev College of Business Studies, Rohini, Delhi, Delhi, India",28.7041,77.1025,3.56,False
2026-08-23 17:28:03,Faridabad,28.4089,77.3178,92,Satisfactory,"Dr. Karni Singh Shooting Range, Delhi, Delhi, India",28.4089,77.3178,11.25,False
2026-08-23 17:28:03,Noida,28.5355,77.391,87,Satisfactory,"DITE Okhla, Delhi, Delhi, India",28.5355,77.391,11.76,False
2026-08-23 17:28:03,Anand Vihar,28.6469,77.3152,153,Moderate,"Anand Vihar, Delhi, Delhi, India",28.6469,77.3152,0.43,True
2026-08-23 17:28:03,Ashok Vihar,28.698,77.173,126,Moderate,"Delhi Institute of Tool Engineering, Wazirpur, Delhi, Delhi, India",28.698,77.173,0.77,True
2026-08-23 17:28:03,Bawana,28.7996,77.0339,167,Moderate,"Pooth Khurd, Bawana, Delhi, Delhi, India",28.7996,77.0339,2.91,False
2026-08-23 17:28:03,Dwarka,28.573,77.041,72,Satisfactory,"National Institute of Malaria Research, Sector 8, Dwarka, Delhi, Delhi, India",28.573,77.041,3.44,False
2026-08-23 17:28:03,Jahangirpuri,28.728,77.1636,147,Moderate,"ITI Jahangirpuri, Delhi, Delhi, India",28.728,77.1636,0.99,True
2026-08-23 17:28:03,Mundka,28.6828,76.9821,74,Satisfactory,"Mundka, Delhi, Delhi, India",28.6828,76.9821,4.72,False
2026-08-23 17:28:03,Narela,28.8553,77.0888,78,Satisfactory,"Narela, Delhi, Delhi, India",28.8553,77.0888,4.04,False
2026-08-23 17:28:03,Okhla,28.5355,77.291,87,Satisfactory,"DITE Okhla, Delhi, Delhi, India",28.5355,77.291,2.04,False
2026-08-23 17:28:03,Punjabi Bagh,28.6692,77.1341,74,Satisfactory,"Punjabi Bagh, Delhi, Delhi, India",28.6692,77.1341,1.7,True
2026-08-23 17:28:03,R.K. Puram,28.5641,77.1765,118,Moderate,"R.K. Puram, Delhi, Delhi, India",28.5641,77.1765,0.22,True
2026-08-23 17:28:03,Rohini,28.7495,77.0565,167,Moderate,"Pooth Khurd, Bawana, Delhi, Delhi, India",28.7495,77.0565,3.09,False
2026-08-23 17:28:03,Vivek Vihar,28.672,77.3152,68,Satisfactory,"ITI Shahdra, Jhilmil Industrial Area, Delhi, Delhi, India",28.672,77.3152,0.13,True
2026-08-23 17:28:03,Wazirpur,28.7041,77.1663,126,Moderate,"Delhi Institute of Tool Engineering, Wazirpur, Delhi, Delhi, India",28.7041,77.1663,0.41,True
2026-08-23 17:28:03,Chandni Chowk,28.6506,77.2303,142,Moderate,"Mandir Marg, Delhi, Delhi, India",28.6506,77.2303,3.44,False
2026-08-23 17:28:03,Red Fort,28.6562,77.241,142,Moderate,"Mandir Marg, Delhi, Delhi, India",28.6562,77.241,4.65,False
2026-08-23 17:28:03,Connaught Place,28.6315,77.2167,142,Moderate,"Mandir Marg, Delhi, Delhi, India",28.6315,77.2167,1.61,True
2026-08-23 18:50:57,Delhi,28.7041,77.1025,153,Moderate,"Shaheed Sukhdev College of Business Studies, Rohini, Delhi, Delhi, India",28.7041,77.1025,3.56,False
2026-08-23 18:50:57,Faridabad,28.4089,77.3178,92,Satisfactory,"Dr. Karni Singh Shooting Range, Delhi, Delhi, India",28.4089,77.3178,11.25,False
2026-08-23 18:50:57,Noida,28.5355,77.391,87,Satisfactory,"DITE Okhla, Delhi, Delhi, India",28.5355,77.391,11.76,False
2026-08-23 18:50:57,Anand Vihar,28.6469,77.3152,153,Moderate,"Anand Vihar, Delhi, Delhi, India",28.6469,77.3152,0.43,True
2026-08-23 18:50:57,Ashok Vihar,28.698,77.173,126,Moderate,"Delhi Institute of Tool Engineering, Wazirpur, Delhi, Delhi, India",28.698,77.173,0.77,True
2026-08-23 18:50:57,Bawana,28.7996,77.0339,167,Moderate,"Pooth Khurd, Bawana, Delhi, Delhi, India",28.7996,77.0339,2.91,False
2026-08-23 18:50:57,Dwarka,28.573,77.041,72,Satisfactory,"National Institute of Malaria Research, Sector 8, Dwarka, Delhi, Delhi, India",28.573,77.041,3.44,False
2026-08-23 18:50:57,Jahangirpuri,28.728,77.1636,147,Moderate,"ITI Jahangirpuri, Delhi, Delhi, India",28.728,77.1636,0.99,True
2026-08-23 18:50:57,Mundka,28.6828,76.9821,74,Satisfactory,"Mundka, Delhi, Delhi, India",28.6828,76.9821,4.72,False
2026-08-23 18:50:57,Narela,28.8553,77.0888,78,Satisfactory,"Narela, Delhi, Delhi, India",28.8553,77.0888,4.04,False
2026-08-23 18:50:57,Okhla,28.5355,77.291,87,Satisfactory,"DITE Okhla, Delhi, Delhi, India",28.5355,77.291,2.04,False
2026-08-23 18:50:57,Punjabi Bagh,28.6692,77.1341,74,Satisfactory,"Punjabi Bagh, Delhi, Delhi, India",28.6692,77.1341,1.7,True
2026-08-23 18:50:57,R.K. Puram,28.5641,77.1765,118,Moderate,"R.K. Puram, Delhi, Delhi, India",28.5641,77.1765,0.22,True
2026-08-23 18:50:57,Rohini,28.7495,77.0565,167,Moderate,"Pooth Khurd, Bawana, Delhi, Delhi, India",28.7495,77.0565,3.09,False
2026-08-23 18:50:57,Vivek Vihar,28.672,77.3152,68,Satisfactory,"ITI Shahdra, Jhilmil Industrial Area, Delhi, Delhi, India",28.672,77.3152,0.13,True
2026-08-23 18:50:57,Wazirpur,28.7041,77.1663,126,Moderate,"Delhi Institute of Tool Engineering, Wazirpur, Delhi, Delhi, India",28.7041,77.1663,0.41,True
2026-08-23 18:50:57,Chandni Chowk,28.6506,77.2303,142,Moderate,"Mandir Marg, Delhi, Delhi, India",28.6506,77.2303,3.44,False
2026-08-23 18:50:57,Red Fort,28.6562,77.241,142,Moderate,"Mandir Marg, Delhi, Delhi, India",28.6562,77.241,4.65,False
2026-08-23 18:50:57,Connaught Place,28.6315,77.2167,142,Moderate,"Mandir Marg, Delhi, Delhi, India",28.6315,77.2167,1.61,True
2026-08-23 13:44:04,Delhi,28.7041,77.1025,153,Moderate,"Shaheed Sukhdev College of Business Studies, Rohini, Delhi, Delhi, India",28.7041,77.1025,3.56,False
2026-08-23 13:44:04,Faridabad,28.4089,77.3178,92,Satisfactory,"Dr. Karni Singh Shooting Range, Delhi, Delhi, India",28.4089,77.3178,11.25,False
2026-08-23 13:44:04,Noida,28.5355,77.391,87,Satisfactory,"DITE Okhla, Delhi, Delhi, India",28.5355,77.391,11.76,False
2026-08-23 13:44:04,Anand Vihar,28.6469,77.3152,153,Moderate,"Anand Vihar, Delhi, Delhi, India",28.6469,77.3152,0.43,True
2026-08-23 13:44:04,Ashok Vihar,28.698,77.173,126,Moderate,"Delhi Institute of Tool Engineering, Wazirpur, Delhi, Delhi, India",28.698,77.173,0.77,True
2026-08-23 13:44:04,Bawana,28.7996,77.0339,167,Moderate,"Pooth Khurd, Bawana, Delhi, Delhi, India",28.7996,77.0339,2.91,False
2026-08-23 13:44:04,Dwarka,28.573,77.041,72,Satisfactory,"National Institute of Malaria Research, Sector 8, Dwarka, Delhi, Delhi, India",28.573,77.041,3.44,False
2026-08-23 13:44:04,Jahangirpuri,28.728,77.1636,147,Moderate,"ITI Jahangirpuri, Delhi, Delhi, India",28.728,77.1636,0.99,True
2026-08-23 13:44:04,Mundka,28.6828,76.9821,74,Satisfactory,"Mundka, Delhi, Delhi, India",28.6828,76.9821,4.72,False
2026-08-23 13:44:04,Narela,28.8553,77.0888,78,Satisfactory,"Narela, Delhi, Delhi, India",28.8553,77.0888,4.04,False
2026-08-23 13:44:04,Okhla,28.5355,77.291,87,Satisfactory,"DITE Okhla, Delhi, Delhi, India",28.5355,77.291,2.04,False
2026-08-23 13:44:04,Punjabi Bagh,28.6692,77.1341,74,Satisfactory,"Punjabi Bagh, Delhi, Delhi, India",28.6692,77.1341,1.7,True
2026-08-23 13:44:04,R.K. Puram,28.5641,77.1765,118,Moderate,"R.K. Puram, Delhi, Delhi, India",28.5641,77.1765,0.22,True
2026-08-23 13:44:04,Rohini,28.7495,77.0565,167,Moderate,"Pooth Khurd, Bawana, Delhi, Delhi, India",28.7495,77.0565,3.09,False
2026-08-23 13:44:04,Vivek Vihar,28.672,77.3152,68,Satisfactory,"ITI Shahdra, Jhilmil Industrial Area, Delhi, Delhi, India",28.672,77.3152,0.13,True
2026-08-23 13:44:04,Wazirpur,28.7041,77.1663,126,Moderate,"Delhi Institute of Tool Engineering, Wazirpur, Delhi, Delhi, India",28.7041,77.1663,0.41,True
2026-08-23 13:44:04,Chandni Chowk,28.6506,77.2303,142,Moderate,"Mandir Marg, Delhi, Delhi, India",28.6506,77.2303,3.44,False
2026-08-23 13:44:04,Red Fort,28.6562,77.241,142,Moderate,"Mandir Marg, Delhi, Delhi, India",28.6562,77.241,4.65,False
2026-08-23 13:44:04,Connaught Place,28.6315,77.2167,142,Moderate,"Mandir Marg, Delhi, Delhi, India",28.6315,77.2167,1.61,True
2026-08-23 14:15:37,Delhi,28.7041,77.1025,153,Moderate,"Shaheed Sukhdev College of Business Studies, Rohini, Delhi, Delhi, India",28.7041,77.1025,3.56,False
2026-08-23 14:15:37,Faridabad,28.4089,77.3178,92,Satisfactory,"Dr. Karni Singh Shooting Range, Delhi, Delhi, India",28.4089,77.3178,11.25,False
2026-08-23 14:15:37,Gurgaon,28.4595,77.0266,72,Satisfactory,"National Institute of Malaria Research, Sector 8, Dwarka, Delhi, Delhi, India",28.4595,77.0266,13.92,False
2026-08-23 14:15:37,Noida,28.5355,77.391,87,Satisfactory,"DITE Okhla, Delhi, Delhi, India",28.5355,77.391,11.76,False
2026-08-23 14:15:37,Anand Vihar,28.6469,77.3152,153,Moderate,"Anand Vihar, Delhi, Delhi, India",28.6469,77.3152,0.43,True
2026-08-23 14:15:37,Ashok Vihar,28.698,77.173,126,Moderate,"Delhi Institute of Tool Engineering, Wazirpur, Delhi, Delhi, India",28.698,77.173,0.77,True
2026-08-23 14:15:37,Bawana,28.7996,77.0339,167,Moderate,"Pooth Khurd, Bawana, Delhi, Delhi, India",28.7996,77.0339,2.91,False
2026-08-23 14:15:37,Dwarka,28.573,77.041,72,Satisfactory,"National Institute of Malaria Research, Sector 8, Dwarka, Delhi, Delhi, India",28.573,77.041,3.44,False
2026-08-23 14:15:37,Jahangirpuri,28.728,77.1636,147,Moderate,"ITI Jahangirpuri, Delhi, Delhi, India",28.728,77.1636,0.99,True
2026-08-23 14:15:37,Mundka,28.6828,76.9821,74,Satisfactory,"Mundka, Delhi, Delhi, India",28.6828,76.9821,4.72,False
2026-08-23 14:15:37,Narela,28.8553,77.0888,78,Satisfactory,"Narela, Delhi, Delhi, India",28.8553,77.0888,4.04,False
2026-08-23 14:15:37,Okhla,28.5355,77.291,87,Satisfactory,"DITE Okhla, Delhi, Delhi, India",28.5355,77.291,2.04,False
2026-08-23 14:15:37,Punjabi Bagh,28.6692,77.1341,74,Satisfactory,"Punjabi Bagh, Delhi, Delhi, India",28.6692,77.1341,1.7,True
2026-08-23 14:15:37,R.K. Puram,28.5641,77.1765,118,Moderate,"R.K. Puram, Delhi, Delhi, India",28.5641,77.1765,0.22,True
2026-08-23 14:15:37,Rohini,28.7495,77.0565,167,Moderate,"Pooth Khurd, Bawana, Delhi, Delhi, India",28.7495,77.0565,3.09,False
2026-08-23 14:15:37,Vivek Vihar,28.672,77.3152,68,Satisfactory,"ITI Shahdra, Jhilmil Industrial Area, Delhi, Delhi, India",28.672,77.3152,0.13,True
2026-08-23 14:15:37,Wazirpur,28.7041,77.1663,126,Moderate,"Delhi Institute of Tool Engineering, Wazirpur, Delhi, Delhi, India",28.7041,77.1663,0.41,True
2026-08-23 14:15:37,Chandni Chowk,28.6506,77.2303,142,Moderate,"Mandir Marg, Delhi, Delhi, India",28.6506,77.2303,3.44,False
2026-08-23 14:15:37,Red Fort,28.6562,77.241,142,Moderate,"Mandir Marg, Delhi, Delhi, India",28.6562,77.241,4.65,False
2026-08-23 14:15:37,Connaught Place,28.6315,77.2167,142,Moderate,"Mandir Marg, Delhi, Delhi, India",28.6315,77.2167,1.61,True
2026-08-23 14:24:36,Delhi,28.7041,77.1025,153,Moderate,"Shaheed Sukhdev College of Business Studies, Rohini, Delhi, Delhi, India",28.7041,77.1025,3.56,False
2026-08-23 14:24:36,Faridabad,28.4089,77.3178,92,Satisfactory,"Dr. Karni Singh Shooting Range, Delhi, Delhi, India",28.4089,77.3178,11.25,False
2026-08-23 14:24:36,Gurgaon,28.4595,77.0266,72,Satisfactory,"National Institute of Malaria Research, Sector 8, Dwarka, Delhi, Delhi, India",28.4595,77.0266,13.92,False
2026-08-23 14:24:36,Noida,28.5355,77.391,87,Satisfactory,"DITE Okhla, Delhi, Delhi, India",28.5355,77.391,11.76,False
2026-08-23 14:24:36,Anand Vihar,28.6469,77.3152,153,Moderate,"Anand Vihar, Delhi, Delhi, India",28.6469,77.3152,0.43,True
2026-08-23 14:24:36,Ashok Vihar,28.698,77.173,126,Moderate,"Delhi Institute of Tool Engineering, Wazirpur, Delhi, Delhi, India",28.698,77.173,0.77,True
2026-08-23 14:24:36,Bawana,28.7996,77.0339,167,Moderate,"Pooth Khurd, Bawana, Delhi, Delhi, India",28.7996,77.0339,2.91,False
2026-08-23 14:24:36,Dwarka,28.573,77.041,72,Satisfactory,"National Institute of Malaria Research, Sector 8, Dwarka, Delhi, Delhi, India",28.573,77.041,3.44,False
2026-08-23 14:24:36,Jahangirpuri,28.728,77.1636,147,Moderate,"ITI Jahangirpuri, Delhi, Delhi, India",28.728,77.1636,0.99,True
2026-08-23 14:24:36,Mundka,28.6828,76.9821,74,Satisfactory,"Mundka, Delhi, Delhi, India",28.6828,76.9821,4.72,False
2026-08-23 14:24:36,Narela,28.8553,77.0888,78,Satisfactory,"Narela, Delhi, Delhi, India",28.8553,77.0888,4.04,False
2026-08-23 14:24:36,Okhla,28.5355,77.291,87,Satisfactory,"DITE Okhla, Delhi, Delhi, India",28.5355,77.291,2.04,False
2026-08-23 14:24:36,Punjabi Bagh,28.6692,77.1341,74,Satisfactory,"Punjabi Bagh, Delhi, Delhi, India",28.6692,77.1341,1.7,True
2026-08-23 14:24:36,R.K. Puram,28.5641,77.1765,118,Moderate,"R.K. Puram, Delhi, Delhi, India",28.5641,77.1765,0.22,True
2026-08-23 14:24:36,Rohini,28.7495,77.0565,167,Moderate,"Pooth Khurd, Bawana, Delhi, Delhi, India",28.7495,77.0565,3.09,False
2026-08-23 14:24:36,Vivek Vihar,28.672,77.3152,68,Satisfactory,"ITI Shahdra, Jhilmil Industrial Area, Delhi, Delhi, India",28.672,77.3152,0.13,True
2026-08-23 14:24:36,Wazirpur,28.7041,77.1663,126,Moderate,"Delhi Institute of Tool Engineering, Wazirpur, Delhi, Delhi, India",28.7041,77.1663,0.41,True
2026-08-23 14:24:36,Chandni Chowk,28.6506,77.2303,142,Moderate,"Mandir Marg, Delhi, Delhi, India",28.6506,77.2303,3.44,False
2026-08-23 14:24:36,Red Fort,28.6562,77.241,142,Moderate,"Mandir Marg, Delhi, Delhi, India",28.6562,77.241,4.65,False
2026-08-23 14:24:36,Connaught Place,28.6315,77.2167,142,Moderate,"Mandir Marg, Delhi, Delhi, India",28.6315,77.2167,1.61,True
2026-08-23 14:47:52,Delhi,28.7041,77.1025,153,Moderate,"Shaheed Sukhdev College of Business Studies, Rohini, Delhi, Delhi, India",28.7041,77.1025,3.56,False
2026-08-23 14:47:52,Faridabad,28.4089,77.3178,92,Satisfactory,"Dr. Karni Singh Shooting Range, Delhi, Delhi, India",28.4089,77.3178,11.25,False
2026-08-23 14:47:52,Gurgaon,28.4595,77.0266,72,Satisfactory,"National Institute of Malaria Research, Sector 8, Dwarka, Delhi, Delhi, India",28.4595,77.0266,13.92,False
2026-08-23 14:47:52,Noida,28.5355,77.391,87,Satisfactory,"DITE Okhla, Delhi, Delhi, India",28.5355,77.391,11.76,False
2026-08-23 14:47:52,Anand Vihar,28.6469,77.3152,153,Moderate,"Anand Vihar, Delhi, Delhi, India",28.6469,77.3152,0.43,True
2026-08-23 14:47:52,Ashok Vihar,28.698,77.173,126,Moderate,"Delhi Institute of Tool Engineering, Wazirpur, Delhi, Delhi, India",28.698,77.173,0.77,True
2026-08-23 14:47:52,Bawana,28.7996,77.0339,167,Moderate,"Pooth Khurd, Bawana, Delhi, Delhi, India",28.7996,77.0339,2.91,False
2026-08-23 14:47:52,Dwarka,28.573,77.041,72,Satisfactory,"National Institute of Malaria Research, Sector 8, Dwarka, Delhi, Delhi, India",28.573,77.041,3.44,False
2026-08-23 14:47:52,Jahangirpuri,28.728,77.1636,147,Moderate,"ITI Jahangirpuri, Delhi, Delhi, India",28.728,77.1636,0.99,True
2026-08-23 14:47:52,Mundka,28.6828,76.9821,74,Satisfactory,"Mundka, Delhi, Delhi, India",28.6828,76.9821,4.72,False
2026-08-23 14:47:52,Narela,28.8553,77.0888,78,Satisfactory,"Narela, Delhi, Delhi, India",28.8553,77.0888,4.04,False
2026-08-23 14:47:52,Okhla,28.5355,77.291,87,Satisfactory,"DITE Okhla, Delhi, Delhi, India",28.5355,77.291,2.04,False
2026-08-23 14:47:52,Punjabi Bagh,28.6692,77.1341,74,Satisfactory,"Punjabi Bagh, Delhi, Delhi, India",28.6692,77.1341,1.7,True
2026-08-23 14:47:52,R.K. Puram,28.5641,77.1765,118,Moderate,"R.K. Puram, Delhi, Delhi, India",28.5641,77.1765,0.22,True
2026-08-23 14:47:52,Rohini,28.7495,77.0565,167,Moderate,"Pooth Khurd, Bawana, Delhi, Delhi, India",28.7495,77.0565,3.09,False
2026-08-23 14:47:52,Vivek Vihar,28.672,77.3152,68,Satisfactory,"ITI Shahdra, Jhilmil Industrial Area, Delhi, Delhi, India",28.672,77.3152,0.13,True
2026-08-23 14:47:52,Wazirpur,28.7041,77.1663,126,Moderate,"Delhi Institute of Tool Engineering, Wazirpur, Delhi, Delhi, India",28.7041,77.1663,0.41,True
2026-08-23 14:47:52,Chandni Chowk,28.6506,77.2303,142,Moderate,"Mandir Marg, Delhi, Delhi, India",28.6506,77.2303,3.44,False
2026-08-23 14:47:52,Red Fort,28.6562,77.241,142,Moderate,"Mandir Marg, Delhi, Delhi, India",28.6562,77.241,4.65,False
2026-08-23 14:47:52,Connaught Place,28.6315,77.2167,142,Moderate,"Mandir Marg, Delhi, Delhi, India",28.6315,77.2167,1.61,True
2026-08-23 15:14:28,Delhi,28.7041,77.1025,153,Moderate,"Shaheed Sukhdev College of Business Studies, Rohini, Delhi, Delhi, India",28.7041,77.1025,3.56,False
2026-08-23 15:14:28,Faridabad,28.4089,77.3178,92,Satisfactory,"Dr. Karni Singh Shooting Range, Delhi, Delhi, India",28.4089,77.3178,11.25,False
2026-08-23 15:14:28,Gurgaon,28.4595,77.0266,72,Satisfactory,"National Institute of Malaria Research, Sector 8, Dwarka, Delhi, Delhi, India",28.4595,77.0266,13.92,False
2026-08-23 15:14:28,Noida,28.5355,77.391,87,Satisfactory,"DITE Okhla, Delhi, Delhi, India",28.5355,77.391,11.76,False
2026-08-23 15:14:28,Anand Vihar,28.6469,77.3152,153,Moderate,"Anand Vihar, Delhi, Delhi, India",28.6469,77.3152,0.43,True
2026-08-23 15:14:28,Ashok Vihar,28.698,77.173,126,Moderate,"Delhi Institute of Tool Engineering, Wazirpur, Delhi, Delhi, India",28.698,77.173,0.77,True
2026-08-23 15:14:28,Bawana,28.7996,77.0339,167,Moderate,"Pooth Khurd, Bawana, Delhi, Delhi, India",28.7996,77.0339,2.91,False
2026-08-23 15:14:28,Dwarka,28.573,77.041,72,Satisfactory,"National Institute of Malaria Research, Sector 8, Dwarka, Delhi, Delhi, India",28.573,77.041,3.44,False
2026-08-23 15:14:28,Jahangirpuri,28.728,77.1636,147,Moderate,"ITI Jahangirpuri, Delhi, Delhi, India",28.728,77.1636,0.99,True
2026-08-23 15:14:28,Mundka,28.6828,76.9821,74,Satisfactory,"Mundka, Delhi, Delhi, India",28.6828,76.9821,4.72,False
2026-08-23 15:14:28,Narela,28.8553,77.0888,78,Satisfactory,"Narela, Delhi, Delhi, India",28.8553,77.0888,4.04,False
2026-08-23 15:14:28,Okhla,28.5355,77.291,87,Satisfactory,"DITE Okhla, Delhi, Delhi, India",28.5355,77.291,2.04,False
2026-08-23 15:14:28,Punjabi Bagh,28.6692,77.1341,74,Satisfactory,"Punjabi Bagh, Delhi, Delhi, India",28.6692,77.1341,1.7,True
2026-08-23 15:14:28,R.K. Puram,28.5641,77.1765,118,Moderate,"R.K. Puram, Delhi, Delhi, India",28.5641,77.1765,0.22,True
2026-08-23 15:14:28,Rohini,28.7495,77.0565,167,Moderate,"Pooth Khurd, Bawana, Delhi, Delhi, India",28.7495,77.0565,3.09,False
2026-08-23 15:14:28,Vivek Vihar,28.672,77.3152,68,Satisfactory,"ITI Shahdra, Jhilmil Industrial Area, Delhi, Delhi, India",28.672,77.3152,0.13,True
2026-08-23 15:14:28,Wazirpur,28.7041,77.1663,126,Moderate,"Delhi Institute of Tool Engineering, Wazirpur, Delhi, Delhi, India",28.7041,77.1663,0.41,True
2026-08-23 15:14:28,Chandni Chowk,28.6506,77.2303,142,Moderate,"Mandir Marg, Delhi, Delhi, India",28.6506,77.2303,3.44,False
2026-08-23 15:14:28,Red Fort,28.6562,77.241,142,Moderate,"Mandir Marg, Delhi, Delhi, India",28.6562,77.241,4.65,False
2026-08-23 15:14:28,Connaught Place,28.6315,77.2167,142,Moderate,"Mandir Marg, Delhi, Delhi, India",28.6315,77.2167,1.61,True
2026-08-23 15:45:06,Delhi,28.7041,77.1025,153,Moderate,"Shaheed Sukhdev College of Business Studies, Rohini, Delhi, Delhi, India",28.7041,77.1025,3.56,False
2026-08-23 15:45:06,Faridabad,28.4089,77.3178,92,Satisfactory,"Dr. Karni Singh Shooting Range, Delhi, Delhi, India",28.4089,77.3178,11.25,False
2026-08-23 15:45:06,Gurgaon,28.4595,77.0266,72,Satisfactory,"National Institute of Malaria Research, Sector 8, Dwarka, Delhi, Delhi, India",28.4595,77.0266,13.92,False
2026-08-23 15:45:06,Noida,28.5355,77.391,87,Satisfactory,"DITE Okhla, Delhi, Delhi, India",28.5355,77.391,11.76,False
2026-08-23 15:45:06,Anand Vihar,28.6469,77.3152,153,Moderate,"Anand Vihar, Delhi, Delhi, India",28.6469,77.3152,0.43,True
2026-08-23 15:45:06,Ashok Vihar,28.698,77.173,126,Moderate,"Delhi Institute of Tool Engineering, Wazirpur, Delhi, Delhi, India",28.698,77.173,0.77,True
2026-08-23 15:45:06,Bawana,28.7996,77.0339,167,Moderate,"Pooth Khurd, Bawana, Delhi, Delhi, India",28.7996,77.0339,2.91,False
2026-08-23 15:45:06,Dwarka,28.573,77.041,72,Satisfactory,"National Institute of Malaria Research, Sector 8, Dwarka, Delhi, Delhi, India",28.573,77.041,3.44,False
2026-08-23 15:45:06,Jahangirpuri,28.728,77.1636,147,Moderate,"ITI Jahangirpuri, Delhi, Delhi, India",28.728,77.1636,0.99,True
2026-08-23 15:45:06,Mundka,28.6828,76.9821,74,Satisfactory,"Mundka, Delhi, Delhi, India",28.6828,76.9821,4.72,False
2026-08-23 15:45:06,Narela,28.8553,77.0888,78,Satisfactory,"Narela, Delhi, Delhi, India",28.8553,77.0888,4.04,False
2026-08-23 15:45:06,Okhla,28.5355,77.291,87,Satisfactory,"DITE Okhla, Delhi, Delhi, India",28.5355,77.291,2.04,False
2026-08-23 15:45:06,Punjabi Bagh,28.6692,77.1341,74,Satisfactory,"Punjabi Bagh, Delhi, Delhi, India",28.6692,77.1341,1.7,True
2026-08-23 15:45:06,R.K. Puram,28.5641,77.1765,118,Moderate,"R.K. Puram, Delhi, Delhi, India",28.5641,77.1765,0.22,True
2026-08-23 15:45:06,Rohini,28.7495,77.0565,167,Moderate,"Pooth Khurd, Bawana, Delhi, Delhi, India",28.7495,77.0565,3.09,False
2026-08-23 15:45:06,Vivek Vihar,28.672,77.3152,68,Satisfactory,"ITI Shahdra, Jhilmil Industrial Area, Delhi, Delhi, India",28.672,77.3152,0.13,True
2026-08-23 15:45:06,Wazirpur,28.7041,77.1663,126,Moderate,"Delhi Institute of Tool Engineering, Wazirpur, Delhi, Delhi, India",28.7041,77.1663,0.41,True
2026-08-23 15:45:06,Chandni Chowk,28.6506,77.2303,142,Moderate,"Mandir Marg, Delhi, Delhi, India",28.6506,77.2303,3.44,False
2026-08-23 15:45:06,Red Fort,28.6562,77.241,142,Moderate,"Mandir Marg, Delhi, Delhi, India",28.6562,77.241,4.65,False
2026-08-23 15:45:06,Connaught Place,28.6315,77.2167,142,Moderate,"Mandir Marg, Delhi, Delhi, India",28.6315,77.2167,1.61,True
2026-08-23 16:15:53,Delhi,28.7041,77.1025,153,Moderate,"Shaheed Sukhdev College of Business Studies, Rohini, Delhi, Delhi, India",28.7041,77.1025,3.56,False
2026-08-23 16:15:53,Faridabad,28.4089,77.3178,92,Satisfactory,"Dr. Karni Singh Shooting Range, Delhi, Delhi, India",28.4089,77.3178,11.25,False
2026-08-23 16:15:53,Gurgaon,28.4595,77.0266,72,Satisfactory,"National Institute of Malaria Research, Sector 8, Dwarka, Delhi, Delhi, India",28.4595,77.0266,13.92,False
2026-08-23 16:15:53,Noida,28.5355,77.391,87,Satisfactory,"DITE Okhla, Delhi, Delhi, India",28.5355,77.391,11.76,False
2026-08-23 16:15:53,Anand Vihar,28.6469,77.3152,153,Moderate,"Anand Vihar, Delhi, Delhi, India",28.6469,77.3152,0.43,True
2026-08-23 16:15:53,Ashok Vihar,28.698,77.173,126,Moderate,"Delhi Institute of Tool Engineering, Wazirpur, Delhi, Delhi, India",28.698,77.173,0.77,True
2026-08-23 16:15:53,Bawana,28.7996,77.0339,167,Moderate,"Pooth Khurd, Bawana, Delhi, Delhi, India",28.7996,77.0339,2.91,False
2026-08-23 16:15:53,Dwarka,28.573,77.041,72,Satisfactory,"National Institute of Malaria Research, Sector 8, Dwarka, Delhi, Delhi, India",28.573,77.041,3.44,False
2026-08-23 16:15:53,Jahangirpuri,28.728,77.1636,147,Moderate,"ITI Jahangirpuri, Delhi, Delhi, India",28.728,77.1636,0.99,True
2026-08-23 16:15:53,Mundka,28.6828,76.9821,74,Satisfactory,"Mundka, Delhi, Delhi, India",28.6828,76.9821,4.72,False
2026-08-23 16:15:53,Narela,28.8553,77.0888,78,Satisfactory,"Narela, Delhi, Delhi, India",28.8553,77.0888,4.04,False
2026-08-23 16:15:53,Okhla,28.5355,77.291,87,Satisfactory,"DITE Okhla, Delhi, Delhi, India",28.5355,77.291,2.04,False
2026-08-23 16:15:53,Punjabi Bagh,28.6692,77.1341,74,Satisfactory,"Punjabi Bagh, Delhi, Delhi, India",28.6692,77.1341,1.7,True
2026-08-23 16:15:53,R.K. Puram,28.5641,77.1765,118,Moderate,"R.K. Puram, Delhi, Delhi, India",28.5641,77.1765,0.22,True
2026-08-23 16:15:53,Rohini,28.7495,77.0565,167,Moderate,"Pooth Khurd, Bawana, Delhi, Delhi, India",28.7495,77.0565,3.09,False
2026-08-23 16:15:53,Vivek Vihar,28.672,77.3152,68,Satisfactory,"ITI Shahdra, Jhilmil Industrial Area, Delhi, Delhi, India",28.672,77.3152,0.13,True
2026-08-23 16:15:53,Wazirpur,28.7041,77.1663,126,Moderate,"Delhi Institute of Tool Engineering, Wazirpur, Delhi, Delhi, India",28.7041,77.1663,0.41,True
2026-08-23 16:15:53,Chandni Chowk,28.6506,77.2303,142,Moderate,"Mandir Marg, Delhi, Delhi, India",28.6506,77.2303,3.44,False
2026-08-23 16:15:53,Red Fort,28.6562,77.241,142,Moderate,"Mandir Marg, Delhi, Delhi, India",28.6562,77.241,4.65,False
2026-08-23 16:15:53,Connaught Place,28.6315,77.2167,142,Moderate,"Mandir Marg, Delhi, Delhi, India",28.6315,77.2167,1.61,True
2026-08-23 16:49:24,Delhi,28.7041,77.1025,153,Moderate,"Shaheed Sukhdev College of Business Studies, Rohini, Delhi, Delhi, India",28.7041,77.1025,3.56,False
2026-08-23 16:49:24,Faridabad,28.4089,77.3178,92,Satisfactory,"Dr. Karni Singh Shooting Range, Delhi, Delhi, India",28.4089,77.3178,11.25,False
2026-08-23 16:49:24,Gurgaon,28.4595,77.0266,72,Satisfactory,"National Institute of Malaria Research, Sector 8, Dwarka, Delhi, Delhi, India",28.4595,77.0266,13.92,False
2026-08-23 16:49:24,Noida,28.5355,77.391,87,Satisfactory,"DITE Okhla, Delhi, Delhi, India",28.5355,77.391,11.76,False
2026-08-23 16:49:24,Anand Vihar,28.6469,77.3152,153,Moderate,"Anand Vihar, Delhi, Delhi, India",28.6469,77.3152,0.43,True
2026-08-23 16:49:24,Ashok Vihar,28.698,77.173,126,Moderate,"Delhi Institute of Tool Engineering, Wazirpur, Delhi, Delhi, India",28.698,77.173,0.77,True
2026-08-23 16:49:24,Bawana,28.7996,77.0339,167,Moderate,"Pooth Khurd, Bawana, Delhi, Delhi, India",28.7996,77.0339,2.91,False
2026-08-23 16:49:24,Dwarka,28.573,77.041,72,Satisfactory,"National Institute of Malaria Research, Sector 8, Dwarka, Delhi, Delhi, India",28.573,77.041,3.44,False
2026-08-23 16:49:24,Jahangirpuri,28.728,77.1636,147,Moderate,"ITI Jahangirpuri, Delhi, Delhi, India",28.728,77.1636,0.99,True
2026-08-23 16:49:24,Mundka,28.6828,76.9821,74,Satisfactory,"Mundka, Delhi, Delhi, India",28.6828,76.9821,4.72,False
2026-08-23 16:49:24,Narela,28.8553,77.0888,78,Satisfactory,"Narela, Delhi, Delhi, India",28.8553,77.0888,4.04,False
2026-08-23 16:49:24,Okhla,28.5355,77.291,87,Satisfactory,"DITE Okhla, Delhi, Delhi, India",28.5355,77.291,2.04,False
2026-08-23 16:49:24,Punjabi Bagh,28.6692,77.1341,74,Satisfactory,"Punjabi Bagh, Delhi, Delhi, India",28.6692,77.1341,1.7,True
2026-08-23 16:49:24,R.K. Puram,28.5641,77.1765,118,Moderate,"R.K. Puram, Delhi, Delhi, India",28.5641,77.1765,0.22,True
2026-08-23 16:49:24,Rohini,28.7495,77.0565,167,Moderate,"Pooth Khurd, Bawana, Delhi, Delhi, India",28.7495,77.0565,3.09,False
2026-08-23 16:49:24,Vivek Vihar,28.672,77.3152,68,Satisfactory,"ITI Shahdra, Jhilmil Industrial Area, Delhi, Delhi, India",28.672,77.3152,0.13,True
2026-08-23 16:49:24,Wazirpur,28.7041,77.1663,126,Moderate,"Delhi Institute of Tool Engineering, Wazirpur, Delhi, Delhi, India",28.7041,77.1663,0.41,True
2026-08-23 16:49:24,Chandni Chowk,28.6506,77.2303,142,Moderate,"Mandir Marg, Delhi, Delhi, India",28.6506,77.2303,3.44,False
2026-08-23 16:49:24,Red Fort,28.6562,77.241,142,Moderate,"Mandir Marg, Delhi, Delhi, India",28.6562,77.241,4.65,False
2026-08-23 16:49:24,Connaught Place,28.6315,77.2167,142,Moderate,"Mandir Marg, Delhi, Delhi, India",28.6315,77.2167,1.61,True
2026-08-23 17:14:24,Delhi,28.7041,77.1025,153,Moderate,"Shaheed Sukhdev College of Business Studies, Rohini, Delhi, Delhi, India",28.7041,77.1025,3.56,False
2026-08-23 17:14:24,Faridabad,28.4089,77.3178,92,Satisfactory,"Dr. Karni Singh Shooting Range, Delhi, Delhi, India",28.4089,77.3178,11.25,False
2026-08-23 17:14:24,Gurgaon,28.4595,77.0266,72,Satisfactory,"National Institute of Malaria Research, Sector 8, Dwarka, Delhi, Delhi, India",28.4595,77.0266,13.92,False
2026-08-23 17:14:24,Noida,28.5355,77.391,87,Satisfactory,"DITE Okhla, Delhi, Delhi, India",28.5355,77.391,11.76,False
2026-08-23 17:14:24,Anand Vihar,28.6469,77.3152,153,Moderate,"Anand Vihar, Delhi, Delhi, India",28.6469,77.3152,0.43,True
2026-08-23 17:14:24,Ashok Vihar,28.698,77.173,126,Moderate,"Delhi Institute of Tool Engineering, Wazirpur, Delhi, Delhi, India",28.698,77.173,0.77,True
2026-08-23 17:14:24,Bawana,28.7996,77.0339,167,Moderate,"Pooth Khurd, Bawana, Delhi, Delhi, India",28.7996,77.0339,2.91,False
2026-08-23 17:14:24,Dwarka,28.573,77.041,72,Satisfactory,"National Institute of Malaria Research, Sector 8, Dwarka, Delhi, Delhi, India",28.573,77.041,3.44,False
2026-08-23 17:14:24,Jahangirpuri,28.728,77.1636,147,Moderate,"ITI Jahangirpuri, Delhi, Delhi, India",28.728,77.1636,0.99,True
2026-08-23 17:14:24,Mundka,28.6828,76.9821,74,Satisfactory,"Mundka, Delhi, Delhi, India",28.6828,76.9821,4.72,False
2026-08-23 17:14:24,Narela,28.8553,77.0888,78,Satisfactory,"Narela, Delhi, Delhi, India",28.8553,77.0888,4.04,False
2026-08-23 17:14:24,Okhla,28.5355,77.291,87,Satisfactory,"DITE Okhla, Delhi, Delhi, India",28.5355,77.291,2.04,False
2026-08-23 17:14:24,Punjabi Bagh,28.6692,77.1341,74,Satisfactory,"Punjabi Bagh, Delhi, Delhi, India",28.6692,77.1341,1.7,True
2026-08-23 17:14:24,R.K. Puram,28.5641,77.1765,118,Moderate,"R.K. Puram, Delhi, Delhi, India",28.5641,77.1765,0.22,True
2026-08-23 17:14:24,Rohini,28.7495,77.0565,167,Moderate,"Pooth Khurd, Bawana, Delhi, Delhi, India",28.7495,77.0565,3.09,False
2026-08-23 17:14:24,Vivek Vihar,28.672,77.3152,68,Satisfactory,"ITI Shahdra, Jhilmil Industrial Area, Delhi, Delhi, India",28.672,77.3152,0.13,True
2026-08-23 17:14:24,Wazirpur,28.7041,77.1663,126,Moderate,"Delhi Institute of Tool Engineering, Wazirpur, Delhi, Delhi, India",28.7041,77.1663,0.41,True
2026-08-23 17:14:24,Chandni Chowk,28.6506,77.2303,142,Moderate,"Mandir Marg, Delhi, Delhi, India",28.6506,77.2303,3.44,False
2026-08-23 17:14:24,Red Fort,28.6562,77.241,142,Moderate,"Mandir Marg, Delhi, Delhi, India",28.6562,77.241,4.65,False
2026-08-23 17:14:24,Connaught Place,28.6315,77.2167,142,Moderate,"Mandir Marg, Delhi, Delhi, India",28.6315,77.2167,1.61,True
2026-08-23 17:43:07,Delhi,28.7041,77.1025,153,Moderate,"Shaheed Sukhdev College of Business Studies, Rohini, Delhi, Delhi, India",28.7041,77.1025,3.56,False
2026-08-23 17:43:07,Faridabad,28.4089,77.3178,92,Satisfactory,"Dr. Karni Singh Shooting Range, Delhi, Delhi, India",28.4089,77.3178,11.25,False
2026-08-23 17:43:07,Gurgaon,28.4595,77.0266,72,Satisfactory,"National Institute of Malaria Research, Sector 8, Dwarka, Delhi, Delhi, India",28.4595,77.0266,13.92,False
2026-08-23 17:43:07,Noida,28.5355,77.391,87,Satisfactory,"DITE Okhla, Delhi, Delhi, India",28.5355,77.391,11.76,False
2026-08-23 17:43:07,Anand Vihar,28.6469,77.3152,153,Moderate,"Anand Vihar, Delhi, Delhi, India",28.6469,77.3152,0.43,True
2026-08-23 17:43:07,Ashok Vihar,28.698,77.173,126,Moderate,"Delhi Institute of Tool Engineering, Wazirpur, Delhi, Delhi, India",28.698,77.173,0.77,True
2026-08-23 17:43:07,Bawana,28.7996,77.0339,167,Moderate,"Pooth Khurd, Bawana, Delhi, Delhi, India",28.7996,77.0339,2.91,False
2026-08-23 17:43:07,Dwarka,28.573,77.041,72,Satisfactory,"National Institute of Malaria Research, Sector 8, Dwarka, Delhi, Delhi, India",28.573,77.041,3.44,False
2026-08-23 17:43:07,Jahangirpuri,28.728,77.1636,147,Moderate,"ITI Jahangirpuri, Delhi, Delhi, India",28.728,77.1636,0.99,True
2026-08-23 17:43:07,Mundka,28.6828,76.9821,74,Satisfactory,"Mundka, Delhi, Delhi, India",28.6828,76.9821,4.72,False
2026-08-23 17:43:07,Narela,28.8553,77.0888,78,Satisfactory,"Narela, Delhi, Delhi, India",28.8553,77.0888,4.04,False
2026-08-23 17:43:07,Okhla,28.5355,77.291,87,Satisfactory,"DITE Okhla, Delhi, Delhi, India",28.5355,77.291,2.04,False
2026-08-23 17:43:07,Punjabi Bagh,28.6692,77.1341,74,Satisfactory,"Punjabi Bagh, Delhi, Delhi, India",28.6692,77.1341,1.7,True
2026-08-23 17:43:07,R.K. Puram,28.5641,77.1765,118,Moderate,"R.K. Puram, Delhi, Delhi, India",28.5641,77.1765,0.22,True
2026-08-23 17:43:07,Rohini,28.7495,77.0565,167,Moderate,"Pooth Khurd, Bawana, Delhi, Delhi, India",28.7495,77.0565,3.09,False
2026-08-23 17:43:07,Vivek Vihar,28.672,77.3152,68,Satisfactory,"ITI Shahdra, Jhilmil Industrial Area, Delhi, Delhi, India",28.672,77.3152,0.13,True
2026-08-23 17:43:07,Wazirpur,28.7041,77.1663,126,Moderate,"Delhi Institute of Tool Engineering, Wazirpur, Delhi, Delhi, India",28.7041,77.1663,0.41,True
2026-08-23 17:43:07,Chandni Chowk,28.6506,77.2303,142,Moderate,"Mandir Marg, Delhi, Delhi, India",28.6506,77.2303,3.44,False
2026-08-23 17:43:07,Red Fort,28.6562,77.241,142,Moderate,"Mandir Marg, Delhi, Delhi, India",28.6562,77.241,4.65,False
2026-08-23 17:43:07,Connaught Place,28.6315,77.2167,142,Moderate,"Mandir Marg, Delhi, Delhi, India",28.6315,77.2167,1.61,True
2026-08-23 18:18:08,Delhi,28.7041,77.1025,153,Moderate,"Shaheed Sukhdev College of Business Studies, Rohini, Delhi, Delhi, India",28.7041,77.1025,3.56,False
2026-08-23 18:18:08,Faridabad,28.4089,77.3178,92,Satisfactory,"Dr. Karni Singh Shooting Range, Delhi, Delhi, India",28.4089,77.3178,11.25,False
2026-08-23 18:18:08,Gurgaon,28.4595,77.0266,72,Satisfactory,"National Institute of Malaria Research, Sector 8, Dwarka, Delhi, Delhi, India",28.4595,77.0266,13.92,False
2026-08-23 18:18:08,Noida,28.5355,77.391,87,Satisfactory,"DITE Okhla, Delhi, Delhi, India",28.5355,77.391,11.76,False
2026-08-23 18:18:08,Anand Vihar,28.6469,77.3152,153,Moderate,"Anand Vihar, Delhi, Delhi, India",28.6469,77.3152,0.43,True
2026-08-23 18:18:08,Ashok Vihar,28.698,77.173,126,Moderate,"Delhi Institute of Tool Engineering, Wazirpur, Delhi, Delhi, India",28.698,77.173,0.77,True
2026-08-23 18:18:08,Bawana,28.7996,77.0339,167,Moderate,"Pooth Khurd, Bawana, Delhi, Delhi, India",28.7996,77.0339,2.91,False
2026-08-23 18:18:08,Dwarka,28.573,77.041,72,Satisfactory,"National Institute of Malaria Research, Sector 8, Dwarka, Delhi, Delhi, India",28.573,77.041,3.44,False
2026-08-23 18:18:08,Jahangirpuri,28.728,77.1636,147,Moderate,"ITI Jahangirpuri, Delhi, Delhi, India",28.728,77.1636,0.99,True
2026-08-23 18:18:08,Mundka,28.6828,76.9821,74,Satisfactory,"Mundka, Delhi, Delhi, India",28.6828,76.9821,4.72,False
2026-08-23 18:18:08,Narela,28.8553,77.0888,78,Satisfactory,"Narela, Delhi, Delhi, India",28.8553,77.0888,4.04,False
2026-08-23 18:18:08,Okhla,28.5355,77.291,87,Satisfactory,"DITE Okhla, Delhi, Delhi, India",28.5355,77.291,2.04,False
2026-08-23 18:18:08,Punjabi Bagh,28.6692,77.1341,74,Satisfactory,"Punjabi Bagh, Delhi, Delhi, India",28.6692,77.1341,1.7,True
2026-08-23 18:18:08,R.K. Puram,28.5641,77.1765,118,Moderate,"R.K. Puram, Delhi, Delhi, India",28.5641,77.1765,0.22,True
2026-08-23 18:18:08,Rohini,28.7495,77.0565,167,Moderate,"Pooth Khurd, Bawana, Delhi, Delhi, India",28.7495,77.0565,3.09,False
2026-08-23 18:18:08,Vivek Vihar,28.672,77.3152,68,Satisfactory,"ITI Shahdra, Jhilmil Industrial Area, Delhi, Delhi, India",28.672,77.3152,0.13,True
2026-08-23 18:18:08,Wazirpur,28.7041,77.1663,126,Moderate,"Delhi Institute of Tool Engineering, Wazirpur, Delhi, Delhi, India",28.7041,77.1663,0.41,True
2026-08-23 18:18:08,Chandni Chowk,28.6506,77.2303,142,Moderate,"Mandir Marg, Delhi, Delhi, India",28.6506,77.2303,3.44,False
2026-08-23 18:18:08,Red Fort,28.6562,77.241,142,Moderate,"Mandir Marg, Delhi, Delhi, India",28.6562,77.241,4.65,False
2026-08-23 18:18:08,Connaught Place,28.6315,77.2167,142,Moderate,"Mandir Marg, Delhi, Delhi, India",28.6315,77.2167,1.61,True
2026-08-23 18:55:31,Delhi,28.7041,77.1025,153,Moderate,"Shaheed Sukhdev College of Business Studies, Rohini, Delhi, Delhi, India",28.7041,77.1025,3.56,False
2026-08-23 18:55:31,Faridabad,28.4089,77.3178,92,Satisfactory,"Dr. Karni Singh Shooting Range, Delhi, Delhi, India",28.4089,77.3178,11.25,False
2026-08-23 18:55:31,Gurgaon,28.4595,77.0266,72,Satisfactory,"National Institute of Malaria Research, Sector 8, Dwarka, Delhi, Delhi, India",28.4595,77.0266,13.92,False
2026-08-23 18:55:31,Noida,28.5355,77.391,87,Satisfactory,"DITE Okhla, Delhi, Delhi, India",28.5355,77.391,11.76,False
2026-08-23 18:55:31,Anand Vihar,28.6469,77.3152,153,Moderate,"Anand Vihar, Delhi, Delhi, India",28.6469,77.3152,0.43,True
2026-08-23 18:55:31,Ashok Vihar,28.698,77.173,126,Moderate,"Delhi Institute of Tool Engineering, Wazirpur, Delhi, Delhi, India",28.698,77.173,0.77,True
2026-08-23 18:55:31,Bawana,28.7996,77.0339,167,Moderate,"Pooth Khurd, Bawana, Delhi, Delhi, India",28.7996,77.0339,2.91,False
2026-08-23 18:55:31,Dwarka,28.573,77.041,72,Satisfactory,"National Institute of Malaria Research, Sector 8, Dwarka, Delhi, Delhi, India",28.573,77.041,3.44,False
2026-08-23 18:55:31,Jahangirpuri,28.728,77.1636,147,Moderate,"ITI Jahangirpuri, Delhi, Delhi, India",28.728,77.1636,0.99,True
2026-08-23 18:55:31,Mundka,28.6828,76.9821,74,Satisfactory,"Mundka, Delhi, Delhi, India",28.6828,76.9821,4.72,False
2026-08-23 18:55:31,Narela,28.8553,77.0888,78,Satisfactory,"Narela, Delhi, Delhi, India",28.8553,77.0888,4.04,False
2026-08-23 18:55:31,Okhla,28.5355,77.291,87,Satisfactory,"DITE Okhla, Delhi, Delhi, India",28.5355,77.291,2.04,False
2026-08-23 18:55:31,Punjabi Bagh,28.6692,77.1341,74,Satisfactory,"Punjabi Bagh, Delhi, Delhi, India",28.6692,77.1341,1.7,True
2026-08-23 18:55:31,R.K. Puram,28.5641,77.1765,118,Moderate,"R.K. Puram, Delhi, Delhi, India",28.5641,77.1765,0.22,True
2026-08-23 18:55:31,Rohini,28.7495,77.0565,167,Moderate,"Pooth Khurd, Bawana, Delhi, Delhi, India",28.7495,77.0565,3.09,False
2026-08-23 18:55:31,Vivek Vihar,28.672,77.3152,68,Satisfactory,"ITI Shahdra, Jhilmil Industrial Area, Delhi, Delhi, India",28.672,77.3152,0.13,True
2026-08-23 18:55:31,Wazirpur,28.7041,77.1663,126,Moderate,"Delhi Institute of Tool Engineering, Wazirpur, Delhi, Delhi, India",28.7041,77.1663,0.41,True
2026-08-23 18:55:31,Chandni Chowk,28.6506,77.2303,142,Moderate,"Mandir Marg, Delhi, Delhi, India",28.6506,77.2303,3.44,False
2026-08-23 18:55:31,Red Fort,28.6562,77.241,142,Moderate,"Mandir Marg, Delhi, Delhi, India",28.6562,77.241,4.65,False
2026-08-23 18:55:31,Connaught Place,28.6315,77.2167,142,Moderate,"Mandir Marg, Delhi, Delhi, India",28.6315,77.2167,1.61,True
2026-08-23 19:16:58,Delhi,28.7041,77.1025,153,Moderate,"Shaheed Sukhdev College of Business Studies, Rohini, Delhi, Delhi, India",28.7041,77.1025,3.56,False
2026-08-23 19:16:58,Faridabad,28.4089,77.3178,92,Satisfactory,"Dr. Karni Singh Shooting Range, Delhi, Delhi, India",28.4089,77.3178,11.25,False
2026-08-23 19:16:58,Gurgaon,28.4595,77.0266,72,Satisfactory,"National Institute of Malaria Research, Sector 8, Dwarka, Delhi, Delhi, India",28.4595,77.0266,13.92,False
2026-08-23 19:16:58,Noida,28.5355,77.391,87,Satisfactory,"DITE Okhla, Delhi, Delhi, India",28.5355,77.391,11.76,False
2026-08-23 19:16:58,Anand Vihar,28.6469,77.3152,153,Moderate,"Anand Vihar, Delhi, Delhi, India",28.6469,77.3152,0.43,True
2026-08-23 19:16:58,Ashok Vihar,28.698,77.173,126,Moderate,"Delhi Institute of Tool Engineering, Wazirpur, Delhi, Delhi, India",28.698,77.173,0.77,True
2026-08-23 19:16:58,Bawana,28.7996,77.0339,167,Moderate,"Pooth Khurd, Bawana, Delhi, Delhi, India",28.7996,77.0339,2.91,False
2026-08-23 19:16:58,Dwarka,28.573,77.041,72,Satisfactory,"National Institute of Malaria Research, Sector 8, Dwarka, Delhi, Delhi, India",28.573,77.041,3.44,False
2026-08-23 19:16:58,Jahangirpuri,28.728,77.1636,147,Moderate,"ITI Jahangirpuri, Delhi, Delhi, India",28.728,77.1636,0.99,True
2026-08-23 19:16:58,Mundka,28.6828,76.9821,74,Satisfactory,"Mundka, Delhi, Delhi, India",28.6828,76.9821,4.72,False
2026-08-23 19:16:58,Narela,28.8553,77.0888,78,Satisfactory,"Narela, Delhi, Delhi, India",28.8553,77.0888,4.04,False
2026-08-23 19:16:58,Okhla,28.5355,77.291,87,Satisfactory,"DITE Okhla, Delhi, Delhi, India",28.5355,77.291,2.04,False
2026-08-23 19:16:58,Punjabi Bagh,28.6692,77.1341,74,Satisfactory,"Punjabi Bagh, Delhi, Delhi, India",28.6692,77.1341,1.7,True
2026-08-23 19:16:58,R.K. Puram,28.5641,77.1765,118,Moderate,"R.K. Puram, Delhi, Delhi, India",28.5641,77.1765,0.22,True
2026-08-23 19:16:58,Rohini,28.7495,77.0565,167,Moderate,"Pooth Khurd, Bawana, Delhi, Delhi, India",28.7495,77.0565,3.09,False
2026-08-23 19:16:58,Vivek Vihar,28.672,77.3152,68,Satisfactory,"ITI Shahdra, Jhilmil Industrial Area, Delhi, Delhi, India",28.672,77.3152,0.13,True
2026-08-23 19:16:58,Wazirpur,28.7041,77.1663,126,Moderate,"Delhi Institute of Tool Engineering, Wazirpur, Delhi, Delhi, India",28.7041,77.1663,0.41,True
2026-08-23 19:16:58,Chandni Chowk,28.6506,77.2303,142,Moderate,"Mandir Marg, Delhi, Delhi, India",28.6506,77.2303,3.44,False
2026-08-23 19:16:58,Red Fort,28.6562,77.241,142,Moderate,"Mandir Marg, Delhi, Delhi, India",28.6562,77.241,4.65,False
2026-08-23 19:16:58,Connaught Place,28.6315,77.2167,142,Moderate,"Mandir Marg, Delhi, Delhi, India",28.6315,77.2167,1.61,True
2026-08-23 19:43:29,Delhi,28.7041,77.1025,153,Moderate,"Shaheed Sukhdev College of Business Studies, Rohini, Delhi, Delhi, India",28.7041,77.1025,3.56,False
2026-08-23 19:43:29,Faridabad,28.4089,77.3178,92,Satisfactory,"Dr. Karni Singh Shooting Range, Delhi, Delhi, India",28.4089,77.3178,11.25,False
2026-08-23 19:43:29,Gurgaon,28.4595,77.0266,72,Satisfactory,"National Institute of Malaria Research, Sector 8, Dwarka, Delhi, Delhi, India",28.4595,77.0266,13.92,False
2026-08-23 19:43:29,Noida,28.5355,77.391,87,Satisfactory,"DITE Okhla, Delhi, Delhi, India",28.5355,77.391,11.76,False
2026-08-23 19:43:29,Anand Vihar,28.6469,77.3152,153,Moderate,"Anand Vihar, Delhi, Delhi, India",28.6469,77.3152,0.43,True
2026-08-23 19:43:29,Ashok Vihar,28.698,77.173,126,Moderate,"Delhi Institute of Tool Engineering, Wazirpur, Delhi, Delhi, India",28.698,77.173,0.77,True
2026-08-23 19:43:29,Bawana,28.7996,77.0339,167,Moderate,"Pooth Khurd, Bawana, Delhi, Delhi, India",28.7996,77.0339,2.91,False
2026-08-23 19:43:29,Dwarka,28.573,77.041,72,Satisfactory,"National Institute of Malaria Research, Sector 8, Dwarka, Delhi, Delhi, India",28.573,77.041,3.44,False
2026-08-23 19:43:29,Jahangirpuri,28.728,77.1636,147,Moderate,"ITI Jahangirpuri, Delhi, Delhi, India",28.728,77.1636,0.99,True
2026-08-23 19:43:29,Mundka,28.6828,76.9821,74,Satisfactory,"Mundka, Delhi, Delhi, India",28.6828,76.9821,4.72,False
2026-08-23 19:43:29,Narela,28.8553,77.0888,78,Satisfactory,"Narela, Delhi, Delhi, India",28.8553,77.0888,4.04,False
2026-08-23 19:43:29,Okhla,28.5355,77.291,87,Satisfactory,"DITE Okhla, Delhi, Delhi, India",28.5355,77.291,2.04,False
2026-08-23 19:43:29,Punjabi Bagh,28.6692,77.1341,74,Satisfactory,"Punjabi Bagh, Delhi, Delhi, India",28.6692,77.1341,1.7,True
2026-08-23 19:43:29,R.K. Puram,28.5641,77.1765,118,Moderate,"R.K. Puram, Delhi, Delhi, India",28.5641,77.1765,0.22,True
2026-08-23 19:43:29,Rohini,28.7495,77.0565,167,Moderate,"Pooth Khurd, Bawana, Delhi, Delhi, India",28.7495,77.0565,3.09,False
2026-08-23 19:43:29,Vivek Vihar,28.672,77.3152,68,Satisfactory,"ITI Shahdra, Jhilmil Industrial Area, Delhi, Delhi, India",28.672,77.3152,0.13,True
2026-08-23 19:43:29,Wazirpur,28.7041,77.1663,126,Moderate,"Delhi Institute of Tool Engineering, Wazirpur, Delhi, Delhi, India",28.7041,77.1663,0.41,True
2026-08-23 19:43:29,Chandni Chowk,28.6506,77.2303,142,Moderate,"Mandir Marg, Delhi, Delhi, India",28.6506,77.2303,3.44,False
2026-08-23 19:43:29,Red Fort,28.6562,77.241,142,Moderate,"Mandir Marg, Delhi, Delhi, India",28.6562,77.241,4.65,False
2026-08-23 19:43:29,Connaught Place,28.6315,77.2167,142,Moderate,"Mandir Marg, Delhi, Delhi, India",28.6315,77.2167,1.61,True
2026-08-23 20:13:48,Delhi,28.7041,77.1025,153,Moderate,"Shaheed Sukhdev College of Business Studies, Rohini, Delhi, Delhi, India",28.7041,77.1025,3.56,False
2026-08-23 20:13:48,Faridabad,28.4089,77.3178,92,Satisfactory,"Dr. Karni Singh Shooting Range, Delhi, Delhi, India",28.4089,77.3178,11.25,False
2026-08-23 20:13:48,Gurgaon,28.4595,77.0266,72,Satisfactory,"National Institute of Malaria Research, Sector 8, Dwarka, Delhi, Delhi, India",28.4595,77.0266,13.92,False
2026-08-23 20:13:48,Noida,28.5355,77.391,87,Satisfactory,"DITE Okhla, Delhi, Delhi, India",28.5355,77.391,11.76,False
2026-08-23 20:13:48,Anand Vihar,28.6469,77.3152,153,Moderate,"Anand Vihar, Delhi, Delhi, India",28.6469,77.3152,0.43,True
2026-08-23 20:13:48,Ashok Vihar,28.698,77.173,126,Moderate,"Delhi Institute of Tool Engineering, Wazirpur, Delhi, Delhi, India",28.698,77.173,0.77,True
2026-08-23 20:13:48,Bawana,28.7996,77.0339,167,Moderate,"Pooth Khurd, Bawana, Delhi, Delhi, India",28.7996,77.0339,2.91,False
2026-08-23 20:13:48,Dwarka,28.573,77.041,72,Satisfactory,"National Institute of Malaria Research, Sector 8, Dwarka, Delhi, Delhi, India",28.573,77.041,3.44,False
2026-08-23 20:13:48,Jahangirpuri,28.728,77.1636,147,Moderate,"ITI Jahangirpuri, Delhi, Delhi, India",28.728,77.1636,0.99,True
2026-08-23 20:13:48,Mundka,28.6828,76.9821,74,Satisfactory,"Mundka, Delhi, Delhi, India",28.6828,76.9821,4.72,False
2026-08-23 20:13:48,Narela,28.8553,77.0888,78,Satisfactory,"Narela, Delhi, Delhi, India",28.8553,77.0888,4.04,False
2026-08-23 20:13:48,Okhla,28.5355,77.291,87,Satisfactory,"DITE Okhla, Delhi, Delhi, India",28.5355,77.291,2.04,False
2026-08-23 20:13:48,Punjabi Bagh,28.6692,77.1341,74,Satisfactory,"Punjabi Bagh, Delhi, Delhi, India",28.6692,77.1341,1.7,True
2026-08-23 20:13:48,R.K. Puram,28.5641,77.1765,118,Moderate,"R.K. Puram, Delhi, Delhi, India",28.5641,77.1765,0.22,True
2026-08-23 20:13:48,Rohini,28.7495,77.0565,167,Moderate,"Pooth Khurd, Bawana, Delhi, Delhi, India",28.7495,77.0565,3.09,False
2026-08-23 20:13:48,Vivek Vihar,28.672,77.3152,68,Satisfactory,"ITI Shahdra, Jhilmil Industrial Area, Delhi, Delhi, India",28.672,77.3152,0.13,True
2026-08-23 20:13:48,Wazirpur,28.7041,77.1663,126,Moderate,"Delhi Institute of Tool Engineering, Wazirpur, Delhi, Delhi, India",28.7041,77.1663,0.41,True
2026-08-23 20:13:48,Chandni Chowk,28.6506,77.2303,142,Moderate,"Mandir Marg, Delhi, Delhi, India",28.6506,77.2303,3.44,False
2026-08-23 20:13:48,Red Fort,28.6562,77.241,142,Moderate,"Mandir Marg, Delhi, Delhi, India",28.6562,77.241,4.65,False
2026-08-23 20:13:48,Connaught Place,28.6315,77.2167,142,Moderate,"Mandir Marg, Delhi, Delhi, India",28.6315,77.2167,1.61,True
2026-08-23 20:46:49,Delhi,28.7041,77.1025,153,Moderate,"Shaheed Sukhdev College of Business Studies, Rohini, Delhi, Delhi, India",28.7041,77.1025,3.56,False
2026-08-23 20:46:49,Faridabad,28.4089,77.3178,92,Satisfactory,"Dr. Karni Singh Shooting Range, Delhi, Delhi, India",28.4089,77.3178,11.25,False
2026-08-23 20:46:49,Gurgaon,28.4595,77.0266,72,Satisfactory,"National Institute of Malaria Research, Sector 8, Dwarka, Delhi, Delhi, India",28.4595,77.0266,13.92,False
2026-08-23 20:46:49,Noida,28.5355,77.391,87,Satisfactory,"DITE Okhla, Delhi, Delhi, India",28.5355,77.391,11.76,False
2026-08-23 20:46:49,Anand Vihar,28.6469,77.3152,153,Moderate,"Anand Vihar, Delhi, Delhi, India",28.6469,77.3152,0.43,True
2026-08-23 20:46:49,Ashok Vihar,28.698,77.173,126,Moderate,"Delhi Institute of Tool Engineering, Wazirpur, Delhi, Delhi, India",28.698,77.173,0.77,True
2026-08-23 20:46:49,Bawana,28.7996,77.0339,167,Moderate,"Pooth Khurd, Bawana, Delhi, Delhi, India",28.7996,77.0339,2.91,False
2026-08-23 20:46:49,Dwarka,28.573,77.041,72,Satisfactory,"National Institute of Malaria Research, Sector 8, Dwarka, Delhi, Delhi, India",28.573,77.041,3.44,False
2026-08-23 20:46:49,Jahangirpuri,28.728,77.1636,147,Moderate,"ITI Jahangirpuri, Delhi, Delhi, India",28.728,77.1636,0.99,True
2026-08-23 20:46:49,Mundka,28.6828,76.9821,74,Satisfactory,"Mundka, Delhi, Delhi, India",28.6828,76.9821,4.72,False
2026-08-23 20:46:49,Narela,28.8553,77.0888,78,Satisfactory,"Narela, Delhi, Delhi, India",28.8553,77.0888,4.04,False
2026-08-23 20:46:49,Okhla,28.5355,77.291,87,Satisfactory,"DITE Okhla, Delhi, Delhi, India",28.5355,77.291,2.04,False
2026-08-23 20:46:49,Punjabi Bagh,28.6692,77.1341,74,Satisfactory,"Punjabi Bagh, Delhi, Delhi, India",28.6692,77.1341,1.7,True
2026-08-23 20:46:49,R.K. Puram,28.5641,77.1765,118,Moderate,"R.K. Puram, Delhi, Delhi, India",28.5641,77.1765,0.22,True
2026-08-23 20:46:49,Rohini,28.7495,77.0565,167,Moderate,"Pooth Khurd, Bawana, Delhi, Delhi, India",28.7495,77.0565,3.09,False
2026-08-23 20:46:49,Vivek Vihar,28.672,77.3152,68,Satisfactory,"ITI Shahdra, Jhilmil Industrial Area, Delhi, Delhi, India",28.672,77.3152,0.13,True
2026-08-23 20:46:49,Wazirpur,28.7041,77.1663,126,Moderate,"Delhi Institute of Tool Engineering, Wazirpur, Delhi, Delhi, India",28.7041,77.1663,0.41,True
2026-08-23 20:46:49,Chandni Chowk,28.6506,77.2303,142,Moderate,"Mandir Marg, Delhi, Delhi, India",28.6506,77.2303,3.44,False
2026-08-23 20:46:49,Red Fort,28.6562,77.241,142,Moderate,"Mandir Marg, Delhi, Delhi, India",28.6562,77.241,4.65,False
2026-08-23 20:46:49,Connaught Place,28.6315,77.2167,142,Moderate,"Mandir Marg, Delhi, Delhi, India",28.6315,77.2167,1.61,True
2026-08-23 21:14:03,Delhi,28.7041,77.1025,153,Moderate,"Shaheed Sukhdev College of Business Studies, Rohini, Delhi, Delhi, India",28.7041,77.1025,3.56,False
2026-08-23 21:14:03,Faridabad,28.4089,77.3178,92,Satisfactory,"Dr. Karni Singh Shooting Range, Delhi, Delhi, India",28.4089,77.3178,11.25,False
2026-08-23 21:14:03,Gurgaon,28.4595,77.0266,72,Satisfactory,"National Institute of Malaria Research, Sector 8, Dwarka, Delhi, Delhi, India",28.4595,77.0266,13.92,False
2026-08-23 21:14:03,Noida,28.5355,77.391,87,Satisfactory,"DITE Okhla, Delhi, Delhi, India",28.5355,77.391,11.76,False
2026-08-23 21:14:03,Anand Vihar,28.6469,77.3152,153,Moderate,"Anand Vihar, Delhi, Delhi, India",28.6469,77.3152,0.43,True
2026-08-23 21:14:03,Ashok Vihar,28.698,77.173,126,Moderate,"Delhi Institute of Tool Engineering, Wazirpur, Delhi, Delhi, India",28.698,77.173,0.77,True
2026-08-23 21:14:03,Bawana,28.7996,77.0339,167,Moderate,"Pooth Khurd, Bawana, Delhi, Delhi, India",28.7996,77.0339,2.91,False
2026-08-23 21:14:03,Dwarka,28.573,77.041,72,Satisfactory,"National Institute of Malaria Research, Sector 8, Dwarka, Delhi, Delhi, India",28.573,77.041,3.44,False
2026-08-23 21:14:03,Jahangirpuri,28.728,77.1636,147,Moderate,"ITI Jahangirpuri, Delhi, Delhi, India",28.728,77.1636,0.99,True
2026-08-23 21:14:03,Mundka,28.6828,76.9821,74,Satisfactory,"Mundka, Delhi, Delhi, India",28.6828,76.9821,4.72,False
2026-08-23 21:14:03,Narela,28.8553,77.0888,78,Satisfactory,"Narela, Delhi, Delhi, India",28.8553,77.0888,4.04,False
2026-08-23 21:14:03,Okhla,28.5355,77.291,87,Satisfactory,"DITE Okhla, Delhi, Delhi, India",28.5355,77.291,2.04,False
2026-08-23 21:14:03,Punjabi Bagh,28.6692,77.1341,74,Satisfactory,"Punjabi Bagh, Delhi, Delhi, India",28.6692,77.1341,1.7,True
2026-08-23 21:14:03,R.K. Puram,28.5641,77.1765,118,Moderate,"R.K. Puram, Delhi, Delhi, India",28.5641,77.1765,0.22,True
2026-08-23 21:14:03,Rohini,28.7495,77.0565,167,Moderate,"Pooth Khurd, Bawana, Delhi, Delhi, India",28.7495,77.0565,3.09,False
2026-08-23 21:14:03,Vivek Vihar,28.672,77.3152,68,Satisfactory,"ITI Shahdra, Jhilmil Industrial Area, Delhi, Delhi, India",28.672,77.3152,0.13,True
2026-08-23 21:14:03,Wazirpur,28.7041,77.1663,126,Moderate,"Delhi Institute of Tool Engineering, Wazirpur, Delhi, Delhi, India",28.7041,77.1663,0.41,True
2026-08-23 21:14:03,Chandni Chowk,28.6506,77.2303,142,Moderate,"Mandir Marg, Delhi, Delhi, India",28.6506,77.2303,3.44,False
2026-08-23 21:14:03,Red Fort,28.6562,77.241,142,Moderate,"Mandir Marg, Delhi, Delhi, India",28.6562,77.241,4.65,False
2026-08-23 21:14:03,Connaught Place,28.6315,77.2167,142,Moderate,"Mandir Marg, Delhi, Delhi, India",28.6315,77.2167,1.61,True
2026-08-23 21:43:43,Delhi,28.7041,77.1025,153,Moderate,"Shaheed Sukhdev College of Business Studies, Rohini, Delhi, Delhi, India",28.7041,77.1025,3.56,False
2026-08-23 21:43:43,Faridabad,28.4089,77.3178,92,Satisfactory,"Dr. Karni Singh Shooting Range, Delhi, Delhi, India",28.4089,77.3178,11.25,False
2026-08-23 21:43:43,Gurgaon,28.4595,77.0266,72,Satisfactory,"National Institute of Malaria Research, Sector 8, Dwarka, Delhi, Delhi, India",28.4595,77.0266,13.92,False
2026-08-23 21:43:43,Noida,28.5355,77.391,87,Satisfactory,"DITE Okhla, Delhi, Delhi, India",28.5355,77.391,11.76,False
2026-08-23 21:43:43,Anand Vihar,28.6469,77.3152,153,Moderate,"Anand Vihar, Delhi, Delhi, India",28.6469,77.3152,0.43,True
2026-08-23 21:43:43,Ashok Vihar,28.698,77.173,126,Moderate,"Delhi Institute of Tool Engineering, Wazirpur, Delhi, Delhi, India",28.698,77.173,0.77,True
2026-08-23 21:43:43,Bawana,28.7996,77.0339,167,Moderate,"Pooth Khurd, Bawana, Delhi, Delhi, India",28.7996,77.0339,2.91,False
2026-08-23 21:43:43,Dwarka,28.573,77.041,72,Satisfactory,"National Institute of Malaria Research, Sector 8, Dwarka, Delhi, Delhi, India",28.573,77.041,3.44,False
2026-08-23 21:43:43,Jahangirpuri,28.728,77.1636,147,Moderate,"ITI Jahangirpuri, Delhi, Delhi, India",28.728,77.1636,0.99,True
2026-08-23 21:43:43,Mundka,28.6828,76.9821,74,Satisfactory,"Mundka, Delhi, Delhi, India",28.6828,76.9821,4.72,False
2026-08-23 21:43:43,Narela,28.8553,77.0888,78,Satisfactory,"Narela, Delhi, Delhi, India",28.8553,77.0888,4.04,False
2026-08-23 21:43:43,Okhla,28.5355,77.291,87,Satisfactory,"DITE Okhla, Delhi, Delhi, India",28.5355,77.291,2.04,False
2026-08-23 21:43:43,Punjabi Bagh,28.6692,77.1341,74,Satisfactory,"Punjabi Bagh, Delhi, Delhi, India",28.6692,77.1341,1.7,True
2026-08-23 21:43:43,R.K. Puram,28.5641,77.1765,118,Moderate,"R.K. Puram, Delhi, Delhi, India",28.5641,77.1765,0.22,True
2026-08-23 21:43:43,Rohini,28.7495,77.0565,167,Moderate,"Pooth Khurd, Bawana, Delhi, Delhi, India",28.7495,77.0565,3.09,False
2026-08-23 21:43:43,Vivek Vihar,28.672,77.3152,68,Satisfactory,"ITI Shahdra, Jhilmil Industrial Area, Delhi, Delhi, India",28.672,77.3152,0.13,True
2026-08-23 21:43:43,Wazirpur,28.7041,77.1663,126,Moderate,"Delhi Institute of Tool Engineering, Wazirpur, Delhi, Delhi, India",28.7041,77.1663,0.41,True
2026-08-23 21:43:43,Chandni Chowk,28.6506,77.2303,142,Moderate,"Mandir Marg, Delhi, Delhi, India",28.6506,77.2303,3.44,False
2026-08-23 21:43:43,Red Fort,28.6562,77.241,142,Moderate,"Mandir Marg, Delhi, Delhi, India",28.6562,77.241,4.65,False
2026-08-23 21:43:43,Connaught Place,28.6315,77.2167,142,Moderate,"Mandir Marg, Delhi, Delhi, India",28.6315,77.2167,1.61,True
2026-08-23 22:14:03,Delhi,28.7041,77.1025,153,Moderate,"Shaheed Sukhdev College of Business Studies, Rohini, Delhi, Delhi, India",28.7041,77.1025,3.56,False
2026-08-23 22:14:03,Faridabad,28.4089,77.3178,92,Satisfactory,"Dr. Karni Singh Shooting Range, Delhi, Delhi, India",28.4089,77.3178,11.25,False
2026-08-23 22:14:03,Gurgaon,28.4595,77.0266,72,Satisfactory,"National Institute of Malaria Research, Sector 8, Dwarka, Delhi, Delhi, India",28.4595,77.0266,13.92,False
2026-08-23 22:14:03,Noida,28.5355,77.391,87,Satisfactory,"DITE Okhla, Delhi, Delhi, India",28.5355,77.391,11.76,False
2026-08-23 22:14:03,Anand Vihar,28.6469,77.3152,153,Moderate,"Anand Vihar, Delhi, Delhi, India",28.6469,77.3152,0.43,True
2026-08-23 22:14:03,Ashok Vihar,28.698,77.173,126,Moderate,"Delhi Institute of Tool Engineering, Wazirpur, Delhi, Delhi, India",28.698,77.173,0.77,True
2026-08-23 22:14:03,Bawana,28.7996,77.0339,167,Moderate,"Pooth Khurd, Bawana, Delhi, Delhi, India",28.7996,77.0339,2.91,False
2026-08-23 22:14:03,Dwarka,28.573,77.041,72,Satisfactory,"National Institute of Malaria Research, Sector 8, Dwarka, Delhi, Delhi, India",28.573,77.041,3.44,False
2026-08-23 22:14:03,Jahangirpuri,28.728,77.1636,147,Moderate,"ITI Jahangirpuri, Delhi, Delhi, India",28.728,77.1636,0.99,True
2026-08-23 22:14:03,Mundka,28.6828,76.9821,74,Satisfactory,"Mundka, Delhi, Delhi, India",28.6828,76.9821,4.72,False
2026-08-23 22:14:03,Narela,28.8553,77.0888,78,Satisfactory,"Narela, Delhi, Delhi, India",28.8553,77.0888,4.04,False
2026-08-23 22:14:03,Okhla,28.5355,77.291,87,Satisfactory,"DITE Okhla, Delhi, Delhi, India",28.5355,77.291,2.04,False
2026-08-23 22:14:03,Punjabi Bagh,28.6692,77.1341,74,Satisfactory,"Punjabi Bagh, Delhi, Delhi, India",28.6692,77.1341,1.7,True
2026-08-23 22:14:03,R.K. Puram,28.5641,77.1765,118,Moderate,"R.K. Puram, Delhi, Delhi, India",28.5641,77.1765,0.22,True
2026-08-23 22:14:03,Rohini,28.7495,77.0565,167,Moderate,"Pooth Khurd, Bawana, Delhi, Delhi, India",28.7495,77.0565,3.09,False
2026-08-23 22:14:03,Vivek Vihar,28.672,77.3152,68,Satisfactory,"ITI Shahdra, Jhilmil Industrial Area, Delhi, Delhi, India",28.672,77.3152,0.13,True
2026-08-23 22:14:03,Wazirpur,28.7041,77.1663,126,Moderate,"Delhi Institute of Tool Engineering, Wazirpur, Delhi, Delhi, India",28.7041,77.1663,0.41,True
2026-08-23 22:14:03,Chandni Chowk,28.6506,77.2303,142,Moderate,"Mandir Marg, Delhi, Delhi, India",28.6506,77.2303,3.44,False
2026-08-23 22:14:03,Red Fort,28.6562,77.241,142,Moderate,"Mandir Marg, Delhi, Delhi, India",28.6562,77.241,4.65,False
2026-08-23 22:14:03,Connaught Place,28.6315,77.2167,142,Moderate,"Mandir Marg, Delhi, Delhi, India",28.6315,77.2167,1.61,True
2026-08-23 22:46:00,Delhi,28.7041,77.1025,153,Moderate,"Shaheed Sukhdev College of Business Studies, Rohini, Delhi, Delhi, India",28.7041,77.1025,3.56,False
2026-08-23 22:46:00,Faridabad,28.4089,77.3178,92,Satisfactory,"Dr. Karni Singh Shooting Range, Delhi, Delhi, India",28.4089,77.3178,11.25,False
2026-08-23 22:46:00,Gurgaon,28.4595,77.0266,72,Satisfactory,"National Institute of Malaria Research, Sector 8, Dwarka, Delhi, Delhi, India",28.4595,77.0266,13.92,False
2026-08-23 22:46:00,Noida,28.5355,77.391,87,Satisfactory,"DITE Okhla, Delhi, Delhi, India",28.5355,77.391,11.76,False
2026-08-23 22:46:00,Anand Vihar,28.6469,77.3152,153,Moderate,"Anand Vihar, Delhi, Delhi, India",28.6469,77.3152,0.43,True
2026-08-23 22:46:00,Ashok Vihar,28.698,77.173,126,Moderate,"Delhi Institute of Tool Engineering, Wazirpur, Delhi, Delhi, India",28.698,77.173,0.77,True
2026-08-23 22:46:00,Bawana,28.7996,77.0339,167,Moderate,"Pooth Khurd, Bawana, Delhi, Delhi, India",28.7996,77.0339,2.91,False
2026-08-23 22:46:00,Dwarka,28.573,77.041,72,Satisfactory,"National Institute of Malaria Research, Sector 8, Dwarka, Delhi, Delhi, India",28.573,77.041,3.44,False
2026-08-23 22:46:00,Jahangirpuri,28.728,77.1636,147,Moderate,"ITI Jahangirpuri, Delhi, Delhi, India",28.728,77.1636,0.99,True
2026-08-23 22:46:00,Mundka,28.6828,76.9821,74,Satisfactory,"Mundka, Delhi, Delhi, India",28.6828,76.9821,4.72,False
2026-08-23 22:46:00,Narela,28.8553,77.0888,78,Satisfactory,"Narela, Delhi, Delhi, India",28.8553,77.0888,4.04,False
2026-08-23 22:46:00,Okhla,28.5355,77.291,87,Satisfactory,"DITE Okhla, Delhi, Delhi, India",28.5355,77.291,2.04,False
2026-08-23 22:46:00,Punjabi Bagh,28.6692,77.1341,74,Satisfactory,"Punjabi Bagh, Delhi, Delhi, India",28.6692,77.1341,1.7,True
2026-08-23 22:46:00,R.K. Puram,28.5641,77.1765,118,Moderate,"R.K. Puram, Delhi, Delhi, India",28.5641,77.1765,0.22,True
2026-08-23 22:46:00,Rohini,28.7495,77.0565,167,Moderate,"Pooth Khurd, Bawana, Delhi, Delhi, India",28.7495,77.0565,3.09,False
2026-08-23 22:46:00,Vivek Vihar,28.672,77.3152,68,Satisfactory,"ITI Shahdra, Jhilmil Industrial Area, Delhi, Delhi, India",28.672,77.3152,0.13,True
2026-08-23 22:46:00,Wazirpur,28.7041,77.1663,126,Moderate,"Delhi Institute of Tool Engineering, Wazirpur, Delhi, Delhi, India",28.7041,77.1663,0.41,True
2026-08-23 22:46:00,Chandni Chowk,28.6506,77.2303,142,Moderate,"Mandir Marg, Delhi, Delhi, India",28.6506,77.2303,3.44,False
2026-08-23 22:46:00,Red Fort,28.6562,77.241,142,Moderate,"Mandir Marg, Delhi, Delhi, India",28.6562,77.241,4.65,False
2026-08-23 22:46:00,Connaught Place,28.6315,77.2167,142,Moderate,"Mandir Marg, Delhi, Delhi, India",28.6315,77.2167,1.61,True
2026-08-23 23:13:57,Delhi,28.7041,77.1025,153,Moderate,"Shaheed Sukhdev College of Business Studies, Rohini, Delhi, Delhi, India",28.7041,77.1025,3.56,False
2026-08-23 23:13:57,Faridabad,28.4089,77.3178,92,Satisfactory,"Dr. Karni Singh Shooting Range, Delhi, Delhi, India",28.4089,77.3178,11.25,False
2026-08-23 23:13:57,Gurgaon,28.4595,77.0266,72,Satisfactory,"National Institute of Malaria Research, Sector 8, Dwarka, Delhi, Delhi, India",28.4595,77.0266,13.92,False
2026-08-23 23:13:57,Noida,28.5355,77.391,87,Satisfactory,"DITE Okhla, Delhi, Delhi, India",28.5355,77.391,11.76,False
2026-08-23 23:13:57,Anand Vihar,28.6469,77.3152,153,Moderate,"Anand Vihar, Delhi, Delhi, India",28.6469,77.3152,0.43,True
2026-08-23 23:13:57,Ashok Vihar,28.698,77.173,126,Moderate,"Delhi Institute of Tool Engineering, Wazirpur, Delhi, Delhi, India",28.698,77.173,0.77,True
2026-08-23 23:13:57,Bawana,28.7996,77.0339,167,Moderate,"Pooth Khurd, Bawana, Delhi, Delhi, India",28.7996,77.0339,2.91,False
2026-08-23 23:13:57,Dwarka,28.573,77.041,72,Satisfactory,"National Institute of Malaria Research, Sector 8, Dwarka, Delhi, Delhi, India",28.573,77.041,3.44,False
2026-08-23 23:13:57,Jahangirpuri,28.728,77.1636,147,Moderate,"ITI Jahangirpuri, Delhi, Delhi, India",28.728,77.1636,0.99,True
2026-08-23 23:13:57,Mundka,28.6828,76.9821,74,Satisfactory,"Mundka, Delhi, Delhi, India",28.6828,76.9821,4.72,False
2026-08-23 23:13:57,Narela,28.8553,77.0888,78,Satisfactory,"Narela, Delhi, Delhi, India",28.8553,77.0888,4.04,False
2026-08-23 23:13:57,Okhla,28.5355,77.291,87,Satisfactory,"DITE Okhla, Delhi, Delhi, India",28.5355,77.291,2.04,False
2026-08-23 23:13:57,Punjabi Bagh,28.6692,77.1341,74,Satisfactory,"Punjabi Bagh, Delhi, Delhi, India",28.6692,77.1341,1.7,True
2026-08-23 23:13:57,R.K. Puram,28.5641,77.1765,118,Moderate,"R.K. Puram, Delhi, Delhi, India",28.5641,77.1765,0.22,True
2026-08-23 23:13:57,Rohini,28.7495,77.0565,167,Moderate,"Pooth Khurd, Bawana, Delhi, Delhi, India",28.7495,77.0565,3.09,False
2026-08-23 23:13:57,Vivek Vihar,28.672,77.3152,68,Satisfactory,"ITI Shahdra, Jhilmil Industrial Area, Delhi, Delhi, India",28.672,77.3152,0.13,True
2026-08-23 23:13:57,Wazirpur,28.7041,77.1663,126,Moderate,"Delhi Institute of Tool Engineering, Wazirpur, Delhi, Delhi, India",28.7041,77.1663,0.41,True
2026-08-23 23:13:57,Chandni Chowk,28.6506,77.2303,142,Moderate,"Mandir Marg, Delhi, Delhi, India",28.6506,77.2303,3.44,False
2026-08-23 23:13:57,Red Fort,28.6562,77.241,142,Moderate,"Mandir Marg, Delhi, Delhi, India",28.6562,77.241,4.65,False
2026-08-23 23:13:57,Connaught Place,28.6315,77.2167,142,Moderate,"Mandir Marg, Delhi, Delhi, India",28.6315,77.2167,1.61,True
2026-08-23 23:43:03,Delhi,28.7041,77.1025,153,Moderate,"Shaheed Sukhdev College of Business Studies, Rohini, Delhi, Delhi, India",28.7041,77.1025,3.56,False
2026-08-23 23:43:03,Faridabad,28.4089,77.3178,92,Satisfactory,"Dr. Karni Singh Shooting Range, Delhi, Delhi, India",28.4089,77.3178,11.25,False
2026-08-23 23:43:03,Gurgaon,28.4595,77.0266,72,Satisfactory,"National Institute of Malaria Research, Sector 8, Dwarka, Delhi, Delhi, India",28.4595,77.0266,13.92,False
2026-08-23 23:43:03,Noida,28.5355,77.391,87,Satisfactory,"DITE Okhla, Delhi, Delhi, India",28.5355,77.391,11.76,False
2026-08-23 23:43:03,Anand Vihar,28.6469,77.3152,153,Moderate,"Anand Vihar, Delhi, Delhi, India",28.6469,77.3152,0.43,True
2026-08-23 23:43:03,Ashok Vihar,28.698,77.173,126,Moderate,"Delhi Institute of Tool Engineering, Wazirpur, Delhi, Delhi, India",28.698,77.173,0.77,True
2026-08-23 23:43:03,Bawana,28.7996,77.0339,167,Moderate,"Pooth Khurd, Bawana, Delhi, Delhi, India",28.7996,77.0339,2.91,False
2026-08-23 23:43:03,Dwarka,28.573,77.041,72,Satisfactory,"National Institute of Malaria Research, Sector 8, Dwarka, Delhi, Delhi, India",28.573,77.041,3.44,False
2026-08-23 23:43:03,Jahangirpuri,28.728,77.1636,147,Moderate,"ITI Jahangirpuri, Delhi, Delhi, India",28.728,77.1636,0.99,True
2026-08-23 23:43:03,Mundka,28.6828,76.9821,74,Satisfactory,"Mundka, Delhi, Delhi, India",28.6828,76.9821,4.72,False
2026-08-23 23:43:03,Narela,28.8553,77.0888,78,Satisfactory,"Narela, Delhi, Delhi, India",28.8553,77.0888,4.04,False
2026-08-23 23:43:03,Okhla,28.5355,77.291,87,Satisfactory,"DITE Okhla, Delhi, Delhi, India",28.5355,77.291,2.04,False
2026-08-23 23:43:03,Punjabi Bagh,28.6692,77.1341,74,Satisfactory,"Punjabi Bagh, Delhi, Delhi, India",28.6692,77.1341,1.7,True
2026-08-23 23:43:03,R.K. Puram,28.5641,77.1765,118,Moderate,"R.K. Puram, Delhi, Delhi, India",28.5641,77.1765,0.22,True
2026-08-23 23:43:03,Rohini,28.7495,77.0565,167,Moderate,"Pooth Khurd, Bawana, Delhi, Delhi, India",28.7495,77.0565,3.09,False
2026-08-23 23:43:03,Vivek Vihar,28.672,77.3152,68,Satisfactory,"ITI Shahdra, Jhilmil Industrial Area, Delhi, Delhi, India",28.672,77.3152,0.13,True
2026-08-23 23:43:03,Wazirpur,28.7041,77.1663,126,Moderate,"Delhi Institute of Tool Engineering, Wazirpur, Delhi, Delhi, India",28.7041,77.1663,0.41,True
2026-08-23 23:43:03,Chandni Chowk,28.6506,77.2303,142,Moderate,"Mandir Marg, Delhi, Delhi, India",28.6506,77.2303,3.44,False
2026-08-23 23:43:03,Red Fort,28.6562,77.241,142,Moderate,"Mandir Marg, Delhi, Delhi, India",28.6562,77.241,4.65,False
2026-08-23 23:43:03,Connaught Place,28.6315,77.2167,142,Moderate,"Mandir Marg, Delhi, Delhi, India",28.6315,77.2167,1.61,True
2026-08-24 00:46:56,Delhi,28.7041,77.1025,153,Moderate,"Shaheed Sukhdev College of Business Studies, Rohini, Delhi, Delhi, India",28.7041,77.1025,3.56,False
2026-08-24 00:46:56,Faridabad,28.4089,77.3178,92,Satisfactory,"Dr. Karni Singh Shooting Range, Delhi, Delhi, India",28.4089,77.3178,11.25,False
2026-08-24 00:46:56,Gurgaon,28.4595,77.0266,72,Satisfactory,"National Institute of Malaria Research, Sector 8, Dwarka, Delhi, Delhi, India",28.4595,77.0266,13.92,False
2026-08-24 00:46:56,Noida,28.5355,77.391,87,Satisfactory,"DITE Okhla, Delhi, Delhi, India",28.5355,77.391,11.76,False
2026-08-24 00:46:56,Anand Vihar,28.6469,77.3152,153,Moderate,"Anand Vihar, Delhi, Delhi, India",28.6469,77.3152,0.43,True
2026-08-24 00:46:56,Ashok Vihar,28.698,77.173,126,Moderate,"Delhi Institute of Tool Engineering, Wazirpur, Delhi, Delhi, India",28.698,77.173,0.77,True
2026-08-24 00:46:56,Bawana,28.7996,77.0339,167,Moderate,"Pooth Khurd, Bawana, Delhi, Delhi, India",28.7996,77.0339,2.91,False
2026-08-24 00:46:56,Dwarka,28.573,77.041,72,Satisfactory,"National Institute of Malaria Research, Sector 8, Dwarka, Delhi, Delhi, India",28.573,77.041,3.44,False
2026-08-24 00:46:56,Jahangirpuri,28.728,77.1636,147,Moderate,"ITI Jahangirpuri, Delhi, Delhi, India",28.728,77.1636,0.99,True
2026-08-24 00:46:56,Mundka,28.6828,76.9821,74,Satisfactory,"Mundka, Delhi, Delhi, India",28.6828,76.9821,4.72,False
2026-08-24 00:46:56,Narela,28.8553,77.0888,78,Satisfactory,"Narela, Delhi, Delhi, India",28.8553,77.0888,4.04,False
2026-08-24 00:46:56,Okhla,28.5355,77.291,87,Satisfactory,"DITE Okhla, Delhi, Delhi, India",28.5355,77.291,2.04,False
2026-08-24 00:46:56,Punjabi Bagh,28.6692,77.1341,74,Satisfactory,"Punjabi Bagh, Delhi, Delhi, India",28.6692,77.1341,1.7,True
2026-08-24 00:46:56,R.K. Puram,28.5641,77.1765,118,Moderate,"R.K. Puram, Delhi, Delhi, India",28.5641,77.1765,0.22,True
2026-08-24 00:46:56,Rohini,28.7495,77.0565,167,Moderate,"Pooth Khurd, Bawana, Delhi, Delhi, India",28.7495,77.0565,3.09,False
2026-08-24 00:46:56,Vivek Vihar,28.672,77.3152,68,Satisfactory,"ITI Shahdra, Jhilmil Industrial Area, Delhi, Delhi, India",28.672,77.3152,0.13,True
2026-08-24 00:46:56,Wazirpur,28.7041,77.1663,126,Moderate,"Delhi Institute of Tool Engineering, Wazirpur, Delhi, Delhi, India",28.7041,77.1663,0.41,True
2026-08-24 00:46:56,Chandni Chowk,28.6506,77.2303,142,Moderate,"Mandir Marg, Delhi, Delhi, India",28.6506,77.2303,3.44,False
2026-08-24 00:46:56,Red Fort,28.6562,77.241,142,Moderate,"Mandir Marg, Delhi, Delhi, India",28.6562,77.241,4.65,False
2026-08-24 00:46:56,Connaught Place,28.6315,77.2167,142,Moderate,"Mandir Marg, Delhi, Delhi, India",28.6315,77.2167,1.61,True
2026-08-24 02:18:42,Delhi,28.7041,77.1025,153,Moderate,"Shaheed Sukhdev College of Business Studies, Rohini, Delhi, Delhi, India",28.7041,77.1025,3.56,False
2026-08-24 02:18:42,Faridabad,28.4089,77.3178,92,Satisfactory,"Dr. Karni Singh Shooting Range, Delhi, Delhi, India",28.4089,77.3178,11.25,False
2026-08-24 02:18:42,Gurgaon,28.4595,77.0266,72,Satisfactory,"National Institute of Malaria Research, Sector 8, Dwarka, Delhi, Delhi, India",28.4595,77.0266,13.92,False
2026-08-24 02:18:42,Noida,28.5355,77.391,87,Satisfactory,"DITE Okhla, Delhi, Delhi, India",28.5355,77.391,11.76,False
2026-08-24 02:18:42,Anand Vihar,28.6469,77.3152,153,Moderate,"Anand Vihar, Delhi, Delhi, India",28.6469,77.3152,0.43,True
2026-08-24 02:18:42,Ashok Vihar,28.698,77.173,126,Moderate,"Delhi Institute of Tool Engineering, Wazirpur, Delhi, Delhi, India",28.698,77.173,0.77,True
2026-08-24 02:18:42,Bawana,28.7996,77.0339,167,Moderate,"Pooth Khurd, Bawana, Delhi, Delhi, India",28.7996,77.0339,2.91,False
2026-08-24 02:18:42,Dwarka,28.573,77.041,72,Satisfactory,"National Institute of Malaria Research, Sector 8, Dwarka, Delhi, Delhi, India",28.573,77.041,3.44,False
2026-08-24 02:18:42,Jahangirpuri,28.728,77.1636,147,Moderate,"ITI Jahangirpuri, Delhi, Delhi, India",28.728,77.1636,0.99,True
2026-08-24 02:18:42,Mundka,28.6828,76.9821,74,Satisfactory,"Mundka, Delhi, Delhi, India",28.6828,76.9821,4.72,False
2026-08-24 02:18:42,Narela,28.8553,77.0888,78,Satisfactory,"Narela, Delhi, Delhi, India",28.8553,77.0888,4.04,False
2026-08-24 02:18:42,Okhla,28.5355,77.291,87,Satisfactory,"DITE Okhla, Delhi, Delhi, India",28.5355,77.291,2.04,False
2026-08-24 02:18:42,Punjabi Bagh,28.6692,77.1341,74,Satisfactory,"Punjabi Bagh, Delhi, Delhi, India",28.6692,77.1341,1.7,True
2026-08-24 02:18:42,R.K. Puram,28.5641,77.1765,118,Moderate,"R.K. Puram, Delhi, Delhi, India",28.5641,77.1765,0.22,True
2026-08-24 02:18:42,Rohini,28.7495,77.0565,167,Moderate,"Pooth Khurd, Bawana, Delhi, Delhi, India",28.7495,77.0565,3.09,False
2026-08-24 02:18:42,Vivek Vihar,28.672,77.3152,68,Satisfactory,"ITI Shahdra, Jhilmil Industrial Area, Delhi, Delhi, India",28.672,77.3152,0.13,True
2026-08-24 02:18:42,Wazirpur,28.7041,77.1663,126,Moderate,"Delhi Institute of Tool Engineering, Wazirpur, Delhi, Delhi, India",28.7041,77.1663,0.41,True
2026-08-24 02:18:42,Chandni Chowk,28.6506,77.2303,142,Moderate,"Mandir Marg, Delhi, Delhi, India",28.6506,77.2303,3.44,False
2026-08-24 02:18:42,Red Fort,28.6562,77.241,142,Moderate,"Mandir Marg, Delhi, Delhi, India",28.6562,77.241,4.65,False
2026-08-24 02:18:42,Connaught Place,28.6315,77.2167,142,Moderate,"Mandir Marg, Delhi, Delhi, India",28.6315,77.2167,1.61,True
2026-08-24 03:30:07,Delhi,28.7041,77.1025,153,Moderate,"Shaheed Sukhdev College of Business Studies, Rohini, Delhi, Delhi, India",28.7041,77.1025,3.56,False
2026-08-24 03:30:07,Faridabad,28.4089,77.3178,92,Satisfactory,"Dr. Karni Singh Shooting Range, Delhi, Delhi, India",28.4089,77.3178,11.25,False
2026-08-24 03:30:07,Gurgaon,28.4595,77.0266,72,Satisfactory,"National Institute of Malaria Research, Sector 8, Dwarka, Delhi, Delhi, India",28.4595,77.0266,13.92,False
2026-08-24 03:30:07,Noida,28.5355,77.391,87,Satisfactory,"DITE Okhla, Delhi, Delhi, India",28.5355,77.391,11.76,False
2026-08-24 03:30:07,Anand Vihar,28.6469,77.3152,153,Moderate,"Anand Vihar, Delhi, Delhi, India",28.6469,77.3152,0.43,True
2026-08-24 03:30:07,Ashok Vihar,28.698,77.173,126,Moderate,"Delhi Institute of Tool Engineering, Wazirpur, Delhi, Delhi, India",28.698,77.173,0.77,True
2026-08-24 03:30:07,Bawana,28.7996,77.0339,167,Moderate,"Pooth Khurd, Bawana, Delhi, Delhi, India",28.7996,77.0339,2.91,False
2026-08-24 03:30:07,Dwarka,28.573,77.041,72,Satisfactory,"National Institute of Malaria Research, Sector 8, Dwarka, Delhi, Delhi, India",28.573,77.041,3.44,False
2026-08-24 03:30:07,Jahangirpuri,28.728,77.1636,147,Moderate,"ITI Jahangirpuri, Delhi, Delhi, India",28.728,77.1636,0.99,True
2026-08-24 03:30:07,Mundka,28.6828,76.9821,74,Satisfactory,"Mundka, Delhi, Delhi, India",28.6828,76.9821,4.72,False
2026-08-24 03:30:07,Narela,28.8553,77.0888,78,Satisfactory,"Narela, Delhi, Delhi, India",28.8553,77.0888,4.04,False
2026-08-24 03:30:07,Okhla,28.5355,77.291,87,Satisfactory,"DITE Okhla, Delhi, Delhi, India",28.5355,77.291,2.04,False
2026-08-24 03:30:07,Punjabi Bagh,28.6692,77.1341,74,Satisfactory,"Punjabi Bagh, Delhi, Delhi, India",28.6692,77.1341,1.7,True
2026-08-24 03:30:07,R.K. Puram,28.5641,77.1765,118,Moderate,"R.K. Puram, Delhi, Delhi, India",28.5641,77.1765,0.22,True
2026-08-24 03:30:07,Rohini,28.7495,77.0565,167,Moderate,"Pooth Khurd, Bawana, Delhi, Delhi, India",28.7495,77.0565,3.09,False
2026-08-24 03:30:07,Vivek Vihar,28.672,77.3152,68,Satisfactory,"ITI Shahdra, Jhilmil Industrial Area, Delhi, Delhi, India",28.672,77.3152,0.13,True
2026-08-24 03:30:07,Wazirpur,28.7041,77.1663,126,Moderate,"Delhi Institute of Tool Engineering, Wazirpur, Delhi, Delhi, India",28.7041,77.1663,0.41,True
2026-08-24 03:30:07,Chandni Chowk,28.6506,77.2303,142,Moderate,"Mandir Marg, Delhi, Delhi, India",28.6506,77.2303,3.44,False
2026-08-24 03:30:07,Red Fort,28.6562,77.241,142,Moderate,"Mandir Marg, Delhi, Delhi, India",28.6562,77.241,4.65,False
2026-08-24 03:30:07,Connaught Place,28.6315,77.2167,142,Moderate,"Mandir Marg, Delhi, Delhi, India",28.6315,77.2167,1.61,True
2026-08-24 04:22:11,Delhi,28.7041,77.1025,153,Moderate,"Shaheed Sukhdev College of Business Studies, Rohini, Delhi, Delhi, India",28.7041,77.1025,3.56,False
2026-08-24 04:22:11,Faridabad,28.4089,77.3178,92,Satisfactory,"Dr. Karni Singh Shooting Range, Delhi, Delhi, India",28.4089,77.3178,11.25,False
2026-08-24 04:22:11,Gurgaon,28.4595,77.0266,72,Satisfactory,"National Institute of Malaria Research, Sector 8, Dwarka, Delhi, Delhi, India",28.4595,77.0266,13.92,False
2026-08-24 04:22:11,Noida,28.5355,77.391,87,Satisfactory,"DITE Okhla, Delhi, Delhi, India",28.5355,77.391,11.76,False
2026-08-24 04:22:11,Anand Vihar,28.6469,77.3152,153,Moderate,"Anand Vihar, Delhi, Delhi, India",28.6469,77.3152,0.43,True
2026-08-24 04:22:11,Ashok Vihar,28.698,77.173,126,Moderate,"Delhi Institute of Tool Engineering, Wazirpur, Delhi, Delhi, India",28.698,77.173,0.77,True
2026-08-24 04:22:11,Bawana,28.7996,77.0339,167,Moderate,"Pooth Khurd, Bawana, Delhi, Delhi, India",28.7996,77.0339,2.91,False
2026-08-24 04:22:11,Dwarka,28.573,77.041,72,Satisfactory,"National Institute of Malaria Research, Sector 8, Dwarka, Delhi, Delhi, India",28.573,77.041,3.44,False
2026-08-24 04:22:11,Jahangirpuri,28.728,77.1636,147,Moderate,"ITI Jahangirpuri, Delhi, Delhi, India",28.728,77.1636,0.99,True
2026-08-24 04:22:11,Mundka,28.6828,76.9821,74,Satisfactory,"Mundka, Delhi, Delhi, India",28.6828,76.9821,4.72,False
2026-08-24 04:22:11,Narela,28.8553,77.0888,78,Satisfactory,"Narela, Delhi, Delhi, India",28.8553,77.0888,4.04,False
2026-08-24 04:22:11,Okhla,28.5355,77.291,87,Satisfactory,"DITE Okhla, Delhi, Delhi, India",28.5355,77.291,2.04,False
2026-08-24 04:22:11,Punjabi Bagh,28.6692,77.1341,74,Satisfactory,"Punjabi Bagh, Delhi, Delhi, India",28.6692,77.1341,1.7,True
2026-08-24 04:22:11,R.K. Puram,28.5641,77.1765,118,Moderate,"R.K. Puram, Delhi, Delhi, India",28.5641,77.1765,0.22,True
2026-08-24 04:22:11,Rohini,28.7495,77.0565,167,Moderate,"Pooth Khurd, Bawana, Delhi, Delhi, India",28.7495,77.0565,3.09,False
2026-08-24 04:22:11,Vivek Vihar,28.672,77.3152,68,Satisfactory,"ITI Shahdra, Jhilmil Industrial Area, Delhi, Delhi, India",28.672,77.3152,0.13,True
2026-08-24 04:22:11,Wazirpur,28.7041,77.1663,126,Moderate,"Delhi Institute of Tool Engineering, Wazirpur, Delhi, Delhi, India",28.7041,77.1663,0.41,True
2026-08-24 04:22:11,Chandni Chowk,28.6506,77.2303,142,Moderate,"Mandir Marg, Delhi, Delhi, India",28.6506,77.2303,3.44,False
2026-08-24 04:22:11,Red Fort,28.6562,77.241,142,Moderate,"Mandir Marg, Delhi, Delhi, India",28.6562,77.241,4.65,False
2026-08-24 04:22:11,Connaught Place,28.6315,77.2167,142,Moderate,"Mandir Marg, Delhi, Delhi, India",28.6315,77.2167,1.61,True
2026-08-24 05:09:53,Delhi,28.7041,77.1025,153,Moderate,"Shaheed Sukhdev College of Business Studies, Rohini, Delhi, Delhi, India",28.7041,77.1025,3.56,False
2026-08-24 05:09:53,Faridabad,28.4089,77.3178,92,Satisfactory,"Dr. Karni Singh Shooting Range, Delhi, Delhi, India",28.4089,77.3178,11.25,False
2026-08-24 05:09:53,Gurgaon,28.4595,77.0266,72,Satisfactory,"National Institute of Malaria Research, Sector 8, Dwarka, Delhi, Delhi, India",28.4595,77.0266,13.92,False
2026-08-24 05:09:53,Noida,28.5355,77.391,87,Satisfactory,"DITE Okhla, Delhi, Delhi, India",28.5355,77.391,11.76,False
2026-08-24 05:09:53,Anand Vihar,28.6469,77.3152,153,Moderate,"Anand Vihar, Delhi, Delhi, India",28.6469,77.3152,0.43,True
2026-08-24 05:09:53,Ashok Vihar,28.698,77.173,126,Moderate,"Delhi Institute of Tool Engineering, Wazirpur, Delhi, Delhi, India",28.698,77.173,0.77,True
2026-08-24 05:09:53,Bawana,28.7996,77.0339,167,Moderate,"Pooth Khurd, Bawana, Delhi, Delhi, India",28.7996,77.0339,2.91,False
2026-08-24 05:09:53,Dwarka,28.573,77.041,72,Satisfactory,"National Institute of Malaria Research, Sector 8, Dwarka, Delhi, Delhi, India",28.573,77.041,3.44,False
2026-08-24 05:09:53,Jahangirpuri,28.728,77.1636,147,Moderate,"ITI Jahangirpuri, Delhi, Delhi, India",28.728,77.1636,0.99,True
2026-08-24 05:09:53,Mundka,28.6828,76.9821,74,Satisfactory,"Mundka, Delhi, Delhi, India",28.6828,76.9821,4.72,False
2026-08-24 05:09:53,Narela,28.8553,77.0888,78,Satisfactory,"Narela, Delhi, Delhi, India",28.8553,77.0888,4.04,False
2026-08-24 05:09:53,Okhla,28.5355,77.291,87,Satisfactory,"DITE Okhla, Delhi, Delhi, India",28.5355,77.291,2.04,False
2026-08-24 05:09:53,Punjabi Bagh,28.6692,77.1341,74,Satisfactory,"Punjabi Bagh, Delhi, Delhi, India",28.6692,77.1341,1.7,True
2026-08-24 05:09:53,R.K. Puram,28.5641,77.1765,118,Moderate,"R.K. Puram, Delhi, Delhi, India",28.5641,77.1765,0.22,True
2026-08-24 05:09:53,Rohini,28.7495,77.0565,167,Moderate,"Pooth Khurd, Bawana, Delhi, Delhi, India",28.7495,77.0565,3.09,False
2026-08-24 05:09:53,Vivek Vihar,28.672,77.3152,68,Satisfactory,"ITI Shahdra, Jhilmil Industrial Area, Delhi, Delhi, India",28.672,77.3152,0.13,True
2026-08-24 05:09:53,Wazirpur,28.7041,77.1663,126,Moderate,"Delhi Institute of Tool Engineering, Wazirpur, Delhi, Delhi, India",28.7041,77.1663,0.41,True
2026-08-24 05:09:53,Chandni Chowk,28.6506,77.2303,142,Moderate,"Mandir Marg, Delhi, Delhi, India",28.6506,77.2303,3.44,False
2026-08-24 05:09:53,Red Fort,28.6562,77.241,142,Moderate,"Mandir Marg, Delhi, Delhi, India",28.6562,77.241,4.65,False
2026-08-24 05:09:53,Connaught Place,28.6315,77.2167,142,Moderate,"Mandir Marg, Delhi, Delhi, India",28.6315,77.2167,1.61,True
2026-08-24 06:01:21,Delhi,28.7041,77.1025,153,Moderate,"Shaheed Sukhdev College of Business Studies, Rohini, Delhi, Delhi, India",28.7041,77.1025,3.56,False
2026-08-24 06:01:21,Faridabad,28.4089,77.3178,92,Satisfactory,"Dr. Karni Singh Shooting Range, Delhi, Delhi, India",28.4089,77.3178,11.25,False
2026-08-24 06:01:21,Gurgaon,28.4595,77.0266,72,Satisfactory,"National Institute of Malaria Research, Sector 8, Dwarka, Delhi, Delhi, India",28.4595,77.0266,13.92,False
2026-08-24 06:01:21,Noida,28.5355,77.391,87,Satisfactory,"DITE Okhla, Delhi, Delhi, India",28.5355,77.391,11.76,False
2026-08-24 06:01:21,Anand Vihar,28.6469,77.3152,153,Moderate,"Anand Vihar, Delhi, Delhi, India",28.6469,77.3152,0.43,True
2026-08-24 06:01:21,Ashok Vihar,28.698,77.173,126,Moderate,"Delhi Institute of Tool Engineering, Wazirpur, Delhi, Delhi, India",28.698,77.173,0.77,True
2026-08-24 06:01:21,Bawana,28.7996,77.0339,167,Moderate,"Pooth Khurd, Bawana, Delhi, Delhi, India",28.7996,77.0339,2.91,False
2026-08-24 06:01:21,Dwarka,28.573,77.041,72,Satisfactory,"National Institute of Malaria Research, Sector 8, Dwarka, Delhi, Delhi, India",28.573,77.041,3.44,False
2026-08-24 06:01:21,Jahangirpuri,28.728,77.1636,147,Moderate,"ITI Jahangirpuri, Delhi, Delhi, India",28.728,77.1636,0.99,True
2026-08-24 06:01:21,Mundka,28.6828,76.9821,74,Satisfactory,"Mundka, Delhi, Delhi, India",28.6828,76.9821,4.72,False
2026-08-24 06:01:21,Narela,28.8553,77.0888,78,Satisfactory,"Narela, Delhi, Delhi, India",28.8553,77.0888,4.04,False
2026-08-24 06:01:21,Okhla,28.5355,77.291,87,Satisfactory,"DITE Okhla, Delhi, Delhi, India",28.5355,77.291,2.04,False
2026-08-24 06:01:21,Punjabi Bagh,28.6692,77.1341,74,Satisfactory,"Punjabi Bagh, Delhi, Delhi, India",28.6692,77.1341,1.7,True
2026-08-24 06:01:21,R.K. Puram,28.5641,77.1765,118,Moderate,"R.K. Puram, Delhi, Delhi, India",28.5641,77.1765,0.22,True
2026-08-24 06:01:21,Rohini,28.7495,77.0565,167,Moderate,"Pooth Khurd, Bawana, Delhi, Delhi, India",28.7495,77.0565,3.09,False
2026-08-24 06:01:21,Vivek Vihar,28.672,77.3152,68,Satisfactory,"ITI Shahdra, Jhilmil Industrial Area, Delhi, Delhi, India",28.672,77.3152,0.13,True
2026-08-24 06:01:21,Wazirpur,28.7041,77.1663,126,Moderate,"Delhi Institute of Tool Engineering, Wazirpur, Delhi, Delhi, India",28.7041,77.1663,0.41,True
2026-08-24 06:01:21,Chandni Chowk,28.6506,77.2303,142,Moderate,"Mandir Marg, Delhi, Delhi, India",28.6506,77.2303,3.44,False
2026-08-24 06:01:21,Red Fort,28.6562,77.241,142,Moderate,"Mandir Marg, Delhi, Delhi, India",28.6562,77.241,4.65,False
2026-08-24 06:01:21,Connaught Place,28.6315,77.2167,142,Moderate,"Mandir Marg, Delhi, Delhi, India",28.6315,77.2167,1.61,True
2026-08-24 07:35:20,Delhi,28.7041,77.1025,153,Moderate,"Shaheed Sukhdev College of Business Studies, Rohini, Delhi, Delhi, India",28.7041,77.1025,3.56,False
2026-08-24 07:35:20,Faridabad,28.4089,77.3178,92,Satisfactory,"Dr. Karni Singh Shooting Range, Delhi, Delhi, India",28.4089,77.3178,11.25,False
2026-08-24 07:35:20,Gurgaon,28.4595,77.0266,72,Satisfactory,"National Institute of Malaria Research, Sector 8, Dwarka, Delhi, Delhi, India",28.4595,77.0266,13.92,False
2026-08-24 07:35:20,Noida,28.5355,77.391,87,Satisfactory,"DITE Okhla, Delhi, Delhi, India",28.5355,77.391,11.76,False
2026-08-24 07:35:20,Anand Vihar,28.6469,77.3152,153,Moderate,"Anand Vihar, Delhi, Delhi, India",28.6469,77.3152,0.43,True
2026-08-24 07:35:20,Ashok Vihar,28.698,77.173,126,Moderate,"Delhi Institute of Tool Engineering, Wazirpur, Delhi, Delhi, India",28.698,77.173,0.77,True
2026-08-24 07:35:20,Bawana,28.7996,77.0339,167,Moderate,"Pooth Khurd, Bawana, Delhi, Delhi, India",28.7996,77.0339,2.91,False
2026-08-24 07:35:20,Dwarka,28.573,77.041,72,Satisfactory,"National Institute of Malaria Research, Sector 8, Dwarka, Delhi, Delhi, India",28.573,77.041,3.44,False
2026-08-24 07:35:20,Jahangirpuri,28.728,77.1636,147,Moderate,"ITI Jahangirpuri, Delhi, Delhi, India",28.728,77.1636,0.99,True
2026-08-24 07:35:20,Mundka,28.6828,76.9821,74,Satisfactory,"Mundka, Delhi, Delhi, India",28.6828,76.9821,4.72,False
2026-08-24 07:35:20,Narela,28.8553,77.0888,78,Satisfactory,"Narela, Delhi, Delhi, India",28.8553,77.0888,4.04,False
2026-08-24 07:35:20,Okhla,28.5355,77.291,87,Satisfactory,"DITE Okhla, Delhi, Delhi, India",28.5355,77.291,2.04,False
2026-08-24 07:35:20,Punjabi Bagh,28.6692,77.1341,74,Satisfactory,"Punjabi Bagh, Delhi, Delhi, India",28.6692,77.1341,1.7,True
2026-08-24 07:35:20,R.K. Puram,28.5641,77.1765,118,Moderate,"R.K. Puram, Delhi, Delhi, India",28.5641,77.1765,0.22,True
2026-08-24 07:35:20,Rohini,28.7495,77.0565,167,Moderate,"Pooth Khurd, Bawana, Delhi, Delhi, India",28.7495,77.0565,3.09,False
2026-08-24 07:35:20,Vivek Vihar,28.672,77.3152,68,Satisfactory,"ITI Shahdra, Jhilmil Industrial Area, Delhi, Delhi, India",28.672,77.3152,0.13,True
2026-08-24 07:35:20,Wazirpur,28.7041,77.1663,126,Moderate,"Delhi Institute of Tool Engineering, Wazirpur, Delhi, Delhi, India",28.7041,77.1663,0.41,True
2026-08-24 07:35:20,Chandni Chowk,28.6506,77.2303,142,Moderate,"Mandir Marg, Delhi, Delhi, India",28.6506,77.2303,3.44,False
2026-08-24 07:35:20,Red Fort,28.6562,77.241,142,Moderate,"Mandir Marg, Delhi, Delhi, India",28.6562,77.241,4.65,False
2026-08-24 07:35:20,Connaught Place,28.6315,77.2167,142,Moderate,"Mandir Marg, Delhi, Delhi, India",28.6315,77.2167,1.61,True
2026-08-24 08:38:50,Delhi,28.7041,77.1025,153,Moderate,"Shaheed Sukhdev College of Business Studies, Rohini, Delhi, Delhi, India",28.7041,77.1025,3.56,False
2026-08-24 08:38:50,Faridabad,28.4089,77.3178,92,Satisfactory,"Dr. Karni Singh Shooting Range, Delhi, Delhi, India",28.4089,77.3178,11.25,False
2026-08-24 08:38:50,Gurgaon,28.4595,77.0266,72,Satisfactory,"National Institute of Malaria Research, Sector 8, Dwarka, Delhi, Delhi, India",28.4595,77.0266,13.92,False
2026-08-24 08:38:50,Noida,28.5355,77.391,87,Satisfactory,"DITE Okhla, Delhi, Delhi, India",28.5355,77.391,11.76,False
2026-08-24 08:38:50,Anand Vihar,28.6469,77.3152,153,Moderate,"Anand Vihar, Delhi, Delhi, India",28.6469,77.3152,0.43,True
2026-08-24 08:38:50,Ashok Vihar,28.698,77.173,126,Moderate,"Delhi Institute of Tool Engineering, Wazirpur, Delhi, Delhi, India",28.698,77.173,0.77,True
2026-08-24 08:38:50,Bawana,28.7996,77.0339,167,Moderate,"Pooth Khurd, Bawana, Delhi, Delhi, India",28.7996,77.0339,2.91,False
2026-08-24 08:38:50,Dwarka,28.573,77.041,72,Satisfactory,"National Institute of Malaria Research, Sector 8, Dwarka, Delhi, Delhi, India",28.573,77.041,3.44,False
2026-08-24 08:38:50,Jahangirpuri,28.728,77.1636,147,Moderate,"ITI Jahangirpuri, Delhi, Delhi, India",28.728,77.1636,0.99,True
2026-08-24 08:38:50,Mundka,28.6828,76.9821,74,Satisfactory,"Mundka, Delhi, Delhi, India",28.6828,76.9821,4.72,False
2026-08-24 08:38:50,Narela,28.8553,77.0888,78,Satisfactory,"Narela, Delhi, Delhi, India",28.8553,77.0888,4.04,False
2026-08-24 08:38:50,Okhla,28.5355,77.291,87,Satisfactory,"DITE Okhla, Delhi, Delhi, India",28.5355,77.291,2.04,False
2026-08-24 08:38:50,Punjabi Bagh,28.6692,77.1341,74,Satisfactory,"Punjabi Bagh, Delhi, Delhi, India",28.6692,77.1341,1.7,True
2026-08-24 08:38:50,R.K. Puram,28.5641,77.1765,118,Moderate,"R.K. Puram, Delhi, Delhi, India",28.5641,77.1765,0.22,True
2026-08-24 08:38:50,Rohini,28.7495,77.0565,167,Moderate,"Pooth Khurd, Bawana, Delhi, Delhi, India",28.7495,77.0565,3.09,False
2026-08-24 08:38:50,Vivek Vihar,28.672,77.3152,68,Satisfactory,"ITI Shahdra, Jhilmil Industrial Area, Delhi, Delhi, India",28.672,77.3152,0.13,True
2026-08-24 08:38:50,Wazirpur,28.7041,77.1663,126,Moderate,"Delhi Institute of Tool Engineering, Wazirpur, Delhi, Delhi, India",28.7041,77.1663,0.41,True
2026-08-24 08:38:50,Chandni Chowk,28.6506,77.2303,142,Moderate,"Mandir Marg, Delhi, Delhi, India",28.6506,77.2303,3.44,False
2026-08-24 08:38:50,Red Fort,28.6562,77.241,142,Moderate,"Mandir Marg, Delhi, Delhi, India",28.6562,77.241,4.65,False
2026-08-24 08:38:50,Connaught Place,28.6315,77.2167,142,Moderate,"Mandir Marg, Delhi, Delhi, India",28.6315,77.2167,1.61,True
2026-08-24 09:38:24,Delhi,28.7041,77.1025,153,Moderate,"Shaheed Sukhdev College of Business Studies, Rohini, Delhi, Delhi, India",28.7041,77.1025,3.56,False
2026-08-24 09:38:24,Faridabad,28.4089,77.3178,92,Satisfactory,"Dr. Karni Singh Shooting Range, Delhi, Delhi, India",28.4089,77.3178,11.25,False
2026-08-24 09:38:24,Gurgaon,28.4595,77.0266,72,Satisfactory,"National Institute of Malaria Research, Sector 8, Dwarka, Delhi, Delhi, India",28.4595,77.0266,13.92,False
2026-08-24 09:38:24,Noida,28.5355,77.391,87,Satisfactory,"DITE Okhla, Delhi, Delhi, India",28.5355,77.391,11.76,False
2026-08-24 09:38:24,Anand Vihar,28.6469,77.3152,153,Moderate,"Anand Vihar, Delhi, Delhi, India",28.6469,77.3152,0.43,True
2026-08-24 09:38:24,Ashok Vihar,28.698,77.173,126,Moderate,"Delhi Institute of Tool Engineering, Wazirpur, Delhi, Delhi, India",28.698,77.173,0.77,True
2026-08-24 09:38:24,Bawana,28.7996,77.0339,167,Moderate,"Pooth Khurd, Bawana, Delhi, Delhi, India",28.7996,77.0339,2.91,False
2026-08-24 09:38:24,Dwarka,28.573,77.041,72,Satisfactory,"National Institute of Malaria Research, Sector 8, Dwarka, Delhi, Delhi, India",28.573,77.041,3.44,False
2026-08-24 09:38:24,Jahangirpuri,28.728,77.1636,147,Moderate,"ITI Jahangirpuri, Delhi, Delhi, India",28.728,77.1636,0.99,True
2026-08-24 09:38:24,Mundka,28.6828,76.9821,74,Satisfactory,"Mundka, Delhi, Delhi, India",28.6828,76.9821,4.72,False
2026-08-24 09:38:24,Narela,28.8553,77.0888,78,Satisfactory,"Narela, Delhi, Delhi, India",28.8553,77.0888,4.04,False
2026-08-24 09:38:24,Okhla,28.5355,77.291,87,Satisfactory,"DITE Okhla, Delhi, Delhi, India",28.5355,77.291,2.04,False
2026-08-24 09:38:24,Punjabi Bagh,28.6692,77.1341,74,Satisfactory,"Punjabi Bagh, Delhi, Delhi, India",28.6692,77.1341,1.7,True
2026-08-24 09:38:24,R.K. Puram,28.5641,77.1765,118,Moderate,"R.K. Puram, Delhi, Delhi, India",28.5641,77.1765,0.22,True
2026-08-24 09:38:24,Rohini,28.7495,77.0565,167,Moderate,"Pooth Khurd, Bawana, Delhi, Delhi, India",28.7495,77.0565,3.09,False
2026-08-24 09:38:24,Vivek Vihar,28.672,77.3152,68,Satisfactory,"ITI Shahdra, Jhilmil Industrial Area, Delhi, Delhi, India",28.672,77.3152,0.13,True
2026-08-24 09:38:24,Wazirpur,28.7041,77.1663,126,Moderate,"Delhi Institute of Tool Engineering, Wazirpur, Delhi, Delhi, India",28.7041,77.1663,0.41,True
2026-08-24 09:38:24,Chandni Chowk,28.6506,77.2303,142,Moderate,"Mandir Marg, Delhi, Delhi, India",28.6506,77.2303,3.44,False
2026-08-24 09:38:24,Red Fort,28.6562,77.241,142,Moderate,"Mandir Marg, Delhi, Delhi, India",28.6562,77.241,4.65,False
2026-08-24 09:38:24,Connaught Place,28.6315,77.2167,142,Moderate,"Mandir Marg, Delhi, Delhi, India",28.6315,77.2167,1.61,True
2026-08-24 10:30:10,Delhi,28.7041,77.1025,153,Moderate,"Shaheed Sukhdev College of Business Studies, Rohini, Delhi, Delhi, India",28.7041,77.1025,3.56,False
2026-08-24 10:30:10,Faridabad,28.4089,77.3178,92,Satisfactory,"Dr. Karni Singh Shooting Range, Delhi, Delhi, India",28.4089,77.3178,11.25,False
2026-08-24 10:30:10,Gurgaon,28.4595,77.0266,72,Satisfactory,"National Institute of Malaria Research, Sector 8, Dwarka, Delhi, Delhi, India",28.4595,77.0266,13.92,False
2026-08-24 10:30:10,Noida,28.5355,77.391,87,Satisfactory,"DITE Okhla, Delhi, Delhi, India",28.5355,77.391,11.76,False
2026-08-24 10:30:10,Anand Vihar,28.6469,77.3152,153,Moderate,"Anand Vihar, Delhi, Delhi, India",28.6469,77.3152,0.43,True
2026-08-24 10:30:10,Ashok Vihar,28.698,77.173,126,Moderate,"Delhi Institute of Tool Engineering, Wazirpur, Delhi, Delhi, India",28.698,77.173,0.77,True
2026-08-24 10:30:10,Bawana,28.7996,77.0339,167,Moderate,"Pooth Khurd, Bawana, Delhi, Delhi, India",28.7996,77.0339,2.91,False
2026-08-24 10:30:10,Dwarka,28.573,77.041,72,Satisfactory,"National Institute of Malaria Research, Sector 8, Dwarka, Delhi, Delhi, India",28.573,77.041,3.44,False
2026-08-24 10:30:10,Jahangirpuri,28.728,77.1636,147,Moderate,"ITI Jahangirpuri, Delhi, Delhi, India",28.728,77.1636,0.99,True
2026-08-24 10:30:10,Mundka,28.6828,76.9821,74,Satisfactory,"Mundka, Delhi, Delhi, India",28.6828,76.9821,4.72,False
2026-08-24 10:30:10,Narela,28.8553,77.0888,78,Satisfactory,"Narela, Delhi, Delhi, India",28.8553,77.0888,4.04,False
2026-08-24 10:30:10,Okhla,28.5355,77.291,87,Satisfactory,"DITE Okhla, Delhi, Delhi, India",28.5355,77.291,2.04,False
2026-08-24 10:30:10,Punjabi Bagh,28.6692,77.1341,74,Satisfactory,"Punjabi Bagh, Delhi, Delhi, India",28.6692,77.1341,1.7,True
2026-08-24 10:30:10,R.K. Puram,28.5641,77.1765,118,Moderate,"R.K. Puram, Delhi, Delhi, India",28.5641,77.1765,0.22,True
2026-08-24 10:30:10,Rohini,28.7495,77.0565,167,Moderate,"Pooth Khurd, Bawana, Delhi, Delhi, India",28.7495,77.0565,3.09,False
2026-08-24 10:30:10,Vivek Vihar,28.672,77.3152,68,Satisfactory,"ITI Shahdra, Jhilmil Industrial Area, Delhi, Delhi, India",28.672,77.3152,0.13,True
2026-08-24 10:30:10,Wazirpur,28.7041,77.1663,126,Moderate,"Delhi Institute of Tool Engineering, Wazirpur, Delhi, Delhi, India",28.7041,77.1663,0.41,True
2026-08-24 10:30:10,Chandni Chowk,28.6506,77.2303,142,Moderate,"Mandir Marg, Delhi, Delhi, India",28.6506,77.2303,3.44,False
2026-08-24 10:30:10,Red Fort,28.6562,77.241,142,Moderate,"Mandir Marg, Delhi, Delhi, India",28.6562,77.241,4.65,False
2026-08-24 10:30:10,Connaught Place,28.6315,77.2167,142,Moderate,"Mandir Marg, Delhi, Delhi, India",28.6315,77.2167,1.61,True
2026-08-24 11:03:38,Delhi,28.7041,77.1025,153,Moderate,"Shaheed Sukhdev College of Business Studies, Rohini, Delhi, Delhi, India",28.7041,77.1025,3.56,False
2026-08-24 11:03:38,Faridabad,28.4089,77.3178,92,Satisfactory,"Dr. Karni Singh Shooting Range, Delhi, Delhi, India",28.4089,77.3178,11.25,False
2026-08-24 11:03:38,Gurgaon,28.4595,77.0266,72,Satisfactory,"National Institute of Malaria Research, Sector 8, Dwarka, Delhi, Delhi, India",28.4595,77.0266,13.92,False
2026-08-24 11:03:38,Noida,28.5355,77.391,87,Satisfactory,"DITE Okhla, Delhi, Delhi, India",28.5355,77.391,11.76,False
2026-08-24 11:03:38,Anand Vihar,28.6469,77.3152,153,Moderate,"Anand Vihar, Delhi, Delhi, India",28.6469,77.3152,0.43,True
2026-08-24 11:03:38,Ashok Vihar,28.698,77.173,126,Moderate,"Delhi Institute of Tool Engineering, Wazirpur, Delhi, Delhi, India",28.698,77.173,0.77,True
2026-08-24 11:03:38,Bawana,28.7996,77.0339,167,Moderate,"Pooth Khurd, Bawana, Delhi, Delhi, India",28.7996,77.0339,2.91,False
2026-08-24 11:03:38,Dwarka,28.573,77.041,72,Satisfactory,"National Institute of Malaria Research, Sector 8, Dwarka, Delhi, Delhi, India",28.573,77.041,3.44,False
2026-08-24 11:03:38,Jahangirpuri,28.728,77.1636,147,Moderate,"ITI Jahangirpuri, Delhi, Delhi, India",28.728,77.1636,0.99,True
2026-08-24 11:03:38,Mundka,28.6828,76.9821,74,Satisfactory,"Mundka, Delhi, Delhi, India",28.6828,76.9821,4.72,False
2026-08-24 11:03:38,Narela,28.8553,77.0888,78,Satisfactory,"Narela, Delhi, Delhi, India",28.8553,77.0888,4.04,False
2026-08-24 11:03:38,Okhla,28.5355,77.291,87,Satisfactory,"DITE Okhla, Delhi, Delhi, India",28.5355,77.291,2.04,False
2026-08-24 11:03:38,Punjabi Bagh,28.6692,77.1341,74,Satisfactory,"Punjabi Bagh, Delhi, Delhi, India",28.6692,77.1341,1.7,True
2026-08-24 11:03:38,R.K. Puram,28.5641,77.1765,118,Moderate,"R.K. Puram, Delhi, Delhi, India",28.5641,77.1765,0.22,True
2026-08-24 11:03:38,Rohini,28.7495,77.0565,167,Moderate,"Pooth Khurd, Bawana, Delhi, Delhi, India",28.7495,77.0565,3.09,False
2026-08-24 11:03:38,Vivek Vihar,28.672,77.3152,68,Satisfactory,"ITI Shahdra, Jhilmil Industrial Area, Delhi, Delhi, India",28.672,77.3152,0.13,True
2026-08-24 11:03:38,Wazirpur,28.7041,77.1663,126,Moderate,"Delhi Institute of Tool Engineering, Wazirpur, Delhi, Delhi, India",28.7041,77.1663,0.41,True
2026-08-24 11:03:38,Chandni Chowk,28.6506,77.2303,142,Moderate,"Mandir Marg, Delhi, Delhi, India",28.6506,77.2303,3.44,False
2026-08-24 11:03:38,Red Fort,28.6562,77.241,142,Moderate,"Mandir Marg, Delhi, Delhi, India",28.6562,77.241,4.65,False
2026-08-24 11:03:38,Connaught Place,28.6315,77.2167,142,Moderate,"Mandir Marg, Delhi, Delhi, India",28.6315,77.2167,1.61,True
2026-08-24 11:51:41,Delhi,28.7041,77.1025,153,Moderate,"Shaheed Sukhdev College of Business Studies, Rohini, Delhi, Delhi, India",28.7041,77.1025,3.56,False
2026-08-24 11:51:41,Faridabad,28.4089,77.3178,92,Satisfactory,"Dr. Karni Singh Shooting Range, Delhi, Delhi, India",28.4089,77.3178,11.25,False
2026-08-24 11:51:41,Gurgaon,28.4595,77.0266,72,Satisfactory,"National Institute of Malaria Research, Sector 8, Dwarka, Delhi, Delhi, India",28.4595,77.0266,13.92,False
2026-08-24 11:51:41,Noida,28.5355,77.391,87,Satisfactory,"DITE Okhla, Delhi, Delhi, India",28.5355,77.391,11.76,False
2026-08-24 11:51:41,Anand Vihar,28.6469,77.3152,153,Moderate,"Anand Vihar, Delhi, Delhi, India",28.6469,77.3152,0.43,True
2026-08-24 11:51:41,Ashok Vihar,28.698,77.173,126,Moderate,"Delhi Institute of Tool Engineering, Wazirpur, Delhi, Delhi, India",28.698,77.173,0.77,True
2026-08-24 11:51:41,Bawana,28.7996,77.0339,167,Moderate,"Pooth Khurd, Bawana, Delhi, Delhi, India",28.7996,77.0339,2.91,False
2026-08-24 11:51:41,Dwarka,28.573,77.041,72,Satisfactory,"National Institute of Malaria Research, Sector 8, Dwarka, Delhi, Delhi, India",28.573,77.041,3.44,False
2026-08-24 11:51:41,Jahangirpuri,28.728,77.1636,147,Moderate,"ITI Jahangirpuri, Delhi, Delhi, India",28.728,77.1636,0.99,True
2026-08-24 11:51:41,Mundka,28.6828,76.9821,74,Satisfactory,"Mundka, Delhi, Delhi, India",28.6828,76.9821,4.72,False
2026-08-24 11:51:41,Narela,28.8553,77.0888,78,Satisfactory,"Narela, Delhi, Delhi, India",28.8553,77.0888,4.04,False
2026-08-24 11:51:41,Okhla,28.5355,77.291,87,Satisfactory,"DITE Okhla, Delhi, Delhi, India",28.5355,77.291,2.04,False
2026-08-24 11:51:41,Punjabi Bagh,28.6692,77.1341,74,Satisfactory,"Punjabi Bagh, Delhi, Delhi, India",28.6692,77.1341,1.7,True
2026-08-24 11:51:41,R.K. Puram,28.5641,77.1765,118,Moderate,"R.K. Puram, Delhi, Delhi, India",28.5641,77.1765,0.22,True
2026-08-24 11:51:41,Rohini,28.7495,77.0565,167,Moderate,"Pooth Khurd, Bawana, Delhi, Delhi, India",28.7495,77.0565,3.09,False
2026-08-24 11:51:41,Vivek Vihar,28.672,77.3152,68,Satisfactory,"ITI Shahdra, Jhilmil Industrial Area, Delhi, Delhi, India",28.672,77.3152,0.13,True
2026-08-24 11:51:41,Wazirpur,28.7041,77.1663,126,Moderate,"Delhi Institute of Tool Engineering, Wazirpur, Delhi, Delhi, India",28.7041,77.1663,0.41,True
2026-08-24 11:51:41,Chandni Chowk,28.6506,77.2303,142,Moderate,"Mandir Marg, Delhi, Delhi, India",28.6506,77.2303,3.44,False
2026-08-24 11:51:41,Red Fort,28.6562,77.241,142,Moderate,"Mandir Marg, Delhi, Delhi, India",28.6562,77.241,4.65,False
2026-08-24 11:51:41,Connaught Place,28.6315,77.2167,142,Moderate,"Mandir Marg, Delhi, Delhi, India",28.6315,77.2167,1.61,True
2026-08-24 12:31:19,Delhi,28.7041,77.1025,153,Moderate,"Shaheed Sukhdev College of Business Studies, Rohini, Delhi, Delhi, India",28.7041,77.1025,3.56,False
2026-08-24 12:31:19,Faridabad,28.4089,77.3178,92,Satisfactory,"Dr. Karni Singh Shooting Range, Delhi, Delhi, India",28.4089,77.3178,11.25,False
2026-08-24 12:31:19,Gurgaon,28.4595,77.0266,72,Satisfactory,"National Institute of Malaria Research, Sector 8, Dwarka, Delhi, Delhi, India",28.4595,77.0266,13.92,False
2026-08-24 12:31:19,Noida,28.5355,77.391,87,Satisfactory,"DITE Okhla, Delhi, Delhi, India",28.5355,77.391,11.76,False
2026-08-24 12:31:19,Anand Vihar,28.6469,77.3152,153,Moderate,"Anand Vihar, Delhi, Delhi, India",28.6469,77.3152,0.43,True
2026-08-24 12:31:19,Ashok Vihar,28.698,77.173,126,Moderate,"Delhi Institute of Tool Engineering, Wazirpur, Delhi, Delhi, India",28.698,77.173,0.77,True
2026-08-24 12:31:19,Bawana,28.7996,77.0339,167,Moderate,"Pooth Khurd, Bawana, Delhi, Delhi, India",28.7996,77.0339,2.91,False
2026-08-24 12:31:19,Dwarka,28.573,77.041,72,Satisfactory,"National Institute of Malaria Research, Sector 8, Dwarka, Delhi, Delhi, India",28.573,77.041,3.44,False
2026-08-24 12:31:19,Jahangirpuri,28.728,77.1636,147,Moderate,"ITI Jahangirpuri, Delhi, Delhi, India",28.728,77.1636,0.99,True
2026-08-24 12:31:19,Mundka,28.6828,76.9821,74,Satisfactory,"Mundka, Delhi, Delhi, India",28.6828,76.9821,4.72,False
2026-08-24 12:31:19,Narela,28.8553,77.0888,78,Satisfactory,"Narela, Delhi, Delhi, India",28.8553,77.0888,4.04,False
2026-08-24 12:31:19,Okhla,28.5355,77.291,87,Satisfactory,"DITE Okhla, Delhi, Delhi, India",28.5355,77.291,2.04,False
2026-08-24 12:31:19,Punjabi Bagh,28.6692,77.1341,74,Satisfactory,"Punjabi Bagh, Delhi, Delhi, India",28.6692,77.1341,1.7,True
2026-08-24 12:31:19,R.K. Puram,28.5641,77.1765,118,Moderate,"R.K. Puram, Delhi, Delhi, India",28.5641,77.1765,0.22,True
2026-08-24 12:31:19,Rohini,28.7495,77.0565,167,Moderate,"Pooth Khurd, Bawana, Delhi, Delhi, India",28.7495,77.0565,3.09,False
2026-08-24 12:31:19,Vivek Vihar,28.672,77.3152,68,Satisfactory,"ITI Shahdra, Jhilmil Industrial Area, Delhi, Delhi, India",28.672,77.3152,0.13,True
2026-08-24 12:31:19,Wazirpur,28.7041,77.1663,126,Moderate,"Delhi Institute of Tool Engineering, Wazirpur, Delhi, Delhi, India",28.7041,77.1663,0.41,True
2026-08-24 12:31:19,Chandni Chowk,28.6506,77.2303,142,Moderate,"Mandir Marg, Delhi, Delhi, India",28.6506,77.2303,3.44,False
2026-08-24 12:31:19,Red Fort,28.6562,77.241,142,Moderate,"Mandir Marg, Delhi, Delhi, India",28.6562,77.241,4.65,False
2026-08-24 12:31:19,Connaught Place,28.6315,77.2167,142,Moderate,"Mandir Marg, Delhi, Delhi, India",28.6315,77.2167,1.61,True
2026-08-24 13:43:40,Delhi,28.7041,77.1025,153,Moderate,"Shaheed Sukhdev College of Business Studies, Rohini, Delhi, Delhi, India",28.7041,77.1025,3.56,False
2026-08-24 13:43:40,Faridabad,28.4089,77.3178,92,Satisfactory,"Dr. Karni Singh Shooting Range, Delhi, Delhi, India",28.4089,77.3178,11.25,False
2026-08-24 13:43:40,Gurgaon,28.4595,77.0266,72,Satisfactory,"National Institute of Malaria Research, Sector 8, Dwarka, Delhi, Delhi, India",28.4595,77.0266,13.92,False
2026-08-24 13:43:40,Noida,28.5355,77.391,87,Satisfactory,"DITE Okhla, Delhi, Delhi, India",28.5355,77.391,11.76,False
2026-08-24 13:43:40,Anand Vihar,28.6469,77.3152,153,Moderate,"Anand Vihar, Delhi, Delhi, India",28.6469,77.3152,0.43,True
2026-08-24 13:43:40,Ashok Vihar,28.698,77.173,126,Moderate,"Delhi Institute of Tool Engineering, Wazirpur, Delhi, Delhi, India",28.698,77.173,0.77,True
2026-08-24 13:43:40,Bawana,28.7996,77.0339,167,Moderate,"Pooth Khurd, Bawana, Delhi, Delhi, India",28.7996,77.0339,2.91,False
2026-08-24 13:43:40,Dwarka,28.573,77.041,72,Satisfactory,"National Institute of Malaria Research, Sector 8, Dwarka, Delhi, Delhi, India",28.573,77.041,3.44,False
2026-08-24 13:43:40,Jahangirpuri,28.728,77.1636,147,Moderate,"ITI Jahangirpuri, Delhi, Delhi, India",28.728,77.1636,0.99,True
2026-08-24 13:43:40,Mundka,28.6828,76.9821,74,Satisfactory,"Mundka, Delhi, Delhi, India",28.6828,76.9821,4.72,False
2026-08-24 13:43:40,Narela,28.8553,77.0888,78,Satisfactory,"Narela, Delhi, Delhi, India",28.8553,77.0888,4.04,False
2026-08-24 13:43:40,Okhla,28.5355,77.291,87,Satisfactory,"DITE Okhla, Delhi, Delhi, India",28.5355,77.291,2.04,False
2026-08-24 13:43:40,Punjabi Bagh,28.6692,77.1341,74,Satisfactory,"Punjabi Bagh, Delhi, Delhi, India",28.6692,77.1341,1.7,True
2026-08-24 13:43:40,R.K. Puram,28.5641,77.1765,118,Moderate,"R.K. Puram, Delhi, Delhi, India",28.5641,77.1765,0.22,True
2026-08-24 13:43:40,Rohini,28.7495,77.0565,167,Moderate,"Pooth Khurd, Bawana, Delhi, Delhi, India",28.7495,77.0565,3.09,False
2026-08-24 13:43:40,Vivek Vihar,28.672,77.3152,68,Satisfactory,"ITI Shahdra, Jhilmil Industrial Area, Delhi, Delhi, India",28.672,77.3152,0.13,True
2026-08-24 13:43:40,Wazirpur,28.7041,77.1663,126,Moderate,"Delhi Institute of Tool Engineering, Wazirpur, Delhi, Delhi, India",28.7041,77.1663,0.41,True
2026-08-24 13:43:40,Chandni Chowk,28.6506,77.2303,142,Moderate,"Mandir Marg, Delhi, Delhi, India",28.6506,77.2303,3.44,False
2026-08-24 13:43:40,Red Fort,28.6562,77.241,142,Moderate,"Mandir Marg, Delhi, Delhi, India",28.6562,77.241,4.65,False
2026-08-24 13:43:40,Connaught Place,28.6315,77.2167,142,Moderate,"Mandir Marg, Delhi, Delhi, India",28.6315,77.2167,1.61,True
2026-08-24 14:33:58,Delhi,28.7041,77.1025,153,Moderate,"Shaheed Sukhdev College of Business Studies, Rohini, Delhi, Delhi, India",28.7041,77.1025,3.56,False
2026-08-24 14:33:58,Faridabad,28.4089,77.3178,92,Satisfactory,"Dr. Karni Singh Shooting Range, Delhi, Delhi, India",28.4089,77.3178,11.25,False
2026-08-24 14:33:58,Gurgaon,28.4595,77.0266,72,Satisfactory,"National Institute of Malaria Research, Sector 8, Dwarka, Delhi, Delhi, India",28.4595,77.0266,13.92,False
2026-08-24 14:33:58,Noida,28.5355,77.391,87,Satisfactory,"DITE Okhla, Delhi, Delhi, India",28.5355,77.391,11.76,False
2026-08-24 14:33:58,Anand Vihar,28.6469,77.3152,153,Moderate,"Anand Vihar, Delhi, Delhi, India",28.6469,77.3152,0.43,True
2026-08-24 14:33:58,Ashok Vihar,28.698,77.173,126,Moderate,"Delhi Institute of Tool Engineering, Wazirpur, Delhi, Delhi, India",28.698,77.173,0.77,True
2026-08-24 14:33:58,Bawana,28.7996,77.0339,167,Moderate,"Pooth Khurd, Bawana, Delhi, Delhi, India",28.7996,77.0339,2.91,False
2026-08-24 14:33:58,Dwarka,28.573,77.041,72,Satisfactory,"National Institute of Malaria Research, Sector 8, Dwarka, Delhi, Delhi, India",28.573,77.041,3.44,False
2026-08-24 14:33:58,Jahangirpuri,28.728,77.1636,147,Moderate,"ITI Jahangirpuri, Delhi, Delhi, India",28.728,77.1636,0.99,True
2026-08-24 14:33:58,Mundka,28.6828,76.9821,74,Satisfactory,"Mundka, Delhi, Delhi, India",28.6828,76.9821,4.72,False
2026-08-24 14:33:58,Narela,28.8553,77.0888,78,Satisfactory,"Narela, Delhi, Delhi, India",28.8553,77.0888,4.04,False
2026-08-24 14:33:58,Okhla,28.5355,77.291,87,Satisfactory,"DITE Okhla, Delhi, Delhi, India",28.5355,77.291,2.04,False
2026-08-24 14:33:58,Punjabi Bagh,28.6692,77.1341,74,Satisfactory,"Punjabi Bagh, Delhi, Delhi, India",28.6692,77.1341,1.7,True
2026-08-24 14:33:58,R.K. Puram,28.5641,77.1765,118,Moderate,"R.K. Puram, Delhi, Delhi, India",28.5641,77.1765,0.22,True
2026-08-24 14:33:58,Rohini,28.7495,77.0565,167,Moderate,"Pooth Khurd, Bawana, Delhi, Delhi, India",28.7495,77.0565,3.09,False
2026-08-24 14:33:58,Vivek Vihar,28.672,77.3152,68,Satisfactory,"ITI Shahdra, Jhilmil Industrial Area, Delhi, Delhi, India",28.672,77.3152,0.13,True
2026-08-24 14:33:58,Wazirpur,28.7041,77.1663,126,Moderate,"Delhi Institute of Tool Engineering, Wazirpur, Delhi, Delhi, India",28.7041,77.1663,0.41,True
2026-08-24 14:33:58,Chandni Chowk,28.6506,77.2303,142,Moderate,"Mandir Marg, Delhi, Delhi, India",28.6506,77.2303,3.44,False
2026-08-24 14:33:58,Red Fort,28.6562,77.241,142,Moderate,"Mandir Marg, Delhi, Delhi, India",28.6562,77.241,4.65,False
2026-08-24 14:33:58,Connaught Place,28.6315,77.2167,142,Moderate,"Mandir Marg, Delhi, Delhi, India",28.6315,77.2167,1.61,True
2026-08-24 15:32:11,Delhi,28.7041,77.1025,153,Moderate,"Shaheed Sukhdev College of Business Studies, Rohini, Delhi, Delhi, India",28.7041,77.1025,3.56,False
2026-08-24 15:32:11,Faridabad,28.4089,77.3178,92,Satisfactory,"Dr. Karni Singh Shooting Range, Delhi, Delhi, India",28.4089,77.3178,11.25,False
2026-08-24 15:32:11,Gurgaon,28.4595,77.0266,72,Satisfactory,"National Institute of Malaria Research, Sector 8, Dwarka, Delhi, Delhi, India",28.4595,77.0266,13.92,False
2026-08-24 15:32:11,Noida,28.5355,77.391,87,Satisfactory,"DITE Okhla, Delhi, Delhi, India",28.5355,77.391,11.76,False
2026-08-24 15:32:11,Anand Vihar,28.6469,77.3152,153,Moderate,"Anand Vihar, Delhi, Delhi, India",28.6469,77.3152,0.43,True
2026-08-24 15:32:11,Ashok Vihar,28.698,77.173,126,Moderate,"Delhi Institute of Tool Engineering, Wazirpur, Delhi, Delhi, India",28.698,77.173,0.77,True
2026-08-24 15:32:11,Bawana,28.7996,77.0339,167,Moderate,"Pooth Khurd, Bawana, Delhi, Delhi, India",28.7996,77.0339,2.91,False
2026-08-24 15:32:11,Dwarka,28.573,77.041,72,Satisfactory,"National Institute of Malaria Research, Sector 8, Dwarka, Delhi, Delhi, India",28.573,77.041,3.44,False
2026-08-24 15:32:11,Jahangirpuri,28.728,77.1636,147,Moderate,"ITI Jahangirpuri, Delhi, Delhi, India",28.728,77.1636,0.99,True
2026-08-24 15:32:11,Mundka,28.6828,76.9821,74,Satisfactory,"Mundka, Delhi, Delhi, India",28.6828,76.9821,4.72,False
2026-08-24 15:32:11,Narela,28.8553,77.0888,78,Satisfactory,"Narela, Delhi, Delhi, India",28.8553,77.0888,4.04,False
2026-08-24 15:32:11,Okhla,28.5355,77.291,87,Satisfactory,"DITE Okhla, Delhi, Delhi, India",28.5355,77.291,2.04,False
2026-08-24 15:32:11,Punjabi Bagh,28.6692,77.1341,74,Satisfactory,"Punjabi Bagh, Delhi, Delhi, India",28.6692,77.1341,1.7,True
2026-08-24 15:32:11,R.K. Puram,28.5641,77.1765,118,Moderate,"R.K. Puram, Delhi, Delhi, India",28.5641,77.1765,0.22,True
2026-08-24 15:32:11,Rohini,28.7495,77.0565,167,Moderate,"Pooth Khurd, Bawana, Delhi, Delhi, India",28.7495,77.0565,3.09,False
2026-08-24 15:32:11,Vivek Vihar,28.672,77.3152,68,Satisfactory,"ITI Shahdra, Jhilmil Industrial Area, Delhi, Delhi, India",28.672,77.3152,0.13,True
2026-08-24 15:32:11,Wazirpur,28.7041,77.1663,126,Moderate,"Delhi Institute of Tool Engineering, Wazirpur, Delhi, Delhi, India",28.7041,77.1663,0.41,True
2026-08-24 15:32:11,Chandni Chowk,28.6506,77.2303,142,Moderate,"Mandir Marg, Delhi, Delhi, India",28.6506,77.2303,3.44,False
2026-08-24 15:32:11,Red Fort,28.6562,77.241,142,Moderate,"Mandir Marg, Delhi, Delhi, India",28.6562,77.241,4.65,False
2026-08-24 15:32:11,Connaught Place,28.6315,77.2167,142,Moderate,"Mandir Marg, Delhi, Delhi, India",28.6315,77.2167,1.61,True
2026-08-24 16:26:07,Delhi,28.7041,77.1025,153,Moderate,"Shaheed Sukhdev College of Business Studies, Rohini, Delhi, Delhi, India",28.7041,77.1025,3.56,False
2026-08-24 16:26:07,Faridabad,28.4089,77.3178,92,Satisfactory,"Dr. Karni Singh Shooting Range, Delhi, Delhi, India",28.4089,77.3178,11.25,False
2026-08-24 16:26:07,Gurgaon,28.4595,77.0266,72,Satisfactory,"National Institute of Malaria Research, Sector 8, Dwarka, Delhi, Delhi, India",28.4595,77.0266,13.92,False
2026-08-24 16:26:07,Noida,28.5355,77.391,87,Satisfactory,"DITE Okhla, Delhi, Delhi, India",28.5355,77.391,11.76,False
2026-08-24 16:26:07,Anand Vihar,28.6469,77.3152,153,Moderate,"Anand Vihar, Delhi, Delhi, India",28.6469,77.3152,0.43,True
2026-08-24 16:26:07,Ashok Vihar,28.698,77.173,126,Moderate,"Delhi Institute of Tool Engineering, Wazirpur, Delhi, Delhi, India",28.698,77.173,0.77,True
2026-08-24 16:26:07,Bawana,28.7996,77.0339,167,Moderate,"Pooth Khurd, Bawana, Delhi, Delhi, India",28.7996,77.0339,2.91,False
2026-08-24 16:26:07,Dwarka,28.573,77.041,72,Satisfactory,"National Institute of Malaria Research, Sector 8, Dwarka, Delhi, Delhi, India",28.573,77.041,3.44,False
2026-08-24 16:26:07,Jahangirpuri,28.728,77.1636,147,Moderate,"ITI Jahangirpuri, Delhi, Delhi, India",28.728,77.1636,0.99,True
2026-08-24 16:26:07,Mundka,28.6828,76.9821,74,Satisfactory,"Mundka, Delhi, Delhi, India",28.6828,76.9821,4.72,False
2026-08-24 16:26:07,Narela,28.8553,77.0888,78,Satisfactory,"Narela, Delhi, Delhi, India",28.8553,77.0888,4.04,False
2026-08-24 16:26:07,Okhla,28.5355,77.291,87,Satisfactory,"DITE Okhla, Delhi, Delhi, India",28.5355,77.291,2.04,False
2026-08-24 16:26:07,Punjabi Bagh,28.6692,77.1341,74,Satisfactory,"Punjabi Bagh, Delhi, Delhi, India",28.6692,77.1341,1.7,True
2026-08-24 16:26:07,R.K. Puram,28.5641,77.1765,118,Moderate,"R.K. Puram, Delhi, Delhi, India",28.5641,77.1765,0.22,True
2026-08-24 16:26:07,Rohini,28.7495,77.0565,167,Moderate,"Pooth Khurd, Bawana, Delhi, Delhi, India",28.7495,77.0565,3.09,False
2026-08-24 16:26:07,Vivek Vihar,28.672,77.3152,68,Satisfactory,"ITI Shahdra, Jhilmil Industrial Area, Delhi, Delhi, India",28.672,77.3152,0.13,True
2026-08-24 16:26:07,Wazirpur,28.7041,77.1663,126,Moderate,"Delhi Institute of Tool Engineering, Wazirpur, Delhi, Delhi, India",28.7041,77.1663,0.41,True
2026-08-24 16:26:07,Chandni Chowk,28.6506,77.2303,142,Moderate,"Mandir Marg, Delhi, Delhi, India",28.6506,77.2303,3.44,False
2026-08-24 16:26:07,Red Fort,28.6562,77.241,142,Moderate,"Mandir Marg, Delhi, Delhi, India",28.6562,77.241,4.65,False
2026-08-24 16:26:07,Connaught Place,28.6315,77.2167,142,Moderate,"Mandir Marg, Delhi, Delhi, India",28.6315,77.2167,1.61,True
2026-08-24 17:04:16,Delhi,28.7041,77.1025,153,Moderate,"Shaheed Sukhdev College of Business Studies, Rohini, Delhi, Delhi, India",28.7041,77.1025,3.56,False
2026-08-24 17:04:16,Faridabad,28.4089,77.3178,92,Satisfactory,"Dr. Karni Singh Shooting Range, Delhi, Delhi, India",28.4089,77.3178,11.25,False
2026-08-24 17:04:16,Gurgaon,28.4595,77.0266,72,Satisfactory,"National Institute of Malaria Research, Sector 8, Dwarka, Delhi, Delhi, India",28.4595,77.0266,13.92,False
2026-08-24 17:04:16,Noida,28.5355,77.391,87,Satisfactory,"DITE Okhla, Delhi, Delhi, India",28.5355,77.391,11.76,False
2026-08-24 17:04:16,Anand Vihar,28.6469,77.3152,153,Moderate,"Anand Vihar, Delhi, Delhi, India",28.6469,77.3152,0.43,True
2026-08-24 17:04:16,Ashok Vihar,28.698,77.173,126,Moderate,"Delhi Institute of Tool Engineering, Wazirpur, Delhi, Delhi, India",28.698,77.173,0.77,True
2026-08-24 17:04:16,Bawana,28.7996,77.0339,167,Moderate,"Pooth Khurd, Bawana, Delhi, Delhi, India",28.7996,77.0339,2.91,False
2026-08-24 17:04:16,Dwarka,28.573,77.041,72,Satisfactory,"National Institute of Malaria Research, Sector 8, Dwarka, Delhi, Delhi, India",28.573,77.041,3.44,False
2026-08-24 17:04:16,Jahangirpuri,28.728,77.1636,147,Moderate,"ITI Jahangirpuri, Delhi, Delhi, India",28.728,77.1636,0.99,True
2026-08-24 17:04:16,Mundka,28.6828,76.9821,74,Satisfactory,"Mundka, Delhi, Delhi, India",28.6828,76.9821,4.72,False
2026-08-24 17:04:16,Narela,28.8553,77.0888,78,Satisfactory,"Narela, Delhi, Delhi, India",28.8553,77.0888,4.04,False
2026-08-24 17:04:16,Okhla,28.5355,77.291,87,Satisfactory,"DITE Okhla, Delhi, Delhi, India",28.5355,77.291,2.04,False
2026-08-24 17:04:16,Punjabi Bagh,28.6692,77.1341,74,Satisfactory,"Punjabi Bagh, Delhi, Delhi, India",28.6692,77.1341,1.7,True
2026-08-24 17:04:16,R.K. Puram,28.5641,77.1765,118,Moderate,"R.K. Puram, Delhi, Delhi, India",28.5641,77.1765,0.22,True
2026-08-24 17:04:16,Rohini,28.7495,77.0565,167,Moderate,"Pooth Khurd, Bawana, Delhi, Delhi, India",28.7495,77.0565,3.09,False
2026-08-24 17:04:16,Vivek Vihar,28.672,77.3152,68,Satisfactory,"ITI Shahdra, Jhilmil Industrial Area, Delhi, Delhi, India",28.672,77.3152,0.13,True
2026-08-24 17:04:16,Wazirpur,28.7041,77.1663,126,Moderate,"Delhi Institute of Tool Engineering, Wazirpur, Delhi, Delhi, India",28.7041,77.1663,0.41,True
2026-08-24 17:04:16,Chandni Chowk,28.6506,77.2303,142,Moderate,"Mandir Marg, Delhi, Delhi, India",28.6506,77.2303,3.44,False
2026-08-24 17:04:16,Red Fort,28.6562,77.241,142,Moderate,"Mandir Marg, Delhi, Delhi, India",28.6562,77.241,4.65,False
2026-08-24 17:04:16,Connaught Place,28.6315,77.2167,142,Moderate,"Mandir Marg, Delhi, Delhi, India",28.6315,77.2167,1.61,True
2026-08-24 17:56:20,Delhi,28.7041,77.1025,153,Moderate,"Shaheed Sukhdev College of Business Studies, Rohini, Delhi, Delhi, India",28.7041,77.1025,3.56,False
2026-08-24 17:56:20,Faridabad,28.4089,77.3178,92,Satisfactory,"Dr. Karni Singh Shooting Range, Delhi, Delhi, India",28.4089,77.3178,11.25,False
2026-08-24 17:56:20,Gurgaon,28.4595,77.0266,72,Satisfactory,"National Institute of Malaria Research, Sector 8, Dwarka, Delhi, Delhi, India",28.4595,77.0266,13.92,False
2026-08-24 17:56:20,Noida,28.5355,77.391,87,Satisfactory,"DITE Okhla, Delhi, Delhi, India",28.5355,77.391,11.76,False
2026-08-24 17:56:20,Anand Vihar,28.6469,77.3152,153,Moderate,"Anand Vihar, Delhi, Delhi, India",28.6469,77.3152,0.43,True
2026-08-24 17:56:20,Ashok Vihar,28.698,77.173,126,Moderate,"Delhi Institute of Tool Engineering, Wazirpur, Delhi, Delhi, India",28.698,77.173,0.77,True
2026-08-24 17:56:20,Bawana,28.7996,77.0339,167,Moderate,"Pooth Khurd, Bawana, Delhi, Delhi, India",28.7996,77.0339,2.91,False
2026-08-24 17:56:20,Dwarka,28.573,77.041,72,Satisfactory,"National Institute of Malaria Research, Sector 8, Dwarka, Delhi, Delhi, India",28.573,77.041,3.44,False
2026-08-24 17:56:20,Jahangirpuri,28.728,77.1636,147,Moderate,"ITI Jahangirpuri, Delhi, Delhi, India",28.728,77.1636,0.99,True
2026-08-24 17:56:20,Mundka,28.6828,76.9821,74,Satisfactory,"Mundka, Delhi, Delhi, India",28.6828,76.9821,4.72,False
2026-08-24 17:56:20,Narela,28.8553,77.0888,78,Satisfactory,"Narela, Delhi, Delhi, India",28.8553,77.0888,4.04,False
2026-08-24 17:56:20,Okhla,28.5355,77.291,87,Satisfactory,"DITE Okhla, Delhi, Delhi, India",28.5355,77.291,2.04,False
2026-08-24 17:56:20,Punjabi Bagh,28.6692,77.1341,74,Satisfactory,"Punjabi Bagh, Delhi, Delhi, India",28.6692,77.1341,1.7,True
2026-08-24 17:56:20,R.K. Puram,28.5641,77.1765,118,Moderate,"R.K. Puram, Delhi, Delhi, India",28.5641,77.1765,0.22,True
2026-08-24 17:56:20,Rohini,28.7495,77.0565,167,Moderate,"Pooth Khurd, Bawana, Delhi, Delhi, India",28.7495,77.0565,3.09,False
2026-08-24 17:56:20,Vivek Vihar,28.672,77.3152,68,Satisfactory,"ITI Shahdra, Jhilmil Industrial Area, Delhi, Delhi, India",28.672,77.3152,0.13,True
2026-08-24 17:56:20,Wazirpur,28.7041,77.1663,126,Moderate,"Delhi Institute of Tool Engineering, Wazirpur, Delhi, Delhi, India",28.7041,77.1663,0.41,True
2026-08-24 17:56:20,Chandni Chowk,28.6506,77.2303,142,Moderate,"Mandir Marg, Delhi, Delhi, India",28.6506,77.2303,3.44,False
2026-08-24 17:56:20,Red Fort,28.6562,77.241,142,Moderate,"Mandir Marg, Delhi, Delhi, India",28.6562,77.241,4.65,False
2026-08-24 17:56:20,Connaught Place,28.6315,77.2167,142,Moderate,"Mandir Marg, Delhi, Delhi, India",28.6315,77.2167,1.61,True
2026-08-24 18:30:42,Delhi,28.7041,77.1025,153,Moderate,"Shaheed Sukhdev College of Business Studies, Rohini, Delhi, Delhi, India",28.7041,77.1025,3.56,False
2026-08-24 18:30:42,Faridabad,28.4089,77.3178,92,Satisfactory,"Dr. Karni Singh Shooting Range, Delhi, Delhi, India",28.4089,77.3178,11.25,False
2026-08-24 18:30:42,Gurgaon,28.4595,77.0266,72,Satisfactory,"National Institute of Malaria Research, Sector 8, Dwarka, Delhi, Delhi, India",28.4595,77.0266,13.92,False
2026-08-24 18:30:42,Noida,28.5355,77.391,87,Satisfactory,"DITE Okhla, Delhi, Delhi, India",28.5355,77.391,11.76,False
2026-08-24 18:30:42,Anand Vihar,28.6469,77.3152,153,Moderate,"Anand Vihar, Delhi, Delhi, India",28.6469,77.3152,0.43,True
2026-08-24 18:30:42,Ashok Vihar,28.698,77.173,126,Moderate,"Delhi Institute of Tool Engineering, Wazirpur, Delhi, Delhi, India",28.698,77.173,0.77,True
2026-08-24 18:30:42,Bawana,28.7996,77.0339,167,Moderate,"Pooth Khurd, Bawana, Delhi, Delhi, India",28.7996,77.0339,2.91,False
2026-08-24 18:30:42,Dwarka,28.573,77.041,72,Satisfactory,"National Institute of Malaria Research, Sector 8, Dwarka, Delhi, Delhi, India",28.573,77.041,3.44,False
2026-08-24 18:30:42,Jahangirpuri,28.728,77.1636,147,Moderate,"ITI Jahangirpuri, Delhi, Delhi, India",28.728,77.1636,0.99,True
2026-08-24 18:30:42,Mundka,28.6828,76.9821,74,Satisfactory,"Mundka, Delhi, Delhi, India",28.6828,76.9821,4.72,False
2026-08-24 18:30:42,Narela,28.8553,77.0888,78,Satisfactory,"Narela, Delhi, Delhi, India",28.8553,77.0888,4.04,False
2026-08-24 18:30:42,Okhla,28.5355,77.291,87,Satisfactory,"DITE Okhla, Delhi, Delhi, India",28.5355,77.291,2.04,False
2026-08-24 18:30:42,Punjabi Bagh,28.6692,77.1341,74,Satisfactory,"Punjabi Bagh, Delhi, Delhi, India",28.6692,77.1341,1.7,True
2026-08-24 18:30:42,R.K. Puram,28.5641,77.1765,118,Moderate,"R.K. Puram, Delhi, Delhi, India",28.5641,77.1765,0.22,True
2026-08-24 18:30:42,Rohini,28.7495,77.0565,167,Moderate,"Pooth Khurd, Bawana, Delhi, Delhi, India",28.7495,77.0565,3.09,False
2026-08-24 18:30:42,Vivek Vihar,28.672,77.3152,68,Satisfactory,"ITI Shahdra, Jhilmil Industrial Area, Delhi, Delhi, India",28.672,77.3152,0.13,True
2026-08-24 18:30:42,Wazirpur,28.7041,77.1663,126,Moderate,"Delhi Institute of Tool Engineering, Wazirpur, Delhi, Delhi, India",28.7041,77.1663,0.41,True
2026-08-24 18:30:42,Chandni Chowk,28.6506,77.2303,142,Moderate,"Mandir Marg, Delhi, Delhi, India",28.6506,77.2303,3.44,False
2026-08-24 18:30:42,Red Fort,28.6562,77.241,142,Moderate,"Mandir Marg, Delhi, Delhi, India",28.6562,77.241,4.65,False
2026-08-24 18:30:42,Connaught Place,28.6315,77.2167,142,Moderate,"Mandir Marg, Delhi, Delhi, India",28.6315,77.2167,1.61,True
2026-08-24 19:11:14,Delhi,28.7041,77.1025,153,Moderate,"Shaheed Sukhdev College of Business Studies, Rohini, Delhi, Delhi, India",28.7041,77.1025,3.56,False
2026-08-24 19:11:14,Faridabad,28.4089,77.3178,92,Satisfactory,"Dr. Karni Singh Shooting Range, Delhi, Delhi, India",28.4089,77.3178,11.25,False
2026-08-24 19:11:14,Gurgaon,28.4595,77.0266,72,Satisfactory,"National Institute of Malaria Research, Sector 8, Dwarka, Delhi, Delhi, India",28.4595,77.0266,13.92,False
2026-08-24 19:11:14,Noida,28.5355,77.391,87,Satisfactory,"DITE Okhla, Delhi, Delhi, India",28.5355,77.391,11.76,False
2026-08-24 19:11:14,Anand Vihar,28.6469,77.3152,153,Moderate,"Anand Vihar, Delhi, Delhi, India",28.6469,77.3152,0.43,True
2026-08-24 19:11:14,Ashok Vihar,28.698,77.173,126,Moderate,"Delhi Institute of Tool Engineering, Wazirpur, Delhi, Delhi, India",28.698,77.173,0.77,True
2026-08-24 19:11:14,Bawana,28.7996,77.0339,167,Moderate,"Pooth Khurd, Bawana, Delhi, Delhi, India",28.7996,77.0339,2.91,False
2026-08-24 19:11:14,Dwarka,28.573,77.041,72,Satisfactory,"National Institute of Malaria Research, Sector 8, Dwarka, Delhi, Delhi, India",28.573,77.041,3.44,False
2026-08-24 19:11:14,Jahangirpuri,28.728,77.1636,147,Moderate,"ITI Jahangirpuri, Delhi, Delhi, India",28.728,77.1636,0.99,True
2026-08-24 19:11:14,Mundka,28.6828,76.9821,74,Satisfactory,"Mundka, Delhi, Delhi, India",28.6828,76.9821,4.72,False
2026-08-24 19:11:14,Narela,28.8553,77.0888,78,Satisfactory,"Narela, Delhi, Delhi, India",28.8553,77.0888,4.04,False
2026-08-24 19:11:14,Okhla,28.5355,77.291,87,Satisfactory,"DITE Okhla, Delhi, Delhi, India",28.5355,77.291,2.04,False
2026-08-24 19:11:14,Punjabi Bagh,28.6692,77.1341,74,Satisfactory,"Punjabi Bagh, Delhi, Delhi, India",28.6692,77.1341,1.7,True
2026-08-24 19:11:14,R.K. Puram,28.5641,77.1765,118,Moderate,"R.K. Puram, Delhi, Delhi, India",28.5641,77.1765,0.22,True
2026-08-24 19:11:14,Rohini,28.7495,77.0565,167,Moderate,"Pooth Khurd, Bawana, Delhi, Delhi, India",28.7495,77.0565,3.09,False
2026-08-24 19:11:14,Vivek Vihar,28.672,77.3152,68,Satisfactory,"ITI Shahdra, Jhilmil Industrial Area, Delhi, Delhi, India",28.672,77.3152,0.13,True
2026-08-24 19:11:14,Wazirpur,28.7041,77.1663,126,Moderate,"Delhi Institute of Tool Engineering, Wazirpur, Delhi, Delhi, India",28.7041,77.1663,0.41,True
2026-08-24 19:11:14,Chandni Chowk,28.6506,77.2303,142,Moderate,"Mandir Marg, Delhi, Delhi, India",28.6506,77.2303,3.44,False
2026-08-24 19:11:14,Red Fort,28.6562,77.241,142,Moderate,"Mandir Marg, Delhi, Delhi, India",28.6562,77.241,4.65,False
2026-08-24 19:11:14,Connaught Place,28.6315,77.2167,142,Moderate,"Mandir Marg, Delhi, Delhi, India",28.6315,77.2167,1.61,True
2026-08-24 19:52:31,Delhi,28.7041,77.1025,153,Moderate,"Shaheed Sukhdev College of Business Studies, Rohini, Delhi, Delhi, India",28.7041,77.1025,3.56,False
2026-08-24 19:52:31,Faridabad,28.4089,77.3178,92,Satisfactory,"Dr. Karni Singh Shooting Range, Delhi, Delhi, India",28.4089,77.3178,11.25,False
2026-08-24 19:52:31,Gurgaon,28.4595,77.0266,72,Satisfactory,"National Institute of Malaria Research, Sector 8, Dwarka, Delhi, Delhi, India",28.4595,77.0266,13.92,False
2026-08-24 19:52:31,Noida,28.5355,77.391,87,Satisfactory,"DITE Okhla, Delhi, Delhi, India",28.5355,77.391,11.76,False
2026-08-24 19:52:31,Anand Vihar,28.6469,77.3152,153,Moderate,"Anand Vihar, Delhi, Delhi, India",28.6469,77.3152,0.43,True
2026-08-24 19:52:31,Ashok Vihar,28.698,77.173,126,Moderate,"Delhi Institute of Tool Engineering, Wazirpur, Delhi, Delhi, India",28.698,77.173,0.77,True
2026-08-24 19:52:31,Bawana,28.7996,77.0339,167,Moderate,"Pooth Khurd, Bawana, Delhi, Delhi, India",28.7996,77.0339,2.91,False
2026-08-24 19:52:31,Dwarka,28.573,77.041,72,Satisfactory,"National Institute of Malaria Research, Sector 8, Dwarka, Delhi, Delhi, India",28.573,77.041,3.44,False
2026-08-24 19:52:31,Jahangirpuri,28.728,77.1636,147,Moderate,"ITI Jahangirpuri, Delhi, Delhi, India",28.728,77.1636,0.99,True
2026-08-24 19:52:31,Mundka,28.6828,76.9821,74,Satisfactory,"Mundka, Delhi, Delhi, India",28.6828,76.9821,4.72,False
2026-08-24 19:52:31,Narela,28.8553,77.0888,78,Satisfactory,"Narela, Delhi, Delhi, India",28.8553,77.0888,4.04,False
2026-08-24 19:52:31,Okhla,28.5355,77.291,87,Satisfactory,"DITE Okhla, Delhi, Delhi, India",28.5355,77.291,2.04,False
2026-08-24 19:52:31,Punjabi Bagh,28.6692,77.1341,74,Satisfactory,"Punjabi Bagh, Delhi, Delhi, India",28.6692,77.1341,1.7,True
2026-08-24 19:52:31,R.K. Puram,28.5641,77.1765,118,Moderate,"R.K. Puram, Delhi, Delhi, India",28.5641,77.1765,0.22,True
2026-08-24 19:52:31,Rohini,28.7495,77.0565,167,Moderate,"Pooth Khurd, Bawana, Delhi, Delhi, India",28.7495,77.0565,3.09,False
2026-08-24 19:52:31,Vivek Vihar,28.672,77.3152,68,Satisfactory,"ITI Shahdra, Jhilmil Industrial Area, Delhi, Delhi, India",28.672,77.3152,0.13,True
2026-08-24 19:52:31,Wazirpur,28.7041,77.1663,126,Moderate,"Delhi Institute of Tool Engineering, Wazirpur, Delhi, Delhi, India",28.7041,77.1663,0.41,True
2026-08-24 19:52:31,Chandni Chowk,28.6506,77.2303,142,Moderate,"Mandir Marg, Delhi, Delhi, India",28.6506,77.2303,3.44,False
2026-08-24 19:52:31,Red Fort,28.6562,77.241,142,Moderate,"Mandir Marg, Delhi, Delhi, India",28.6562,77.241,4.65,False
2026-08-24 19:52:31,Connaught Place,28.6315,77.2167,142,Moderate,"Mandir Marg, Delhi, Delhi, India",28.6315,77.2167,1.61,True
2026-08-24 20:21:53,Delhi,28.7041,77.1025,153,Moderate,"Shaheed Sukhdev College of Business Studies, Rohini, Delhi, Delhi, India",28.7041,77.1025,3.56,False
2026-08-24 20:21:53,Faridabad,28.4089,77.3178,92,Satisfactory,"Dr. Karni Singh Shooting Range, Delhi, Delhi, India",28.4089,77.3178,11.25,False
2026-08-24 20:21:53,Gurgaon,28.4595,77.0266,72,Satisfactory,"National Institute of Malaria Research, Sector 8, Dwarka, Delhi, Delhi, India",28.4595,77.0266,13.92,False
2026-08-24 20:21:53,Noida,28.5355,77.391,87,Satisfactory,"DITE Okhla, Delhi, Delhi, India",28.5355,77.391,11.76,False
2026-08-24 20:21:53,Anand Vihar,28.6469,77.3152,153,Moderate,"Anand Vihar, Delhi, Delhi, India",28.6469,77.3152,0.43,True
2026-08-24 20:21:53,Ashok Vihar,28.698,77.173,126,Moderate,"Delhi Institute of Tool Engineering, Wazirpur, Delhi, Delhi, India",28.698,77.173,0.77,True
2026-08-24 20:21:53,Bawana,28.7996,77.0339,167,Moderate,"Pooth Khurd, Bawana, Delhi, Delhi, India",28.7996,77.0339,2.91,False
2026-08-24 20:21:53,Dwarka,28.573,77.041,72,Satisfactory,"National Institute of Malaria Research, Sector 8, Dwarka, Delhi, Delhi, India",28.573,77.041,3.44,False
2026-08-24 20:21:53,Jahangirpuri,28.728,77.1636,147,Moderate,"ITI Jahangirpuri, Delhi, Delhi, India",28.728,77.1636,0.99,True
2026-08-24 20:21:53,Mundka,28.6828,76.9821,74,Satisfactory,"Mundka, Delhi, Delhi, India",28.6828,76.9821,4.72,False
2026-08-24 20:21:53,Narela,28.8553,77.0888,78,Satisfactory,"Narela, Delhi, Delhi, India",28.8553,77.0888,4.04,False
2026-08-24 20:21:53,Okhla,28.5355,77.291,87,Satisfactory,"DITE Okhla, Delhi, Delhi, India",28.5355,77.291,2.04,False
2026-08-24 20:21:53,Punjabi Bagh,28.6692,77.1341,74,Satisfactory,"Punjabi Bagh, Delhi, Delhi, India",28.6692,77.1341,1.7,True
2026-08-24 20:21:53,R.K. Puram,28.5641,77.1765,118,Moderate,"R.K. Puram, Delhi, Delhi, India",28.5641,77.1765,0.22,True
2026-08-24 20:21:53,Rohini,28.7495,77.0565,167,Moderate,"Pooth Khurd, Bawana, Delhi, Delhi, India",28.7495,77.0565,3.09,False
2026-08-24 20:21:53,Vivek Vihar,28.672,77.3152,68,Satisfactory,"ITI Shahdra, Jhilmil Industrial Area, Delhi, Delhi, India",28.672,77.3152,0.13,True
2026-08-24 20:21:53,Wazirpur,28.7041,77.1663,126,Moderate,"Delhi Institute of Tool Engineering, Wazirpur, Delhi, Delhi, India",28.7041,77.1663,0.41,True
2026-08-24 20:21:53,Chandni Chowk,28.6506,77.2303,142,Moderate,"Mandir Marg, Delhi, Delhi, India",28.6506,77.2303,3.44,False
2026-08-24 20:21:53,Red Fort,28.6562,77.241,142,Moderate,"Mandir Marg, Delhi, Delhi, India",28.6562,77.241,4.65,False
2026-08-24 20:21:53,Connaught Place,28.6315,77.2167,142,Moderate,"Mandir Marg, Delhi, Delhi, India",28.6315,77.2167,1.61,True
2026-08-24 20:56:49,Delhi,28.7041,77.1025,153,Moderate,"Shaheed Sukhdev College of Business Studies, Rohini, Delhi, Delhi, India",28.7041,77.1025,3.56,False
2026-08-24 20:56:49,Faridabad,28.4089,77.3178,92,Satisfactory,"Dr. Karni Singh Shooting Range, Delhi, Delhi, India",28.4089,77.3178,11.25,False
2026-08-24 20:56:49,Gurgaon,28.4595,77.0266,72,Satisfactory,"National Institute of Malaria Research, Sector 8, Dwarka, Delhi, Delhi, India",28.4595,77.0266,13.92,False
2026-08-24 20:56:49,Noida,28.5355,77.391,87,Satisfactory,"DITE Okhla, Delhi, Delhi, India",28.5355,77.391,11.76,False
2026-08-24 20:56:49,Anand Vihar,28.6469,77.3152,153,Moderate,"Anand Vihar, Delhi, Delhi, India",28.6469,77.3152,0.43,True
2026-08-24 20:56:49,Ashok Vihar,28.698,77.173,126,Moderate,"Delhi Institute of Tool Engineering, Wazirpur, Delhi, Delhi, India",28.698,77.173,0.77,True
2026-08-24 20:56:49,Bawana,28.7996,77.0339,167,Moderate,"Pooth Khurd, Bawana, Delhi, Delhi, India",28.7996,77.0339,2.91,False
2026-08-24 20:56:49,Dwarka,28.573,77.041,72,Satisfactory,"National Institute of Malaria Research, Sector 8, Dwarka, Delhi, Delhi, India",28.573,77.041,3.44,False
2026-08-24 20:56:49,Jahangirpuri,28.728,77.1636,147,Moderate,"ITI Jahangirpuri, Delhi, Delhi, India",28.728,77.1636,0.99,True
2026-08-24 20:56:49,Mundka,28.6828,76.9821,74,Satisfactory,"Mundka, Delhi, Delhi, India",28.6828,76.9821,4.72,False
2026-08-24 20:56:49,Narela,28.8553,77.0888,78,Satisfactory,"Narela, Delhi, Delhi, India",28.8553,77.0888,4.04,False
2026-08-24 20:56:49,Okhla,28.5355,77.291,87,Satisfactory,"DITE Okhla, Delhi, Delhi, India",28.5355,77.291,2.04,False
2026-08-24 20:56:49,Punjabi Bagh,28.6692,77.1341,74,Satisfactory,"Punjabi Bagh, Delhi, Delhi, India",28.6692,77.1341,1.7,True
2026-08-24 20:56:49,R.K. Puram,28.5641,77.1765,118,Moderate,"R.K. Puram, Delhi, Delhi, India",28.5641,77.1765,0.22,True
2026-08-24 20:56:49,Rohini,28.7495,77.0565,167,Moderate,"Pooth Khurd, Bawana, Delhi, Delhi, India",28.7495,77.0565,3.09,False
2026-08-24 20:56:49,Vivek Vihar,28.672,77.3152,68,Satisfactory,"ITI Shahdra, Jhilmil Industrial Area, Delhi, Delhi, India",28.672,77.3152,0.13,True
2026-08-24 20:56:49,Wazirpur,28.7041,77.1663,126,Moderate,"Delhi Institute of Tool Engineering, Wazirpur, Delhi, Delhi, India",28.7041,77.1663,0.41,True
2026-08-24 20:56:49,Chandni Chowk,28.6506,77.2303,142,Moderate,"Mandir Marg, Delhi, Delhi, India",28.6506,77.2303,3.44,False
2026-08-24 20:56:49,Red Fort,28.6562,77.241,142,Moderate,"Mandir Marg, Delhi, Delhi, India",28.6562,77.241,4.65,False
2026-08-24 20:56:49,Connaught Place,28.6315,77.2167,142,Moderate,"Mandir Marg, Delhi, Delhi, India",28.6315,77.2167,1.61,True
2026-08-24 21:23:47,Delhi,28.7041,77.1025,153,Moderate,"Shaheed Sukhdev College of Business Studies, Rohini, Delhi, Delhi, India",28.7041,77.1025,3.56,False
2026-08-24 21:23:47,Faridabad,28.4089,77.3178,92,Satisfactory,"Dr. Karni Singh Shooting Range, Delhi, Delhi, India",28.4089,77.3178,11.25,False
2026-08-24 21:23:47,Gurgaon,28.4595,77.0266,72,Satisfactory,"National Institute of Malaria Research, Sector 8, Dwarka, Delhi, Delhi, India",28.4595,77.0266,13.92,False
2026-08-24 21:23:47,Noida,28.5355,77.391,87,Satisfactory,"DITE Okhla, Delhi, Delhi, India",28.5355,77.391,11.76,False
2026-08-24 21:23:47,Anand Vihar,28.6469,77.3152,153,Moderate,"Anand Vihar, Delhi, Delhi, India",28.6469,77.3152,0.43,True
2026-08-24 21:23:47,Ashok Vihar,28.698,77.173,126,Moderate,"Delhi Institute of Tool Engineering, Wazirpur, Delhi, Delhi, India",28.698,77.173,0.77,True
2026-08-24 21:23:47,Bawana,28.7996,77.0339,167,Moderate,"Pooth Khurd, Bawana, Delhi, Delhi, India",28.7996,77.0339,2.91,False
2026-08-24 21:23:47,Dwarka,28.573,77.041,72,Satisfactory,"National Institute of Malaria Research, Sector 8, Dwarka, Delhi, Delhi, India",28.573,77.041,3.44,False
2026-08-24 21:23:47,Jahangirpuri,28.728,77.1636,147,Moderate,"ITI Jahangirpuri, Delhi, Delhi, India",28.728,77.1636,0.99,True
2026-08-24 21:23:47,Mundka,28.6828,76.9821,74,Satisfactory,"Mundka, Delhi, Delhi, India",28.6828,76.9821,4.72,False
2026-08-24 21:23:47,Narela,28.8553,77.0888,78,Satisfactory,"Narela, Delhi, Delhi, India",28.8553,77.0888,4.04,False
2026-08-24 21:23:47,Okhla,28.5355,77.291,87,Satisfactory,"DITE Okhla, Delhi, Delhi, India",28.5355,77.291,2.04,False
2026-08-24 21:23:47,Punjabi Bagh,28.6692,77.1341,74,Satisfactory,"Punjabi Bagh, Delhi, Delhi, India",28.6692,77.1341,1.7,True
2026-08-24 21:23:47,R.K. Puram,28.5641,77.1765,118,Moderate,"R.K. Puram, Delhi, Delhi, India",28.5641,77.1765,0.22,True
2026-08-24 21:23:47,Rohini,28.7495,77.0565,167,Moderate,"Pooth Khurd, Bawana, Delhi, Delhi, India",28.7495,77.0565,3.09,False
2026-08-24 21:23:47,Vivek Vihar,28.672,77.3152,68,Satisfactory,"ITI Shahdra, Jhilmil Industrial Area, Delhi, Delhi, India",28.672,77.3152,0.13,True
2026-08-24 21:23:47,Wazirpur,28.7041,77.1663,126,Moderate,"Delhi Institute of Tool Engineering, Wazirpur, Delhi, Delhi, India",28.7041,77.1663,0.41,True
2026-08-24 21:23:47,Chandni Chowk,28.6506,77.2303,142,Moderate,"Mandir Marg, Delhi, Delhi, India",28.6506,77.2303,3.44,False
2026-08-24 21:23:47,Red Fort,28.6562,77.241,142,Moderate,"Mandir Marg, Delhi, Delhi, India",28.6562,77.241,4.65,False
2026-08-24 21:23:47,Connaught Place,28.6315,77.2167,142,Moderate,"Mandir Marg, Delhi, Delhi, India",28.6315,77.2167,1.61,True
2026-08-24 21:52:05,Delhi,28.7041,77.1025,153,Moderate,"Shaheed Sukhdev College of Business Studies, Rohini, Delhi, Delhi, India",28.7041,77.1025,3.56,False
2026-08-24 21:52:05,Faridabad,28.4089,77.3178,92,Satisfactory,"Dr. Karni Singh Shooting Range, Delhi, Delhi, India",28.4089,77.3178,11.25,False
2026-08-24 21:52:05,Gurgaon,28.4595,77.0266,72,Satisfactory,"National Institute of Malaria Research, Sector 8, Dwarka, Delhi, Delhi, India",28.4595,77.0266,13.92,False
2026-08-24 21:52:05,Noida,28.5355,77.391,87,Satisfactory,"DITE Okhla, Delhi, Delhi, India",28.5355,77.391,11.76,False
2026-08-24 21:52:05,Anand Vihar,28.6469,77.3152,153,Moderate,"Anand Vihar, Delhi, Delhi, India",28.6469,77.3152,0.43,True
2026-08-24 21:52:05,Ashok Vihar,28.698,77.173,126,Moderate,"Delhi Institute of Tool Engineering, Wazirpur, Delhi, Delhi, India",28.698,77.173,0.77,True
2026-08-24 21:52:05,Bawana,28.7996,77.0339,167,Moderate,"Pooth Khurd, Bawana, Delhi, Delhi, India",28.7996,77.0339,2.91,False
2026-08-24 21:52:05,Dwarka,28.573,77.041,72,Satisfactory,"National Institute of Malaria Research, Sector 8, Dwarka, Delhi, Delhi, India",28.573,77.041,3.44,False
2026-08-24 21:52:05,Jahangirpuri,28.728,77.1636,147,Moderate,"ITI Jahangirpuri, Delhi, Delhi, India",28.728,77.1636,0.99,True
2026-08-24 21:52:05,Mundka,28.6828,76.9821,74,Satisfactory,"Mundka, Delhi, Delhi, India",28.6828,76.9821,4.72,False
2026-08-24 21:52:05,Narela,28.8553,77.0888,78,Satisfactory,"Narela, Delhi, Delhi, India",28.8553,77.0888,4.04,False
2026-08-24 21:52:05,Okhla,28.5355,77.291,87,Satisfactory,"DITE Okhla, Delhi, Delhi, India",28.5355,77.291,2.04,False
2026-08-24 21:52:05,Punjabi Bagh,28.6692,77.1341,74,Satisfactory,"Punjabi Bagh, Delhi, Delhi, India",28.6692,77.1341,1.7,True
2026-08-24 21:52:05,R.K. Puram,28.5641,77.1765,118,Moderate,"R.K. Puram, Delhi, Delhi, India",28.5641,77.1765,0.22,True
2026-08-24 21:52:05,Rohini,28.7495,77.0565,167,Moderate,"Pooth Khurd, Bawana, Delhi, Delhi, India",28.7495,77.0565,3.09,False
2026-08-24 21:52:05,Vivek Vihar,28.672,77.3152,68,Satisfactory,"ITI Shahdra, Jhilmil Industrial Area, Delhi, Delhi, India",28.672,77.3152,0.13,True
2026-08-24 21:52:05,Wazirpur,28.7041,77.1663,126,Moderate,"Delhi Institute of Tool Engineering, Wazirpur, Delhi, Delhi, India",28.7041,77.1663,0.41,True
2026-08-24 21:52:05,Chandni Chowk,28.6506,77.2303,142,Moderate,"Mandir Marg, Delhi, Delhi, India",28.6506,77.2303,3.44,False
2026-08-24 21:52:05,Red Fort,28.6562,77.241,142,Moderate,"Mandir Marg, Delhi, Delhi, India",28.6562,77.241,4.65,False
2026-08-24 21:52:05,Connaught Place,28.6315,77.2167,142,Moderate,"Mandir Marg, Delhi, Delhi, India",28.6315,77.2167,1.61,True
2026-08-24 22:17:46,Delhi,28.7041,77.1025,153,Moderate,"Shaheed Sukhdev College of Business Studies, Rohini, Delhi, Delhi, India",28.7041,77.1025,3.56,False
2026-08-24 22:17:46,Faridabad,28.4089,77.3178,92,Satisfactory,"Dr. Karni Singh Shooting Range, Delhi, Delhi, India",28.4089,77.3178,11.25,False
2026-08-24 22:17:46,Gurgaon,28.4595,77.0266,72,Satisfactory,"National Institute of Malaria Research, Sector 8, Dwarka, Delhi, Delhi, India",28.4595,77.0266,13.92,False
2026-08-24 22:17:46,Noida,28.5355,77.391,87,Satisfactory,"DITE Okhla, Delhi, Delhi, India",28.5355,77.391,11.76,False
2026-08-24 22:17:46,Anand Vihar,28.6469,77.3152,153,Moderate,"Anand Vihar, Delhi, Delhi, India",28.6469,77.3152,0.43,True
2026-08-24 22:17:46,Ashok Vihar,28.698,77.173,126,Moderate,"Delhi Institute of Tool Engineering, Wazirpur, Delhi, Delhi, India",28.698,77.173,0.77,True
2026-08-24 22:17:46,Bawana,28.7996,77.0339,167,Moderate,"Pooth Khurd, Bawana, Delhi, Delhi, India",28.7996,77.0339,2.91,False
2026-08-24 22:17:46,Dwarka,28.573,77.041,72,Satisfactory,"National Institute of Malaria Research, Sector 8, Dwarka, Delhi, Delhi, India",28.573,77.041,3.44,False
2026-08-24 22:17:46,Jahangirpuri,28.728,77.1636,147,Moderate,"ITI Jahangirpuri, Delhi, Delhi, India",28.728,77.1636,0.99,True
2026-08-24 22:17:46,Mundka,28.6828,76.9821,74,Satisfactory,"Mundka, Delhi, Delhi, India",28.6828,76.9821,4.72,False
2026-08-24 22:17:46,Narela,28.8553,77.0888,78,Satisfactory,"Narela, Delhi, Delhi, India",28.8553,77.0888,4.04,False
2026-08-24 22:17:46,Okhla,28.5355,77.291,87,Satisfactory,"DITE Okhla, Delhi, Delhi, India",28.5355,77.291,2.04,False
2026-08-24 22:17:46,Punjabi Bagh,28.6692,77.1341,74,Satisfactory,"Punjabi Bagh, Delhi, Delhi, India",28.6692,77.1341,1.7,True
2026-08-24 22:17:46,R.K. Puram,28.5641,77.1765,118,Moderate,"R.K. Puram, Delhi, Delhi, India",28.5641,77.1765,0.22,True
2026-08-24 22:17:46,Rohini,28.7495,77.0565,167,Moderate,"Pooth Khurd, Bawana, Delhi, Delhi, India",28.7495,77.0565,3.09,False
2026-08-24 22:17:46,Vivek Vihar,28.672,77.3152,68,Satisfactory,"ITI Shahdra, Jhilmil Industrial Area, Delhi, Delhi, India",28.672,77.3152,0.13,True
2026-08-24 22:17:46,Wazirpur,28.7041,77.1663,126,Moderate,"Delhi Institute of Tool Engineering, Wazirpur, Delhi, Delhi, India",28.7041,77.1663,0.41,True
2026-08-24 22:17:46,Chandni Chowk,28.6506,77.2303,142,Moderate,"Mandir Marg, Delhi, Delhi, India",28.6506,77.2303,3.44,False
2026-08-24 22:17:46,Red Fort,28.6562,77.241,142,Moderate,"Mandir Marg, Delhi, Delhi, India",28.6562,77.241,4.65,False
2026-08-24 22:17:46,Connaught Place,28.6315,77.2167,142,Moderate,"Mandir Marg, Delhi, Delhi, India",28.6315,77.2167,1.61,True
2026-08-24 22:51:30,Delhi,28.7041,77.1025,153,Moderate,"Shaheed Sukhdev College of Business Studies, Rohini, Delhi, Delhi, India",28.7041,77.1025,3.56,False
2026-08-24 22:51:30,Faridabad,28.4089,77.3178,92,Satisfactory,"Dr. Karni Singh Shooting Range, Delhi, Delhi, India",28.4089,77.3178,11.25,False
2026-08-24 22:51:30,Gurgaon,28.4595,77.0266,72,Satisfactory,"National Institute of Malaria Research, Sector 8, Dwarka, Delhi, Delhi, India",28.4595,77.0266,13.92,False
2026-08-24 22:51:30,Noida,28.5355,77.391,87,Satisfactory,"DITE Okhla, Delhi, Delhi, India",28.5355,77.391,11.76,False
2026-08-24 22:51:30,Anand Vihar,28.6469,77.3152,153,Moderate,"Anand Vihar, Delhi, Delhi, India",28.6469,77.3152,0.43,True
2026-08-24 22:51:30,Ashok Vihar,28.698,77.173,126,Moderate,"Delhi Institute of Tool Engineering, Wazirpur, Delhi, Delhi, India",28.698,77.173,0.77,True
2026-08-24 22:51:30,Bawana,28.7996,77.0339,167,Moderate,"Pooth Khurd, Bawana, Delhi, Delhi, India",28.7996,77.0339,2.91,False
2026-08-24 22:51:30,Dwarka,28.573,77.041,72,Satisfactory,"National Institute of Malaria Research, Sector 8, Dwarka, Delhi, Delhi, India",28.573,77.041,3.44,False
2026-08-24 22:51:30,Jahangirpuri,28.728,77.1636,147,Moderate,"ITI Jahangirpuri, Delhi, Delhi, India",28.728,77.1636,0.99,True
2026-08-24 22:51:30,Mundka,28.6828,76.9821,74,Satisfactory,"Mundka, Delhi, Delhi, India",28.6828,76.9821,4.72,False
2026-08-24 22:51:30,Narela,28.8553,77.0888,78,Satisfactory,"Narela, Delhi, Delhi, India",28.8553,77.0888,4.04,False
2026-08-24 22:51:30,Okhla,28.5355,77.291,87,Satisfactory,"DITE Okhla, Delhi, Delhi, India",28.5355,77.291,2.04,False
2026-08-24 22:51:30,Punjabi Bagh,28.6692,77.1341,74,Satisfactory,"Punjabi Bagh, Delhi, Delhi, India",28.6692,77.1341,1.7,True
2026-08-24 22:51:30,R.K. Puram,28.5641,77.1765,118,Moderate,"R.K. Puram, Delhi, Delhi, India",28.5641,77.1765,0.22,True
2026-08-24 22:51:30,Rohini,28.7495,77.0565,167,Moderate,"Pooth Khurd, Bawana, Delhi, Delhi, India",28.7495,77.0565,3.09,False
2026-08-24 22:51:30,Vivek Vihar,28.672,77.3152,68,Satisfactory,"ITI Shahdra, Jhilmil Industrial Area, Delhi, Delhi, India",28.672,77.3152,0.13,True
2026-08-24 22:51:30,Wazirpur,28.7041,77.1663,126,Moderate,"Delhi Institute of Tool Engineering, Wazirpur, Delhi, Delhi, India",28.7041,77.1663,0.41,True
2026-08-24 22:51:30,Chandni Chowk,28.6506,77.2303,142,Moderate,"Mandir Marg, Delhi, Delhi, India",28.6506,77.2303,3.44,False
2026-08-24 22:51:30,Red Fort,28.6562,77.241,142,Moderate,"Mandir Marg, Delhi, Delhi, India",28.6562,77.241,4.65,False
2026-08-24 22:51:30,Connaught Place,28.6315,77.2167,142,Moderate,"Mandir Marg, Delhi, Delhi, India",28.6315,77.2167,1.61,True
2026-08-24 23:15:59,Delhi,28.7041,77.1025,153,Moderate,"Shaheed Sukhdev College of Business Studies, Rohini, Delhi, Delhi, India",28.7041,77.1025,3.56,False
2026-08-24 23:15:59,Faridabad,28.4089,77.3178,92,Satisfactory,"Dr. Karni Singh Shooting Range, Delhi, Delhi, India",28.4089,77.3178,11.25,False
2026-08-24 23:15:59,Gurgaon,28.4595,77.0266,72,Satisfactory,"National Institute of Malaria Research, Sector 8, Dwarka, Delhi, Delhi, India",28.4595,77.0266,13.92,False
2026-08-24 23:15:59,Noida,28.5355,77.391,87,Satisfactory,"DITE Okhla, Delhi, Delhi, India",28.5355,77.391,11.76,False
2026-08-24 23:15:59,Anand Vihar,28.6469,77.3152,153,Moderate,"Anand Vihar, Delhi, Delhi, India",28.6469,77.3152,0.43,True
2026-08-24 23:15:59,Ashok Vihar,28.698,77.173,126,Moderate,"Delhi Institute of Tool Engineering, Wazirpur, Delhi, Delhi, India",28.698,77.173,0.77,True
2026-08-24 23:15:59,Bawana,28.7996,77.0339,167,Moderate,"Pooth Khurd, Bawana, Delhi, Delhi, India",28.7996,77.0339,2.91,False
2026-08-24 23:15:59,Dwarka,28.573,77.041,72,Satisfactory,"National Institute of Malaria Research, Sector 8, Dwarka, Delhi, Delhi, India",28.573,77.041,3.44,False
2026-08-24 23:15:59,Jahangirpuri,28.728,77.1636,147,Moderate,"ITI Jahangirpuri, Delhi, Delhi, India",28.728,77.1636,0.99,True
2026-08-24 23:15:59,Mundka,28.6828,76.9821,74,Satisfactory,"Mundka, Delhi, Delhi, India",28.6828,76.9821,4.72,False
2026-08-24 23:15:59,Narela,28.8553,77.0888,78,Satisfactory,"Narela, Delhi, Delhi, India",28.8553,77.0888,4.04,False
2026-08-24 23:15:59,Okhla,28.5355,77.291,87,Satisfactory,"DITE Okhla, Delhi, Delhi, India",28.5355,77.291,2.04,False
2026-08-24 23:15:59,Punjabi Bagh,28.6692,77.1341,74,Satisfactory,"Punjabi Bagh, Delhi, Delhi, India",28.6692,77.1341,1.7,True
2026-08-24 23:15:59,R.K. Puram,28.5641,77.1765,118,Moderate,"R.K. Puram, Delhi, Delhi, India",28.5641,77.1765,0.22,True
2026-08-24 23:15:59,Rohini,28.7495,77.0565,167,Moderate,"Pooth Khurd, Bawana, Delhi, Delhi, India",28.7495,77.0565,3.09,False
2026-08-24 23:15:59,Vivek Vihar,28.672,77.3152,68,Satisfactory,"ITI Shahdra, Jhilmil Industrial Area, Delhi, Delhi, India",28.672,77.3152,0.13,True
2026-08-24 23:15:59,Wazirpur,28.7041,77.1663,126,Moderate,"Delhi Institute of Tool Engineering, Wazirpur, Delhi, Delhi, India",28.7041,77.1663,0.41,True
2026-08-24 23:15:59,Chandni Chowk,28.6506,77.2303,142,Moderate,"Mandir Marg, Delhi, Delhi, India",28.6506,77.2303,3.44,False
2026-08-24 23:15:59,Red Fort,28.6562,77.241,142,Moderate,"Mandir Marg, Delhi, Delhi, India",28.6562,77.241,4.65,False
2026-08-24 23:15:59,Connaught Place,28.6315,77.2167,142,Moderate,"Mandir Marg, Delhi, Delhi, India",28.6315,77.2167,1.61,True
2026-08-24 23:44:13,Delhi,28.7041,77.1025,153,Moderate,"Shaheed Sukhdev College of Business Studies, Rohini, Delhi, Delhi, India",28.7041,77.1025,3.56,False
2026-08-24 23:44:13,Faridabad,28.4089,77.3178,92,Satisfactory,"Dr. Karni Singh Shooting Range, Delhi, Delhi, India",28.4089,77.3178,11.25,False
2026-08-24 23:44:13,Gurgaon,28.4595,77.0266,72,Satisfactory,"National Institute of Malaria Research, Sector 8, Dwarka, Delhi, Delhi, India",28.4595,77.0266,13.92,False
2026-08-24 23:44:13,Noida,28.5355,77.391,87,Satisfactory,"DITE Okhla, Delhi, Delhi, India",28.5355,77.391,11.76,False
2026-08-24 23:44:13,Anand Vihar,28.6469,77.3152,153,Moderate,"Anand Vihar, Delhi, Delhi, India",28.6469,77.3152,0.43,True
2026-08-24 23:44:13,Ashok Vihar,28.698,77.173,126,Moderate,"Delhi Institute of Tool Engineering, Wazirpur, Delhi, Delhi, India",28.698,77.173,0.77,True
2026-08-24 23:44:13,Bawana,28.7996,77.0339,167,Moderate,"Pooth Khurd, Bawana, Delhi, Delhi, India",28.7996,77.0339,2.91,False
2026-08-24 23:44:13,Dwarka,28.573,77.041,72,Satisfactory,"National Institute of Malaria Research, Sector 8, Dwarka, Delhi, Delhi, India",28.573,77.041,3.44,False
2026-08-24 23:44:13,Jahangirpuri,28.728,77.1636,147,Moderate,"ITI Jahangirpuri, Delhi, Delhi, India",28.728,77.1636,0.99,True
2026-08-24 23:44:13,Mundka,28.6828,76.9821,74,Satisfactory,"Mundka, Delhi, Delhi, India",28.6828,76.9821,4.72,False
2026-08-24 23:44:13,Narela,28.8553,77.0888,78,Satisfactory,"Narela, Delhi, Delhi, India",28.8553,77.0888,4.04,False
2026-08-24 23:44:13,Okhla,28.5355,77.291,87,Satisfactory,"DITE Okhla, Delhi, Delhi, India",28.5355,77.291,2.04,False
2026-08-24 23:44:13,Punjabi Bagh,28.6692,77.1341,74,Satisfactory,"Punjabi Bagh, Delhi, Delhi, India",28.6692,77.1341,1.7,True
2026-08-24 23:44:13,R.K. Puram,28.5641,77.1765,118,Moderate,"R.K. Puram, Delhi, Delhi, India",28.5641,77.1765,0.22,True
2026-08-24 23:44:13,Rohini,28.7495,77.0565,167,Moderate,"Pooth Khurd, Bawana, Delhi, Delhi, India",28.7495,77.0565,3.09,False
2026-08-24 23:44:13,Vivek Vihar,28.672,77.3152,68,Satisfactory,"ITI Shahdra, Jhilmil Industrial Area, Delhi, Delhi, India",28.672,77.3152,0.13,True
2026-08-24 23:44:13,Wazirpur,28.7041,77.1663,126,Moderate,"Delhi Institute of Tool Engineering, Wazirpur, Delhi, Delhi, India",28.7041,77.1663,0.41,True
2026-08-24 23:44:13,Chandni Chowk,28.6506,77.2303,142,Moderate,"Mandir Marg, Delhi, Delhi, India",28.6506,77.2303,3.44,False
2026-08-24 23:44:13,Red Fort,28.6562,77.241,142,Moderate,"Mandir Marg, Delhi, Delhi, India",28.6562,77.241,4.65,False
2026-08-24 23:44:13,Connaught Place,28.6315,77.2167,142,Moderate,"Mandir Marg, Delhi, Delhi, India",28.6315,77.2167,1.61,True
2026-08-25 00:46:24,Delhi,28.7041,77.1025,153,Moderate,"Shaheed Sukhdev College of Business Studies, Rohini, Delhi, Delhi, India",28.7041,77.1025,3.56,False
2026-08-25 00:46:24,Faridabad,28.4089,77.3178,92,Satisfactory,"Dr. Karni Singh Shooting Range, Delhi, Delhi, India",28.4089,77.3178,11.25,False
2026-08-25 00:46:24,Gurgaon,28.4595,77.0266,72,Satisfactory,"National Institute of Malaria Research, Sector 8, Dwarka, Delhi, Delhi, India",28.4595,77.0266,13.92,False
2026-08-25 00:46:24,Noida,28.5355,77.391,87,Satisfactory,"DITE Okhla, Delhi, Delhi, India",28.5355,77.391,11.76,False
2026-08-25 00:46:24,Anand Vihar,28.6469,77.3152,153,Moderate,"Anand Vihar, Delhi, Delhi, India",28.6469,77.3152,0.43,True
2026-08-25 00:46:24,Ashok Vihar,28.698,77.173,126,Moderate,"Delhi Institute of Tool Engineering, Wazirpur, Delhi, Delhi, India",28.698,77.173,0.77,True
2026-08-25 00:46:24,Bawana,28.7996,77.0339,167,Moderate,"Pooth Khurd, Bawana, Delhi, Delhi, India",28.7996,77.0339,2.91,False
2026-08-25 00:46:24,Dwarka,28.573,77.041,72,Satisfactory,"National Institute of Malaria Research, Sector 8, Dwarka, Delhi, Delhi, India",28.573,77.041,3.44,False
2026-08-25 00:46:24,Jahangirpuri,28.728,77.1636,147,Moderate,"ITI Jahangirpuri, Delhi, Delhi, India",28.728,77.1636,0.99,True
2026-08-25 00:46:24,Mundka,28.6828,76.9821,74,Satisfactory,"Mundka, Delhi, Delhi, India",28.6828,76.9821,4.72,False
2026-08-25 00:46:24,Narela,28.8553,77.0888,78,Satisfactory,"Narela, Delhi, Delhi, India",28.8553,77.0888,4.04,False
2026-08-25 00:46:24,Okhla,28.5355,77.291,87,Satisfactory,"DITE Okhla, Delhi, Delhi, India",28.5355,77.291,2.04,False
2026-08-25 00:46:24,Punjabi Bagh,28.6692,77.1341,74,Satisfactory,"Punjabi Bagh, Delhi, Delhi, India",28.6692,77.1341,1.7,True
2026-08-25 00:46:24,R.K. Puram,28.5641,77.1765,118,Moderate,"R.K. Puram, Delhi, Delhi, India",28.5641,77.1765,0.22,True
2026-08-25 00:46:24,Rohini,28.7495,77.0565,167,Moderate,"Pooth Khurd, Bawana, Delhi, Delhi, India",28.7495,77.0565,3.09,False
2026-08-25 00:46:24,Vivek Vihar,28.672,77.3152,68,Satisfactory,"ITI Shahdra, Jhilmil Industrial Area, Delhi, Delhi, India",28.672,77.3152,0.13,True
2026-08-25 00:46:24,Wazirpur,28.7041,77.1663,126,Moderate,"Delhi Institute of Tool Engineering, Wazirpur, Delhi, Delhi, India",28.7041,77.1663,0.41,True
2026-08-25 00:46:24,Chandni Chowk,28.6506,77.2303,142,Moderate,"Mandir Marg, Delhi, Delhi, India",28.6506,77.2303,3.44,False
2026-08-25 00:46:24,Red Fort,28.6562,77.241,142,Moderate,"Mandir Marg, Delhi, Delhi, India",28.6562,77.241,4.65,False
2026-08-25 00:46:24,Connaught Place,28.6315,77.2167,142,Moderate,"Mandir Marg, Delhi, Delhi, India",28.6315,77.2167,1.61,True
2026-08-25 02:14:31,Delhi,28.7041,77.1025,153,Moderate,"Shaheed Sukhdev College of Business Studies, Rohini, Delhi, Delhi, India",28.7041,77.1025,3.56,False
2026-08-25 02:14:31,Faridabad,28.4089,77.3178,92,Satisfactory,"Dr. Karni Singh Shooting Range, Delhi, Delhi, India",28.4089,77.3178,11.25,False
2026-08-25 02:14:31,Gurgaon,28.4595,77.0266,72,Satisfactory,"National Institute of Malaria Research, Sector 8, Dwarka, Delhi, Delhi, India",28.4595,77.0266,13.92,False
2026-08-25 02:14:31,Noida,28.5355,77.391,87,Satisfactory,"DITE Okhla, Delhi, Delhi, India",28.5355,77.391,11.76,False
2026-08-25 02:14:31,Anand Vihar,28.6469,77.3152,153,Moderate,"Anand Vihar, Delhi, Delhi, India",28.6469,77.3152,0.43,True
2026-08-25 02:14:31,Ashok Vihar,28.698,77.173,126,Moderate,"Delhi Institute of Tool Engineering, Wazirpur, Delhi, Delhi, India",28.698,77.173,0.77,True
2026-08-25 02:14:31,Bawana,28.7996,77.0339,167,Moderate,"Pooth Khurd, Bawana, Delhi, Delhi, India",28.7996,77.0339,2.91,False
2026-08-25 02:14:31,Dwarka,28.573,77.041,72,Satisfactory,"National Institute of Malaria Research, Sector 8, Dwarka, Delhi, Delhi, India",28.573,77.041,3.44,False
2026-08-25 02:14:31,Jahangirpuri,28.728,77.1636,147,Moderate,"ITI Jahangirpuri, Delhi, Delhi, India",28.728,77.1636,0.99,True
2026-08-25 02:14:31,Mundka,28.6828,76.9821,74,Satisfactory,"Mundka, Delhi, Delhi, India",28.6828,76.9821,4.72,False
2026-08-25 02:14:31,Narela,28.8553,77.0888,78,Satisfactory,"Narela, Delhi, Delhi, India",28.8553,77.0888,4.04,False
2026-08-25 02:14:31,Okhla,28.5355,77.291,87,Satisfactory,"DITE Okhla, Delhi, Delhi, India",28.5355,77.291,2.04,False
2026-08-25 02:14:31,Punjabi Bagh,28.6692,77.1341,74,Satisfactory,"Punjabi Bagh, Delhi, Delhi, India",28.6692,77.1341,1.7,True
2026-08-25 02:14:31,R.K. Puram,28.5641,77.1765,118,Moderate,"R.K. Puram, Delhi, Delhi, India",28.5641,77.1765,0.22,True
2026-08-25 02:14:31,Rohini,28.7495,77.0565,167,Moderate,"Pooth Khurd, Bawana, Delhi, Delhi, India",28.7495,77.0565,3.09,False
2026-08-25 02:14:31,Vivek Vihar,28.672,77.3152,68,Satisfactory,"ITI Shahdra, Jhilmil Industrial Area, Delhi, Delhi, India",28.672,77.3152,0.13,True
2026-08-25 02:14:31,Wazirpur,28.7041,77.1663,126,Moderate,"Delhi Institute of Tool Engineering, Wazirpur, Delhi, Delhi, India",28.7041,77.1663,0.41,True
2026-08-25 02:14:31,Chandni Chowk,28.6506,77.2303,142,Moderate,"Mandir Marg, Delhi, Delhi, India",28.6506,77.2303,3.44,False
2026-08-25 02:14:31,Red Fort,28.6562,77.241,142,Moderate,"Mandir Marg, Delhi, Delhi, India",28.6562,77.241,4.65,False
2026-08-25 02:14:31,Connaught Place,28.6315,77.2167,142,Moderate,"Mandir Marg, Delhi, Delhi, India",28.6315,77.2167,1.61,True
2026-08-25 03:25:17,Delhi,28.7041,77.1025,153,Moderate,"Shaheed Sukhdev College of Business Studies, Rohini, Delhi, Delhi, India",28.7041,77.1025,3.56,False
2026-08-25 03:25:17,Faridabad,28.4089,77.3178,92,Satisfactory,"Dr. Karni Singh Shooting Range, Delhi, Delhi, India",28.4089,77.3178,11.25,False
2026-08-25 03:25:17,Gurgaon,28.4595,77.0266,72,Satisfactory,"National Institute of Malaria Research, Sector 8, Dwarka, Delhi, Delhi, India",28.4595,77.0266,13.92,False
2026-08-25 03:25:17,Noida,28.5355,77.391,87,Satisfactory,"DITE Okhla, Delhi, Delhi, India",28.5355,77.391,11.76,False
2026-08-25 03:25:17,Anand Vihar,28.6469,77.3152,153,Moderate,"Anand Vihar, Delhi, Delhi, India",28.6469,77.3152,0.43,True
2026-08-25 03:25:17,Ashok Vihar,28.698,77.173,126,Moderate,"Delhi Institute of Tool Engineering, Wazirpur, Delhi, Delhi, India",28.698,77.173,0.77,True
2026-08-25 03:25:17,Bawana,28.7996,77.0339,167,Moderate,"Pooth Khurd, Bawana, Delhi, Delhi, India",28.7996,77.0339,2.91,False
2026-08-25 03:25:17,Dwarka,28.573,77.041,72,Satisfactory,"National Institute of Malaria Research, Sector 8, Dwarka, Delhi, Delhi, India",28.573,77.041,3.44,False
2026-08-25 03:25:17,Jahangirpuri,28.728,77.1636,147,Moderate,"ITI Jahangirpuri, Delhi, Delhi, India",28.728,77.1636,0.99,True
2026-08-25 03:25:17,Mundka,28.6828,76.9821,74,Satisfactory,"Mundka, Delhi, Delhi, India",28.6828,76.9821,4.72,False
2026-08-25 03:25:17,Narela,28.8553,77.0888,78,Satisfactory,"Narela, Delhi, Delhi, India",28.8553,77.0888,4.04,False
2026-08-25 03:25:17,Okhla,28.5355,77.291,87,Satisfactory,"DITE Okhla, Delhi, Delhi, India",28.5355,77.291,2.04,False
2026-08-25 03:25:17,Punjabi Bagh,28.6692,77.1341,74,Satisfactory,"Punjabi Bagh, Delhi, Delhi, India",28.6692,77.1341,1.7,True
2026-08-25 03:25:17,R.K. Puram,28.5641,77.1765,118,Moderate,"R.K. Puram, Delhi, Delhi, India",28.5641,77.1765,0.22,True
2026-08-25 03:25:17,Rohini,28.7495,77.0565,167,Moderate,"Pooth Khurd, Bawana, Delhi, Delhi, India",28.7495,77.0565,3.09,False
2026-08-25 03:25:17,Vivek Vihar,28.672,77.3152,68,Satisfactory,"ITI Shahdra, Jhilmil Industrial Area, Delhi, Delhi, India",28.672,77.3152,0.13,True
2026-08-25 03:25:17,Wazirpur,28.7041,77.1663,126,Moderate,"Delhi Institute of Tool Engineering, Wazirpur, Delhi, Delhi, India",28.7041,77.1663,0.41,True
2026-08-25 03:25:17,Chandni Chowk,28.6506,77.2303,142,Moderate,"Mandir Marg, Delhi, Delhi, India",28.6506,77.2303,3.44,False
2026-08-25 03:25:17,Red Fort,28.6562,77.241,142,Moderate,"Mandir Marg, Delhi, Delhi, India",28.6562,77.241,4.65,False
2026-08-25 03:25:17,Connaught Place,28.6315,77.2167,142,Moderate,"Mandir Marg, Delhi, Delhi, India",28.6315,77.2167,1.61,True
2026-08-25 04:07:01,Delhi,28.7041,77.1025,153,Moderate,"Shaheed Sukhdev College of Business Studies, Rohini, Delhi, Delhi, India",28.7041,77.1025,3.56,False
2026-08-25 04:07:01,Faridabad,28.4089,77.3178,92,Satisfactory,"Dr. Karni Singh Shooting Range, Delhi, Delhi, India",28.4089,77.3178,11.25,False
2026-08-25 04:07:01,Gurgaon,28.4595,77.0266,72,Satisfactory,"National Institute of Malaria Research, Sector 8, Dwarka, Delhi, Delhi, India",28.4595,77.0266,13.92,False
2026-08-25 04:07:01,Noida,28.5355,77.391,87,Satisfactory,"DITE Okhla, Delhi, Delhi, India",28.5355,77.391,11.76,False
2026-08-25 04:07:01,Anand Vihar,28.6469,77.3152,153,Moderate,"Anand Vihar, Delhi, Delhi, India",28.6469,77.3152,0.43,True
2026-08-25 04:07:01,Ashok Vihar,28.698,77.173,126,Moderate,"Delhi Institute of Tool Engineering, Wazirpur, Delhi, Delhi, India",28.698,77.173,0.77,True
2026-08-25 04:07:01,Bawana,28.7996,77.0339,167,Moderate,"Pooth Khurd, Bawana, Delhi, Delhi, India",28.7996,77.0339,2.91,False
2026-08-25 04:07:01,Dwarka,28.573,77.041,72,Satisfactory,"National Institute of Malaria Research, Sector 8, Dwarka, Delhi, Delhi, India",28.573,77.041,3.44,False
2026-08-25 04:07:01,Jahangirpuri,28.728,77.1636,147,Moderate,"ITI Jahangirpuri, Delhi, Delhi, India",28.728,77.1636,0.99,True
2026-08-25 04:07:01,Mundka,28.6828,76.9821,74,Satisfactory,"Mundka, Delhi, Delhi, India",28.6828,76.9821,4.72,False
2026-08-25 04:07:01,Narela,28.8553,77.0888,78,Satisfactory,"Narela, Delhi, Delhi, India",28.8553,77.0888,4.04,False
2026-08-25 04:07:01,Okhla,28.5355,77.291,87,Satisfactory,"DITE Okhla, Delhi, Delhi, India",28.5355,77.291,2.04,False
2026-08-25 04:07:01,Punjabi Bagh,28.6692,77.1341,74,Satisfactory,"Punjabi Bagh, Delhi, Delhi, India",28.6692,77.1341,1.7,True
2026-08-25 04:07:01,R.K. Puram,28.5641,77.1765,118,Moderate,"R.K. Puram, Delhi, Delhi, India",28.5641,77.1765,0.22,True
2026-08-25 04:07:01,Rohini,28.7495,77.0565,167,Moderate,"Pooth Khurd, Bawana, Delhi, Delhi, India",28.7495,77.0565,3.09,False
2026-08-25 04:07:01,Vivek Vihar,28.672,77.3152,68,Satisfactory,"ITI Shahdra, Jhilmil Industrial Area, Delhi, Delhi, India",28.672,77.3152,0.13,True
2026-08-25 04:07:01,Wazirpur,28.7041,77.1663,126,Moderate,"Delhi Institute of Tool Engineering, Wazirpur, Delhi, Delhi, India",28.7041,77.1663,0.41,True
2026-08-25 04:07:01,Chandni Chowk,28.6506,77.2303,142,Moderate,"Mandir Marg, Delhi, Delhi, India",28.6506,77.2303,3.44,False
2026-08-25 04:07:01,Red Fort,28.6562,77.241,142,Moderate,"Mandir Marg, Delhi, Delhi, India",28.6562,77.241,4.65,False
2026-08-25 04:07:01,Connaught Place,28.6315,77.2167,142,Moderate,"Mandir Marg, Delhi, Delhi, India",28.6315,77.2167,1.61,True
2026-08-25 05:02:53,Delhi,28.7041,77.1025,153,Moderate,"Shaheed Sukhdev College of Business Studies, Rohini, Delhi, Delhi, India",28.7041,77.1025,3.56,False
2026-08-25 05:02:53,Faridabad,28.4089,77.3178,92,Satisfactory,"Dr. Karni Singh Shooting Range, Delhi, Delhi, India",28.4089,77.3178,11.25,False
2026-08-25 05:02:53,Gurgaon,28.4595,77.0266,72,Satisfactory,"National Institute of Malaria Research, Sector 8, Dwarka, Delhi, Delhi, India",28.4595,77.0266,13.92,False
2026-08-25 05:02:53,Noida,28.5355,77.391,87,Satisfactory,"DITE Okhla, Delhi, Delhi, India",28.5355,77.391,11.76,False
2026-08-25 05:02:53,Anand Vihar,28.6469,77.3152,153,Moderate,"Anand Vihar, Delhi, Delhi, India",28.6469,77.3152,0.43,True
2026-08-25 05:02:53,Ashok Vihar,28.698,77.173,126,Moderate,"Delhi Institute of Tool Engineering, Wazirpur, Delhi, Delhi, India",28.698,77.173,0.77,True
2026-08-25 05:02:53,Bawana,28.7996,77.0339,167,Moderate,"Pooth Khurd, Bawana, Delhi, Delhi, India",28.7996,77.0339,2.91,False
2026-08-25 05:02:53,Dwarka,28.573,77.041,72,Satisfactory,"National Institute of Malaria Research, Sector 8, Dwarka, Delhi, Delhi, India",28.573,77.041,3.44,False
2026-08-25 05:02:53,Jahangirpuri,28.728,77.1636,147,Moderate,"ITI Jahangirpuri, Delhi, Delhi, India",28.728,77.1636,0.99,True
2026-08-25 05:02:53,Mundka,28.6828,76.9821,74,Satisfactory,"Mundka, Delhi, Delhi, India",28.6828,76.9821,4.72,False
2026-08-25 05:02:53,Narela,28.8553,77.0888,78,Satisfactory,"Narela, Delhi, Delhi, India",28.8553,77.0888,4.04,False
2026-08-25 05:02:53,Okhla,28.5355,77.291,87,Satisfactory,"DITE Okhla, Delhi, Delhi, India",28.5355,77.291,2.04,False
2026-08-25 05:02:53,Punjabi Bagh,28.6692,77.1341,74,Satisfactory,"Punjabi Bagh, Delhi, Delhi, India",28.6692,77.1341,1.7,True
2026-08-25 05:02:53,R.K. Puram,28.5641,77.1765,118,Moderate,"R.K. Puram, Delhi, Delhi, India",28.5641,77.1765,0.22,True
2026-08-25 05:02:53,Rohini,28.7495,77.0565,167,Moderate,"Pooth Khurd, Bawana, Delhi, Delhi, India",28.7495,77.0565,3.09,False
2026-08-25 05:02:53,Vivek Vihar,28.672,77.3152,68,Satisfactory,"ITI Shahdra, Jhilmil Industrial Area, Delhi, Delhi, India",28.672,77.3152,0.13,True
2026-08-25 05:02:53,Wazirpur,28.7041,77.1663,126,Moderate,"Delhi Institute of Tool Engineering, Wazirpur, Delhi, Delhi, India",28.7041,77.1663,0.41,True
2026-08-25 05:02:53,Chandni Chowk,28.6506,77.2303,142,Moderate,"Mandir Marg, Delhi, Delhi, India",28.6506,77.2303,3.44,False
2026-08-25 05:02:53,Red Fort,28.6562,77.241,142,Moderate,"Mandir Marg, Delhi, Delhi, India",28.6562,77.241,4.65,False
2026-08-25 05:02:53,Connaught Place,28.6315,77.2167,142,Moderate,"Mandir Marg, Delhi, Delhi, India",28.6315,77.2167,1.61,True
2026-08-25 05:56:08,Delhi,28.7041,77.1025,153,Moderate,"Shaheed Sukhdev College of Business Studies, Rohini, Delhi, Delhi, India",28.7041,77.1025,3.56,False
2026-08-25 05:56:08,Faridabad,28.4089,77.3178,92,Satisfactory,"Dr. Karni Singh Shooting Range, Delhi, Delhi, India",28.4089,77.3178,11.25,False
2026-08-25 05:56:08,Gurgaon,28.4595,77.0266,72,Satisfactory,"National Institute of Malaria Research, Sector 8, Dwarka, Delhi, Delhi, India",28.4595,77.0266,13.92,False
2026-08-25 05:56:08,Noida,28.5355,77.391,87,Satisfactory,"DITE Okhla, Delhi, Delhi, India",28.5355,77.391,11.76,False
2026-08-25 05:56:08,Anand Vihar,28.6469,77.3152,153,Moderate,"Anand Vihar, Delhi, Delhi, India",28.6469,77.3152,0.43,True
2026-08-25 05:56:08,Ashok Vihar,28.698,77.173,126,Moderate,"Delhi Institute of Tool Engineering, Wazirpur, Delhi, Delhi, India",28.698,77.173,0.77,True
2026-08-25 05:56:08,Bawana,28.7996,77.0339,167,Moderate,"Pooth Khurd, Bawana, Delhi, Delhi, India",28.7996,77.0339,2.91,False
2026-08-25 05:56:08,Dwarka,28.573,77.041,72,Satisfactory,"National Institute of Malaria Research, Sector 8, Dwarka, Delhi, Delhi, India",28.573,77.041,3.44,False
2026-08-25 05:56:08,Jahangirpuri,28.728,77.1636,147,Moderate,"ITI Jahangirpuri, Delhi, Delhi, India",28.728,77.1636,0.99,True
2026-08-25 05:56:08,Mundka,28.6828,76.9821,74,Satisfactory,"Mundka, Delhi, Delhi, India",28.6828,76.9821,4.72,False
2026-08-25 05:56:08,Narela,28.8553,77.0888,78,Satisfactory,"Narela, Delhi, Delhi, India",28.8553,77.0888,4.04,False
2026-08-25 05:56:08,Okhla,28.5355,77.291,87,Satisfactory,"DITE Okhla, Delhi, Delhi, India",28.5355,77.291,2.04,False
2026-08-25 05:56:08,Punjabi Bagh,28.6692,77.1341,74,Satisfactory,"Punjabi Bagh, Delhi, Delhi, India",28.6692,77.1341,1.7,True
2026-08-25 05:56:08,R.K. Puram,28.5641,77.1765,118,Moderate,"R.K. Puram, Delhi, Delhi, India",28.5641,77.1765,0.22,True
2026-08-25 05:56:08,Rohini,28.7495,77.0565,167,Moderate,"Pooth Khurd, Bawana, Delhi, Delhi, India",28.7495,77.0565,3.09,False
2026-08-25 05:56:08,Vivek Vihar,28.672,77.3152,68,Satisfactory,"ITI Shahdra, Jhilmil Industrial Area, Delhi, Delhi, India",28.672,77.3152,0.13,True
2026-08-25 05:56:08,Wazirpur,28.7041,77.1663,126,Moderate,"Delhi Institute of Tool Engineering, Wazirpur, Delhi, Delhi, India",28.7041,77.1663,0.41,True
2026-08-25 05:56:08,Chandni Chowk,28.6506,77.2303,142,Moderate,"Mandir Marg, Delhi, Delhi, India",28.6506,77.2303,3.44,False
2026-08-25 05:56:08,Red Fort,28.6562,77.241,142,Moderate,"Mandir Marg, Delhi, Delhi, India",28.6562,77.241,4.65,False
2026-08-25 05:56:08,Connaught Place,28.6315,77.2167,142,Moderate,"Mandir Marg, Delhi, Delhi, India",28.6315,77.2167,1.61,True
2026-08-25 06:34:12,Delhi,28.7041,77.1025,153,Moderate,"Shaheed Sukhdev College of Business Studies, Rohini, Delhi, Delhi, India",28.7041,77.1025,3.56,False
2026-08-25 06:34:12,Faridabad,28.4089,77.3178,92,Satisfactory,"Dr. Karni Singh Shooting Range, Delhi, Delhi, India",28.4089,77.3178,11.25,False
2026-08-25 06:34:12,Gurgaon,28.4595,77.0266,72,Satisfactory,"National Institute of Malaria Research, Sector 8, Dwarka, Delhi, Delhi, India",28.4595,77.0266,13.92,False
2026-08-25 06:34:12,Noida,28.5355,77.391,87,Satisfactory,"DITE Okhla, Delhi, Delhi, India",28.5355,77.391,11.76,False
2026-08-25 06:34:12,Anand Vihar,28.6469,77.3152,153,Moderate,"Anand Vihar, Delhi, Delhi, India",28.6469,77.3152,0.43,True
2026-08-25 06:34:12,Ashok Vihar,28.698,77.173,126,Moderate,"Delhi Institute of Tool Engineering, Wazirpur, Delhi, Delhi, India",28.698,77.173,0.77,True
2026-08-25 06:34:12,Bawana,28.7996,77.0339,167,Moderate,"Pooth Khurd, Bawana, Delhi, Delhi, India",28.7996,77.0339,2.91,False
2026-08-25 06:34:12,Dwarka,28.573,77.041,72,Satisfactory,"National Institute of Malaria Research, Sector 8, Dwarka, Delhi, Delhi, India",28.573,77.041,3.44,False
2026-08-25 06:34:12,Jahangirpuri,28.728,77.1636,147,Moderate,"ITI Jahangirpuri, Delhi, Delhi, India",28.728,77.1636,0.99,True
2026-08-25 06:34:12,Mundka,28.6828,76.9821,74,Satisfactory,"Mundka, Delhi, Delhi, India",28.6828,76.9821,4.72,False
2026-08-25 06:34:12,Narela,28.8553,77.0888,78,Satisfactory,"Narela, Delhi, Delhi, India",28.8553,77.0888,4.04,False
2026-08-25 06:34:12,Okhla,28.5355,77.291,87,Satisfactory,"DITE Okhla, Delhi, Delhi, India",28.5355,77.291,2.04,False
2026-08-25 06:34:12,Punjabi Bagh,28.6692,77.1341,74,Satisfactory,"Punjabi Bagh, Delhi, Delhi, India",28.6692,77.1341,1.7,True
2026-08-25 06:34:12,R.K. Puram,28.5641,77.1765,118,Moderate,"R.K. Puram, Delhi, Delhi, India",28.5641,77.1765,0.22,True
2026-08-25 06:34:12,Rohini,28.7495,77.0565,167,Moderate,"Pooth Khurd, Bawana, Delhi, Delhi, India",28.7495,77.0565,3.09,False
2026-08-25 06:34:12,Vivek Vihar,28.672,77.3152,68,Satisfactory,"ITI Shahdra, Jhilmil Industrial Area, Delhi, Delhi, India",28.672,77.3152,0.13,True
2026-08-25 06:34:12,Wazirpur,28.7041,77.1663,126,Moderate,"Delhi Institute of Tool Engineering, Wazirpur, Delhi, Delhi, India",28.7041,77.1663,0.41,True
2026-08-25 06:34:12,Chandni Chowk,28.6506,77.2303,142,Moderate,"Mandir Marg, Delhi, Delhi, India",28.6506,77.2303,3.44,False
2026-08-25 06:34:12,Red Fort,28.6562,77.241,142,Moderate,"Mandir Marg, Delhi, Delhi, India",28.6562,77.241,4.65,False
2026-08-25 06:34:12,Connaught Place,28.6315,77.2167,142,Moderate,"Mandir Marg, Delhi, Delhi, India",28.6315,77.2167,1.61,True
2026-08-25 07:37:55,Delhi,28.7041,77.1025,157,Moderate,"Shaheed Sukhdev College of Business Studies, Rohini, Delhi, Delhi, India",28.7041,77.1025,3.56,False
2026-08-25 07:37:55,Faridabad,28.4089,77.3178,99,Satisfactory,"Dr. Karni Singh Shooting Range, Delhi, Delhi, India",28.4089,77.3178,11.25,False
2026-08-25 07:37:55,Gurgaon,28.4595,77.0266,74,Satisfactory,"National Institute of Malaria Research, Sector 8, Dwarka, Delhi, Delhi, India",28.4595,77.0266,13.92,False
2026-08-25 07:37:55,Noida,28.5355,77.391,91,Satisfactory,"DITE Okhla, Delhi, Delhi, India",28.5355,77.391,11.76,False
2026-08-25 07:37:55,Anand Vihar,28.6469,77.3152,157,Moderate,"Anand Vihar, Delhi, Delhi, India",28.6469,77.3152,0.43,True
2026-08-25 07:37:55,Ashok Vihar,28.698,77.173,162,Moderate,"Delhi Institute of Tool Engineering, Wazirpur, Delhi, Delhi, India",28.698,77.173,0.77,True
2026-08-25 07:37:55,Bawana,28.7996,77.0339,169,Moderate,"Pooth Khurd, Bawana, Delhi, Delhi, India",28.7996,77.0339,2.91,False
2026-08-25 07:37:55,Dwarka,28.573,77.041,74,Satisfactory,"National Institute of Malaria Research, Sector 8, Dwarka, Delhi, Delhi, India",28.573,77.041,3.44,False
2026-08-25 07:37:55,Jahangirpuri,28.728,77.1636,147,Moderate,"ITI Jahangirpuri, Delhi, Delhi, India",28.728,77.1636,0.99,True
2026-08-25 07:37:55,Mundka,28.6828,76.9821,112,Moderate,"Mundka, Delhi, Delhi, India",28.6828,76.9821,4.72,False
2026-08-25 07:37:55,Narela,28.8553,77.0888,59,Satisfactory,"Narela, Delhi, Delhi, India",28.8553,77.0888,4.04,False
2026-08-25 07:37:55,Okhla,28.5355,77.291,91,Satisfactory,"DITE Okhla, Delhi, Delhi, India",28.5355,77.291,2.04,False
2026-08-25 07:37:55,Punjabi Bagh,28.6692,77.1341,164,Moderate,"Punjabi Bagh, Delhi, Delhi, India",28.6692,77.1341,1.7,True
2026-08-25 07:37:55,R.K. Puram,28.5641,77.1765,115,Moderate,"R.K. Puram, Delhi, Delhi, India",28.5641,77.1765,0.22,True
2026-08-25 07:37:55,Rohini,28.7495,77.0565,169,Moderate,"Pooth Khurd, Bawana, Delhi, Delhi, India",28.7495,77.0565,3.09,False
2026-08-25 07:37:55,Vivek Vihar,28.672,77.3152,119,Moderate,"ITI Shahdra, Jhilmil Industrial Area, Delhi, Delhi, India",28.672,77.3152,0.13,True
2026-08-25 07:37:55,Wazirpur,28.7041,77.1663,162,Moderate,"Delhi Institute of Tool Engineering, Wazirpur, Delhi, Delhi, India",28.7041,77.1663,0.41,True
2026-08-25 07:37:55,Chandni Chowk,28.6506,77.2303,149,Moderate,"Mandir Marg, Delhi, Delhi, India",28.6506,77.2303,3.44,False
2026-08-25 07:37:55,Red Fort,28.6562,77.241,149,Moderate,"Mandir Marg, Delhi, Delhi, India",28.6562,77.241,4.65,False
2026-08-25 07:37:55,Connaught Place,28.6315,77.2167,149,Moderate,"Mandir Marg, Delhi, Delhi, India",28.6315,77.2167,1.61,True
2026-08-25 08:32:54,Delhi,28.7041,77.1025,157,Moderate,"Shaheed Sukhdev College of Business Studies, Rohini, Delhi, Delhi, India",28.7041,77.1025,3.56,False
2026-08-25 08:32:54,Faridabad,28.4089,77.3178,171,Moderate,"Dr. Karni Singh Shooting Range, Delhi, Delhi, India",28.4089,77.3178,11.25,False
2026-08-25 08:32:54,Gurgaon,28.4595,77.0266,68,Satisfactory,"National Institute of Malaria Research, Sector 8, Dwarka, Delhi, Delhi, India",28.4595,77.0266,13.92,False
2026-08-25 08:32:54,Noida,28.5355,77.391,91,Satisfactory,"DITE Okhla, Delhi, Delhi, India",28.5355,77.391,11.76,False
2026-08-25 08:32:54,Anand Vihar,28.6469,77.3152,154,Moderate,"Anand Vihar, Delhi, Delhi, India",28.6469,77.3152,0.43,True
2026-08-25 08:32:54,Ashok Vihar,28.698,77.173,162,Moderate,"Delhi Institute of Tool Engineering, Wazirpur, Delhi, Delhi, India",28.698,77.173,0.77,True
2026-08-25 08:32:54,Bawana,28.7996,77.0339,161,Moderate,"Pooth Khurd, Bawana, Delhi, Delhi, India",28.7996,77.0339,2.91,False
2026-08-25 08:32:54,Dwarka,28.573,77.041,68,Satisfactory,"National Institute of Malaria Research, Sector 8, Dwarka, Delhi, Delhi, India",28.573,77.041,3.44,False
2026-08-25 08:32:54,Jahangirpuri,28.728,77.1636,147,Moderate,"ITI Jahangirpuri, Delhi, Delhi, India",28.728,77.1636,0.99,True
2026-08-25 08:32:54,Mundka,28.6828,76.9821,153,Moderate,"Mundka, Delhi, Delhi, India",28.6828,76.9821,4.72,False
2026-08-25 08:32:54,Narela,28.8553,77.0888,59,Satisfactory,"Narela, Delhi, Delhi, India",28.8553,77.0888,4.04,False
2026-08-25 08:32:54,Okhla,28.5355,77.291,91,Satisfactory,"DITE Okhla, Delhi, Delhi, India",28.5355,77.291,2.04,False
2026-08-25 08:32:54,Punjabi Bagh,28.6692,77.1341,164,Moderate,"Punjabi Bagh, Delhi, Delhi, India",28.6692,77.1341,1.7,True
2026-08-25 08:32:54,R.K. Puram,28.5641,77.1765,115,Moderate,"R.K. Puram, Delhi, Delhi, India",28.5641,77.1765,0.22,True
2026-08-25 08:32:54,Rohini,28.7495,77.0565,161,Moderate,"Pooth Khurd, Bawana, Delhi, Delhi, India",28.7495,77.0565,3.09,False
2026-08-25 08:32:54,Vivek Vihar,28.672,77.3152,119,Moderate,"ITI Shahdra, Jhilmil Industrial Area, Delhi, Delhi, India",28.672,77.3152,0.13,True
2026-08-25 08:32:54,Wazirpur,28.7041,77.1663,162,Moderate,"Delhi Institute of Tool Engineering, Wazirpur, Delhi, Delhi, India",28.7041,77.1663,0.41,True
2026-08-25 08:32:54,Chandni Chowk,28.6506,77.2303,156,Moderate,"Mandir Marg, Delhi, Delhi, India",28.6506,77.2303,3.44,False
2026-08-25 08:32:54,Red Fort,28.6562,77.241,156,Moderate,"Mandir Marg, Delhi, Delhi, India",28.6562,77.241,4.65,False
2026-08-25 08:32:54,Connaught Place,28.6315,77.2167,156,Moderate,"Mandir Marg, Delhi, Delhi, India",28.6315,77.2167,1.61,True
2026-08-25 09:27:16,Delhi,28.7041,77.1025,152,Moderate,"Shaheed Sukhdev College of Business Studies, Rohini, Delhi, Delhi, India",28.7041,77.1025,3.56,False
2026-08-25 09:27:16,Faridabad,28.4089,77.3178,159,Moderate,"Dr. Karni Singh Shooting Range, Delhi, Delhi, India",28.4089,77.3178,11.25,False
2026-08-25 09:27:16,Gurgaon,28.4595,77.0266,68,Satisfactory,"National Institute of Malaria Research, Sector 8, Dwarka, Delhi, Delhi, India",28.4595,77.0266,13.92,False
2026-08-25 09:27:16,Noida,28.5355,77.391,132,Moderate,"DITE Okhla, Delhi, Delhi, India",28.5355,77.391,11.76,False
2026-08-25 09:27:16,Anand Vihar,28.6469,77.3152,154,Moderate,"Anand Vihar, Delhi, Delhi, India",28.6469,77.3152,0.43,True
2026-08-25 09:27:16,Ashok Vihar,28.698,77.173,161,Moderate,"Delhi Institute of Tool Engineering, Wazirpur, Delhi, Delhi, India",28.698,77.173,0.77,True
2026-08-25 09:27:16,Bawana,28.7996,77.0339,161,Moderate,"Pooth Khurd, Bawana, Delhi, Delhi, India",28.7996,77.0339,2.91,False
2026-08-25 09:27:16,Dwarka,28.573,77.041,68,Satisfactory,"National Institute of Malaria Research, Sector 8, Dwarka, Delhi, Delhi, India",28.573,77.041,3.44,False
2026-08-25 09:27:16,Jahangirpuri,28.728,77.1636,147,Moderate,"ITI Jahangirpuri, Delhi, Delhi, India",28.728,77.1636,0.99,True
2026-08-25 09:27:16,Mundka,28.6828,76.9821,153,Moderate,"Mundka, Delhi, Delhi, India",28.6828,76.9821,4.72,False
2026-08-25 09:27:16,Narela,28.8553,77.0888,102,Moderate,"Narela, Delhi, Delhi, India",28.8553,77.0888,4.04,False
2026-08-25 09:27:16,Okhla,28.5355,77.291,132,Moderate,"DITE Okhla, Delhi, Delhi, India",28.5355,77.291,2.04,False
2026-08-25 09:27:16,Punjabi Bagh,28.6692,77.1341,165,Moderate,"Punjabi Bagh, Delhi, Delhi, India",28.6692,77.1341,1.7,True
2026-08-25 09:27:16,R.K. Puram,28.5641,77.1765,153,Moderate,"R.K. Puram, Delhi, Delhi, India",28.5641,77.1765,0.22,True
2026-08-25 09:27:16,Rohini,28.7495,77.0565,161,Moderate,"Pooth Khurd, Bawana, Delhi, Delhi, India",28.7495,77.0565,3.09,False
2026-08-25 09:27:16,Vivek Vihar,28.672,77.3152,75,Satisfactory,"ITI Shahdra, Jhilmil Industrial Area, Delhi, Delhi, India",28.672,77.3152,0.13,True
2026-08-25 09:27:16,Wazirpur,28.7041,77.1663,161,Moderate,"Delhi Institute of Tool Engineering, Wazirpur, Delhi, Delhi, India",28.7041,77.1663,0.41,True
2026-08-25 09:27:16,Chandni Chowk,28.6506,77.2303,156,Moderate,"Mandir Marg, Delhi, Delhi, India",28.6506,77.2303,3.44,False
2026-08-25 09:27:16,Red Fort,28.6562,77.241,156,Moderate,"Mandir Marg, Delhi, Delhi, India",28.6562,77.241,4.65,False
2026-08-25 09:27:16,Connaught Place,28.6315,77.2167,156,Moderate,"Mandir Marg, Delhi, Delhi, India",28.6315,77.2167,1.61,True
2026-08-25 10:00:25,Delhi,28.7041,77.1025,152,Moderate,"Shaheed Sukhdev College of Business Studies, Rohini, Delhi, Delhi, India",28.7041,77.1025,3.56,False
2026-08-25 10:00:25,Faridabad,28.4089,77.3178,75,Satisfactory,"Dr. Karni Singh Shooting Range, Delhi, Delhi, India",28.4089,77.3178,11.25,False
2026-08-25 10:00:25,Gurgaon,28.4595,77.0266,152,Moderate,"National Institute of Malaria Research, Sector 8, Dwarka, Delhi, Delhi, India",28.4595,77.0266,13.92,False
2026-08-25 10:00:25,Noida,28.5355,77.391,117,Moderate,"DITE Okhla, Delhi, Delhi, India",28.5355,77.391,11.76,False
2026-08-25 10:00:25,Anand Vihar,28.6469,77.3152,144,Moderate,"Anand Vihar, Delhi, Delhi, India",28.6469,77.3152,0.43,True
2026-08-25 10:00:25,Ashok Vihar,28.698,77.173,137,Moderate,"Delhi Institute of Tool Engineering, Wazirpur, Delhi, Delhi, India",28.698,77.173,0.77,True
2026-08-25 10:00:25,Bawana,28.7996,77.0339,155,Moderate,"Pooth Khurd, Bawana, Delhi, Delhi, India",28.7996,77.0339,2.91,False
2026-08-25 10:00:25,Dwarka,28.573,77.041,152,Moderate,"National Institute of Malaria Research, Sector 8, Dwarka, Delhi, Delhi, India",28.573,77.041,3.44,False
2026-08-25 10:00:25,Jahangirpuri,28.728,77.1636,147,Moderate,"ITI Jahangirpuri, Delhi, Delhi, India",28.728,77.1636,0.99,True
2026-08-25 10:00:25,Mundka,28.6828,76.9821,162,Moderate,"Mundka, Delhi, Delhi, India",28.6828,76.9821,4.72,False
2026-08-25 10:00:25,Narela,28.8553,77.0888,90,Satisfactory,"Narela, Delhi, Delhi, India",28.8553,77.0888,4.04,False
2026-08-25 10:00:25,Okhla,28.5355,77.291,117,Moderate,"DITE Okhla, Delhi, Delhi, India",28.5355,77.291,2.04,False
2026-08-25 10:00:25,Punjabi Bagh,28.6692,77.1341,169,Moderate,"Punjabi Bagh, Delhi, Delhi, India",28.6692,77.1341,1.7,True
2026-08-25 10:00:25,R.K. Puram,28.5641,77.1765,162,Moderate,"R.K. Puram, Delhi, Delhi, India",28.5641,77.1765,0.22,True
2026-08-25 10:00:25,Rohini,28.7495,77.0565,155,Moderate,"Pooth Khurd, Bawana, Delhi, Delhi, India",28.7495,77.0565,3.09,False
2026-08-25 10:00:25,Vivek Vihar,28.672,77.3152,65,Satisfactory,"ITI Shahdra, Jhilmil Industrial Area, Delhi, Delhi, India",28.672,77.3152,0.13,True
2026-08-25 10:00:25,Wazirpur,28.7041,77.1663,137,Moderate,"Delhi Institute of Tool Engineering, Wazirpur, Delhi, Delhi, India",28.7041,77.1663,0.41,True
2026-08-25 10:00:25,Chandni Chowk,28.6506,77.2303,154,Moderate,"Mandir Marg, Delhi, Delhi, India",28.6506,77.2303,3.44,False
2026-08-25 10:00:25,Red Fort,28.6562,77.241,154,Moderate,"Mandir Marg, Delhi, Delhi, India",28.6562,77.241,4.65,False
2026-08-25 10:00:25,Connaught Place,28.6315,77.2167,154,Moderate,"Mandir Marg, Delhi, Delhi, India",28.6315,77.2167,1.61,True
2026-08-25 10:38:11,Delhi,28.7041,77.1025,154,Moderate,"Shaheed Sukhdev College of Business Studies, Rohini, Delhi, Delhi, India",28.7041,77.1025,3.56,False
2026-08-25 10:38:11,Faridabad,28.4089,77.3178,99,Satisfactory,"Dr. Karni Singh Shooting Range, Delhi, Delhi, India",28.4089,77.3178,11.25,False
2026-08-25 10:38:11,Gurgaon,28.4595,77.0266,171,Moderate,"National Institute of Malaria Research, Sector 8, Dwarka, Delhi, Delhi, India",28.4595,77.0266,13.92,False
2026-08-25 10:38:11,Noida,28.5355,77.391,122,Moderate,"DITE Okhla, Delhi, Delhi, India",28.5355,77.391,11.76,False
2026-08-25 10:38:11,Anand Vihar,28.6469,77.3152,157,Moderate,"Anand Vihar, Delhi, Delhi, India",28.6469,77.3152,0.43,True
2026-08-25 10:38:11,Ashok Vihar,28.698,77.173,153,Moderate,"Delhi Institute of Tool Engineering, Wazirpur, Delhi, Delhi, India",28.698,77.173,0.77,True
2026-08-25 10:38:11,Bawana,28.7996,77.0339,154,Moderate,"Pooth Khurd, Bawana, Delhi, Delhi, India",28.7996,77.0339,2.91,False
2026-08-25 10:38:11,Dwarka,28.573,77.041,171,Moderate,"National Institute of Malaria Research, Sector 8, Dwarka, Delhi, Delhi, India",28.573,77.041,3.44,False
2026-08-25 10:38:11,Jahangirpuri,28.728,77.1636,147,Moderate,"ITI Jahangirpuri, Delhi, Delhi, India",28.728,77.1636,0.99,True
2026-08-25 10:38:11,Mundka,28.6828,76.9821,154,Moderate,"Mundka, Delhi, Delhi, India",28.6828,76.9821,4.72,False
2026-08-25 10:38:11,Narela,28.8553,77.0888,113,Moderate,"Narela, Delhi, Delhi, India",28.8553,77.0888,4.04,False
2026-08-25 10:38:11,Okhla,28.5355,77.291,122,Moderate,"DITE Okhla, Delhi, Delhi, India",28.5355,77.291,2.04,False
2026-08-25 10:38:11,Punjabi Bagh,28.6692,77.1341,129,Moderate,"Punjabi Bagh, Delhi, Delhi, India",28.6692,77.1341,1.7,True
2026-08-25 10:38:11,R.K. Puram,28.5641,77.1765,172,Moderate,"R.K. Puram, Delhi, Delhi, India",28.5641,77.1765,0.22,True
2026-08-25 10:38:11,Rohini,28.7495,77.0565,154,Moderate,"Pooth Khurd, Bawana, Delhi, Delhi, India",28.7495,77.0565,3.09,False
2026-08-25 10:38:11,Vivek Vihar,28.672,77.3152,63,Satisfactory,"ITI Shahdra, Jhilmil Industrial Area, Delhi, Delhi, India",28.672,77.3152,0.13,True
2026-08-25 10:38:11,Wazirpur,28.7041,77.1663,153,Moderate,"Delhi Institute of Tool Engineering, Wazirpur, Delhi, Delhi, India",28.7041,77.1663,0.41,True
2026-08-25 10:38:11,Chandni Chowk,28.6506,77.2303,166,Moderate,"Mandir Marg, Delhi, Delhi, India",28.6506,77.2303,3.44,False
2026-08-25 10:38:11,Red Fort,28.6562,77.241,166,Moderate,"Mandir Marg, Delhi, Delhi, India",28.6562,77.241,4.65,False
2026-08-25 10:38:11,Connaught Place,28.6315,77.2167,166,Moderate,"Mandir Marg, Delhi, Delhi, India",28.6315,77.2167,1.61,True
2026-08-25 11:19:50,Delhi,28.7041,77.1025,154,Moderate,"Shaheed Sukhdev College of Business Studies, Rohini, Delhi, Delhi, India",28.7041,77.1025,3.56,False
2026-08-25 11:19:50,Faridabad,28.4089,77.3178,107,Moderate,"Dr. Karni Singh Shooting Range, Delhi, Delhi, India",28.4089,77.3178,11.25,False
2026-08-25 11:19:50,Gurgaon,28.4595,77.0266,171,Moderate,"National Institute of Malaria Research, Sector 8, Dwarka, Delhi, Delhi, India",28.4595,77.0266,13.92,False
2026-08-25 11:19:50,Noida,28.5355,77.391,122,Moderate,"DITE Okhla, Delhi, Delhi, India",28.5355,77.391,11.76,False
2026-08-25 11:19:50,Anand Vihar,28.6469,77.3152,157,Moderate,"Anand Vihar, Delhi, Delhi, India",28.6469,77.3152,0.43,True
2026-08-25 11:19:50,Ashok Vihar,28.698,77.173,153,Moderate,"Delhi Institute of Tool Engineering, Wazirpur, Delhi, Delhi, India",28.698,77.173,0.77,True
2026-08-25 11:19:50,Bawana,28.7996,77.0339,154,Moderate,"Pooth Khurd, Bawana, Delhi, Delhi, India",28.7996,77.0339,2.91,False
2026-08-25 11:19:50,Dwarka,28.573,77.041,171,Moderate,"National Institute of Malaria Research, Sector 8, Dwarka, Delhi, Delhi, India",28.573,77.041,3.44,False
2026-08-25 11:19:50,Jahangirpuri,28.728,77.1636,153,Moderate,"Delhi Institute of Tool Engineering, Wazirpur, Delhi, Delhi, India",28.728,77.1636,3.06,False
2026-08-25 11:19:50,Mundka,28.6828,76.9821,154,Moderate,"Mundka, Delhi, Delhi, India",28.6828,76.9821,4.72,False
2026-08-25 11:19:50,Narela,28.8553,77.0888,113,Moderate,"Narela, Delhi, Delhi, India",28.8553,77.0888,4.04,False
2026-08-25 11:19:50,Okhla,28.5355,77.291,122,Moderate,"DITE Okhla, Delhi, Delhi, India",28.5355,77.291,2.04,False
2026-08-25 11:19:50,Punjabi Bagh,28.6692,77.1341,129,Moderate,"Punjabi Bagh, Delhi, Delhi, India",28.6692,77.1341,1.7,True
2026-08-25 11:19:50,R.K. Puram,28.5641,77.1765,172,Moderate,"R.K. Puram, Delhi, Delhi, India",28.5641,77.1765,0.22,True
2026-08-25 11:19:50,Rohini,28.7495,77.0565,154,Moderate,"Pooth Khurd, Bawana, Delhi, Delhi, India",28.7495,77.0565,3.09,False
2026-08-25 11:19:50,Vivek Vihar,28.672,77.3152,63,Satisfactory,"ITI Shahdra, Jhilmil Industrial Area, Delhi, Delhi, India",28.672,77.3152,0.13,True
2026-08-25 11:19:50,Wazirpur,28.7041,77.1663,153,Moderate,"Delhi Institute of Tool Engineering, Wazirpur, Delhi, Delhi, India",28.7041,77.1663,0.41,True
2026-08-25 11:19:50,Chandni Chowk,28.6506,77.2303,166,Moderate,"Mandir Marg, Delhi, Delhi, India",28.6506,77.2303,3.44,False
2026-08-25 11:19:50,Red Fort,28.6562,77.241,166,Moderate,"Mandir Marg, Delhi, Delhi, India",28.6562,77.241,4.65,False
2026-08-25 11:19:50,Connaught Place,28.6315,77.2167,166,Moderate,"Mandir Marg, Delhi, Delhi, India",28.6315,77.2167,1.61,True
2026-08-25 11:52:40,Delhi,28.7041,77.1025,140,Moderate,"Shaheed Sukhdev College of Business Studies, Rohini, Delhi, Delhi, India",28.7041,77.1025,3.56,False
2026-08-25 11:52:40,Faridabad,28.4089,77.3178,109,Moderate,"Dr. Karni Singh Shooting Range, Delhi, Delhi, India",28.4089,77.3178,11.25,False
2026-08-25 11:52:40,Gurgaon,28.4595,77.0266,165,Moderate,"National Institute of Malaria Research, Sector 8, Dwarka, Delhi, Delhi, India",28.4595,77.0266,13.92,False
2026-08-25 11:52:40,Noida,28.5355,77.391,142,Moderate,"DITE Okhla, Delhi, Delhi, India",28.5355,77.391,11.76,False
2026-08-25 11:52:40,Anand Vihar,28.6469,77.3152,156,Moderate,"Anand Vihar, Delhi, Delhi, India",28.6469,77.3152,0.43,True
2026-08-25 11:52:40,Ashok Vihar,28.698,77.173,142,Moderate,"Delhi Institute of Tool Engineering, Wazirpur, Delhi, Delhi, India",28.698,77.173,0.77,True
2026-08-25 11:52:40,Bawana,28.7996,77.0339,154,Moderate,"Pooth Khurd, Bawana, Delhi, Delhi, India",28.7996,77.0339,2.91,False
2026-08-25 11:52:40,Dwarka,28.573,77.041,165,Moderate,"National Institute of Malaria Research, Sector 8, Dwarka, Delhi, Delhi, India",28.573,77.041,3.44,False
2026-08-25 11:52:40,Jahangirpuri,28.728,77.1636,164,Moderate,"ITI Jahangirpuri, Delhi, Delhi, India",28.728,77.1636,0.99,True
2026-08-25 11:52:40,Mundka,28.6828,76.9821,129,Moderate,"Mundka, Delhi, Delhi, India",28.6828,76.9821,4.72,False
2026-08-25 11:52:40,Narela,28.8553,77.0888,96,Satisfactory,"Narela, Delhi, Delhi, India",28.8553,77.0888,4.04,False
2026-08-25 11:52:40,Okhla,28.5355,77.291,142,Moderate,"DITE Okhla, Delhi, Delhi, India",28.5355,77.291,2.04,False
2026-08-25 11:52:40,Punjabi Bagh,28.6692,77.1341,99,Satisfactory,"Punjabi Bagh, Delhi, Delhi, India",28.6692,77.1341,1.7,True
2026-08-25 11:52:40,R.K. Puram,28.5641,77.1765,166,Moderate,"R.K. Puram, Delhi, Delhi, India",28.5641,77.1765,0.22,True
2026-08-25 11:52:40,Rohini,28.7495,77.0565,154,Moderate,"Pooth Khurd, Bawana, Delhi, Delhi, India",28.7495,77.0565,3.09,False
2026-08-25 11:52:40,Vivek Vihar,28.672,77.3152,78,Satisfactory,"ITI Shahdra, Jhilmil Industrial Area, Delhi, Delhi, India",28.672,77.3152,0.13,True
2026-08-25 11:52:40,Wazirpur,28.7041,77.1663,142,Moderate,"Delhi Institute of Tool Engineering, Wazirpur, Delhi, Delhi, India",28.7041,77.1663,0.41,True
2026-08-25 11:52:40,Chandni Chowk,28.6506,77.2303,95,Satisfactory,"Mandir Marg, Delhi, Delhi, India",28.6506,77.2303,3.44,False
2026-08-25 11:52:40,Red Fort,28.6562,77.241,95,Satisfactory,"Mandir Marg, Delhi, Delhi, India",28.6562,77.241,4.65,False
2026-08-25 11:52:40,Connaught Place,28.6315,77.2167,95,Satisfactory,"Mandir Marg, Delhi, Delhi, India",28.6315,77.2167,1.61,True
2026-08-25 12:31:43,Delhi,28.7041,77.1025,140,Moderate,"Shaheed Sukhdev College of Business Studies, Rohini, Delhi, Delhi, India",28.7041,77.1025,3.56,False
2026-08-25 12:31:43,Faridabad,28.4089,77.3178,109,Moderate,"Dr. Karni Singh Shooting Range, Delhi, Delhi, India",28.4089,77.3178,11.25,False
2026-08-25 12:31:43,Gurgaon,28.4595,77.0266,165,Moderate,"National Institute of Malaria Research, Sector 8, Dwarka, Delhi, Delhi, India",28.4595,77.0266,13.92,False
2026-08-25 12:31:43,Noida,28.5355,77.391,142,Moderate,"DITE Okhla, Delhi, Delhi, India",28.5355,77.391,11.76,False
2026-08-25 12:31:43,Anand Vihar,28.6469,77.3152,156,Moderate,"Anand Vihar, Delhi, Delhi, India",28.6469,77.3152,0.43,True
2026-08-25 12:31:43,Ashok Vihar,28.698,77.173,142,Moderate,"Delhi Institute of Tool Engineering, Wazirpur, Delhi, Delhi, India",28.698,77.173,0.77,True
2026-08-25 12:31:43,Bawana,28.7996,77.0339,154,Moderate,"Pooth Khurd, Bawana, Delhi, Delhi, India",28.7996,77.0339,2.91,False
2026-08-25 12:31:43,Dwarka,28.573,77.041,165,Moderate,"National Institute of Malaria Research, Sector 8, Dwarka, Delhi, Delhi, India",28.573,77.041,3.44,False
2026-08-25 12:31:43,Jahangirpuri,28.728,77.1636,164,Moderate,"ITI Jahangirpuri, Delhi, Delhi, India",28.728,77.1636,0.99,True
2026-08-25 12:31:43,Mundka,28.6828,76.9821,129,Moderate,"Mundka, Delhi, Delhi, India",28.6828,76.9821,4.72,False
2026-08-25 12:31:43,Narela,28.8553,77.0888,96,Satisfactory,"Narela, Delhi, Delhi, India",28.8553,77.0888,4.04,False
2026-08-25 12:31:43,Okhla,28.5355,77.291,142,Moderate,"DITE Okhla, Delhi, Delhi, India",28.5355,77.291,2.04,False
2026-08-25 12:31:43,Punjabi Bagh,28.6692,77.1341,99,Satisfactory,"Punjabi Bagh, Delhi, Delhi, India",28.6692,77.1341,1.7,True
2026-08-25 12:31:43,R.K. Puram,28.5641,77.1765,166,Moderate,"R.K. Puram, Delhi, Delhi, India",28.5641,77.1765,0.22,True
2026-08-25 12:31:43,Rohini,28.7495,77.0565,154,Moderate,"Pooth Khurd, Bawana, Delhi, Delhi, India",28.7495,77.0565,3.09,False
2026-08-25 12:31:43,Vivek Vihar,28.672,77.3152,78,Satisfactory,"ITI Shahdra, Jhilmil Industrial Area, Delhi, Delhi, India",28.672,77.3152,0.13,True
2026-08-25 12:31:43,Wazirpur,28.7041,77.1663,142,Moderate,"Delhi Institute of Tool Engineering, Wazirpur, Delhi, Delhi, India",28.7041,77.1663,0.41,True
2026-08-25 12:31:43,Chandni Chowk,28.6506,77.2303,95,Satisfactory,"Mandir Marg, Delhi, Delhi, India",28.6506,77.2303,3.44,False
2026-08-25 12:31:43,Red Fort,28.6562,77.241,95,Satisfactory,"Mandir Marg, Delhi, Delhi, India",28.6562,77.241,4.65,False
2026-08-25 12:31:43,Connaught Place,28.6315,77.2167,95,Satisfactory,"Mandir Marg, Delhi, Delhi, India",28.6315,77.2167,1.61,True
2026-08-25 13:42:27,Delhi,28.7041,77.1025,79,Satisfactory,"Shaheed Sukhdev College of Business Studies, Rohini, Delhi, Delhi, India",28.7041,77.1025,3.56,False
2026-08-25 13:42:27,Faridabad,28.4089,77.3178,50,Good,"Dr. Karni Singh Shooting Range, Delhi, Delhi, India",28.4089,77.3178,11.25,False
2026-08-25 13:42:27,Gurgaon,28.4595,77.0266,74,Satisfactory,"National Institute of Malaria Research, Sector 8, Dwarka, Delhi, Delhi, India",28.4595,77.0266,13.92,False
2026-08-25 13:42:27,Noida,28.5355,77.391,68,Satisfactory,"DITE Okhla, Delhi, Delhi, India",28.5355,77.391,11.76,False
2026-08-25 13:42:27,Anand Vihar,28.6469,77.3152,119,Moderate,"Anand Vihar, Delhi, Delhi, India",28.6469,77.3152,0.43,True
2026-08-25 13:42:27,Ashok Vihar,28.698,77.173,87,Satisfactory,"Delhi Institute of Tool Engineering, Wazirpur, Delhi, Delhi, India",28.698,77.173,0.77,True
2026-08-25 13:42:27,Bawana,28.7996,77.0339,85,Satisfactory,"Pooth Khurd, Bawana, Delhi, Delhi, India",28.7996,77.0339,2.91,False
2026-08-25 13:42:27,Dwarka,28.573,77.041,74,Satisfactory,"National Institute of Malaria Research, Sector 8, Dwarka, Delhi, Delhi, India",28.573,77.041,3.44,False
2026-08-25 13:42:27,Jahangirpuri,28.728,77.1636,89,Satisfactory,"ITI Jahangirpuri, Delhi, Delhi, India",28.728,77.1636,0.99,True
2026-08-25 13:42:27,Mundka,28.6828,76.9821,151,Moderate,"Mundka, Delhi, Delhi, India",28.6828,76.9821,4.72,False
2026-08-25 13:42:27,Narela,28.8553,77.0888,76,Satisfactory,"Narela, Delhi, Delhi, India",28.8553,77.0888,4.04,False
2026-08-25 13:42:27,Okhla,28.5355,77.291,68,Satisfactory,"DITE Okhla, Delhi, Delhi, India",28.5355,77.291,2.04,False
2026-08-25 13:42:27,Punjabi Bagh,28.6692,77.1341,72,Satisfactory,"Punjabi Bagh, Delhi, Delhi, India",28.6692,77.1341,1.7,True
2026-08-25 13:42:27,R.K. Puram,28.5641,77.1765,125,Moderate,"R.K. Puram, Delhi, Delhi, India",28.5641,77.1765,0.22,True
2026-08-25 13:42:27,Rohini,28.7495,77.0565,85,Satisfactory,"Pooth Khurd, Bawana, Delhi, Delhi, India",28.7495,77.0565,3.09,False
2026-08-25 13:42:27,Vivek Vihar,28.672,77.3152,45,Good,"ITI Shahdra, Jhilmil Industrial Area, Delhi, Delhi, India",28.672,77.3152,0.13,True
2026-08-25 13:42:27,Wazirpur,28.7041,77.1663,87,Satisfactory,"Delhi Institute of Tool Engineering, Wazirpur, Delhi, Delhi, India",28.7041,77.1663,0.41,True
2026-08-25 13:42:27,Chandni Chowk,28.6506,77.2303,72,Satisfactory,"Mandir Marg, Delhi, Delhi, India",28.6506,77.2303,3.44,False
2026-08-25 13:42:27,Red Fort,28.6562,77.241,72,Satisfactory,"Mandir Marg, Delhi, Delhi, India",28.6562,77.241,4.65,False
2026-08-25 13:42:27,Connaught Place,28.6315,77.2167,72,Satisfactory,"Mandir Marg, Delhi, Delhi, India",28.6315,77.2167,1.61,True
2026-08-25 14:36:51,Delhi,28.7041,77.1025,79,Satisfactory,"Shaheed Sukhdev College of Business Studies, Rohini, Delhi, Delhi, India",28.7041,77.1025,3.56,False
2026-08-25 14:36:51,Faridabad,28.4089,77.3178,99,Satisfactory,"Dr. Karni Singh Shooting Range, Delhi, Delhi, India",28.4089,77.3178,11.25,False
2026-08-25 14:36:51,Gurgaon,28.4595,77.0266,74,Satisfactory,"National Institute of Malaria Research, Sector 8, Dwarka, Delhi, Delhi, India",28.4595,77.0266,13.92,False
2026-08-25 14:36:51,Noida,28.5355,77.391,68,Satisfactory,"DITE Okhla, Delhi, Delhi, India",28.5355,77.391,11.76,False
2026-08-25 14:36:51,Anand Vihar,28.6469,77.3152,134,Moderate,"Anand Vihar, Delhi, Delhi, India",28.6469,77.3152,0.43,True
2026-08-25 14:36:51,Ashok Vihar,28.698,77.173,87,Satisfactory,"Delhi Institute of Tool Engineering, Wazirpur, Delhi, Delhi, India",28.698,77.173,0.77,True
2026-08-25 14:36:51,Bawana,28.7996,77.0339,85,Satisfactory,"Pooth Khurd, Bawana, Delhi, Delhi, India",28.7996,77.0339,2.91,False
2026-08-25 14:36:51,Dwarka,28.573,77.041,74,Satisfactory,"National Institute of Malaria Research, Sector 8, Dwarka, Delhi, Delhi, India",28.573,77.041,3.44,False
2026-08-25 14:36:51,Jahangirpuri,28.728,77.1636,73,Satisfactory,"ITI Jahangirpuri, Delhi, Delhi, India",28.728,77.1636,0.99,True
2026-08-25 14:36:51,Mundka,28.6828,76.9821,19,Good,"Mundka, Delhi, Delhi, India",28.6828,76.9821,4.72,False
2026-08-25 14:36:51,Narela,28.8553,77.0888,76,Satisfactory,"Narela, Delhi, Delhi, India",28.8553,77.0888,4.04,False
2026-08-25 14:36:51,Okhla,28.5355,77.291,68,Satisfactory,"DITE Okhla, Delhi, Delhi, India",28.5355,77.291,2.04,False
2026-08-25 14:36:51,Punjabi Bagh,28.6692,77.1341,72,Satisfactory,"Punjabi Bagh, Delhi, Delhi, India",28.6692,77.1341,1.7,True
2026-08-25 14:36:51,R.K. Puram,28.5641,77.1765,125,Moderate,"R.K. Puram, Delhi, Delhi, India",28.5641,77.1765,0.22,True
2026-08-25 14:36:51,Rohini,28.7495,77.0565,85,Satisfactory,"Pooth Khurd, Bawana, Delhi, Delhi, India",28.7495,77.0565,3.09,False
2026-08-25 14:36:51,Vivek Vihar,28.672,77.3152,45,Good,"ITI Shahdra, Jhilmil Industrial Area, Delhi, Delhi, India",28.672,77.3152,0.13,True
2026-08-25 14:36:51,Wazirpur,28.7041,77.1663,87,Satisfactory,"Delhi Institute of Tool Engineering, Wazirpur, Delhi, Delhi, India",28.7041,77.1663,0.41,True
2026-08-25 14:36:51,Chandni Chowk,28.6506,77.2303,72,Satisfactory,"Mandir Marg, Delhi, Delhi, India",28.6506,77.2303,3.44,False
2026-08-25 14:36:51,Red Fort,28.6562,77.241,72,Satisfactory,"Mandir Marg, Delhi, Delhi, India",28.6562,77.241,4.65,False
2026-08-25 14:36:51,Connaught Place,28.6315,77.2167,72,Satisfactory,"Mandir Marg, Delhi, Delhi, India",28.6315,77.2167,1.61,True
2026-08-25 15:35:05,Delhi,28.7041,77.1025,90,Satisfactory,"Shaheed Sukhdev College of Business Studies, Rohini, Delhi, Delhi, India",28.7041,77.1025,3.56,False
2026-08-25 15:35:05,Faridabad,28.4089,77.3178,97,Satisfactory,"Dr. Karni Singh Shooting Range, Delhi, Delhi, India",28.4089,77.3178,11.25,False
2026-08-25 15:35:05,Gurgaon,28.4595,77.0266,85,Satisfactory,"National Institute of Malaria Research, Sector 8, Dwarka, Delhi, Delhi, India",28.4595,77.0266,13.92,False
2026-08-25 15:35:05,Noida,28.5355,77.391,50,Good,"DITE Okhla, Delhi, Delhi, India",28.5355,77.391,11.76,False
2026-08-25 15:35:05,Anand Vihar,28.6469,77.3152,134,Moderate,"Anand Vihar, Delhi, Delhi, India",28.6469,77.3152,0.43,True
2026-08-25 15:35:05,Ashok Vihar,28.698,77.173,54,Satisfactory,"Delhi Institute of Tool Engineering, Wazirpur, Delhi, Delhi, India",28.698,77.173,0.77,True
2026-08-25 15:35:05,Bawana,28.7996,77.0339,87,Satisfactory,"Pooth Khurd, Bawana, Delhi, Delhi, India",28.7996,77.0339,2.91,False
2026-08-25 15:35:05,Dwarka,28.573,77.041,85,Satisfactory,"National Institute of Malaria Research, Sector 8, Dwarka, Delhi, Delhi, India",28.573,77.041,3.44,False
2026-08-25 15:35:05,Jahangirpuri,28.728,77.1636,73,Satisfactory,"ITI Jahangirpuri, Delhi, Delhi, India",28.728,77.1636,0.99,True
2026-08-25 15:35:05,Mundka,28.6828,76.9821,19,Good,"Mundka, Delhi, Delhi, India",28.6828,76.9821,4.72,False
2026-08-25 15:35:05,Narela,28.8553,77.0888,76,Satisfactory,"Narela, Delhi, Delhi, India",28.8553,77.0888,4.04,False
2026-08-25 15:35:05,Okhla,28.5355,77.291,50,Good,"DITE Okhla, Delhi, Delhi, India",28.5355,77.291,2.04,False
2026-08-25 15:35:05,Punjabi Bagh,28.6692,77.1341,17,Good,"Punjabi Bagh, Delhi, Delhi, India",28.6692,77.1341,1.7,True
2026-08-25 15:35:05,R.K. Puram,28.5641,77.1765,101,Moderate,"R.K. Puram, Delhi, Delhi, India",28.5641,77.1765,0.22,True
2026-08-25 15:35:05,Rohini,28.7495,77.0565,87,Satisfactory,"Pooth Khurd, Bawana, Delhi, Delhi, India",28.7495,77.0565,3.09,False
2026-08-25 15:35:05,Vivek Vihar,28.672,77.3152,79,Satisfactory,"ITI Shahdra, Jhilmil Industrial Area, Delhi, Delhi, India",28.672,77.3152,0.13,True
2026-08-25 15:35:05,Wazirpur,28.7041,77.1663,54,Satisfactory,"Delhi Institute of Tool Engineering, Wazirpur, Delhi, Delhi, India",28.7041,77.1663,0.41,True
2026-08-25 15:35:05,Chandni Chowk,28.6506,77.2303,62,Satisfactory,"Mandir Marg, Delhi, Delhi, India",28.6506,77.2303,3.44,False
2026-08-25 15:35:05,Red Fort,28.6562,77.241,62,Satisfactory,"Mandir Marg, Delhi, Delhi, India",28.6562,77.241,4.65,False
2026-08-25 15:35:05,Connaught Place,28.6315,77.2167,62,Satisfactory,"Mandir Marg, Delhi, Delhi, India",28.6315,77.2167,1.61,True
2026-08-25 16:27:05,Delhi,28.7041,77.1025,94,Satisfactory,"Shaheed Sukhdev College of Business Studies, Rohini, Delhi, Delhi, India",28.7041,77.1025,3.56,False
2026-08-25 16:27:05,Faridabad,28.4089,77.3178,85,Satisfactory,"Dr. Karni Singh Shooting Range, Delhi, Delhi, India",28.4089,77.3178,11.25,False
2026-08-25 16:27:05,Gurgaon,28.4595,77.0266,72,Satisfactory,"National Institute of Malaria Research, Sector 8, Dwarka, Delhi, Delhi, India",28.4595,77.0266,13.92,False
2026-08-25 16:27:05,Noida,28.5355,77.391,63,Satisfactory,"DITE Okhla, Delhi, Delhi, India",28.5355,77.391,11.76,False
2026-08-25 16:27:05,Anand Vihar,28.6469,77.3152,157,Moderate,"Anand Vihar, Delhi, Delhi, India",28.6469,77.3152,0.43,True
2026-08-25 16:27:05,Ashok Vihar,28.698,77.173,68,Satisfactory,"Delhi Institute of Tool Engineering, Wazirpur, Delhi, Delhi, India",28.698,77.173,0.77,True
2026-08-25 16:27:05,Bawana,28.7996,77.0339,66,Satisfactory,"Pooth Khurd, Bawana, Delhi, Delhi, India",28.7996,77.0339,2.91,False
2026-08-25 16:27:05,Dwarka,28.573,77.041,72,Satisfactory,"National Institute of Malaria Research, Sector 8, Dwarka, Delhi, Delhi, India",28.573,77.041,3.44,False
2026-08-25 16:27:05,Jahangirpuri,28.728,77.1636,50,Good,"ITI Jahangirpuri, Delhi, Delhi, India",28.728,77.1636,0.99,True
2026-08-25 16:27:05,Mundka,28.6828,76.9821,31,Good,"Mundka, Delhi, Delhi, India",28.6828,76.9821,4.72,False
2026-08-25 16:27:05,Narela,28.8553,77.0888,76,Satisfactory,"Narela, Delhi, Delhi, India",28.8553,77.0888,4.04,False
2026-08-25 16:27:05,Okhla,28.5355,77.291,63,Satisfactory,"DITE Okhla, Delhi, Delhi, India",28.5355,77.291,2.04,False
2026-08-25 16:27:05,Punjabi Bagh,28.6692,77.1341,87,Satisfactory,"Punjabi Bagh, Delhi, Delhi, India",28.6692,77.1341,1.7,True
2026-08-25 16:27:05,R.K. Puram,28.5641,77.1765,70,Satisfactory,"R.K. Puram, Delhi, Delhi, India",28.5641,77.1765,0.22,True
2026-08-25 16:27:05,Rohini,28.7495,77.0565,66,Satisfactory,"Pooth Khurd, Bawana, Delhi, Delhi, India",28.7495,77.0565,3.09,False
2026-08-25 16:27:05,Vivek Vihar,28.672,77.3152,102,Moderate,"ITI Shahdra, Jhilmil Industrial Area, Delhi, Delhi, India",28.672,77.3152,0.13,True
2026-08-25 16:27:05,Wazirpur,28.7041,77.1663,68,Satisfactory,"Delhi Institute of Tool Engineering, Wazirpur, Delhi, Delhi, India",28.7041,77.1663,0.41,True
2026-08-25 16:27:05,Chandni Chowk,28.6506,77.2303,57,Satisfactory,"Mandir Marg, Delhi, Delhi, India",28.6506,77.2303,3.44,False
2026-08-25 16:27:05,Red Fort,28.6562,77.241,57,Satisfactory,"Mandir Marg, Delhi, Delhi, India",28.6562,77.241,4.65,False
2026-08-25 16:27:05,Connaught Place,28.6315,77.2167,57,Satisfactory,"Mandir Marg, Delhi, Delhi, India",28.6315,77.2167,1.61,True
2026-08-25 17:05:20,Delhi,28.7041,77.1025,76,Satisfactory,"Shaheed Sukhdev College of Business Studies, Rohini, Delhi, Delhi, India",28.7041,77.1025,3.56,False
2026-08-25 17:05:20,Faridabad,28.4089,77.3178,69,Satisfactory,"Dr. Karni Singh Shooting Range, Delhi, Delhi, India",28.4089,77.3178,11.25,False
2026-08-25 17:05:20,Gurgaon,28.4595,77.0266,63,Satisfactory,"National Institute of Malaria Research, Sector 8, Dwarka, Delhi, Delhi, India",28.4595,77.0266,13.92,False
2026-08-25 17:05:20,Noida,28.5355,77.391,85,Satisfactory,"DITE Okhla, Delhi, Delhi, India",28.5355,77.391,11.76,False
2026-08-25 17:05:20,Anand Vihar,28.6469,77.3152,168,Moderate,"Anand Vihar, Delhi, Delhi, India",28.6469,77.3152,0.43,True
2026-08-25 17:05:20,Ashok Vihar,28.698,77.173,85,Satisfactory,"Delhi Institute of Tool Engineering, Wazirpur, Delhi, Delhi, India",28.698,77.173,0.77,True
2026-08-25 17:05:20,Bawana,28.7996,77.0339,72,Satisfactory,"Pooth Khurd, Bawana, Delhi, Delhi, India",28.7996,77.0339,2.91,False
2026-08-25 17:05:20,Dwarka,28.573,77.041,63,Satisfactory,"National Institute of Malaria Research, Sector 8, Dwarka, Delhi, Delhi, India",28.573,77.041,3.44,False
2026-08-25 17:05:20,Jahangirpuri,28.728,77.1636,85,Satisfactory,"ITI Jahangirpuri, Delhi, Delhi, India",28.728,77.1636,0.99,True
2026-08-25 17:05:20,Mundka,28.6828,76.9821,74,Satisfactory,"Mundka, Delhi, Delhi, India",28.6828,76.9821,4.72,False
2026-08-25 17:05:20,Narela,28.8553,77.0888,15,Good,"Narela, Delhi, Delhi, India",28.8553,77.0888,4.04,False
2026-08-25 17:05:20,Okhla,28.5355,77.291,85,Satisfactory,"DITE Okhla, Delhi, Delhi, India",28.5355,77.291,2.04,False
2026-08-25 17:05:20,Punjabi Bagh,28.6692,77.1341,117,Moderate,"Punjabi Bagh, Delhi, Delhi, India",28.6692,77.1341,1.7,True
2026-08-25 17:05:20,R.K. Puram,28.5641,77.1765,132,Moderate,"R.K. Puram, Delhi, Delhi, India",28.5641,77.1765,0.22,True
2026-08-25 17:05:20,Rohini,28.7495,77.0565,72,Satisfactory,"Pooth Khurd, Bawana, Delhi, Delhi, India",28.7495,77.0565,3.09,False
2026-08-25 17:05:20,Vivek Vihar,28.672,77.3152,112,Moderate,"ITI Shahdra, Jhilmil Industrial Area, Delhi, Delhi, India",28.672,77.3152,0.13,True
2026-08-25 17:05:20,Wazirpur,28.7041,77.1663,85,Satisfactory,"Delhi Institute of Tool Engineering, Wazirpur, Delhi, Delhi, India",28.7041,77.1663,0.41,True
2026-08-25 17:05:20,Chandni Chowk,28.6506,77.2303,74,Satisfactory,"Mandir Marg, Delhi, Delhi, India",28.6506,77.2303,3.44,False
2026-08-25 17:05:20,Red Fort,28.6562,77.241,74,Satisfactory,"Mandir Marg, Delhi, Delhi, India",28.6562,77.241,4.65,False
2026-08-25 17:05:20,Connaught Place,28.6315,77.2167,74,Satisfactory,"Mandir Marg, Delhi, Delhi, India",28.6315,77.2167,1.61,True
2026-08-25 17:53:54,Delhi,28.7041,77.1025,157,Moderate,"Shaheed Sukhdev College of Business Studies, Rohini, Delhi, Delhi, India",28.7041,77.1025,3.56,False
2026-08-25 17:53:54,Faridabad,28.4089,77.3178,104,Moderate,"Dr. Karni Singh Shooting Range, Delhi, Delhi, India",28.4089,77.3178,11.25,False
2026-08-25 17:53:54,Gurgaon,28.4595,77.0266,59,Satisfactory,"National Institute of Malaria Research, Sector 8, Dwarka, Delhi, Delhi, India",28.4595,77.0266,13.92,False
2026-08-25 17:53:54,Noida,28.5355,77.391,95,Satisfactory,"DITE Okhla, Delhi, Delhi, India",28.5355,77.391,11.76,False
2026-08-25 17:53:54,Anand Vihar,28.6469,77.3152,160,Moderate,"Anand Vihar, Delhi, Delhi, India",28.6469,77.3152,0.43,True
2026-08-25 17:53:54,Ashok Vihar,28.698,77.173,127,Moderate,"Delhi Institute of Tool Engineering, Wazirpur, Delhi, Delhi, India",28.698,77.173,0.77,True
2026-08-25 17:53:54,Bawana,28.7996,77.0339,107,Moderate,"Pooth Khurd, Bawana, Delhi, Delhi, India",28.7996,77.0339,2.91,False
2026-08-25 17:53:54,Dwarka,28.573,77.041,59,Satisfactory,"National Institute of Malaria Research, Sector 8, Dwarka, Delhi, Delhi, India",28.573,77.041,3.44,False
2026-08-25 17:53:54,Jahangirpuri,28.728,77.1636,124,Moderate,"ITI Jahangirpuri, Delhi, Delhi, India",28.728,77.1636,0.99,True
2026-08-25 17:53:54,Mundka,28.6828,76.9821,114,Moderate,"Mundka, Delhi, Delhi, India",28.6828,76.9821,4.72,False
2026-08-25 17:53:54,Narela,28.8553,77.0888,34,Good,"Narela, Delhi, Delhi, India",28.8553,77.0888,4.04,False
2026-08-25 17:53:54,Okhla,28.5355,77.291,95,Satisfactory,"DITE Okhla, Delhi, Delhi, India",28.5355,77.291,2.04,False
2026-08-25 17:53:54,Punjabi Bagh,28.6692,77.1341,129,Moderate,"Punjabi Bagh, Delhi, Delhi, India",28.6692,77.1341,1.7,True
2026-08-25 17:53:54,R.K. Puram,28.5641,77.1765,154,Moderate,"R.K. Puram, Delhi, Delhi, India",28.5641,77.1765,0.22,True
2026-08-25 17:53:54,Rohini,28.7495,77.0565,107,Moderate,"Pooth Khurd, Bawana, Delhi, Delhi, India",28.7495,77.0565,3.09,False
2026-08-25 17:53:54,Vivek Vihar,28.672,77.3152,68,Satisfactory,"ITI Shahdra, Jhilmil Industrial Area, Delhi, Delhi, India",28.672,77.3152,0.13,True
2026-08-25 17:53:54,Wazirpur,28.7041,77.1663,127,Moderate,"Delhi Institute of Tool Engineering, Wazirpur, Delhi, Delhi, India",28.7041,77.1663,0.41,True
2026-08-25 17:53:54,Chandni Chowk,28.6506,77.2303,57,Satisfactory,"Mandir Marg, Delhi, Delhi, India",28.6506,77.2303,3.44,False
2026-08-25 17:53:54,Red Fort,28.6562,77.241,57,Satisfactory,"Mandir Marg, Delhi, Delhi, India",28.6562,77.241,4.65,False
2026-08-25 17:53:54,Connaught Place,28.6315,77.2167,57,Satisfactory,"Mandir Marg, Delhi, Delhi, India",28.6315,77.2167,1.61,True
2026-08-25 18:28:15,Delhi,28.7041,77.1025,157,Moderate,"Shaheed Sukhdev College of Business Studies, Rohini, Delhi, Delhi, India",28.7041,77.1025,3.56,False
2026-08-25 18:28:15,Faridabad,28.4089,77.3178,104,Moderate,"Dr. Karni Singh Shooting Range, Delhi, Delhi, India",28.4089,77.3178,11.25,False
2026-08-25 18:28:15,Gurgaon,28.4595,77.0266,59,Satisfactory,"National Institute of Malaria Research, Sector 8, Dwarka, Delhi, Delhi, India",28.4595,77.0266,13.92,False
2026-08-25 18:28:15,Noida,28.5355,77.391,95,Satisfactory,"DITE Okhla, Delhi, Delhi, India",28.5355,77.391,11.76,False
2026-08-25 18:28:15,Anand Vihar,28.6469,77.3152,160,Moderate,"Anand Vihar, Delhi, Delhi, India",28.6469,77.3152,0.43,True
2026-08-25 18:28:15,Ashok Vihar,28.698,77.173,127,Moderate,"Delhi Institute of Tool Engineering, Wazirpur, Delhi, Delhi, India",28.698,77.173,0.77,True
2026-08-25 18:28:15,Bawana,28.7996,77.0339,107,Moderate,"Pooth Khurd, Bawana, Delhi, Delhi, India",28.7996,77.0339,2.91,False
2026-08-25 18:28:15,Dwarka,28.573,77.041,59,Satisfactory,"National Institute of Malaria Research, Sector 8, Dwarka, Delhi, Delhi, India",28.573,77.041,3.44,False
2026-08-25 18:28:15,Jahangirpuri,28.728,77.1636,124,Moderate,"ITI Jahangirpuri, Delhi, Delhi, India",28.728,77.1636,0.99,True
2026-08-25 18:28:15,Mundka,28.6828,76.9821,114,Moderate,"Mundka, Delhi, Delhi, India",28.6828,76.9821,4.72,False
2026-08-25 18:28:15,Narela,28.8553,77.0888,34,Good,"Narela, Delhi, Delhi, India",28.8553,77.0888,4.04,False
2026-08-25 18:28:15,Okhla,28.5355,77.291,95,Satisfactory,"DITE Okhla, Delhi, Delhi, India",28.5355,77.291,2.04,False
2026-08-25 18:28:15,Punjabi Bagh,28.6692,77.1341,129,Moderate,"Punjabi Bagh, Delhi, Delhi, India",28.6692,77.1341,1.7,True
2026-08-25 18:28:15,R.K. Puram,28.5641,77.1765,154,Moderate,"R.K. Puram, Delhi, Delhi, India",28.5641,77.1765,0.22,True
2026-08-25 18:28:15,Rohini,28.7495,77.0565,107,Moderate,"Pooth Khurd, Bawana, Delhi, Delhi, India",28.7495,77.0565,3.09,False
2026-08-25 18:28:15,Vivek Vihar,28.672,77.3152,68,Satisfactory,"ITI Shahdra, Jhilmil Industrial Area, Delhi, Delhi, India",28.672,77.3152,0.13,True
2026-08-25 18:28:15,Wazirpur,28.7041,77.1663,127,Moderate,"Delhi Institute of Tool Engineering, Wazirpur, Delhi, Delhi, India",28.7041,77.1663,0.41,True
2026-08-25 18:28:15,Chandni Chowk,28.6506,77.2303,57,Satisfactory,"Mandir Marg, Delhi, Delhi, India",28.6506,77.2303,3.44,False
2026-08-25 18:28:15,Red Fort,28.6562,77.241,57,Satisfactory,"Mandir Marg, Delhi, Delhi, India",28.6562,77.241,4.65,False
2026-08-25 18:28:15,Connaught Place,28.6315,77.2167,57,Satisfactory,"Mandir Marg, Delhi, Delhi, India",28.6315,77.2167,1.61,True
2026-08-25 19:08:48,Delhi,28.7041,77.1025,161,Moderate,"Shaheed Sukhdev College of Business Studies, Rohini, Delhi, Delhi, India",28.7041,77.1025,3.56,False
2026-08-25 19:08:48,Faridabad,28.4089,77.3178,164,Moderate,"Dr. Karni Singh Shooting Range, Delhi, Delhi, India",28.4089,77.3178,11.25,False
2026-08-25 19:08:48,Gurgaon,28.4595,77.0266,38,Good,"National Institute of Malaria Research, Sector 8, Dwarka, Delhi, Delhi, India",28.4595,77.0266,13.92,False
2026-08-25 19:08:48,Noida,28.5355,77.391,102,Moderate,"DITE Okhla, Delhi, Delhi, India",28.5355,77.391,11.76,False
2026-08-25 19:08:48,Anand Vihar,28.6469,77.3152,162,Moderate,"Anand Vihar, Delhi, Delhi, India",28.6469,77.3152,0.43,True
2026-08-25 19:08:48,Ashok Vihar,28.698,77.173,110,Moderate,"Delhi Institute of Tool Engineering, Wazirpur, Delhi, Delhi, India",28.698,77.173,0.77,True
2026-08-25 19:08:48,Bawana,28.7996,77.0339,117,Moderate,"Pooth Khurd, Bawana, Delhi, Delhi, India",28.7996,77.0339,2.91,False
2026-08-25 19:08:48,Dwarka,28.573,77.041,38,Good,"National Institute of Malaria Research, Sector 8, Dwarka, Delhi, Delhi, India",28.573,77.041,3.44,False
2026-08-25 19:08:48,Jahangirpuri,28.728,77.1636,107,Moderate,"ITI Jahangirpuri, Delhi, Delhi, India",28.728,77.1636,0.99,True
2026-08-25 19:08:48,Mundka,28.6828,76.9821,95,Satisfactory,"Mundka, Delhi, Delhi, India",28.6828,76.9821,4.72,False
2026-08-25 19:08:48,Narela,28.8553,77.0888,89,Satisfactory,"Narela, Delhi, Delhi, India",28.8553,77.0888,4.04,False
2026-08-25 19:08:48,Okhla,28.5355,77.291,102,Moderate,"DITE Okhla, Delhi, Delhi, India",28.5355,77.291,2.04,False
2026-08-25 19:08:48,Punjabi Bagh,28.6692,77.1341,144,Moderate,"Punjabi Bagh, Delhi, Delhi, India",28.6692,77.1341,1.7,True
2026-08-25 19:08:48,R.K. Puram,28.5641,77.1765,146,Moderate,"R.K. Puram, Delhi, Delhi, India",28.5641,77.1765,0.22,True
2026-08-25 19:08:48,Rohini,28.7495,77.0565,117,Moderate,"Pooth Khurd, Bawana, Delhi, Delhi, India",28.7495,77.0565,3.09,False
2026-08-25 19:08:48,Vivek Vihar,28.672,77.3152,83,Satisfactory,"ITI Shahdra, Jhilmil Industrial Area, Delhi, Delhi, India",28.672,77.3152,0.13,True
2026-08-25 19:08:48,Wazirpur,28.7041,77.1663,110,Moderate,"Delhi Institute of Tool Engineering, Wazirpur, Delhi, Delhi, India",28.7041,77.1663,0.41,True
2026-08-25 19:08:48,Chandni Chowk,28.6506,77.2303,41,Good,"Mandir Marg, Delhi, Delhi, India",28.6506,77.2303,3.44,False
2026-08-25 19:08:48,Red Fort,28.6562,77.241,41,Good,"Mandir Marg, Delhi, Delhi, India",28.6562,77.241,4.65,False
2026-08-25 19:08:48,Connaught Place,28.6315,77.2167,41,Good,"Mandir Marg, Delhi, Delhi, India",28.6315,77.2167,1.61,True
2026-08-25 19:54:07,Delhi,28.7041,77.1025,162,Moderate,"Shaheed Sukhdev College of Business Studies, Rohini, Delhi, Delhi, India",28.7041,77.1025,3.56,False
2026-08-25 19:54:07,Faridabad,28.4089,77.3178,32,Good,"Dr. Karni Singh Shooting Range, Delhi, Delhi, India",28.4089,77.3178,11.25,False
2026-08-25 19:54:07,Gurgaon,28.4595,77.0266,34,Good,"National Institute of Malaria Research, Sector 8, Dwarka, Delhi, Delhi, India",28.4595,77.0266,13.92,False
2026-08-25 19:54:07,Noida,28.5355,77.391,122,Moderate,"DITE Okhla, Delhi, Delhi, India",28.5355,77.391,11.76,False
2026-08-25 19:54:07,Anand Vihar,28.6469,77.3152,164,Moderate,"Anand Vihar, Delhi, Delhi, India",28.6469,77.3152,0.43,True
2026-08-25 19:54:07,Ashok Vihar,28.698,77.173,119,Moderate,"Delhi Institute of Tool Engineering, Wazirpur, Delhi, Delhi, India",28.698,77.173,0.77,True
2026-08-25 19:54:07,Bawana,28.7996,77.0339,153,Moderate,"Pooth Khurd, Bawana, Delhi, Delhi, India",28.7996,77.0339,2.91,False
2026-08-25 19:54:07,Dwarka,28.573,77.041,34,Good,"National Institute of Malaria Research, Sector 8, Dwarka, Delhi, Delhi, India",28.573,77.041,3.44,False
2026-08-25 19:54:07,Jahangirpuri,28.728,77.1636,152,Moderate,"ITI Jahangirpuri, Delhi, Delhi, India",28.728,77.1636,0.99,True
2026-08-25 19:54:07,Mundka,28.6828,76.9821,90,Satisfactory,"Mundka, Delhi, Delhi, India",28.6828,76.9821,4.72,False
2026-08-25 19:54:07,Narela,28.8553,77.0888,68,Satisfactory,"Narela, Delhi, Delhi, India",28.8553,77.0888,4.04,False
2026-08-25 19:54:07,Okhla,28.5355,77.291,122,Moderate,"DITE Okhla, Delhi, Delhi, India",28.5355,77.291,2.04,False
2026-08-25 19:54:07,Punjabi Bagh,28.6692,77.1341,129,Moderate,"Punjabi Bagh, Delhi, Delhi, India",28.6692,77.1341,1.7,True
2026-08-25 19:54:07,R.K. Puram,28.5641,77.1765,142,Moderate,"R.K. Puram, Delhi, Delhi, India",28.5641,77.1765,0.22,True
2026-08-25 19:54:07,Rohini,28.7495,77.0565,153,Moderate,"Pooth Khurd, Bawana, Delhi, Delhi, India",28.7495,77.0565,3.09,False
2026-08-25 19:54:07,Vivek Vihar,28.672,77.3152,112,Moderate,"ITI Shahdra, Jhilmil Industrial Area, Delhi, Delhi, India",28.672,77.3152,0.13,True
2026-08-25 19:54:07,Wazirpur,28.7041,77.1663,119,Moderate,"Delhi Institute of Tool Engineering, Wazirpur, Delhi, Delhi, India",28.7041,77.1663,0.41,True
2026-08-25 19:54:07,Chandni Chowk,28.6506,77.2303,93,Satisfactory,"Mandir Marg, Delhi, Delhi, India",28.6506,77.2303,3.44,False
2026-08-25 19:54:07,Red Fort,28.6562,77.241,93,Satisfactory,"Mandir Marg, Delhi, Delhi, India",28.6562,77.241,4.65,False
2026-08-25 19:54:07,Connaught Place,28.6315,77.2167,93,Satisfactory,"Mandir Marg, Delhi, Delhi, India",28.6315,77.2167,1.61,True
2026-08-25 20:20:32,Delhi,28.7041,77.1025,162,Moderate,"Shaheed Sukhdev College of Business Studies, Rohini, Delhi, Delhi, India",28.7041,77.1025,3.56,False
2026-08-25 20:20:32,Faridabad,28.4089,77.3178,32,Good,"Dr. Karni Singh Shooting Range, Delhi, Delhi, India",28.4089,77.3178,11.25,False
2026-08-25 20:20:32,Gurgaon,28.4595,77.0266,34,Good,"National Institute of Malaria Research, Sector 8, Dwarka, Delhi, Delhi, India",28.4595,77.0266,13.92,False
2026-08-25 20:20:32,Noida,28.5355,77.391,122,Moderate,"DITE Okhla, Delhi, Delhi, India",28.5355,77.391,11.76,False
2026-08-25 20:20:32,Anand Vihar,28.6469,77.3152,164,Moderate,"Anand Vihar, Delhi, Delhi, India",28.6469,77.3152,0.43,True
2026-08-25 20:20:32,Ashok Vihar,28.698,77.173,119,Moderate,"Delhi Institute of Tool Engineering, Wazirpur, Delhi, Delhi, India",28.698,77.173,0.77,True
2026-08-25 20:20:32,Bawana,28.7996,77.0339,153,Moderate,"Pooth Khurd, Bawana, Delhi, Delhi, India",28.7996,77.0339,2.91,False
2026-08-25 20:20:32,Dwarka,28.573,77.041,34,Good,"National Institute of Malaria Research, Sector 8, Dwarka, Delhi, Delhi, India",28.573,77.041,3.44,False
2026-08-25 20:20:32,Jahangirpuri,28.728,77.1636,152,Moderate,"ITI Jahangirpuri, Delhi, Delhi, India",28.728,77.1636,0.99,True
2026-08-25 20:20:32,Mundka,28.6828,76.9821,90,Satisfactory,"Mundka, Delhi, Delhi, India",28.6828,76.9821,4.72,False
2026-08-25 20:20:32,Narela,28.8553,77.0888,68,Satisfactory,"Narela, Delhi, Delhi, India",28.8553,77.0888,4.04,False
2026-08-25 20:20:32,Okhla,28.5355,77.291,122,Moderate,"DITE Okhla, Delhi, Delhi, India",28.5355,77.291,2.04,False
2026-08-25 20:20:32,Punjabi Bagh,28.6692,77.1341,129,Moderate,"Punjabi Bagh, Delhi, Delhi, India",28.6692,77.1341,1.7,True
2026-08-25 20:20:32,R.K. Puram,28.5641,77.1765,142,Moderate,"R.K. Puram, Delhi, Delhi, India",28.5641,77.1765,0.22,True
2026-08-25 20:20:32,Rohini,28.7495,77.0565,153,Moderate,"Pooth Khurd, Bawana, Delhi, Delhi, India",28.7495,77.0565,3.09,False
2026-08-25 20:20:32,Vivek Vihar,28.672,77.3152,112,Moderate,"ITI Shahdra, Jhilmil Industrial Area, Delhi, Delhi, India",28.672,77.3152,0.13,True
2026-08-25 20:20:32,Wazirpur,28.7041,77.1663,119,Moderate,"Delhi Institute of Tool Engineering, Wazirpur, Delhi, Delhi, India",28.7041,77.1663,0.41,True
2026-08-25 20:20:32,Chandni Chowk,28.6506,77.2303,93,Satisfactory,"Mandir Marg, Delhi, Delhi, India",28.6506,77.2303,3.44,False
2026-08-25 20:20:32,Red Fort,28.6562,77.241,93,Satisfactory,"Mandir Marg, Delhi, Delhi, India",28.6562,77.241,4.65,False
2026-08-25 20:20:32,Connaught Place,28.6315,77.2167,93,Satisfactory,"Mandir Marg, Delhi, Delhi, India",28.6315,77.2167,1.61,True
2026-08-25 20:54:05,Delhi,28.7041,77.1025,161,Moderate,"Shaheed Sukhdev College of Business Studies, Rohini, Delhi, Delhi, India",28.7041,77.1025,3.56,False
2026-08-25 20:54:05,Faridabad,28.4089,77.3178,45,Good,"Dr. Karni Singh Shooting Range, Delhi, Delhi, India",28.4089,77.3178,11.25,False
2026-08-25 20:54:05,Gurgaon,28.4595,77.0266,72,Satisfactory,"National Institute of Malaria Research, Sector 8, Dwarka, Delhi, Delhi, India",28.4595,77.0266,13.92,False
2026-08-25 20:54:05,Noida,28.5355,77.391,107,Moderate,"DITE Okhla, Delhi, Delhi, India",28.5355,77.391,11.76,False
2026-08-25 20:54:05,Anand Vihar,28.6469,77.3152,170,Moderate,"Anand Vihar, Delhi, Delhi, India",28.6469,77.3152,0.43,True
2026-08-25 20:54:05,Ashok Vihar,28.698,77.173,112,Moderate,"Delhi Institute of Tool Engineering, Wazirpur, Delhi, Delhi, India",28.698,77.173,0.77,True
2026-08-25 20:54:05,Bawana,28.7996,77.0339,154,Moderate,"Pooth Khurd, Bawana, Delhi, Delhi, India",28.7996,77.0339,2.91,False
2026-08-25 20:54:05,Dwarka,28.573,77.041,72,Satisfactory,"National Institute of Malaria Research, Sector 8, Dwarka, Delhi, Delhi, India",28.573,77.041,3.44,False
2026-08-25 20:54:05,Jahangirpuri,28.728,77.1636,178,Moderate,"ITI Jahangirpuri, Delhi, Delhi, India",28.728,77.1636,0.99,True
2026-08-25 20:54:05,Mundka,28.6828,76.9821,108,Moderate,"Mundka, Delhi, Delhi, India",28.6828,76.9821,4.72,False
2026-08-25 20:54:05,Narela,28.8553,77.0888,70,Satisfactory,"Narela, Delhi, Delhi, India",28.8553,77.0888,4.04,False
2026-08-25 20:54:05,Okhla,28.5355,77.291,107,Moderate,"DITE Okhla, Delhi, Delhi, India",28.5355,77.291,2.04,False
2026-08-25 20:54:05,Punjabi Bagh,28.6692,77.1341,144,Moderate,"Punjabi Bagh, Delhi, Delhi, India",28.6692,77.1341,1.7,True
2026-08-25 20:54:05,R.K. Puram,28.5641,77.1765,131,Moderate,"R.K. Puram, Delhi, Delhi, India",28.5641,77.1765,0.22,True
2026-08-25 20:54:05,Rohini,28.7495,77.0565,154,Moderate,"Pooth Khurd, Bawana, Delhi, Delhi, India",28.7495,77.0565,3.09,False
2026-08-25 20:54:05,Vivek Vihar,28.672,77.3152,107,Moderate,"ITI Shahdra, Jhilmil Industrial Area, Delhi, Delhi, India",28.672,77.3152,0.13,True
2026-08-25 20:54:05,Wazirpur,28.7041,77.1663,112,Moderate,"Delhi Institute of Tool Engineering, Wazirpur, Delhi, Delhi, India",28.7041,77.1663,0.41,True
2026-08-25 20:54:05,Chandni Chowk,28.6506,77.2303,109,Moderate,"Mandir Marg, Delhi, Delhi, India",28.6506,77.2303,3.44,False
2026-08-25 20:54:05,Red Fort,28.6562,77.241,109,Moderate,"Mandir Marg, Delhi, Delhi, India",28.6562,77.241,4.65,False
2026-08-25 20:54:05,Connaught Place,28.6315,77.2167,109,Moderate,"Mandir Marg, Delhi, Delhi, India",28.6315,77.2167,1.61,True
2026-08-25 21:19:57,Delhi,28.7041,77.1025,161,Moderate,"Shaheed Sukhdev College of Business Studies, Rohini, Delhi, Delhi, India",28.7041,77.1025,3.56,False
2026-08-25 21:19:57,Faridabad,28.4089,77.3178,45,Good,"Dr. Karni Singh Shooting Range, Delhi, Delhi, India",28.4089,77.3178,11.25,False
2026-08-25 21:19:57,Gurgaon,28.4595,77.0266,72,Satisfactory,"National Institute of Malaria Research, Sector 8, Dwarka, Delhi, Delhi, India",28.4595,77.0266,13.92,False
2026-08-25 21:19:57,Noida,28.5355,77.391,107,Moderate,"DITE Okhla, Delhi, Delhi, India",28.5355,77.391,11.76,False
2026-08-25 21:19:57,Anand Vihar,28.6469,77.3152,170,Moderate,"Anand Vihar, Delhi, Delhi, India",28.6469,77.3152,0.43,True
2026-08-25 21:19:57,Ashok Vihar,28.698,77.173,112,Moderate,"Delhi Institute of Tool Engineering, Wazirpur, Delhi, Delhi, India",28.698,77.173,0.77,True
2026-08-25 21:19:57,Bawana,28.7996,77.0339,154,Moderate,"Pooth Khurd, Bawana, Delhi, Delhi, India",28.7996,77.0339,2.91,False
2026-08-25 21:19:57,Dwarka,28.573,77.041,72,Satisfactory,"National Institute of Malaria Research, Sector 8, Dwarka, Delhi, Delhi, India",28.573,77.041,3.44,False
2026-08-25 21:19:57,Jahangirpuri,28.728,77.1636,178,Moderate,"ITI Jahangirpuri, Delhi, Delhi, India",28.728,77.1636,0.99,True
2026-08-25 21:19:57,Mundka,28.6828,76.9821,108,Moderate,"Mundka, Delhi, Delhi, India",28.6828,76.9821,4.72,False
2026-08-25 21:19:57,Narela,28.8553,77.0888,70,Satisfactory,"Narela, Delhi, Delhi, India",28.8553,77.0888,4.04,False
2026-08-25 21:19:57,Okhla,28.5355,77.291,107,Moderate,"DITE Okhla, Delhi, Delhi, India",28.5355,77.291,2.04,False
2026-08-25 21:19:57,Punjabi Bagh,28.6692,77.1341,144,Moderate,"Punjabi Bagh, Delhi, Delhi, India",28.6692,77.1341,1.7,True
2026-08-25 21:19:57,R.K. Puram,28.5641,77.1765,131,Moderate,"R.K. Puram, Delhi, Delhi, India",28.5641,77.1765,0.22,True
2026-08-25 21:19:57,Rohini,28.7495,77.0565,154,Moderate,"Pooth Khurd, Bawana, Delhi, Delhi, India",28.7495,77.0565,3.09,False
2026-08-25 21:19:57,Vivek Vihar,28.672,77.3152,107,Moderate,"ITI Shahdra, Jhilmil Industrial Area, Delhi, Delhi, India",28.672,77.3152,0.13,True
2026-08-25 21:19:57,Wazirpur,28.7041,77.1663,112,Moderate,"Delhi Institute of Tool Engineering, Wazirpur, Delhi, Delhi, India",28.7041,77.1663,0.41,True
2026-08-25 21:19:57,Chandni Chowk,28.6506,77.2303,109,Moderate,"Mandir Marg, Delhi, Delhi, India",28.6506,77.2303,3.44,False
2026-08-25 21:19:57,Red Fort,28.6562,77.241,109,Moderate,"Mandir Marg, Delhi, Delhi, India",28.6562,77.241,4.65,False
2026-08-25 21:19:57,Connaught Place,28.6315,77.2167,109,Moderate,"Mandir Marg, Delhi, Delhi, India",28.6315,77.2167,1.61,True
2026-08-25 21:51:34,Delhi,28.7041,77.1025,165,Moderate,"Shaheed Sukhdev College of Business Studies, Rohini, Delhi, Delhi, India",28.7041,77.1025,3.56,False
2026-08-25 21:51:34,Faridabad,28.4089,77.3178,47,Good,"Dr. Karni Singh Shooting Range, Delhi, Delhi, India",28.4089,77.3178,11.25,False
2026-08-25 21:51:34,Gurgaon,28.4595,77.0266,72,Satisfactory,"National Institute of Malaria Research, Sector 8, Dwarka, Delhi, Delhi, India",28.4595,77.0266,13.92,False
2026-08-25 21:51:34,Noida,28.5355,77.391,107,Moderate,"DITE Okhla, Delhi, Delhi, India",28.5355,77.391,11.76,False
2026-08-25 21:51:34,Anand Vihar,28.6469,77.3152,164,Moderate,"Anand Vihar, Delhi, Delhi, India",28.6469,77.3152,0.43,True
2026-08-25 21:51:34,Ashok Vihar,28.698,77.173,134,Moderate,"Delhi Institute of Tool Engineering, Wazirpur, Delhi, Delhi, India",28.698,77.173,0.77,True
2026-08-25 21:51:34,Bawana,28.7996,77.0339,156,Moderate,"Pooth Khurd, Bawana, Delhi, Delhi, India",28.7996,77.0339,2.91,False
2026-08-25 21:51:34,Dwarka,28.573,77.041,72,Satisfactory,"National Institute of Malaria Research, Sector 8, Dwarka, Delhi, Delhi, India",28.573,77.041,3.44,False
2026-08-25 21:51:34,Jahangirpuri,28.728,77.1636,99,Satisfactory,"ITI Jahangirpuri, Delhi, Delhi, India",28.728,77.1636,0.99,True
2026-08-25 21:51:34,Mundka,28.6828,76.9821,95,Satisfactory,"Mundka, Delhi, Delhi, India",28.6828,76.9821,4.72,False
2026-08-25 21:51:34,Narela,28.8553,77.0888,65,Satisfactory,"Narela, Delhi, Delhi, India",28.8553,77.0888,4.04,False
2026-08-25 21:51:34,Okhla,28.5355,77.291,107,Moderate,"DITE Okhla, Delhi, Delhi, India",28.5355,77.291,2.04,False
2026-08-25 21:51:34,Punjabi Bagh,28.6692,77.1341,102,Moderate,"Punjabi Bagh, Delhi, Delhi, India",28.6692,77.1341,1.7,True
2026-08-25 21:51:34,R.K. Puram,28.5641,77.1765,122,Moderate,"R.K. Puram, Delhi, Delhi, India",28.5641,77.1765,0.22,True
2026-08-25 21:51:34,Rohini,28.7495,77.0565,156,Moderate,"Pooth Khurd, Bawana, Delhi, Delhi, India",28.7495,77.0565,3.09,False
2026-08-25 21:51:34,Vivek Vihar,28.672,77.3152,95,Satisfactory,"ITI Shahdra, Jhilmil Industrial Area, Delhi, Delhi, India",28.672,77.3152,0.13,True
2026-08-25 21:51:34,Wazirpur,28.7041,77.1663,134,Moderate,"Delhi Institute of Tool Engineering, Wazirpur, Delhi, Delhi, India",28.7041,77.1663,0.41,True
2026-08-25 21:51:34,Chandni Chowk,28.6506,77.2303,93,Satisfactory,"Mandir Marg, Delhi, Delhi, India",28.6506,77.2303,3.44,False
2026-08-25 21:51:34,Red Fort,28.6562,77.241,93,Satisfactory,"Mandir Marg, Delhi, Delhi, India",28.6562,77.241,4.65,False
2026-08-25 21:51:34,Connaught Place,28.6315,77.2167,93,Satisfactory,"Mandir Marg, Delhi, Delhi, India",28.6315,77.2167,1.61,True
2026-08-25 22:18:27,Delhi,28.7041,77.1025,165,Moderate,"Shaheed Sukhdev College of Business Studies, Rohini, Delhi, Delhi, India",28.7041,77.1025,3.56,False
2026-08-25 22:18:27,Faridabad,28.4089,77.3178,47,Good,"Dr. Karni Singh Shooting Range, Delhi, Delhi, India",28.4089,77.3178,11.25,False
2026-08-25 22:18:27,Gurgaon,28.4595,77.0266,72,Satisfactory,"National Institute of Malaria Research, Sector 8, Dwarka, Delhi, Delhi, India",28.4595,77.0266,13.92,False
2026-08-25 22:18:27,Noida,28.5355,77.391,107,Moderate,"DITE Okhla, Delhi, Delhi, India",28.5355,77.391,11.76,False
2026-08-25 22:18:27,Anand Vihar,28.6469,77.3152,164,Moderate,"Anand Vihar, Delhi, Delhi, India",28.6469,77.3152,0.43,True
2026-08-25 22:18:27,Ashok Vihar,28.698,77.173,134,Moderate,"Delhi Institute of Tool Engineering, Wazirpur, Delhi, Delhi, India",28.698,77.173,0.77,True
2026-08-25 22:18:27,Bawana,28.7996,77.0339,156,Moderate,"Pooth Khurd, Bawana, Delhi, Delhi, India",28.7996,77.0339,2.91,False
2026-08-25 22:18:27,Dwarka,28.573,77.041,72,Satisfactory,"National Institute of Malaria Research, Sector 8, Dwarka, Delhi, Delhi, India",28.573,77.041,3.44,False
2026-08-25 22:18:27,Jahangirpuri,28.728,77.1636,99,Satisfactory,"ITI Jahangirpuri, Delhi, Delhi, India",28.728,77.1636,0.99,True
2026-08-25 22:18:27,Mundka,28.6828,76.9821,95,Satisfactory,"Mundka, Delhi, Delhi, India",28.6828,76.9821,4.72,False
2026-08-25 22:18:27,Narela,28.8553,77.0888,65,Satisfactory,"Narela, Delhi, Delhi, India",28.8553,77.0888,4.04,False
2026-08-25 22:18:27,Okhla,28.5355,77.291,107,Moderate,"DITE Okhla, Delhi, Delhi, India",28.5355,77.291,2.04,False
2026-08-25 22:18:27,Punjabi Bagh,28.6692,77.1341,102,Moderate,"Punjabi Bagh, Delhi, Delhi, India",28.6692,77.1341,1.7,True
2026-08-25 22:18:27,R.K. Puram,28.5641,77.1765,122,Moderate,"R.K. Puram, Delhi, Delhi, India",28.5641,77.1765,0.22,True
2026-08-25 22:18:27,Rohini,28.7495,77.0565,156,Moderate,"Pooth Khurd, Bawana, Delhi, Delhi, India",28.7495,77.0565,3.09,False
2026-08-25 22:18:27,Vivek Vihar,28.672,77.3152,95,Satisfactory,"ITI Shahdra, Jhilmil Industrial Area, Delhi, Delhi, India",28.672,77.3152,0.13,True
2026-08-25 22:18:27,Wazirpur,28.7041,77.1663,134,Moderate,"Delhi Institute of Tool Engineering, Wazirpur, Delhi, Delhi, India",28.7041,77.1663,0.41,True
2026-08-25 22:18:27,Chandni Chowk,28.6506,77.2303,93,Satisfactory,"Mandir Marg, Delhi, Delhi, India",28.6506,77.2303,3.44,False
2026-08-25 22:18:27,Red Fort,28.6562,77.241,93,Satisfactory,"Mandir Marg, Delhi, Delhi, India",28.6562,77.241,4.65,False
2026-08-25 22:18:27,Connaught Place,28.6315,77.2167,93,Satisfactory,"Mandir Marg, Delhi, Delhi, India",28.6315,77.2167,1.61,True
2026-08-25 22:52:52,Delhi,28.7041,77.1025,151,Moderate,"Shaheed Sukhdev College of Business Studies, Rohini, Delhi, Delhi, India",28.7041,77.1025,3.56,False
2026-08-25 22:52:52,Faridabad,28.4089,77.3178,70,Satisfactory,"Dr. Karni Singh Shooting Range, Delhi, Delhi, India",28.4089,77.3178,11.25,False
2026-08-25 22:52:52,Gurgaon,28.4595,77.0266,74,Satisfactory,"National Institute of Malaria Research, Sector 8, Dwarka, Delhi, Delhi, India",28.4595,77.0266,13.92,False
2026-08-25 22:52:52,Noida,28.5355,77.391,142,Moderate,"DITE Okhla, Delhi, Delhi, India",28.5355,77.391,11.76,False
2026-08-25 22:52:52,Anand Vihar,28.6469,77.3152,159,Moderate,"Anand Vihar, Delhi, Delhi, India",28.6469,77.3152,0.43,True
2026-08-25 22:52:52,Ashok Vihar,28.698,77.173,132,Moderate,"Delhi Institute of Tool Engineering, Wazirpur, Delhi, Delhi, India",28.698,77.173,0.77,True
2026-08-25 22:52:52,Bawana,28.7996,77.0339,166,Moderate,"Pooth Khurd, Bawana, Delhi, Delhi, India",28.7996,77.0339,2.91,False
2026-08-25 22:52:52,Dwarka,28.573,77.041,74,Satisfactory,"National Institute of Malaria Research, Sector 8, Dwarka, Delhi, Delhi, India",28.573,77.041,3.44,False
2026-08-25 22:52:52,Jahangirpuri,28.728,77.1636,152,Moderate,"ITI Jahangirpuri, Delhi, Delhi, India",28.728,77.1636,0.99,True
2026-08-25 22:52:52,Mundka,28.6828,76.9821,96,Satisfactory,"Mundka, Delhi, Delhi, India",28.6828,76.9821,4.72,False
2026-08-25 22:52:52,Narela,28.8553,77.0888,65,Satisfactory,"Narela, Delhi, Delhi, India",28.8553,77.0888,4.04,False
2026-08-25 22:52:52,Okhla,28.5355,77.291,142,Moderate,"DITE Okhla, Delhi, Delhi, India",28.5355,77.291,2.04,False
2026-08-25 22:52:52,Punjabi Bagh,28.6692,77.1341,129,Moderate,"Punjabi Bagh, Delhi, Delhi, India",28.6692,77.1341,1.7,True
2026-08-25 22:52:52,R.K. Puram,28.5641,77.1765,115,Moderate,"R.K. Puram, Delhi, Delhi, India",28.5641,77.1765,0.22,True
2026-08-25 22:52:52,Rohini,28.7495,77.0565,166,Moderate,"Pooth Khurd, Bawana, Delhi, Delhi, India",28.7495,77.0565,3.09,False
2026-08-25 22:52:52,Vivek Vihar,28.672,77.3152,107,Moderate,"ITI Shahdra, Jhilmil Industrial Area, Delhi, Delhi, India",28.672,77.3152,0.13,True
2026-08-25 22:52:52,Wazirpur,28.7041,77.1663,132,Moderate,"Delhi Institute of Tool Engineering, Wazirpur, Delhi, Delhi, India",28.7041,77.1663,0.41,True
2026-08-25 22:52:52,Chandni Chowk,28.6506,77.2303,64,Satisfactory,"Mandir Marg, Delhi, Delhi, India",28.6506,77.2303,3.44,False
2026-08-25 22:52:52,Red Fort,28.6562,77.241,64,Satisfactory,"Mandir Marg, Delhi, Delhi, India",28.6562,77.241,4.65,False
2026-08-25 22:52:52,Connaught Place,28.6315,77.2167,64,Satisfactory,"Mandir Marg, Delhi, Delhi, India",28.6315,77.2167,1.61,True
2026-08-25 23:18:41,Delhi,28.7041,77.1025,151,Moderate,"Shaheed Sukhdev College of Business Studies, Rohini, Delhi, Delhi, India",28.7041,77.1025,3.56,False
2026-08-25 23:18:41,Faridabad,28.4089,77.3178,70,Satisfactory,"Dr. Karni Singh Shooting Range, Delhi, Delhi, India",28.4089,77.3178,11.25,False
2026-08-25 23:18:41,Gurgaon,28.4595,77.0266,74,Satisfactory,"National Institute of Malaria Research, Sector 8, Dwarka, Delhi, Delhi, India",28.4595,77.0266,13.92,False
2026-08-25 23:18:41,Noida,28.5355,77.391,142,Moderate,"DITE Okhla, Delhi, Delhi, India",28.5355,77.391,11.76,False
2026-08-25 23:18:41,Anand Vihar,28.6469,77.3152,159,Moderate,"Anand Vihar, Delhi, Delhi, India",28.6469,77.3152,0.43,True
2026-08-25 23:18:41,Ashok Vihar,28.698,77.173,132,Moderate,"Delhi Institute of Tool Engineering, Wazirpur, Delhi, Delhi, India",28.698,77.173,0.77,True
2026-08-25 23:18:41,Bawana,28.7996,77.0339,166,Moderate,"Pooth Khurd, Bawana, Delhi, Delhi, India",28.7996,77.0339,2.91,False
2026-08-25 23:18:41,Dwarka,28.573,77.041,74,Satisfactory,"National Institute of Malaria Research, Sector 8, Dwarka, Delhi, Delhi, India",28.573,77.041,3.44,False
2026-08-25 23:18:41,Jahangirpuri,28.728,77.1636,152,Moderate,"ITI Jahangirpuri, Delhi, Delhi, India",28.728,77.1636,0.99,True
2026-08-25 23:18:41,Mundka,28.6828,76.9821,96,Satisfactory,"Mundka, Delhi, Delhi, India",28.6828,76.9821,4.72,False
2026-08-25 23:18:41,Narela,28.8553,77.0888,65,Satisfactory,"Narela, Delhi, Delhi, India",28.8553,77.0888,4.04,False
2026-08-25 23:18:41,Okhla,28.5355,77.291,142,Moderate,"DITE Okhla, Delhi, Delhi, India",28.5355,77.291,2.04,False
2026-08-25 23:18:41,Punjabi Bagh,28.6692,77.1341,129,Moderate,"Punjabi Bagh, Delhi, Delhi, India",28.6692,77.1341,1.7,True
2026-08-25 23:18:41,R.K. Puram,28.5641,77.1765,115,Moderate,"R.K. Puram, Delhi, Delhi, India",28.5641,77.1765,0.22,True
2026-08-25 23:18:41,Rohini,28.7495,77.0565,166,Moderate,"Pooth Khurd, Bawana, Delhi, Delhi, India",28.7495,77.0565,3.09,False
2026-08-25 23:18:41,Vivek Vihar,28.672,77.3152,107,Moderate,"ITI Shahdra, Jhilmil Industrial Area, Delhi, Delhi, India",28.672,77.3152,0.13,True
2026-08-25 23:18:41,Wazirpur,28.7041,77.1663,132,Moderate,"Delhi Institute of Tool Engineering, Wazirpur, Delhi, Delhi, India",28.7041,77.1663,0.41,True
2026-08-25 23:18:41,Chandni Chowk,28.6506,77.2303,64,Satisfactory,"Mandir Marg, Delhi, Delhi, India",28.6506,77.2303,3.44,False
2026-08-25 23:18:41,Red Fort,28.6562,77.241,64,Satisfactory,"Mandir Marg, Delhi, Delhi, India",28.6562,77.241,4.65,False
2026-08-25 23:18:41,Connaught Place,28.6315,77.2167,64,Satisfactory,"Mandir Marg, Delhi, Delhi, India",28.6315,77.2167,1.61,True
2026-08-25 23:47:07,Delhi,28.7041,77.1025,160,Moderate,"Shaheed Sukhdev College of Business Studies, Rohini, Delhi, Delhi, India",28.7041,77.1025,3.56,False
2026-08-25 23:47:07,Faridabad,28.4089,77.3178,53,Satisfactory,"Dr. Karni Singh Shooting Range, Delhi, Delhi, India",28.4089,77.3178,11.25,False
2026-08-25 23:47:07,Gurgaon,28.4595,77.0266,33,Good,"National Institute of Malaria Research, Sector 8, Dwarka, Delhi, Delhi, India",28.4595,77.0266,13.92,False
2026-08-25 23:47:07,Noida,28.5355,77.391,124,Moderate,"DITE Okhla, Delhi, Delhi, India",28.5355,77.391,11.76,False
2026-08-25 23:47:07,Anand Vihar,28.6469,77.3152,168,Moderate,"Anand Vihar, Delhi, Delhi, India",28.6469,77.3152,0.43,True
2026-08-25 23:47:07,Ashok Vihar,28.698,77.173,137,Moderate,"Delhi Institute of Tool Engineering, Wazirpur, Delhi, Delhi, India",28.698,77.173,0.77,True
2026-08-25 23:47:07,Bawana,28.7996,77.0339,152,Moderate,"Pooth Khurd, Bawana, Delhi, Delhi, India",28.7996,77.0339,2.91,False
2026-08-25 23:47:07,Dwarka,28.573,77.041,33,Good,"National Institute of Malaria Research, Sector 8, Dwarka, Delhi, Delhi, India",28.573,77.041,3.44,False
2026-08-25 23:47:07,Jahangirpuri,28.728,77.1636,152,Moderate,"ITI Jahangirpuri, Delhi, Delhi, India",28.728,77.1636,0.99,True
2026-08-25 23:47:07,Mundka,28.6828,76.9821,109,Moderate,"Mundka, Delhi, Delhi, India",28.6828,76.9821,4.72,False
2026-08-25 23:47:07,Narela,28.8553,77.0888,46,Good,"Narela, Delhi, Delhi, India",28.8553,77.0888,4.04,False
2026-08-25 23:47:07,Okhla,28.5355,77.291,124,Moderate,"DITE Okhla, Delhi, Delhi, India",28.5355,77.291,2.04,False
2026-08-25 23:47:07,Punjabi Bagh,28.6692,77.1341,144,Moderate,"Punjabi Bagh, Delhi, Delhi, India",28.6692,77.1341,1.7,True
2026-08-25 23:47:07,R.K. Puram,28.5641,77.1765,115,Moderate,"R.K. Puram, Delhi, Delhi, India",28.5641,77.1765,0.22,True
2026-08-25 23:47:07,Rohini,28.7495,77.0565,152,Moderate,"Pooth Khurd, Bawana, Delhi, Delhi, India",28.7495,77.0565,3.09,False
2026-08-25 23:47:07,Vivek Vihar,28.672,77.3152,82,Satisfactory,"ITI Shahdra, Jhilmil Industrial Area, Delhi, Delhi, India",28.672,77.3152,0.13,True
2026-08-25 23:47:07,Wazirpur,28.7041,77.1663,137,Moderate,"Delhi Institute of Tool Engineering, Wazirpur, Delhi, Delhi, India",28.7041,77.1663,0.41,True
2026-08-25 23:47:07,Chandni Chowk,28.6506,77.2303,117,Moderate,"Mandir Marg, Delhi, Delhi, India",28.6506,77.2303,3.44,False
2026-08-25 23:47:07,Red Fort,28.6562,77.241,117,Moderate,"Mandir Marg, Delhi, Delhi, India",28.6562,77.241,4.65,False
2026-08-25 23:47:07,Connaught Place,28.6315,77.2167,117,Moderate,"Mandir Marg, Delhi, Delhi, India",28.6315,77.2167,1.61,True
2026-08-26 00:48:05,Delhi,28.7041,77.1025,147,Moderate,"Shaheed Sukhdev College of Business Studies, Rohini, Delhi, Delhi, India",28.7041,77.1025,3.56,False
2026-08-26 00:48:05,Faridabad,28.4089,77.3178,152,Moderate,"Dr. Karni Singh Shooting Range, Delhi, Delhi, India",28.4089,77.3178,11.25,False
2026-08-26 00:48:05,Gurgaon,28.4595,77.0266,55,Satisfactory,"National Institute of Malaria Research, Sector 8, Dwarka, Delhi, Delhi, India",28.4595,77.0266,13.92,False
2026-08-26 00:48:05,Noida,28.5355,77.391,114,Moderate,"DITE Okhla, Delhi, Delhi, India",28.5355,77.391,11.76,False
2026-08-26 00:48:05,Anand Vihar,28.6469,77.3152,169,Moderate,"Anand Vihar, Delhi, Delhi, India",28.6469,77.3152,0.43,True
2026-08-26 00:48:05,Ashok Vihar,28.698,77.173,132,Moderate,"Delhi Institute of Tool Engineering, Wazirpur, Delhi, Delhi, India",28.698,77.173,0.77,True
2026-08-26 00:48:05,Bawana,28.7996,77.0339,137,Moderate,"Pooth Khurd, Bawana, Delhi, Delhi, India",28.7996,77.0339,2.91,False
2026-08-26 00:48:05,Dwarka,28.573,77.041,55,Satisfactory,"National Institute of Malaria Research, Sector 8, Dwarka, Delhi, Delhi, India",28.573,77.041,3.44,False
2026-08-26 00:48:05,Jahangirpuri,28.728,77.1636,87,Satisfactory,"ITI Jahangirpuri, Delhi, Delhi, India",28.728,77.1636,0.99,True
2026-08-26 00:48:05,Mundka,28.6828,76.9821,90,Satisfactory,"Mundka, Delhi, Delhi, India",28.6828,76.9821,4.72,False
2026-08-26 00:48:05,Narela,28.8553,77.0888,55,Satisfactory,"Narela, Delhi, Delhi, India",28.8553,77.0888,4.04,False
2026-08-26 00:48:05,Okhla,28.5355,77.291,114,Moderate,"DITE Okhla, Delhi, Delhi, India",28.5355,77.291,2.04,False
2026-08-26 00:48:05,Punjabi Bagh,28.6692,77.1341,130,Moderate,"Punjabi Bagh, Delhi, Delhi, India",28.6692,77.1341,1.7,True
2026-08-26 00:48:05,R.K. Puram,28.5641,77.1765,124,Moderate,"R.K. Puram, Delhi, Delhi, India",28.5641,77.1765,0.22,True
2026-08-26 00:48:05,Rohini,28.7495,77.0565,137,Moderate,"Pooth Khurd, Bawana, Delhi, Delhi, India",28.7495,77.0565,3.09,False
2026-08-26 00:48:05,Vivek Vihar,28.672,77.3152,86,Satisfactory,"ITI Shahdra, Jhilmil Industrial Area, Delhi, Delhi, India",28.672,77.3152,0.13,True
2026-08-26 00:48:05,Wazirpur,28.7041,77.1663,132,Moderate,"Delhi Institute of Tool Engineering, Wazirpur, Delhi, Delhi, India",28.7041,77.1663,0.41,True
2026-08-26 00:48:05,Chandni Chowk,28.6506,77.2303,62,Satisfactory,"Mandir Marg, Delhi, Delhi, India",28.6506,77.2303,3.44,False
2026-08-26 00:48:05,Red Fort,28.6562,77.241,62,Satisfactory,"Mandir Marg, Delhi, Delhi, India",28.6562,77.241,4.65,False
2026-08-26 00:48:05,Connaught Place,28.6315,77.2167,62,Satisfactory,"Mandir Marg, Delhi, Delhi, India",28.6315,77.2167,1.61,True
2026-08-26 02:20:49,Delhi,28.7041,77.1025,132,Moderate,"Shaheed Sukhdev College of Business Studies, Rohini, Delhi, Delhi, India",28.7041,77.1025,3.56,False
2026-08-26 02:20:49,Faridabad,28.4089,77.3178,120,Moderate,"Dr. Karni Singh Shooting Range, Delhi, Delhi, India",28.4089,77.3178,11.25,False
2026-08-26 02:20:49,Gurgaon,28.4595,77.0266,72,Satisfactory,"National Institute of Malaria Research, Sector 8, Dwarka, Delhi, Delhi, India",28.4595,77.0266,13.92,False
2026-08-26 02:20:49,Noida,28.5355,77.391,127,Moderate,"DITE Okhla, Delhi, Delhi, India",28.5355,77.391,11.76,False
2026-08-26 02:20:49,Anand Vihar,28.6469,77.3152,154,Moderate,"Anand Vihar, Delhi, Delhi, India",28.6469,77.3152,0.43,True
2026-08-26 02:20:49,Ashok Vihar,28.698,77.173,157,Moderate,"Delhi Institute of Tool Engineering, Wazirpur, Delhi, Delhi, India",28.698,77.173,0.77,True
2026-08-26 02:20:49,Bawana,28.7996,77.0339,149,Moderate,"Pooth Khurd, Bawana, Delhi, Delhi, India",28.7996,77.0339,2.91,False
2026-08-26 02:20:49,Dwarka,28.573,77.041,72,Satisfactory,"National Institute of Malaria Research, Sector 8, Dwarka, Delhi, Delhi, India",28.573,77.041,3.44,False
2026-08-26 02:20:49,Jahangirpuri,28.728,77.1636,90,Satisfactory,"ITI Jahangirpuri, Delhi, Delhi, India",28.728,77.1636,0.99,True
2026-08-26 02:20:49,Mundka,28.6828,76.9821,72,Satisfactory,"Mundka, Delhi, Delhi, India",28.6828,76.9821,4.72,False
2026-08-26 02:20:49,Narela,28.8553,77.0888,71,Satisfactory,"Narela, Delhi, Delhi, India",28.8553,77.0888,4.04,False
2026-08-26 02:20:49,Okhla,28.5355,77.291,127,Moderate,"DITE Okhla, Delhi, Delhi, India",28.5355,77.291,2.04,False
2026-08-26 02:20:49,Punjabi Bagh,28.6692,77.1341,130,Moderate,"Punjabi Bagh, Delhi, Delhi, India",28.6692,77.1341,1.7,True
2026-08-26 02:20:49,R.K. Puram,28.5641,77.1765,157,Moderate,"R.K. Puram, Delhi, Delhi, India",28.5641,77.1765,0.22,True
2026-08-26 02:20:49,Rohini,28.7495,77.0565,149,Moderate,"Pooth Khurd, Bawana, Delhi, Delhi, India",28.7495,77.0565,3.09,False
2026-08-26 02:20:49,Vivek Vihar,28.672,77.3152,97,Satisfactory,"ITI Shahdra, Jhilmil Industrial Area, Delhi, Delhi, India",28.672,77.3152,0.13,True
2026-08-26 02:20:49,Wazirpur,28.7041,77.1663,157,Moderate,"Delhi Institute of Tool Engineering, Wazirpur, Delhi, Delhi, India",28.7041,77.1663,0.41,True
2026-08-26 02:20:49,Chandni Chowk,28.6506,77.2303,62,Satisfactory,"Mandir Marg, Delhi, Delhi, India",28.6506,77.2303,3.44,False
2026-08-26 02:20:49,Red Fort,28.6562,77.241,62,Satisfactory,"Mandir Marg, Delhi, Delhi, India",28.6562,77.241,4.65,False
2026-08-26 02:20:49,Connaught Place,28.6315,77.2167,62,Satisfactory,"Mandir Marg, Delhi, Delhi, India",28.6315,77.2167,1.61,True
2026-08-26 03:31:45,Delhi,28.7041,77.1025,162,Moderate,"Shaheed Sukhdev College of Business Studies, Rohini, Delhi, Delhi, India",28.7041,77.1025,3.56,False
2026-08-26 03:31:45,Faridabad,28.4089,77.3178,135,Moderate,"Dr. Karni Singh Shooting Range, Delhi, Delhi, India",28.4089,77.3178,11.25,False
2026-08-26 03:31:45,Gurgaon,28.4595,77.0266,152,Moderate,"National Institute of Malaria Research, Sector 8, Dwarka, Delhi, Delhi, India",28.4595,77.0266,13.92,False
2026-08-26 03:31:45,Noida,28.5355,77.391,109,Moderate,"DITE Okhla, Delhi, Delhi, India",28.5355,77.391,11.76,False
2026-08-26 03:31:45,Anand Vihar,28.6469,77.3152,158,Moderate,"Anand Vihar, Delhi, Delhi, India",28.6469,77.3152,0.43,True
2026-08-26 03:31:45,Ashok Vihar,28.698,77.173,159,Moderate,"Delhi Institute of Tool Engineering, Wazirpur, Delhi, Delhi, India",28.698,77.173,0.77,True
2026-08-26 03:31:45,Bawana,28.7996,77.0339,153,Moderate,"Pooth Khurd, Bawana, Delhi, Delhi, India",28.7996,77.0339,2.91,False
2026-08-26 03:31:45,Dwarka,28.573,77.041,152,Moderate,"National Institute of Malaria Research, Sector 8, Dwarka, Delhi, Delhi, India",28.573,77.041,3.44,False
2026-08-26 03:31:45,Jahangirpuri,28.728,77.1636,170,Moderate,"ITI Jahangirpuri, Delhi, Delhi, India",28.728,77.1636,0.99,True
2026-08-26 03:31:45,Mundka,28.6828,76.9821,124,Moderate,"Mundka, Delhi, Delhi, India",28.6828,76.9821,4.72,False
2026-08-26 03:31:45,Narela,28.8553,77.0888,99,Satisfactory,"Narela, Delhi, Delhi, India",28.8553,77.0888,4.04,False
2026-08-26 03:31:45,Okhla,28.5355,77.291,109,Moderate,"DITE Okhla, Delhi, Delhi, India",28.5355,77.291,2.04,False
2026-08-26 03:31:45,Punjabi Bagh,28.6692,77.1341,130,Moderate,"Punjabi Bagh, Delhi, Delhi, India",28.6692,77.1341,1.7,True
2026-08-26 03:31:45,R.K. Puram,28.5641,77.1765,167,Moderate,"R.K. Puram, Delhi, Delhi, India",28.5641,77.1765,0.22,True
2026-08-26 03:31:45,Rohini,28.7495,77.0565,153,Moderate,"Pooth Khurd, Bawana, Delhi, Delhi, India",28.7495,77.0565,3.09,False
2026-08-26 03:31:45,Vivek Vihar,28.672,77.3152,114,Moderate,"ITI Shahdra, Jhilmil Industrial Area, Delhi, Delhi, India",28.672,77.3152,0.13,True
2026-08-26 03:31:45,Wazirpur,28.7041,77.1663,159,Moderate,"Delhi Institute of Tool Engineering, Wazirpur, Delhi, Delhi, India",28.7041,77.1663,0.41,True
2026-08-26 03:31:45,Chandni Chowk,28.6506,77.2303,67,Satisfactory,"Mandir Marg, Delhi, Delhi, India",28.6506,77.2303,3.44,False
2026-08-26 03:31:45,Red Fort,28.6562,77.241,67,Satisfactory,"Mandir Marg, Delhi, Delhi, India",28.6562,77.241,4.65,False
2026-08-26 03:31:45,Connaught Place,28.6315,77.2167,67,Satisfactory,"Mandir Marg, Delhi, Delhi, India",28.6315,77.2167,1.61,True
2026-08-26 04:32:02,Delhi,28.7041,77.1025,153,Moderate,"Shaheed Sukhdev College of Business Studies, Rohini, Delhi, Delhi, India",28.7041,77.1025,3.56,False
2026-08-26 04:32:02,Faridabad,28.4089,77.3178,208,Poor,"Dr. Karni Singh Shooting Range, Delhi, Delhi, India",28.4089,77.3178,11.25,False
2026-08-26 04:32:02,Gurgaon,28.4595,77.0266,87,Satisfactory,"National Institute of Malaria Research, Sector 8, Dwarka, Delhi, Delhi, India",28.4595,77.0266,13.92,False
2026-08-26 04:32:02,Noida,28.5355,77.391,122,Moderate,"DITE Okhla, Delhi, Delhi, India",28.5355,77.391,11.76,False
2026-08-26 04:32:02,Anand Vihar,28.6469,77.3152,167,Moderate,"Anand Vihar, Delhi, Delhi, India",28.6469,77.3152,0.43,True
2026-08-26 04:32:02,Ashok Vihar,28.698,77.173,132,Moderate,"Delhi Institute of Tool Engineering, Wazirpur, Delhi, Delhi, India",28.698,77.173,0.77,True
2026-08-26 04:32:02,Bawana,28.7996,77.0339,155,Moderate,"Pooth Khurd, Bawana, Delhi, Delhi, India",28.7996,77.0339,2.91,False
2026-08-26 04:32:02,Dwarka,28.573,77.041,87,Satisfactory,"National Institute of Malaria Research, Sector 8, Dwarka, Delhi, Delhi, India",28.573,77.041,3.44,False
2026-08-26 04:32:02,Jahangirpuri,28.728,77.1636,160,Moderate,"ITI Jahangirpuri, Delhi, Delhi, India",28.728,77.1636,0.99,True
2026-08-26 04:32:02,Mundka,28.6828,76.9821,99,Satisfactory,"Mundka, Delhi, Delhi, India",28.6828,76.9821,4.72,False
2026-08-26 04:32:02,Narela,28.8553,77.0888,120,Moderate,"Narela, Delhi, Delhi, India",28.8553,77.0888,4.04,False
2026-08-26 04:32:02,Okhla,28.5355,77.291,122,Moderate,"DITE Okhla, Delhi, Delhi, India",28.5355,77.291,2.04,False
2026-08-26 04:32:02,Punjabi Bagh,28.6692,77.1341,130,Moderate,"Punjabi Bagh, Delhi, Delhi, India",28.6692,77.1341,1.7,True
2026-08-26 04:32:02,R.K. Puram,28.5641,77.1765,175,Moderate,"R.K. Puram, Delhi, Delhi, India",28.5641,77.1765,0.22,True
2026-08-26 04:32:02,Rohini,28.7495,77.0565,155,Moderate,"Pooth Khurd, Bawana, Delhi, Delhi, India",28.7495,77.0565,3.09,False
2026-08-26 04:32:02,Vivek Vihar,28.672,77.3152,91,Satisfactory,"ITI Shahdra, Jhilmil Industrial Area, Delhi, Delhi, India",28.672,77.3152,0.13,True
2026-08-26 04:32:02,Wazirpur,28.7041,77.1663,132,Moderate,"Delhi Institute of Tool Engineering, Wazirpur, Delhi, Delhi, India",28.7041,77.1663,0.41,True
2026-08-26 04:32:02,Chandni Chowk,28.6506,77.2303,158,Moderate,"Mandir Marg, Delhi, Delhi, India",28.6506,77.2303,3.44,False
2026-08-26 04:32:02,Red Fort,28.6562,77.241,158,Moderate,"Mandir Marg, Delhi, Delhi, India",28.6562,77.241,4.65,False
2026-08-26 04:32:02,Connaught Place,28.6315,77.2167,158,Moderate,"Mandir Marg, Delhi, Delhi, India",28.6315,77.2167,1.61,True
2026-08-26 05:26:21,Delhi,28.7041,77.1025,155,Moderate,"Shaheed Sukhdev College of Business Studies, Rohini, Delhi, Delhi, India",28.7041,77.1025,3.56,False
2026-08-26 05:26:21,Faridabad,28.4089,77.3178,208,Poor,"Dr. Karni Singh Shooting Range, Delhi, Delhi, India",28.4089,77.3178,11.25,False
2026-08-26 05:26:21,Gurgaon,28.4595,77.0266,87,Satisfactory,"National Institute of Malaria Research, Sector 8, Dwarka, Delhi, Delhi, India",28.4595,77.0266,13.92,False
2026-08-26 05:26:21,Noida,28.5355,77.391,142,Moderate,"DITE Okhla, Delhi, Delhi, India",28.5355,77.391,11.76,False
2026-08-26 05:26:21,Anand Vihar,28.6469,77.3152,167,Moderate,"Anand Vihar, Delhi, Delhi, India",28.6469,77.3152,0.43,True
2026-08-26 05:26:21,Ashok Vihar,28.698,77.173,155,Moderate,"Delhi Institute of Tool Engineering, Wazirpur, Delhi, Delhi, India",28.698,77.173,0.77,True
2026-08-26 05:26:21,Bawana,28.7996,77.0339,155,Moderate,"Pooth Khurd, Bawana, Delhi, Delhi, India",28.7996,77.0339,2.91,False
2026-08-26 05:26:21,Dwarka,28.573,77.041,87,Satisfactory,"National Institute of Malaria Research, Sector 8, Dwarka, Delhi, Delhi, India",28.573,77.041,3.44,False
2026-08-26 05:26:21,Jahangirpuri,28.728,77.1636,160,Moderate,"ITI Jahangirpuri, Delhi, Delhi, India",28.728,77.1636,0.99,True
2026-08-26 05:26:21,Mundka,28.6828,76.9821,99,Satisfactory,"Mundka, Delhi, Delhi, India",28.6828,76.9821,4.72,False
2026-08-26 05:26:21,Narela,28.8553,77.0888,142,Moderate,"Narela, Delhi, Delhi, India",28.8553,77.0888,4.04,False
2026-08-26 05:26:21,Okhla,28.5355,77.291,142,Moderate,"DITE Okhla, Delhi, Delhi, India",28.5355,77.291,2.04,False
2026-08-26 05:26:21,Punjabi Bagh,28.6692,77.1341,130,Moderate,"Punjabi Bagh, Delhi, Delhi, India",28.6692,77.1341,1.7,True
2026-08-26 05:26:21,R.K. Puram,28.5641,77.1765,174,Moderate,"R.K. Puram, Delhi, Delhi, India",28.5641,77.1765,0.22,True
2026-08-26 05:26:21,Rohini,28.7495,77.0565,155,Moderate,"Pooth Khurd, Bawana, Delhi, Delhi, India",28.7495,77.0565,3.09,False
2026-08-26 05:26:21,Vivek Vihar,28.672,77.3152,102,Moderate,"ITI Shahdra, Jhilmil Industrial Area, Delhi, Delhi, India",28.672,77.3152,0.13,True
2026-08-26 05:26:21,Wazirpur,28.7041,77.1663,155,Moderate,"Delhi Institute of Tool Engineering, Wazirpur, Delhi, Delhi, India",28.7041,77.1663,0.41,True
2026-08-26 05:26:21,Chandni Chowk,28.6506,77.2303,158,Moderate,"Mandir Marg, Delhi, Delhi, India",28.6506,77.2303,3.44,False
2026-08-26 05:26:21,Red Fort,28.6562,77.241,158,Moderate,"Mandir Marg, Delhi, Delhi, India",28.6562,77.241,4.65,False
2026-08-26 05:26:21,Connaught Place,28.6315,77.2167,158,Moderate,"Mandir Marg, Delhi, Delhi, India",28.6315,77.2167,1.61,True
2026-08-26 05:58:52,Delhi,28.7041,77.1025,161,Moderate,"Shaheed Sukhdev College of Business Studies, Rohini, Delhi, Delhi, India",28.7041,77.1025,3.56,False
2026-08-26 05:58:52,Faridabad,28.4089,77.3178,102,Moderate,"Dr. Karni Singh Shooting Range, Delhi, Delhi, India",28.4089,77.3178,11.25,False
2026-08-26 05:58:52,Gurgaon,28.4595,77.0266,99,Satisfactory,"National Institute of Malaria Research, Sector 8, Dwarka, Delhi, Delhi, India",28.4595,77.0266,13.92,False
2026-08-26 05:58:52,Noida,28.5355,77.391,99,Satisfactory,"DITE Okhla, Delhi, Delhi, India",28.5355,77.391,11.76,False
2026-08-26 05:58:52,Anand Vihar,28.6469,77.3152,196,Moderate,"Anand Vihar, Delhi, Delhi, India",28.6469,77.3152,0.43,True
2026-08-26 05:58:52,Ashok Vihar,28.698,77.173,170,Moderate,"Delhi Institute of Tool Engineering, Wazirpur, Delhi, Delhi, India",28.698,77.173,0.77,True
2026-08-26 05:58:52,Bawana,28.7996,77.0339,168,Moderate,"Pooth Khurd, Bawana, Delhi, Delhi, India",28.7996,77.0339,2.91,False
2026-08-26 05:58:52,Dwarka,28.573,77.041,99,Satisfactory,"National Institute of Malaria Research, Sector 8, Dwarka, Delhi, Delhi, India",28.573,77.041,3.44,False
2026-08-26 05:58:52,Jahangirpuri,28.728,77.1636,164,Moderate,"ITI Jahangirpuri, Delhi, Delhi, India",28.728,77.1636,0.99,True
2026-08-26 05:58:52,Mundka,28.6828,76.9821,124,Moderate,"Mundka, Delhi, Delhi, India",28.6828,76.9821,4.72,False
2026-08-26 05:58:52,Narela,28.8553,77.0888,95,Satisfactory,"Narela, Delhi, Delhi, India",28.8553,77.0888,4.04,False
2026-08-26 05:58:52,Okhla,28.5355,77.291,99,Satisfactory,"DITE Okhla, Delhi, Delhi, India",28.5355,77.291,2.04,False
2026-08-26 05:58:52,Punjabi Bagh,28.6692,77.1341,163,Moderate,"Punjabi Bagh, Delhi, Delhi, India",28.6692,77.1341,1.7,True
2026-08-26 05:58:52,R.K. Puram,28.5641,77.1765,167,Moderate,"R.K. Puram, Delhi, Delhi, India",28.5641,77.1765,0.22,True
2026-08-26 05:58:52,Rohini,28.7495,77.0565,168,Moderate,"Pooth Khurd, Bawana, Delhi, Delhi, India",28.7495,77.0565,3.09,False
2026-08-26 05:58:52,Vivek Vihar,28.672,77.3152,134,Moderate,"ITI Shahdra, Jhilmil Industrial Area, Delhi, Delhi, India",28.672,77.3152,0.13,True
2026-08-26 05:58:52,Wazirpur,28.7041,77.1663,170,Moderate,"Delhi Institute of Tool Engineering, Wazirpur, Delhi, Delhi, India",28.7041,77.1663,0.41,True
2026-08-26 05:58:52,Chandni Chowk,28.6506,77.2303,98,Satisfactory,"Mandir Marg, Delhi, Delhi, India",28.6506,77.2303,3.44,False
2026-08-26 05:58:52,Red Fort,28.6562,77.241,98,Satisfactory,"Mandir Marg, Delhi, Delhi, India",28.6562,77.241,4.65,False
2026-08-26 05:58:52,Connaught Place,28.6315,77.2167,98,Satisfactory,"Mandir Marg, Delhi, Delhi, India",28.6315,77.2167,1.61,True
2026-08-26 06:50:18,Delhi,28.7041,77.1025,165,Moderate,"Shaheed Sukhdev College of Business Studies, Rohini, Delhi, Delhi, India",28.7041,77.1025,3.56,False
2026-08-26 06:50:18,Faridabad,28.4089,77.3178,102,Moderate,"Dr. Karni Singh Shooting Range, Delhi, Delhi, India",28.4089,77.3178,11.25,False
2026-08-26 06:50:18,Gurgaon,28.4595,77.0266,122,Moderate,"National Institute of Malaria Research, Sector 8, Dwarka, Delhi, Delhi, India",28.4595,77.0266,13.92,False
2026-08-26 06:50:18,Noida,28.5355,77.391,144,Moderate,"DITE Okhla, Delhi, Delhi, India",28.5355,77.391,11.76,False
2026-08-26 06:50:18,Anand Vihar,28.6469,77.3152,194,Moderate,"Anand Vihar, Delhi, Delhi, India",28.6469,77.3152,0.43,True
2026-08-26 06:50:18,Ashok Vihar,28.698,77.173,165,Moderate,"Delhi Institute of Tool Engineering, Wazirpur, Delhi, Delhi, India",28.698,77.173,0.77,True
2026-08-26 06:50:18,Bawana,28.7996,77.0339,182,Moderate,"Pooth Khurd, Bawana, Delhi, Delhi, India",28.7996,77.0339,2.91,False
2026-08-26 06:50:18,Dwarka,28.573,77.041,122,Moderate,"National Institute of Malaria Research, Sector 8, Dwarka, Delhi, Delhi, India",28.573,77.041,3.44,False
2026-08-26 06:50:18,Jahangirpuri,28.728,77.1636,183,Moderate,"ITI Jahangirpuri, Delhi, Delhi, India",28.728,77.1636,0.99,True
2026-08-26 06:50:18,Mundka,28.6828,76.9821,114,Moderate,"Mundka, Delhi, Delhi, India",28.6828,76.9821,4.72,False
2026-08-26 06:50:18,Narela,28.8553,77.0888,68,Satisfactory,"Narela, Delhi, Delhi, India",28.8553,77.0888,4.04,False
2026-08-26 06:50:18,Okhla,28.5355,77.291,144,Moderate,"DITE Okhla, Delhi, Delhi, India",28.5355,77.291,2.04,False
2026-08-26 06:50:18,Punjabi Bagh,28.6692,77.1341,149,Moderate,"Punjabi Bagh, Delhi, Delhi, India",28.6692,77.1341,1.7,True
2026-08-26 06:50:18,R.K. Puram,28.5641,77.1765,151,Moderate,"R.K. Puram, Delhi, Delhi, India",28.5641,77.1765,0.22,True
2026-08-26 06:50:18,Rohini,28.7495,77.0565,182,Moderate,"Pooth Khurd, Bawana, Delhi, Delhi, India",28.7495,77.0565,3.09,False
2026-08-26 06:50:18,Vivek Vihar,28.672,77.3152,153,Moderate,"ITI Shahdra, Jhilmil Industrial Area, Delhi, Delhi, India",28.672,77.3152,0.13,True
2026-08-26 06:50:18,Wazirpur,28.7041,77.1663,165,Moderate,"Delhi Institute of Tool Engineering, Wazirpur, Delhi, Delhi, India",28.7041,77.1663,0.41,True
2026-08-26 06:50:18,Chandni Chowk,28.6506,77.2303,168,Moderate,"Mandir Marg, Delhi, Delhi, India",28.6506,77.2303,3.44,False
2026-08-26 06:50:18,Red Fort,28.6562,77.241,168,Moderate,"Mandir Marg, Delhi, Delhi, India",28.6562,77.241,4.65,False
2026-08-26 06:50:18,Connaught Place,28.6315,77.2167,168,Moderate,"Mandir Marg, Delhi, Delhi, India",28.6315,77.2167,1.61,True
2026-08-26 07:39:31,Delhi,28.7041,77.1025,169,Moderate,"Shaheed Sukhdev College of Business Studies, Rohini, Delhi, Delhi, India",28.7041,77.1025,3.56,False
2026-08-26 07:39:31,Faridabad,28.4089,77.3178,102,Moderate,"Dr. Karni Singh Shooting Range, Delhi, Delhi, India",28.4089,77.3178,11.25,False
2026-08-26 07:39:31,Gurgaon,28.4595,77.0266,139,Moderate,"National Institute of Malaria Research, Sector 8, Dwarka, Delhi, Delhi, India",28.4595,77.0266,13.92,False
2026-08-26 07:39:31,Noida,28.5355,77.391,127,Moderate,"DITE Okhla, Delhi, Delhi, India",28.5355,77.391,11.76,False
2026-08-26 07:39:31,Anand Vihar,28.6469,77.3152,177,Moderate,"Anand Vihar, Delhi, Delhi, India",28.6469,77.3152,0.43,True
2026-08-26 07:39:31,Ashok Vihar,28.698,77.173,164,Moderate,"Delhi Institute of Tool Engineering, Wazirpur, Delhi, Delhi, India",28.698,77.173,0.77,True
2026-08-26 07:39:31,Bawana,28.7996,77.0339,158,Moderate,"Pooth Khurd, Bawana, Delhi, Delhi, India",28.7996,77.0339,2.91,False
2026-08-26 07:39:31,Dwarka,28.573,77.041,139,Moderate,"National Institute of Malaria Research, Sector 8, Dwarka, Delhi, Delhi, India",28.573,77.041,3.44,False
2026-08-26 07:39:31,Jahangirpuri,28.728,77.1636,111,Moderate,"ITI Jahangirpuri, Delhi, Delhi, India",28.728,77.1636,0.99,True
2026-08-26 07:39:31,Mundka,28.6828,76.9821,109,Moderate,"Mundka, Delhi, Delhi, India",28.6828,76.9821,4.72,False
2026-08-26 07:39:31,Narela,28.8553,77.0888,63,Satisfactory,"Narela, Delhi, Delhi, India",28.8553,77.0888,4.04,False
2026-08-26 07:39:31,Okhla,28.5355,77.291,127,Moderate,"DITE Okhla, Delhi, Delhi, India",28.5355,77.291,2.04,False
2026-08-26 07:39:31,Punjabi Bagh,28.6692,77.1341,166,Moderate,"Punjabi Bagh, Delhi, Delhi, India",28.6692,77.1341,1.7,True
2026-08-26 07:39:31,R.K. Puram,28.5641,77.1765,156,Moderate,"R.K. Puram, Delhi, Delhi, India",28.5641,77.1765,0.22,True
2026-08-26 07:39:31,Rohini,28.7495,77.0565,158,Moderate,"Pooth Khurd, Bawana, Delhi, Delhi, India",28.7495,77.0565,3.09,False
2026-08-26 07:39:31,Vivek Vihar,28.672,77.3152,143,Moderate,"ITI Shahdra, Jhilmil Industrial Area, Delhi, Delhi, India",28.672,77.3152,0.13,True
2026-08-26 07:39:31,Wazirpur,28.7041,77.1663,164,Moderate,"Delhi Institute of Tool Engineering, Wazirpur, Delhi, Delhi, India",28.7041,77.1663,0.41,True
2026-08-26 07:39:31,Chandni Chowk,28.6506,77.2303,168,Moderate,"Mandir Marg, Delhi, Delhi, India",28.6506,77.2303,3.44,False
2026-08-26 07:39:31,Red Fort,28.6562,77.241,168,Moderate,"Mandir Marg, Delhi, Delhi, India",28.6562,77.241,4.65,False
2026-08-26 07:39:31,Connaught Place,28.6315,77.2167,168,Moderate,"Mandir Marg, Delhi, Delhi, India",28.6315,77.2167,1.61,True
2026-08-26 08:33:56,Delhi,28.7041,77.1025,169,Moderate,"Shaheed Sukhdev College of Business Studies, Rohini, Delhi, Delhi, India",28.7041,77.1025,3.56,False
2026-08-26 08:33:56,Faridabad,28.4089,77.3178,97,Satisfactory,"Dr. Karni Singh Shooting Range, Delhi, Delhi, India",28.4089,77.3178,11.25,False
2026-08-26 08:33:56,Gurgaon,28.4595,77.0266,132,Moderate,"National Institute of Malaria Research, Sector 8, Dwarka, Delhi, Delhi, India",28.4595,77.0266,13.92,False
2026-08-26 08:33:56,Noida,28.5355,77.391,132,Moderate,"DITE Okhla, Delhi, Delhi, India",28.5355,77.391,11.76,False
2026-08-26 08:33:56,Anand Vihar,28.6469,77.3152,171,Moderate,"Anand Vihar, Delhi, Delhi, India",28.6469,77.3152,0.43,True
2026-08-26 08:33:56,Ashok Vihar,28.698,77.173,164,Moderate,"Delhi Institute of Tool Engineering, Wazirpur, Delhi, Delhi, India",28.698,77.173,0.77,True
2026-08-26 08:33:56,Bawana,28.7996,77.0339,195,Moderate,"Pooth Khurd, Bawana, Delhi, Delhi, India",28.7996,77.0339,2.91,False
2026-08-26 08:33:56,Dwarka,28.573,77.041,132,Moderate,"National Institute of Malaria Research, Sector 8, Dwarka, Delhi, Delhi, India",28.573,77.041,3.44,False
2026-08-26 08:33:56,Jahangirpuri,28.728,77.1636,127,Moderate,"ITI Jahangirpuri, Delhi, Delhi, India",28.728,77.1636,0.99,True
2026-08-26 08:33:56,Mundka,28.6828,76.9821,151,Moderate,"Mundka, Delhi, Delhi, India",28.6828,76.9821,4.72,False
2026-08-26 08:33:56,Narela,28.8553,77.0888,63,Satisfactory,"Narela, Delhi, Delhi, India",28.8553,77.0888,4.04,False
2026-08-26 08:33:56,Okhla,28.5355,77.291,132,Moderate,"DITE Okhla, Delhi, Delhi, India",28.5355,77.291,2.04,False
2026-08-26 08:33:56,Punjabi Bagh,28.6692,77.1341,181,Moderate,"Punjabi Bagh, Delhi, Delhi, India",28.6692,77.1341,1.7,True
2026-08-26 08:33:56,R.K. Puram,28.5641,77.1765,157,Moderate,"R.K. Puram, Delhi, Delhi, India",28.5641,77.1765,0.22,True
2026-08-26 08:33:56,Rohini,28.7495,77.0565,195,Moderate,"Pooth Khurd, Bawana, Delhi, Delhi, India",28.7495,77.0565,3.09,False
2026-08-26 08:33:56,Vivek Vihar,28.672,77.3152,143,Moderate,"ITI Shahdra, Jhilmil Industrial Area, Delhi, Delhi, India",28.672,77.3152,0.13,True
2026-08-26 08:33:56,Wazirpur,28.7041,77.1663,164,Moderate,"Delhi Institute of Tool Engineering, Wazirpur, Delhi, Delhi, India",28.7041,77.1663,0.41,True
2026-08-26 08:33:56,Chandni Chowk,28.6506,77.2303,168,Moderate,"Mandir Marg, Delhi, Delhi, India",28.6506,77.2303,3.44,False
2026-08-26 08:33:56,Red Fort,28.6562,77.241,168,Moderate,"Mandir Marg, Delhi, Delhi, India",28.6562,77.241,4.65,False
2026-08-26 08:33:56,Connaught Place,28.6315,77.2167,168,Moderate,"Mandir Marg, Delhi, Delhi, India",28.6315,77.2167,1.61,True
2026-08-26 09:32:58,Delhi,28.7041,77.1025,161,Moderate,"Shaheed Sukhdev College of Business Studies, Rohini, Delhi, Delhi, India",28.7041,77.1025,3.56,False
2026-08-26 09:32:58,Faridabad,28.4089,77.3178,91,Satisfactory,"Dr. Karni Singh Shooting Range, Delhi, Delhi, India",28.4089,77.3178,11.25,False
2026-08-26 09:32:58,Gurgaon,28.4595,77.0266,132,Moderate,"National Institute of Malaria Research, Sector 8, Dwarka, Delhi, Delhi, India",28.4595,77.0266,13.92,False
2026-08-26 09:32:58,Noida,28.5355,77.391,132,Moderate,"DITE Okhla, Delhi, Delhi, India",28.5355,77.391,11.76,False
2026-08-26 09:32:58,Anand Vihar,28.6469,77.3152,175,Moderate,"Anand Vihar, Delhi, Delhi, India",28.6469,77.3152,0.43,True
2026-08-26 09:32:58,Ashok Vihar,28.698,77.173,165,Moderate,"Delhi Institute of Tool Engineering, Wazirpur, Delhi, Delhi, India",28.698,77.173,0.77,True
2026-08-26 09:32:58,Bawana,28.7996,77.0339,195,Moderate,"Pooth Khurd, Bawana, Delhi, Delhi, India",28.7996,77.0339,2.91,False
2026-08-26 09:32:58,Dwarka,28.573,77.041,132,Moderate,"National Institute of Malaria Research, Sector 8, Dwarka, Delhi, Delhi, India",28.573,77.041,3.44,False
2026-08-26 09:32:58,Jahangirpuri,28.728,77.1636,127,Moderate,"ITI Jahangirpuri, Delhi, Delhi, India",28.728,77.1636,0.99,True
2026-08-26 09:32:58,Mundka,28.6828,76.9821,124,Moderate,"Mundka, Delhi, Delhi, India",28.6828,76.9821,4.72,False
2026-08-26 09:32:58,Narela,28.8553,77.0888,102,Moderate,"Narela, Delhi, Delhi, India",28.8553,77.0888,4.04,False
2026-08-26 09:32:58,Okhla,28.5355,77.291,132,Moderate,"DITE Okhla, Delhi, Delhi, India",28.5355,77.291,2.04,False
2026-08-26 09:32:58,Punjabi Bagh,28.6692,77.1341,181,Moderate,"Punjabi Bagh, Delhi, Delhi, India",28.6692,77.1341,1.7,True
2026-08-26 09:32:58,R.K. Puram,28.5641,77.1765,157,Moderate,"R.K. Puram, Delhi, Delhi, India",28.5641,77.1765,0.22,True
2026-08-26 09:32:58,Rohini,28.7495,77.0565,195,Moderate,"Pooth Khurd, Bawana, Delhi, Delhi, India",28.7495,77.0565,3.09,False
2026-08-26 09:32:58,Vivek Vihar,28.672,77.3152,124,Moderate,"ITI Shahdra, Jhilmil Industrial Area, Delhi, Delhi, India",28.672,77.3152,0.13,True
2026-08-26 09:32:58,Wazirpur,28.7041,77.1663,165,Moderate,"Delhi Institute of Tool Engineering, Wazirpur, Delhi, Delhi, India",28.7041,77.1663,0.41,True
2026-08-26 09:32:58,Chandni Chowk,28.6506,77.2303,168,Moderate,"Mandir Marg, Delhi, Delhi, India",28.6506,77.2303,3.44,False
2026-08-26 09:32:58,Red Fort,28.6562,77.241,168,Moderate,"Mandir Marg, Delhi, Delhi, India",28.6562,77.241,4.65,False
2026-08-26 09:32:58,Connaught Place,28.6315,77.2167,168,Moderate,"Mandir Marg, Delhi, Delhi, India",28.6315,77.2167,1.61,True
2026-08-26 10:26:57,Delhi,28.7041,77.1025,165,Moderate,"Shaheed Sukhdev College of Business Studies, Rohini, Delhi, Delhi, India",28.7041,77.1025,3.56,False
2026-08-26 10:26:57,Faridabad,28.4089,77.3178,125,Moderate,"Dr. Karni Singh Shooting Range, Delhi, Delhi, India",28.4089,77.3178,11.25,False
2026-08-26 10:26:57,Gurgaon,28.4595,77.0266,137,Moderate,"National Institute of Malaria Research, Sector 8, Dwarka, Delhi, Delhi, India",28.4595,77.0266,13.92,False
2026-08-26 10:26:57,Noida,28.5355,77.391,127,Moderate,"DITE Okhla, Delhi, Delhi, India",28.5355,77.391,11.76,False
2026-08-26 10:26:57,Anand Vihar,28.6469,77.3152,175,Moderate,"Anand Vihar, Delhi, Delhi, India",28.6469,77.3152,0.43,True
2026-08-26 10:26:57,Ashok Vihar,28.698,77.173,168,Moderate,"Delhi Institute of Tool Engineering, Wazirpur, Delhi, Delhi, India",28.698,77.173,0.77,True
2026-08-26 10:26:57,Bawana,28.7996,77.0339,181,Moderate,"Pooth Khurd, Bawana, Delhi, Delhi, India",28.7996,77.0339,2.91,False
2026-08-26 10:26:57,Dwarka,28.573,77.041,137,Moderate,"National Institute of Malaria Research, Sector 8, Dwarka, Delhi, Delhi, India",28.573,77.041,3.44,False
2026-08-26 10:26:57,Jahangirpuri,28.728,77.1636,151,Moderate,"ITI Jahangirpuri, Delhi, Delhi, India",28.728,77.1636,0.99,True
2026-08-26 10:26:57,Mundka,28.6828,76.9821,124,Moderate,"Mundka, Delhi, Delhi, India",28.6828,76.9821,4.72,False
2026-08-26 10:26:57,Narela,28.8553,77.0888,139,Moderate,"Narela, Delhi, Delhi, India",28.8553,77.0888,4.04,False
2026-08-26 10:26:57,Okhla,28.5355,77.291,127,Moderate,"DITE Okhla, Delhi, Delhi, India",28.5355,77.291,2.04,False
2026-08-26 10:26:57,Punjabi Bagh,28.6692,77.1341,162,Moderate,"Punjabi Bagh, Delhi, Delhi, India",28.6692,77.1341,1.7,True
2026-08-26 10:26:57,R.K. Puram,28.5641,77.1765,161,Moderate,"R.K. Puram, Delhi, Delhi, India",28.5641,77.1765,0.22,True
2026-08-26 10:26:57,Rohini,28.7495,77.0565,181,Moderate,"Pooth Khurd, Bawana, Delhi, Delhi, India",28.7495,77.0565,3.09,False
2026-08-26 10:26:57,Vivek Vihar,28.672,77.3152,149,Moderate,"ITI Shahdra, Jhilmil Industrial Area, Delhi, Delhi, India",28.672,77.3152,0.13,True
2026-08-26 10:26:57,Wazirpur,28.7041,77.1663,168,Moderate,"Delhi Institute of Tool Engineering, Wazirpur, Delhi, Delhi, India",28.7041,77.1663,0.41,True
2026-08-26 10:26:57,Chandni Chowk,28.6506,77.2303,168,Moderate,"Mandir Marg, Delhi, Delhi, India",28.6506,77.2303,3.44,False
2026-08-26 10:26:57,Red Fort,28.6562,77.241,168,Moderate,"Mandir Marg, Delhi, Delhi, India",28.6562,77.241,4.65,False
2026-08-26 10:26:57,Connaught Place,28.6315,77.2167,168,Moderate,"Mandir Marg, Delhi, Delhi, India",28.6315,77.2167,1.61,True
2026-08-26 11:00:13,Delhi,28.7041,77.1025,166,Moderate,"Shaheed Sukhdev College of Business Studies, Rohini, Delhi, Delhi, India",28.7041,77.1025,3.56,False
2026-08-26 11:00:13,Faridabad,28.4089,77.3178,160,Moderate,"Dr. Karni Singh Shooting Range, Delhi, Delhi, India",28.4089,77.3178,11.25,False
2026-08-26 11:00:13,Gurgaon,28.4595,77.0266,174,Moderate,"National Institute of Malaria Research, Sector 8, Dwarka, Delhi, Delhi, India",28.4595,77.0266,13.92,False
2026-08-26 11:00:13,Noida,28.5355,77.391,151,Moderate,"DITE Okhla, Delhi, Delhi, India",28.5355,77.391,11.76,False
2026-08-26 11:00:13,Anand Vihar,28.6469,77.3152,171,Moderate,"Anand Vihar, Delhi, Delhi, India",28.6469,77.3152,0.43,True
2026-08-26 11:00:13,Ashok Vihar,28.698,77.173,171,Moderate,"Delhi Institute of Tool Engineering, Wazirpur, Delhi, Delhi, India",28.698,77.173,0.77,True
2026-08-26 11:00:13,Bawana,28.7996,77.0339,169,Moderate,"Pooth Khurd, Bawana, Delhi, Delhi, India",28.7996,77.0339,2.91,False
2026-08-26 11:00:13,Dwarka,28.573,77.041,174,Moderate,"National Institute of Malaria Research, Sector 8, Dwarka, Delhi, Delhi, India",28.573,77.041,3.44,False
2026-08-26 11:00:13,Jahangirpuri,28.728,77.1636,154,Moderate,"ITI Jahangirpuri, Delhi, Delhi, India",28.728,77.1636,0.99,True
2026-08-26 11:00:13,Mundka,28.6828,76.9821,114,Moderate,"Mundka, Delhi, Delhi, India",28.6828,76.9821,4.72,False
2026-08-26 11:00:13,Narela,28.8553,77.0888,124,Moderate,"Narela, Delhi, Delhi, India",28.8553,77.0888,4.04,False
2026-08-26 11:00:13,Okhla,28.5355,77.291,151,Moderate,"DITE Okhla, Delhi, Delhi, India",28.5355,77.291,2.04,False
2026-08-26 11:00:13,Punjabi Bagh,28.6692,77.1341,174,Moderate,"Punjabi Bagh, Delhi, Delhi, India",28.6692,77.1341,1.7,True
2026-08-26 11:00:13,R.K. Puram,28.5641,77.1765,165,Moderate,"R.K. Puram, Delhi, Delhi, India",28.5641,77.1765,0.22,True
2026-08-26 11:00:13,Rohini,28.7495,77.0565,169,Moderate,"Pooth Khurd, Bawana, Delhi, Delhi, India",28.7495,77.0565,3.09,False
2026-08-26 11:00:13,Vivek Vihar,28.672,77.3152,159,Moderate,"ITI Shahdra, Jhilmil Industrial Area, Delhi, Delhi, India",28.672,77.3152,0.13,True
2026-08-26 11:00:13,Wazirpur,28.7041,77.1663,171,Moderate,"Delhi Institute of Tool Engineering, Wazirpur, Delhi, Delhi, India",28.7041,77.1663,0.41,True
2026-08-26 11:00:13,Chandni Chowk,28.6506,77.2303,168,Moderate,"Mandir Marg, Delhi, Delhi, India",28.6506,77.2303,3.44,False
2026-08-26 11:00:13,Red Fort,28.6562,77.241,168,Moderate,"Mandir Marg, Delhi, Delhi, India",28.6562,77.241,4.65,False
2026-08-26 11:00:13,Connaught Place,28.6315,77.2167,168,Moderate,"Mandir Marg, Delhi, Delhi, India",28.6315,77.2167,1.61,True
2026-08-26 11:34:32,Delhi,28.7041,77.1025,156,Moderate,"Shaheed Sukhdev College of Business Studies, Rohini, Delhi, Delhi, India",28.7041,77.1025,3.56,False
2026-08-26 11:34:32,Faridabad,28.4089,77.3178,97,Satisfactory,"Dr. Karni Singh Shooting Range, Delhi, Delhi, India",28.4089,77.3178,11.25,False
2026-08-26 11:34:32,Gurgaon,28.4595,77.0266,102,Moderate,"National Institute of Malaria Research, Sector 8, Dwarka, Delhi, Delhi, India",28.4595,77.0266,13.92,False
2026-08-26 11:34:32,Noida,28.5355,77.391,154,Moderate,"DITE Okhla, Delhi, Delhi, India",28.5355,77.391,11.76,False
2026-08-26 11:34:32,Anand Vihar,28.6469,77.3152,180,Moderate,"Anand Vihar, Delhi, Delhi, India",28.6469,77.3152,0.43,True
2026-08-26 11:34:32,Ashok Vihar,28.698,77.173,171,Moderate,"Delhi Institute of Tool Engineering, Wazirpur, Delhi, Delhi, India",28.698,77.173,0.77,True
2026-08-26 11:34:32,Bawana,28.7996,77.0339,181,Moderate,"Pooth Khurd, Bawana, Delhi, Delhi, India",28.7996,77.0339,2.91,False
2026-08-26 11:34:32,Dwarka,28.573,77.041,102,Moderate,"National Institute of Malaria Research, Sector 8, Dwarka, Delhi, Delhi, India",28.573,77.041,3.44,False
2026-08-26 11:34:32,Jahangirpuri,28.728,77.1636,168,Moderate,"ITI Jahangirpuri, Delhi, Delhi, India",28.728,77.1636,0.99,True
2026-08-26 11:34:32,Mundka,28.6828,76.9821,154,Moderate,"Mundka, Delhi, Delhi, India",28.6828,76.9821,4.72,False
2026-08-26 11:34:32,Narela,28.8553,77.0888,137,Moderate,"Narela, Delhi, Delhi, India",28.8553,77.0888,4.04,False
2026-08-26 11:34:32,Okhla,28.5355,77.291,154,Moderate,"DITE Okhla, Delhi, Delhi, India",28.5355,77.291,2.04,False
2026-08-26 11:34:32,Punjabi Bagh,28.6692,77.1341,174,Moderate,"Punjabi Bagh, Delhi, Delhi, India",28.6692,77.1341,1.7,True
2026-08-26 11:34:32,R.K. Puram,28.5641,77.1765,159,Moderate,"R.K. Puram, Delhi, Delhi, India",28.5641,77.1765,0.22,True
2026-08-26 11:34:32,Rohini,28.7495,77.0565,181,Moderate,"Pooth Khurd, Bawana, Delhi, Delhi, India",28.7495,77.0565,3.09,False
2026-08-26 11:34:32,Vivek Vihar,28.672,77.3152,159,Moderate,"ITI Shahdra, Jhilmil Industrial Area, Delhi, Delhi, India",28.672,77.3152,0.13,True
2026-08-26 11:34:32,Wazirpur,28.7041,77.1663,171,Moderate,"Delhi Institute of Tool Engineering, Wazirpur, Delhi, Delhi, India",28.7041,77.1663,0.41,True
2026-08-26 11:34:32,Chandni Chowk,28.6506,77.2303,168,Moderate,"Mandir Marg, Delhi, Delhi, India",28.6506,77.2303,3.44,False
2026-08-26 11:34:32,Red Fort,28.6562,77.241,168,Moderate,"Mandir Marg, Delhi, Delhi, India",28.6562,77.241,4.65,False
2026-08-26 11:34:32,Connaught Place,28.6315,77.2167,168,Moderate,"Mandir Marg, Delhi, Delhi, India",28.6315,77.2167,1.61,True
2026-08-26 12:34:52,Delhi,28.7041,77.1025,156,Moderate,"Shaheed Sukhdev College of Business Studies, Rohini, Delhi, Delhi, India",28.7041,77.1025,3.56,False
2026-08-26 12:34:52,Faridabad,28.4089,77.3178,137,Moderate,"Dr. Karni Singh Shooting Range, Delhi, Delhi, India",28.4089,77.3178,11.25,False
2026-08-26 12:34:52,Gurgaon,28.4595,77.0266,122,Moderate,"National Institute of Malaria Research, Sector 8, Dwarka, Delhi, Delhi, India",28.4595,77.0266,13.92,False
2026-08-26 12:34:52,Noida,28.5355,77.391,154,Moderate,"DITE Okhla, Delhi, Delhi, India",28.5355,77.391,11.76,False
2026-08-26 12:34:52,Anand Vihar,28.6469,77.3152,188,Moderate,"Anand Vihar, Delhi, Delhi, India",28.6469,77.3152,0.43,True
2026-08-26 12:34:52,Ashok Vihar,28.698,77.173,164,Moderate,"Delhi Institute of Tool Engineering, Wazirpur, Delhi, Delhi, India",28.698,77.173,0.77,True
2026-08-26 12:34:52,Bawana,28.7996,77.0339,160,Moderate,"Pooth Khurd, Bawana, Delhi, Delhi, India",28.7996,77.0339,2.91,False
2026-08-26 12:34:52,Dwarka,28.573,77.041,122,Moderate,"National Institute of Malaria Research, Sector 8, Dwarka, Delhi, Delhi, India",28.573,77.041,3.44,False
2026-08-26 12:34:52,Jahangirpuri,28.728,77.1636,158,Moderate,"ITI Jahangirpuri, Delhi, Delhi, India",28.728,77.1636,0.99,True
2026-08-26 12:34:52,Mundka,28.6828,76.9821,129,Moderate,"Mundka, Delhi, Delhi, India",28.6828,76.9821,4.72,False
2026-08-26 12:34:52,Narela,28.8553,77.0888,137,Moderate,"Narela, Delhi, Delhi, India",28.8553,77.0888,4.04,False
2026-08-26 12:34:52,Okhla,28.5355,77.291,154,Moderate,"DITE Okhla, Delhi, Delhi, India",28.5355,77.291,2.04,False
2026-08-26 12:34:52,Punjabi Bagh,28.6692,77.1341,124,Moderate,"Punjabi Bagh, Delhi, Delhi, India",28.6692,77.1341,1.7,True
2026-08-26 12:34:52,R.K. Puram,28.5641,77.1765,159,Moderate,"R.K. Puram, Delhi, Delhi, India",28.5641,77.1765,0.22,True
2026-08-26 12:34:52,Rohini,28.7495,77.0565,160,Moderate,"Pooth Khurd, Bawana, Delhi, Delhi, India",28.7495,77.0565,3.09,False
2026-08-26 12:34:52,Vivek Vihar,28.672,77.3152,161,Moderate,"ITI Shahdra, Jhilmil Industrial Area, Delhi, Delhi, India",28.672,77.3152,0.13,True
2026-08-26 12:34:52,Wazirpur,28.7041,77.1663,164,Moderate,"Delhi Institute of Tool Engineering, Wazirpur, Delhi, Delhi, India",28.7041,77.1663,0.41,True
2026-08-26 12:34:52,Chandni Chowk,28.6506,77.2303,168,Moderate,"Mandir Marg, Delhi, Delhi, India",28.6506,77.2303,3.44,False
2026-08-26 12:34:52,Red Fort,28.6562,77.241,168,Moderate,"Mandir Marg, Delhi, Delhi, India",28.6562,77.241,4.65,False
2026-08-26 12:34:52,Connaught Place,28.6315,77.2167,168,Moderate,"Mandir Marg, Delhi, Delhi, India",28.6315,77.2167,1.61,True
2026-08-26 13:47:38,Delhi,28.7041,77.1025,157,Moderate,"Shaheed Sukhdev College of Business Studies, Rohini, Delhi, Delhi, India",28.7041,77.1025,3.56,False
2026-08-26 13:47:38,Faridabad,28.4089,77.3178,158,Moderate,"Dr. Karni Singh Shooting Range, Delhi, Delhi, India",28.4089,77.3178,11.25,False
2026-08-26 13:47:38,Gurgaon,28.4595,77.0266,187,Moderate,"National Institute of Malaria Research, Sector 8, Dwarka, Delhi, Delhi, India",28.4595,77.0266,13.92,False
2026-08-26 13:47:38,Noida,28.5355,77.391,132,Moderate,"DITE Okhla, Delhi, Delhi, India",28.5355,77.391,11.76,False
2026-08-26 13:47:38,Anand Vihar,28.6469,77.3152,325,Very Poor,"Anand Vihar, Delhi, Delhi, India",28.6469,77.3152,0.43,True
2026-08-26 13:47:38,Ashok Vihar,28.698,77.173,164,Moderate,"Delhi Institute of Tool Engineering, Wazirpur, Delhi, Delhi, India",28.698,77.173,0.77,True
2026-08-26 13:47:38,Bawana,28.7996,77.0339,168,Moderate,"Pooth Khurd, Bawana, Delhi, Delhi, India",28.7996,77.0339,2.91,False
2026-08-26 13:47:38,Dwarka,28.573,77.041,187,Moderate,"National Institute of Malaria Research, Sector 8, Dwarka, Delhi, Delhi, India",28.573,77.041,3.44,False
2026-08-26 13:47:38,Jahangirpuri,28.728,77.1636,167,Moderate,"ITI Jahangirpuri, Delhi, Delhi, India",28.728,77.1636,0.99,True
2026-08-26 13:47:38,Mundka,28.6828,76.9821,122,Moderate,"Mundka, Delhi, Delhi, India",28.6828,76.9821,4.72,False
2026-08-26 13:47:38,Narela,28.8553,77.0888,112,Moderate,"Narela, Delhi, Delhi, India",28.8553,77.0888,4.04,False
2026-08-26 13:47:38,Okhla,28.5355,77.291,132,Moderate,"DITE Okhla, Delhi, Delhi, India",28.5355,77.291,2.04,False
2026-08-26 13:47:38,Punjabi Bagh,28.6692,77.1341,132,Moderate,"Punjabi Bagh, Delhi, Delhi, India",28.6692,77.1341,1.7,True
2026-08-26 13:47:38,R.K. Puram,28.5641,77.1765,160,Moderate,"R.K. Puram, Delhi, Delhi, India",28.5641,77.1765,0.22,True
2026-08-26 13:47:38,Rohini,28.7495,77.0565,168,Moderate,"Pooth Khurd, Bawana, Delhi, Delhi, India",28.7495,77.0565,3.09,False
2026-08-26 13:47:38,Vivek Vihar,28.672,77.3152,152,Moderate,"ITI Shahdra, Jhilmil Industrial Area, Delhi, Delhi, India",28.672,77.3152,0.13,True
2026-08-26 13:47:38,Wazirpur,28.7041,77.1663,164,Moderate,"Delhi Institute of Tool Engineering, Wazirpur, Delhi, Delhi, India",28.7041,77.1663,0.41,True
2026-08-26 13:47:38,Chandni Chowk,28.6506,77.2303,168,Moderate,"Mandir Marg, Delhi, Delhi, India",28.6506,77.2303,3.44,False
2026-08-26 13:47:38,Red Fort,28.6562,77.241,168,Moderate,"Mandir Marg, Delhi, Delhi, India",28.6562,77.241,4.65,False
2026-08-26 13:47:38,Connaught Place,28.6315,77.2167,168,Moderate,"Mandir Marg, Delhi, Delhi, India",28.6315,77.2167,1.61,True
2026-08-26 14:36:53,Delhi,28.7041,77.1025,167,Moderate,"Shaheed Sukhdev College of Business Studies, Rohini, Delhi, Delhi, India",28.7041,77.1025,3.56,False
2026-08-26 14:36:53,Faridabad,28.4089,77.3178,191,Moderate,"Dr. Karni Singh Shooting Range, Delhi, Delhi, India",28.4089,77.3178,11.25,False
2026-08-26 14:36:53,Gurgaon,28.4595,77.0266,193,Moderate,"National Institute of Malaria Research, Sector 8, Dwarka, Delhi, Delhi, India",28.4595,77.0266,13.92,False
2026-08-26 14:36:53,Noida,28.5355,77.391,161,Moderate,"DITE Okhla, Delhi, Delhi, India",28.5355,77.391,11.76,False
2026-08-26 14:36:53,Anand Vihar,28.6469,77.3152,358,Very Poor,"Anand Vihar, Delhi, Delhi, India",28.6469,77.3152,0.43,True
2026-08-26 14:36:53,Ashok Vihar,28.698,77.173,169,Moderate,"Delhi Institute of Tool Engineering, Wazirpur, Delhi, Delhi, India",28.698,77.173,0.77,True
2026-08-26 14:36:53,Bawana,28.7996,77.0339,168,Moderate,"Pooth Khurd, Bawana, Delhi, Delhi, India",28.7996,77.0339,2.91,False
2026-08-26 14:36:53,Dwarka,28.573,77.041,193,Moderate,"National Institute of Malaria Research, Sector 8, Dwarka, Delhi, Delhi, India",28.573,77.041,3.44,False
2026-08-26 14:36:53,Jahangirpuri,28.728,77.1636,200,Moderate,"ITI Jahangirpuri, Delhi, Delhi, India",28.728,77.1636,0.99,True
2026-08-26 14:36:53,Mundka,28.6828,76.9821,159,Moderate,"Mundka, Delhi, Delhi, India",28.6828,76.9821,4.72,False
2026-08-26 14:36:53,Narela,28.8553,77.0888,108,Moderate,"Narela, Delhi, Delhi, India",28.8553,77.0888,4.04,False
2026-08-26 14:36:53,Okhla,28.5355,77.291,161,Moderate,"DITE Okhla, Delhi, Delhi, India",28.5355,77.291,2.04,False
2026-08-26 14:36:53,Punjabi Bagh,28.6692,77.1341,151,Moderate,"Punjabi Bagh, Delhi, Delhi, India",28.6692,77.1341,1.7,True
2026-08-26 14:36:53,R.K. Puram,28.5641,77.1765,161,Moderate,"R.K. Puram, Delhi, Delhi, India",28.5641,77.1765,0.22,True
2026-08-26 14:36:53,Rohini,28.7495,77.0565,168,Moderate,"Pooth Khurd, Bawana, Delhi, Delhi, India",28.7495,77.0565,3.09,False
2026-08-26 14:36:53,Vivek Vihar,28.672,77.3152,155,Moderate,"ITI Shahdra, Jhilmil Industrial Area, Delhi, Delhi, India",28.672,77.3152,0.13,True
2026-08-26 14:36:53,Wazirpur,28.7041,77.1663,169,Moderate,"Delhi Institute of Tool Engineering, Wazirpur, Delhi, Delhi, India",28.7041,77.1663,0.41,True
2026-08-26 14:36:53,Chandni Chowk,28.6506,77.2303,168,Moderate,"Mandir Marg, Delhi, Delhi, India",28.6506,77.2303,3.44,False
2026-08-26 14:36:53,Red Fort,28.6562,77.241,168,Moderate,"Mandir Marg, Delhi, Delhi, India",28.6562,77.241,4.65,False
2026-08-26 14:36:53,Connaught Place,28.6315,77.2167,168,Moderate,"Mandir Marg, Delhi, Delhi, India",28.6315,77.2167,1.61,True
2026-08-26 16:11:51,Delhi,28.7041,77.1025,159,Moderate,"Shaheed Sukhdev College of Business Studies, Rohini, Delhi, Delhi, India",28.7041,77.1025,3.56,False
2026-08-26 16:11:51,Faridabad,28.4089,77.3178,124,Moderate,"Dr. Karni Singh Shooting Range, Delhi, Delhi, India",28.4089,77.3178,11.25,False
2026-08-26 16:11:51,Gurgaon,28.4595,77.0266,310,Very Poor,"National Institute of Malaria Research, Sector 8, Dwarka, Delhi, Delhi, India",28.4595,77.0266,13.92,False
2026-08-26 16:11:51,Noida,28.5355,77.391,154,Moderate,"DITE Okhla, Delhi, Delhi, India",28.5355,77.391,11.76,False
2026-08-26 16:11:51,Anand Vihar,28.6469,77.3152,407,Severe,"Anand Vihar, Delhi, Delhi, India",28.6469,77.3152,0.43,True
2026-08-26 16:11:51,Ashok Vihar,28.698,77.173,172,Moderate,"Delhi Institute of Tool Engineering, Wazirpur, Delhi, Delhi, India",28.698,77.173,0.77,True
2026-08-26 16:11:51,Bawana,28.7996,77.0339,168,Moderate,"Pooth Khurd, Bawana, Delhi, Delhi, India",28.7996,77.0339,2.91,False
2026-08-26 16:11:51,Dwarka,28.573,77.041,310,Very Poor,"National Institute of Malaria Research, Sector 8, Dwarka, Delhi, Delhi, India",28.573,77.041,3.44,False
2026-08-26 16:11:51,Jahangirpuri,28.728,77.1636,156,Moderate,"ITI Jahangirpuri, Delhi, Delhi, India",28.728,77.1636,0.99,True
2026-08-26 16:11:51,Mundka,28.6828,76.9821,133,Moderate,"Mundka, Delhi, Delhi, India",28.6828,76.9821,4.72,False
2026-08-26 16:11:51,Narela,28.8553,77.0888,142,Moderate,"Narela, Delhi, Delhi, India",28.8553,77.0888,4.04,False
2026-08-26 16:11:51,Okhla,28.5355,77.291,154,Moderate,"DITE Okhla, Delhi, Delhi, India",28.5355,77.291,2.04,False
2026-08-26 16:11:51,Punjabi Bagh,28.6692,77.1341,152,Moderate,"Punjabi Bagh, Delhi, Delhi, India",28.6692,77.1341,1.7,True
2026-08-26 16:11:51,R.K. Puram,28.5641,77.1765,172,Moderate,"R.K. Puram, Delhi, Delhi, India",28.5641,77.1765,0.22,True
2026-08-26 16:11:51,Rohini,28.7495,77.0565,168,Moderate,"Pooth Khurd, Bawana, Delhi, Delhi, India",28.7495,77.0565,3.09,False
2026-08-26 16:11:51,Vivek Vihar,28.672,77.3152,153,Moderate,"ITI Shahdra, Jhilmil Industrial Area, Delhi, Delhi, India",28.672,77.3152,0.13,True
2026-08-26 16:11:51,Wazirpur,28.7041,77.1663,172,Moderate,"Delhi Institute of Tool Engineering, Wazirpur, Delhi, Delhi, India",28.7041,77.1663,0.41,True
2026-08-26 16:11:51,Chandni Chowk,28.6506,77.2303,168,Moderate,"Mandir Marg, Delhi, Delhi, India",28.6506,77.2303,3.44,False
2026-08-26 16:11:51,Red Fort,28.6562,77.241,168,Moderate,"Mandir Marg, Delhi, Delhi, India",28.6562,77.241,4.65,False
2026-08-26 16:11:51,Connaught Place,28.6315,77.2167,168,Moderate,"Mandir Marg, Delhi, Delhi, India",28.6315,77.2167,1.61,True
2026-08-26 18:11:28,Delhi,28.7041,77.1025,154,Moderate,"Shaheed Sukhdev College of Business Studies, Rohini, Delhi, Delhi, India",28.7041,77.1025,3.56,False
2026-08-26 18:11:28,Faridabad,28.4089,77.3178,104,Moderate,"Dr. Karni Singh Shooting Range, Delhi, Delhi, India",28.4089,77.3178,11.25,False
2026-08-26 18:11:28,Gurgaon,28.4595,77.0266,248,Poor,"National Institute of Malaria Research, Sector 8, Dwarka, Delhi, Delhi, India",28.4595,77.0266,13.92,False
2026-08-26 18:11:28,Noida,28.5355,77.391,144,Moderate,"DITE Okhla, Delhi, Delhi, India",28.5355,77.391,11.76,False
2026-08-26 18:11:28,Anand Vihar,28.6469,77.3152,549,Severe,"Anand Vihar, Delhi, Delhi, India",28.6469,77.3152,0.43,True
2026-08-26 18:11:28,Ashok Vihar,28.698,77.173,166,Moderate,"Delhi Institute of Tool Engineering, Wazirpur, Delhi, Delhi, India",28.698,77.173,0.77,True
2026-08-26 18:11:28,Bawana,28.7996,77.0339,191,Moderate,"Pooth Khurd, Bawana, Delhi, Delhi, India",28.7996,77.0339,2.91,False
2026-08-26 18:11:28,Dwarka,28.573,77.041,248,Poor,"National Institute of Malaria Research, Sector 8, Dwarka, Delhi, Delhi, India",28.573,77.041,3.44,False
2026-08-26 18:11:28,Jahangirpuri,28.728,77.1636,167,Moderate,"ITI Jahangirpuri, Delhi, Delhi, India",28.728,77.1636,0.99,True
2026-08-26 18:11:28,Mundka,28.6828,76.9821,175,Moderate,"Mundka, Delhi, Delhi, India",28.6828,76.9821,4.72,False
2026-08-26 18:11:28,Narela,28.8553,77.0888,151,Moderate,"Narela, Delhi, Delhi, India",28.8553,77.0888,4.04,False
2026-08-26 18:11:28,Okhla,28.5355,77.291,144,Moderate,"DITE Okhla, Delhi, Delhi, India",28.5355,77.291,2.04,False
2026-08-26 18:11:28,Punjabi Bagh,28.6692,77.1341,155,Moderate,"Punjabi Bagh, Delhi, Delhi, India",28.6692,77.1341,1.7,True
2026-08-26 18:11:28,R.K. Puram,28.5641,77.1765,160,Moderate,"R.K. Puram, Delhi, Delhi, India",28.5641,77.1765,0.22,True
2026-08-26 18:11:28,Rohini,28.7495,77.0565,191,Moderate,"Pooth Khurd, Bawana, Delhi, Delhi, India",28.7495,77.0565,3.09,False
2026-08-26 18:11:28,Vivek Vihar,28.672,77.3152,159,Moderate,"ITI Shahdra, Jhilmil Industrial Area, Delhi, Delhi, India",28.672,77.3152,0.13,True
2026-08-26 18:11:28,Wazirpur,28.7041,77.1663,166,Moderate,"Delhi Institute of Tool Engineering, Wazirpur, Delhi, Delhi, India",28.7041,77.1663,0.41,True
2026-08-26 18:11:28,Chandni Chowk,28.6506,77.2303,168,Moderate,"Mandir Marg, Delhi, Delhi, India",28.6506,77.2303,3.44,False
2026-08-26 18:11:28,Red Fort,28.6562,77.241,168,Moderate,"Mandir Marg, Delhi, Delhi, India",28.6562,77.241,4.65,False
2026-08-26 18:11:28,Connaught Place,28.6315,77.2167,168,Moderate,"Mandir Marg, Delhi, Delhi, India",28.6315,77.2167,1.61,True
2026-08-26 20:24:37,Delhi,28.7041,77.1025,166,Moderate,"Shaheed Sukhdev College of Business Studies, Rohini, Delhi, Delhi, India",28.7041,77.1025,3.56,False
2026-08-26 20:24:37,Faridabad,28.4089,77.3178,54,Satisfactory,"Dr. Karni Singh Shooting Range, Delhi, Delhi, India",28.4089,77.3178,11.25,False
2026-08-26 20:24:37,Gurgaon,28.4595,77.0266,137,Moderate,"National Institute of Malaria Research, Sector 8, Dwarka, Delhi, Delhi, India",28.4595,77.0266,13.92,False
2026-08-26 20:24:37,Noida,28.5355,77.391,97,Satisfactory,"DITE Okhla, Delhi, Delhi, India",28.5355,77.391,11.76,False
2026-08-26 20:24:37,Anand Vihar,28.6469,77.3152,272,Poor,"Anand Vihar, Delhi, Delhi, India",28.6469,77.3152,0.43,True
2026-08-26 20:24:37,Ashok Vihar,28.698,77.173,156,Moderate,"Delhi Institute of Tool Engineering, Wazirpur, Delhi, Delhi, India",28.698,77.173,0.77,True
2026-08-26 20:24:37,Bawana,28.7996,77.0339,181,Moderate,"Pooth Khurd, Bawana, Delhi, Delhi, India",28.7996,77.0339,2.91,False
2026-08-26 20:24:37,Dwarka,28.573,77.041,137,Moderate,"National Institute of Malaria Research, Sector 8, Dwarka, Delhi, Delhi, India",28.573,77.041,3.44,False
2026-08-26 20:24:37,Jahangirpuri,28.728,77.1636,185,Moderate,"ITI Jahangirpuri, Delhi, Delhi, India",28.728,77.1636,0.99,True
2026-08-26 20:24:37,Mundka,28.6828,76.9821,157,Moderate,"Mundka, Delhi, Delhi, India",28.6828,76.9821,4.72,False
2026-08-26 20:24:37,Narela,28.8553,77.0888,154,Moderate,"Narela, Delhi, Delhi, India",28.8553,77.0888,4.04,False
2026-08-26 20:24:37,Okhla,28.5355,77.291,97,Satisfactory,"DITE Okhla, Delhi, Delhi, India",28.5355,77.291,2.04,False
2026-08-26 20:24:37,Punjabi Bagh,28.6692,77.1341,158,Moderate,"Punjabi Bagh, Delhi, Delhi, India",28.6692,77.1341,1.7,True
2026-08-26 20:24:37,R.K. Puram,28.5641,77.1765,149,Moderate,"R.K. Puram, Delhi, Delhi, India",28.5641,77.1765,0.22,True
2026-08-26 20:24:37,Rohini,28.7495,77.0565,181,Moderate,"Pooth Khurd, Bawana, Delhi, Delhi, India",28.7495,77.0565,3.09,False
2026-08-26 20:24:37,Vivek Vihar,28.672,77.3152,139,Moderate,"ITI Shahdra, Jhilmil Industrial Area, Delhi, Delhi, India",28.672,77.3152,0.13,True
2026-08-26 20:24:37,Wazirpur,28.7041,77.1663,156,Moderate,"Delhi Institute of Tool Engineering, Wazirpur, Delhi, Delhi, India",28.7041,77.1663,0.41,True
2026-08-26 20:24:37,Chandni Chowk,28.6506,77.2303,168,Moderate,"Mandir Marg, Delhi, Delhi, India",28.6506,77.2303,3.44,False
2026-08-26 20:24:37,Red Fort,28.6562,77.241,168,Moderate,"Mandir Marg, Delhi, Delhi, India",28.6562,77.241,4.65,False
2026-08-26 20:24:37,Connaught Place,28.6315,77.2167,168,Moderate,"Mandir Marg, Delhi, Delhi, India",28.6315,77.2167,1.61,True
2026-08-26 23:53:40,Delhi,28.7041,77.1025,147,Moderate,"Shaheed Sukhdev College of Business Studies, Rohini, Delhi, Delhi, India",28.7041,77.1025,3.56,False
2026-08-26 23:53:40,Faridabad,28.4089,77.3178,105,Moderate,"Dr. Karni Singh Shooting Range, Delhi, Delhi, India",28.4089,77.3178,11.25,False
2026-08-26 23:53:40,Gurgaon,28.4595,77.0266,63,Satisfactory,"National Institute of Malaria Research, Sector 8, Dwarka, Delhi, Delhi, India",28.4595,77.0266,13.92,False
2026-08-26 23:53:40,Noida,28.5355,77.391,91,Satisfactory,"DITE Okhla, Delhi, Delhi, India",28.5355,77.391,11.76,False
2026-08-26 23:53:40,Anand Vihar,28.6469,77.3152,395,Very Poor,"Anand Vihar, Delhi, Delhi, India",28.6469,77.3152,0.43,True
2026-08-26 23:53:40,Ashok Vihar,28.698,77.173,132,Moderate,"Delhi Institute of Tool Engineering, Wazirpur, Delhi, Delhi, India",28.698,77.173,0.77,True
2026-08-26 23:53:40,Bawana,28.7996,77.0339,160,Moderate,"Pooth Khurd, Bawana, Delhi, Delhi, India",28.7996,77.0339,2.91,False
2026-08-26 23:53:40,Dwarka,28.573,77.041,63,Satisfactory,"National Institute of Malaria Research, Sector 8, Dwarka, Delhi, Delhi, India",28.573,77.041,3.44,False
2026-08-26 23:53:40,Jahangirpuri,28.728,77.1636,102,Moderate,"ITI Jahangirpuri, Delhi, Delhi, India",28.728,77.1636,0.99,True
2026-08-26 23:53:40,Mundka,28.6828,76.9821,95,Satisfactory,"Mundka, Delhi, Delhi, India",28.6828,76.9821,4.72,False
2026-08-26 23:53:40,Narela,28.8553,77.0888,83,Satisfactory,"Narela, Delhi, Delhi, India",28.8553,77.0888,4.04,False
2026-08-26 23:53:40,Okhla,28.5355,77.291,91,Satisfactory,"DITE Okhla, Delhi, Delhi, India",28.5355,77.291,2.04,False
2026-08-26 23:53:40,Punjabi Bagh,28.6692,77.1341,112,Moderate,"Punjabi Bagh, Delhi, Delhi, India",28.6692,77.1341,1.7,True
2026-08-26 23:53:40,R.K. Puram,28.5641,77.1765,150,Moderate,"R.K. Puram, Delhi, Delhi, India",28.5641,77.1765,0.22,True
2026-08-26 23:53:40,Rohini,28.7495,77.0565,160,Moderate,"Pooth Khurd, Bawana, Delhi, Delhi, India",28.7495,77.0565,3.09,False
2026-08-26 23:53:40,Vivek Vihar,28.672,77.3152,122,Moderate,"ITI Shahdra, Jhilmil Industrial Area, Delhi, Delhi, India",28.672,77.3152,0.13,True
2026-08-26 23:53:40,Wazirpur,28.7041,77.1663,132,Moderate,"Delhi Institute of Tool Engineering, Wazirpur, Delhi, Delhi, India",28.7041,77.1663,0.41,True
2026-08-26 23:53:40,Chandni Chowk,28.6506,77.2303,168,Moderate,"Mandir Marg, Delhi, Delhi, India",28.6506,77.2303,3.44,False
2026-08-26 23:53:40,Red Fort,28.6562,77.241,168,Moderate,"Mandir Marg, Delhi, Delhi, India",28.6562,77.241,4.65,False
2026-08-26 23:53:40,Connaught Place,28.6315,77.2167,168,Moderate,"Mandir Marg, Delhi, Delhi, India",28.6315,77.2167,1.61,True
2026-08-27 05:59:04,Delhi,28.7041,77.1025,146,Moderate,"Shaheed Sukhdev College of Business Studies, Rohini, Delhi, Delhi, India",28.7041,77.1025,3.56,False
2026-08-27 05:59:04,Faridabad,28.4089,77.3178,91,Satisfactory,"Dr. Karni Singh Shooting Range, Delhi, Delhi, India",28.4089,77.3178,11.25,False
2026-08-27 05:59:04,Gurgaon,28.4595,77.0266,164,Moderate,"National Institute of Malaria Research, Sector 8, Dwarka, Delhi, Delhi, India",28.4595,77.0266,13.92,False
2026-08-27 05:59:04,Noida,28.5355,77.391,99,Satisfactory,"DITE Okhla, Delhi, Delhi, India",28.5355,77.391,11.76,False
2026-08-27 05:59:04,Anand Vihar,28.6469,77.3152,417,Severe,"Anand Vihar, Delhi, Delhi, India",28.6469,77.3152,0.43,True
2026-08-27 05:59:04,Ashok Vihar,28.698,77.173,164,Moderate,"Delhi Institute of Tool Engineering, Wazirpur, Delhi, Delhi, India",28.698,77.173,0.77,True
2026-08-27 05:59:04,Bawana,28.7996,77.0339,172,Moderate,"Pooth Khurd, Bawana, Delhi, Delhi, India",28.7996,77.0339,2.91,False
2026-08-27 05:59:04,Dwarka,28.573,77.041,164,Moderate,"National Institute of Malaria Research, Sector 8, Dwarka, Delhi, Delhi, India",28.573,77.041,3.44,False
2026-08-27 05:59:04,Jahangirpuri,28.728,77.1636,160,Moderate,"ITI Jahangirpuri, Delhi, Delhi, India",28.728,77.1636,0.99,True
2026-08-27 05:59:04,Mundka,28.6828,76.9821,107,Moderate,"Mundka, Delhi, Delhi, India",28.6828,76.9821,4.72,False
2026-08-27 05:59:04,Narela,28.8553,77.0888,72,Satisfactory,"Narela, Delhi, Delhi, India",28.8553,77.0888,4.04,False
2026-08-27 05:59:04,Okhla,28.5355,77.291,99,Satisfactory,"DITE Okhla, Delhi, Delhi, India",28.5355,77.291,2.04,False
2026-08-27 05:59:04,Punjabi Bagh,28.6692,77.1341,129,Moderate,"Punjabi Bagh, Delhi, Delhi, India",28.6692,77.1341,1.7,True
2026-08-27 05:59:04,R.K. Puram,28.5641,77.1765,133,Moderate,"R.K. Puram, Delhi, Delhi, India",28.5641,77.1765,0.22,True
2026-08-27 05:59:04,Rohini,28.7495,77.0565,172,Moderate,"Pooth Khurd, Bawana, Delhi, Delhi, India",28.7495,77.0565,3.09,False
2026-08-27 05:59:04,Vivek Vihar,28.672,77.3152,98,Satisfactory,"ITI Shahdra, Jhilmil Industrial Area, Delhi, Delhi, India",28.672,77.3152,0.13,True
2026-08-27 05:59:04,Wazirpur,28.7041,77.1663,164,Moderate,"Delhi Institute of Tool Engineering, Wazirpur, Delhi, Delhi, India",28.7041,77.1663,0.41,True
2026-08-27 05:59:04,Chandni Chowk,28.6506,77.2303,132,Moderate,"Mandir Marg, Delhi, Delhi, India",28.6506,77.2303,3.44,False
2026-08-27 05:59:04,Red Fort,28.6562,77.241,132,Moderate,"Mandir Marg, Delhi, Delhi, India",28.6562,77.241,4.65,False
2026-08-27 05:59:04,Connaught Place,28.6315,77.2167,132,Moderate,"Mandir Marg, Delhi, Delhi, India",28.6315,77.2167,1.61,True
2026-08-27 17:24:36,Delhi,28.7041,77.1025,169,Moderate,"Shaheed Sukhdev College of Business Studies, Rohini, Delhi, Delhi, India",28.7041,77.1025,3.56,False
2026-08-27 17:24:36,Faridabad,28.4089,77.3178,174,Moderate,"Dr. Karni Singh Shooting Range, Delhi, Delhi, India",28.4089,77.3178,11.25,False
2026-08-27 17:24:36,Gurgaon,28.4595,77.0266,179,Moderate,"National Institute of Malaria Research, Sector 8, Dwarka, Delhi, Delhi, India",28.4595,77.0266,13.92,False
2026-08-27 17:24:36,Noida,28.5355,77.391,165,Moderate,"DITE Okhla, Delhi, Delhi, India",28.5355,77.391,11.76,False
2026-08-27 17:24:36,Anand Vihar,28.6469,77.3152,171,Moderate,"Anand Vihar, Delhi, Delhi, India",28.6469,77.3152,0.43,True
2026-08-27 17:24:36,Ashok Vihar,28.698,77.173,193,Moderate,"Delhi Institute of Tool Engineering, Wazirpur, Delhi, Delhi, India",28.698,77.173,0.77,True
2026-08-27 17:24:36,Bawana,28.7996,77.0339,152,Moderate,"Pooth Khurd, Bawana, Delhi, Delhi, India",28.7996,77.0339,2.91,False
2026-08-27 17:24:36,Dwarka,28.573,77.041,179,Moderate,"National Institute of Malaria Research, Sector 8, Dwarka, Delhi, Delhi, India",28.573,77.041,3.44,False
2026-08-27 17:24:36,Jahangirpuri,28.728,77.1636,153,Moderate,"ITI Jahangirpuri, Delhi, Delhi, India",28.728,77.1636,0.99,True
2026-08-27 17:24:36,Mundka,28.6828,76.9821,154,Moderate,"Mundka, Delhi, Delhi, India",28.6828,76.9821,4.72,False
2026-08-27 17:24:36,Narela,28.8553,77.0888,152,Moderate,"Narela, Delhi, Delhi, India",28.8553,77.0888,4.04,False
2026-08-27 17:24:36,Okhla,28.5355,77.291,165,Moderate,"DITE Okhla, Delhi, Delhi, India",28.5355,77.291,2.04,False
2026-08-27 17:24:36,Punjabi Bagh,28.6692,77.1341,156,Moderate,"Punjabi Bagh, Delhi, Delhi, India",28.6692,77.1341,1.7,True
2026-08-27 17:24:36,R.K. Puram,28.5641,77.1765,168,Moderate,"R.K. Puram, Delhi, Delhi, India",28.5641,77.1765,0.22,True
2026-08-27 17:24:36,Rohini,28.7495,77.0565,152,Moderate,"Pooth Khurd, Bawana, Delhi, Delhi, India",28.7495,77.0565,3.09,False
2026-08-27 17:24:36,Vivek Vihar,28.672,77.3152,137,Moderate,"ITI Shahdra, Jhilmil Industrial Area, Delhi, Delhi, India",28.672,77.3152,0.13,True
2026-08-27 17:24:36,Wazirpur,28.7041,77.1663,193,Moderate,"Delhi Institute of Tool Engineering, Wazirpur, Delhi, Delhi, India",28.7041,77.1663,0.41,True
2026-08-27 17:24:36,Chandni Chowk,28.6506,77.2303,93,Satisfactory,"Mandir Marg, Delhi, Delhi, India",28.6506,77.2303,3.44,False
2026-08-27 17:24:36,Red Fort,28.6562,77.241,93,Satisfactory,"Mandir Marg, Delhi, Delhi, India",28.6562,77.241,4.65,False
2026-08-27 17:24:36,Connaught Place,28.6315,77.2167,93,Satisfactory,"Mandir Marg, Delhi, Delhi, India",28.6315,77.2167,1.61,True
2026-08-28 01:35:25,Delhi,28.7041,77.1025,158,Moderate,"Shaheed Sukhdev College of Business Studies, Rohini, Delhi, Delhi, India",28.7041,77.1025,3.56,False
2026-08-28 01:35:25,Faridabad,28.4089,77.3178,81,Satisfactory,"Dr. Karni Singh Shooting Range, Delhi, Delhi, India",28.4089,77.3178,11.25,False
2026-08-28 01:35:25,Gurgaon,28.4595,77.0266,90,Satisfactory,"National Institute of Malaria Research, Sector 8, Dwarka, Delhi, Delhi, India",28.4595,77.0266,13.92,False
2026-08-28 01:35:25,Noida,28.5355,77.391,95,Satisfactory,"DITE Okhla, Delhi, Delhi, India",28.5355,77.391,11.76,False
2026-08-28 01:35:25,Anand Vihar,28.6469,77.3152,168,Moderate,"Anand Vihar, Delhi, Delhi, India",28.6469,77.3152,0.43,True
2026-08-28 01:35:25,Ashok Vihar,28.698,77.173,142,Moderate,"Delhi Institute of Tool Engineering, Wazirpur, Delhi, Delhi, India",28.698,77.173,0.77,True
2026-08-28 01:35:25,Bawana,28.7996,77.0339,151,Moderate,"Pooth Khurd, Bawana, Delhi, Delhi, India",28.7996,77.0339,2.91,False
2026-08-28 01:35:25,Dwarka,28.573,77.041,90,Satisfactory,"National Institute of Malaria Research, Sector 8, Dwarka, Delhi, Delhi, India",28.573,77.041,3.44,False
2026-08-28 01:35:25,Jahangirpuri,28.728,77.1636,108,Moderate,"ITI Jahangirpuri, Delhi, Delhi, India",28.728,77.1636,0.99,True
2026-08-28 01:35:25,Mundka,28.6828,76.9821,92,Satisfactory,"Mundka, Delhi, Delhi, India",28.6828,76.9821,4.72,False
2026-08-28 01:35:25,Narela,28.8553,77.0888,149,Moderate,"Narela, Delhi, Delhi, India",28.8553,77.0888,4.04,False
2026-08-28 01:35:25,Okhla,28.5355,77.291,95,Satisfactory,"DITE Okhla, Delhi, Delhi, India",28.5355,77.291,2.04,False
2026-08-28 01:35:25,Punjabi Bagh,28.6692,77.1341,95,Satisfactory,"Punjabi Bagh, Delhi, Delhi, India",28.6692,77.1341,1.7,True
2026-08-28 01:35:25,R.K. Puram,28.5641,77.1765,147,Moderate,"R.K. Puram, Delhi, Delhi, India",28.5641,77.1765,0.22,True
2026-08-28 01:35:25,Rohini,28.7495,77.0565,151,Moderate,"Pooth Khurd, Bawana, Delhi, Delhi, India",28.7495,77.0565,3.09,False
2026-08-28 01:35:25,Vivek Vihar,28.672,77.3152,82,Satisfactory,"ITI Shahdra, Jhilmil Industrial Area, Delhi, Delhi, India",28.672,77.3152,0.13,True
2026-08-28 01:35:25,Wazirpur,28.7041,77.1663,142,Moderate,"Delhi Institute of Tool Engineering, Wazirpur, Delhi, Delhi, India",28.7041,77.1663,0.41,True
2026-08-28 01:35:25,Chandni Chowk,28.6506,77.2303,80,Satisfactory,"Mandir Marg, Delhi, Delhi, India",28.6506,77.2303,3.44,False
2026-08-28 01:35:25,Red Fort,28.6562,77.241,80,Satisfactory,"Mandir Marg, Delhi, Delhi, India",28.6562,77.241,4.65,False
2026-08-28 01:35:25,Connaught Place,28.6315,77.2167,80,Satisfactory,"Mandir Marg, Delhi, Delhi, India",28.6315,77.2167,1.61,True
2026-08-28 13:36:45,Delhi,28.7041,77.1025,134,Moderate,"Shaheed Sukhdev College of Business Studies, Rohini, Delhi, Delhi, India",28.7041,77.1025,3.56,False
2026-08-28 13:36:45,Faridabad,28.4089,77.3178,121,Moderate,"Dr. Karni Singh Shooting Range, Delhi, Delhi, India",28.4089,77.3178,11.25,False
2026-08-28 13:36:45,Gurgaon,28.4595,77.0266,117,Moderate,"National Institute of Malaria Research, Sector 8, Dwarka, Delhi, Delhi, India",28.4595,77.0266,13.92,False
2026-08-28 13:36:45,Noida,28.5355,77.391,117,Moderate,"DITE Okhla, Delhi, Delhi, India",28.5355,77.391,11.76,False
2026-08-28 13:36:45,Anand Vihar,28.6469,77.3152,216,Poor,"Anand Vihar, Delhi, Delhi, India",28.6469,77.3152,0.43,True
2026-08-28 13:36:45,Ashok Vihar,28.698,77.173,153,Moderate,"Delhi Institute of Tool Engineering, Wazirpur, Delhi, Delhi, India",28.698,77.173,0.77,True
2026-08-28 13:36:45,Bawana,28.7996,77.0339,144,Moderate,"Pooth Khurd, Bawana, Delhi, Delhi, India",28.7996,77.0339,2.91,False
2026-08-28 13:36:45,Dwarka,28.573,77.041,117,Moderate,"National Institute of Malaria Research, Sector 8, Dwarka, Delhi, Delhi, India",28.573,77.041,3.44,False
2026-08-28 13:36:45,Jahangirpuri,28.728,77.1636,154,Moderate,"ITI Jahangirpuri, Delhi, Delhi, India",28.728,77.1636,0.99,True
2026-08-28 13:36:45,Mundka,28.6828,76.9821,96,Satisfactory,"Mundka, Delhi, Delhi, India",28.6828,76.9821,4.72,False
2026-08-28 13:36:45,Narela,28.8553,77.0888,127,Moderate,"Narela, Delhi, Delhi, India",28.8553,77.0888,4.04,False
2026-08-28 13:36:45,Okhla,28.5355,77.291,117,Moderate,"DITE Okhla, Delhi, Delhi, India",28.5355,77.291,2.04,False
2026-08-28 13:36:45,Punjabi Bagh,28.6692,77.1341,114,Moderate,"Punjabi Bagh, Delhi, Delhi, India",28.6692,77.1341,1.7,True
2026-08-28 13:36:45,R.K. Puram,28.5641,77.1765,144,Moderate,"R.K. Puram, Delhi, Delhi, India",28.5641,77.1765,0.22,True
2026-08-28 13:36:45,Rohini,28.7495,77.0565,144,Moderate,"Pooth Khurd, Bawana, Delhi, Delhi, India",28.7495,77.0565,3.09,False
2026-08-28 13:36:45,Vivek Vihar,28.672,77.3152,113,Moderate,"ITI Shahdra, Jhilmil Industrial Area, Delhi, Delhi, India",28.672,77.3152,0.13,True
2026-08-28 13:36:45,Wazirpur,28.7041,77.1663,153,Moderate,"Delhi Institute of Tool Engineering, Wazirpur, Delhi, Delhi, India",28.7041,77.1663,0.41,True
2026-08-28 13:36:45,Chandni Chowk,28.6506,77.2303,108,Moderate,"Mandir Marg, Delhi, Delhi, India",28.6506,77.2303,3.44,False
2026-08-28 13:36:45,Red Fort,28.6562,77.241,108,Moderate,"Mandir Marg, Delhi, Delhi, India",28.6562,77.241,4.65,False
2026-08-28 13:36:45,Connaught Place,28.6315,77.2167,108,Moderate,"Mandir Marg, Delhi, Delhi, India",28.6315,77.2167,1.61,True
2026-08-28 23:19:57,Delhi,28.7041,77.1025,138,Moderate,"Shaheed Sukhdev College of Business Studies, Rohini, Delhi, Delhi, India",28.7041,77.1025,3.56,False
2026-08-28 23:19:57,Faridabad,28.4089,77.3178,81,Satisfactory,"Dr. Karni Singh Shooting Range, Delhi, Delhi, India",28.4089,77.3178,11.25,False
2026-08-28 23:19:57,Gurgaon,28.4595,77.0266,50,Good,"National Institute of Malaria Research, Sector 8, Dwarka, Delhi, Delhi, India",28.4595,77.0266,13.92,False
2026-08-28 23:19:57,Noida,28.5355,77.391,87,Satisfactory,"DITE Okhla, Delhi, Delhi, India",28.5355,77.391,11.76,False
2026-08-28 23:19:57,Anand Vihar,28.6469,77.3152,627,Severe,"Anand Vihar, Delhi, Delhi, India",28.6469,77.3152,0.43,True
2026-08-28 23:19:57,Ashok Vihar,28.698,77.173,119,Moderate,"Delhi Institute of Tool Engineering, Wazirpur, Delhi, Delhi, India",28.698,77.173,0.77,True
2026-08-28 23:19:57,Bawana,28.7996,77.0339,144,Moderate,"Pooth Khurd, Bawana, Delhi, Delhi, India",28.7996,77.0339,2.91,False
2026-08-28 23:19:57,Dwarka,28.573,77.041,50,Good,"National Institute of Malaria Research, Sector 8, Dwarka, Delhi, Delhi, India",28.573,77.041,3.44,False
2026-08-28 23:19:57,Jahangirpuri,28.728,77.1636,152,Moderate,"ITI Jahangirpuri, Delhi, Delhi, India",28.728,77.1636,0.99,True
2026-08-28 23:19:57,Mundka,28.6828,76.9821,78,Satisfactory,"Mundka, Delhi, Delhi, India",28.6828,76.9821,4.72,False
2026-08-28 23:19:57,Narela,28.8553,77.0888,76,Satisfactory,"Narela, Delhi, Delhi, India",28.8553,77.0888,4.04,False
2026-08-28 23:19:57,Okhla,28.5355,77.291,87,Satisfactory,"DITE Okhla, Delhi, Delhi, India",28.5355,77.291,2.04,False
2026-08-28 23:19:57,Punjabi Bagh,28.6692,77.1341,91,Satisfactory,"Punjabi Bagh, Delhi, Delhi, India",28.6692,77.1341,1.7,True
2026-08-28 23:19:57,R.K. Puram,28.5641,77.1765,105,Moderate,"R.K. Puram, Delhi, Delhi, India",28.5641,77.1765,0.22,True
2026-08-28 23:19:57,Rohini,28.7495,77.0565,144,Moderate,"Pooth Khurd, Bawana, Delhi, Delhi, India",28.7495,77.0565,3.09,False
2026-08-28 23:19:57,Vivek Vihar,28.672,77.3152,79,Satisfactory,"ITI Shahdra, Jhilmil Industrial Area, Delhi, Delhi, India",28.672,77.3152,0.13,True
2026-08-28 23:19:57,Wazirpur,28.7041,77.1663,119,Moderate,"Delhi Institute of Tool Engineering, Wazirpur, Delhi, Delhi, India",28.7041,77.1663,0.41,True
2026-08-28 23:19:57,Chandni Chowk,28.6506,77.2303,61,Satisfactory,"Mandir Marg, Delhi, Delhi, India",28.6506,77.2303,3.44,False
2026-08-28 23:19:57,Red Fort,28.6562,77.241,61,Satisfactory,"Mandir Marg, Delhi, Delhi, India",28.6562,77.241,4.65,False
2026-08-28 23:19:57,Connaught Place,28.6315,77.2167,61,Satisfactory,"Mandir Marg, Delhi, Delhi, India",28.6315,77.2167,1.61,True
2026-08-29 04:14:53,Delhi,28.7041,77.1025,111,Moderate,"Shaheed Sukhdev College of Business Studies, Rohini, Delhi, Delhi, India",28.7041,77.1025,3.56,False
2026-08-29 04:14:53,Faridabad,28.4089,77.3178,70,Satisfactory,"Dr. Karni Singh Shooting Range, Delhi, Delhi, India",28.4089,77.3178,11.25,False
2026-08-29 04:14:53,Gurgaon,28.4595,77.0266,34,Good,"National Institute of Malaria Research, Sector 8, Dwarka, Delhi, Delhi, India",28.4595,77.0266,13.92,False
2026-08-29 04:14:53,Noida,28.5355,77.391,76,Satisfactory,"DITE Okhla, Delhi, Delhi, India",28.5355,77.391,11.76,False
2026-08-29 04:14:53,Anand Vihar,28.6469,77.3152,484,Severe,"Anand Vihar, Delhi, Delhi, India",28.6469,77.3152,0.43,True
2026-08-29 04:14:53,Ashok Vihar,28.698,77.173,111,Moderate,"Delhi Institute of Tool Engineering, Wazirpur, Delhi, Delhi, India",28.698,77.173,0.77,True
2026-08-29 04:14:53,Bawana,28.7996,77.0339,144,Moderate,"Pooth Khurd, Bawana, Delhi, Delhi, India",28.7996,77.0339,2.91,False
2026-08-29 04:14:53,Dwarka,28.573,77.041,34,Good,"National Institute of Malaria Research, Sector 8, Dwarka, Delhi, Delhi, India",28.573,77.041,3.44,False
2026-08-29 04:14:53,Jahangirpuri,28.728,77.1636,159,Moderate,"ITI Jahangirpuri, Delhi, Delhi, India",28.728,77.1636,0.99,True
2026-08-29 04:14:53,Mundka,28.6828,76.9821,95,Satisfactory,"Mundka, Delhi, Delhi, India",28.6828,76.9821,4.72,False
2026-08-29 04:14:53,Narela,28.8553,77.0888,91,Satisfactory,"Narela, Delhi, Delhi, India",28.8553,77.0888,4.04,False
2026-08-29 04:14:53,Okhla,28.5355,77.291,76,Satisfactory,"DITE Okhla, Delhi, Delhi, India",28.5355,77.291,2.04,False
2026-08-29 04:14:53,Punjabi Bagh,28.6692,77.1341,85,Satisfactory,"Punjabi Bagh, Delhi, Delhi, India",28.6692,77.1341,1.7,True
2026-08-29 04:14:53,R.K. Puram,28.5641,77.1765,105,Moderate,"R.K. Puram, Delhi, Delhi, India",28.5641,77.1765,0.22,True
2026-08-29 04:14:53,Rohini,28.7495,77.0565,144,Moderate,"Pooth Khurd, Bawana, Delhi, Delhi, India",28.7495,77.0565,3.09,False
2026-08-29 04:14:53,Vivek Vihar,28.672,77.3152,78,Satisfactory,"ITI Shahdra, Jhilmil Industrial Area, Delhi, Delhi, India",28.672,77.3152,0.13,True
2026-08-29 04:14:53,Wazirpur,28.7041,77.1663,111,Moderate,"Delhi Institute of Tool Engineering, Wazirpur, Delhi, Delhi, India",28.7041,77.1663,0.41,True
2026-08-29 04:14:53,Chandni Chowk,28.6506,77.2303,68,Satisfactory,"Mandir Marg, Delhi, Delhi, India",28.6506,77.2303,3.44,False
2026-08-29 04:14:53,Red Fort,28.6562,77.241,68,Satisfactory,"Mandir Marg, Delhi, Delhi, India",28.6562,77.241,4.65,False
2026-08-29 04:14:53,Connaught Place,28.6315,77.2167,68,Satisfactory,"Mandir Marg, Delhi, Delhi, India",28.6315,77.2167,1.61,True
2026-08-29 11:15:45,Delhi,28.7041,77.1025,119,Moderate,"Shaheed Sukhdev College of Business Studies, Rohini, Delhi, Delhi, India",28.7041,77.1025,3.56,False
2026-08-29 11:15:45,Faridabad,28.4089,77.3178,77,Satisfactory,"Dr. Karni Singh Shooting Range, Delhi, Delhi, India",28.4089,77.3178,11.25,False
2026-08-29 11:15:45,Gurgaon,28.4595,77.0266,96,Satisfactory,"National Institute of Malaria Research, Sector 8, Dwarka, Delhi, Delhi, India",28.4595,77.0266,13.92,False
2026-08-29 11:15:45,Noida,28.5355,77.391,87,Satisfactory,"DITE Okhla, Delhi, Delhi, India",28.5355,77.391,11.76,False
2026-08-29 11:15:45,Anand Vihar,28.6469,77.3152,177,Moderate,"Anand Vihar, Delhi, Delhi, India",28.6469,77.3152,0.43,True
2026-08-29 11:15:45,Ashok Vihar,28.698,77.173,157,Moderate,"Delhi Institute of Tool Engineering, Wazirpur, Delhi, Delhi, India",28.698,77.173,0.77,True
2026-08-29 11:15:45,Bawana,28.7996,77.0339,82,Satisfactory,"Pooth Khurd, Bawana, Delhi, Delhi, India",28.7996,77.0339,2.91,False
2026-08-29 11:15:45,Dwarka,28.573,77.041,96,Satisfactory,"National Institute of Malaria Research, Sector 8, Dwarka, Delhi, Delhi, India",28.573,77.041,3.44,False
2026-08-29 11:15:45,Jahangirpuri,28.728,77.1636,99,Satisfactory,"ITI Jahangirpuri, Delhi, Delhi, India",28.728,77.1636,0.99,True
2026-08-29 11:15:45,Mundka,28.6828,76.9821,87,Satisfactory,"Mundka, Delhi, Delhi, India",28.6828,76.9821,4.72,False
2026-08-29 11:15:45,Narela,28.8553,77.0888,102,Moderate,"Narela, Delhi, Delhi, India",28.8553,77.0888,4.04,False
2026-08-29 11:15:45,Okhla,28.5355,77.291,87,Satisfactory,"DITE Okhla, Delhi, Delhi, India",28.5355,77.291,2.04,False
2026-08-29 11:15:45,Punjabi Bagh,28.6692,77.1341,137,Moderate,"Punjabi Bagh, Delhi, Delhi, India",28.6692,77.1341,1.7,True
2026-08-29 11:15:45,R.K. Puram,28.5641,77.1765,97,Satisfactory,"R.K. Puram, Delhi, Delhi, India",28.5641,77.1765,0.22,True
2026-08-29 11:15:45,Rohini,28.7495,77.0565,82,Satisfactory,"Pooth Khurd, Bawana, Delhi, Delhi, India",28.7495,77.0565,3.09,False
2026-08-29 11:15:45,Vivek Vihar,28.672,77.3152,91,Satisfactory,"ITI Shahdra, Jhilmil Industrial Area, Delhi, Delhi, India",28.672,77.3152,0.13,True
2026-08-29 11:15:45,Wazirpur,28.7041,77.1663,157,Moderate,"Delhi Institute of Tool Engineering, Wazirpur, Delhi, Delhi, India",28.7041,77.1663,0.41,True
2026-08-29 11:15:45,Chandni Chowk,28.6506,77.2303,117,Moderate,"Mandir Marg, Delhi, Delhi, India",28.6506,77.2303,3.44,False
2026-08-29 11:15:45,Red Fort,28.6562,77.241,117,Moderate,"Mandir Marg, Delhi, Delhi, India",28.6562,77.241,4.65,False
2026-08-29 11:15:45,Connaught Place,28.6315,77.2167,117,Moderate,"Mandir Marg, Delhi, Delhi, India",28.6315,77.2167,1.61,True
2026-08-29 15:42:58,Delhi,28.7041,77.1025,151,Moderate,"Shaheed Sukhdev College of Business Studies, Rohini, Delhi, Delhi, India",28.7041,77.1025,3.56,False
2026-08-29 15:42:58,Faridabad,28.4089,77.3178,81,Satisfactory,"Dr. Karni Singh Shooting Range, Delhi, Delhi, India",28.4089,77.3178,11.25,False
2026-08-29 15:42:58,Gurgaon,28.4595,77.0266,566,Severe,"National Institute of Malaria Research, Sector 8, Dwarka, Delhi, Delhi, India",28.4595,77.0266,13.92,False
2026-08-29 15:42:58,Noida,28.5355,77.391,143,Moderate,"DITE Okhla, Delhi, Delhi, India",28.5355,77.391,11.76,False
2026-08-29 15:42:58,Anand Vihar,28.6469,77.3152,586,Severe,"Anand Vihar, Delhi, Delhi, India",28.6469,77.3152,0.43,True
2026-08-29 15:42:58,Ashok Vihar,28.698,77.173,143,Moderate,"Delhi Institute of Tool Engineering, Wazirpur, Delhi, Delhi, India",28.698,77.173,0.77,True
2026-08-29 15:42:58,Bawana,28.7996,77.0339,99,Satisfactory,"Pooth Khurd, Bawana, Delhi, Delhi, India",28.7996,77.0339,2.91,False
2026-08-29 15:42:58,Dwarka,28.573,77.041,566,Severe,"National Institute of Malaria Research, Sector 8, Dwarka, Delhi, Delhi, India",28.573,77.041,3.44,False
2026-08-29 15:42:58,Jahangirpuri,28.728,77.1636,182,Moderate,"ITI Jahangirpuri, Delhi, Delhi, India",28.728,77.1636,0.99,True
2026-08-29 15:42:58,Mundka,28.6828,76.9821,150,Moderate,"Mundka, Delhi, Delhi, India",28.6828,76.9821,4.72,False
2026-08-29 15:42:58,Narela,28.8553,77.0888,132,Moderate,"Narela, Delhi, Delhi, India",28.8553,77.0888,4.04,False
2026-08-29 15:42:58,Okhla,28.5355,77.291,143,Moderate,"DITE Okhla, Delhi, Delhi, India",28.5355,77.291,2.04,False
2026-08-29 15:42:58,Punjabi Bagh,28.6692,77.1341,102,Moderate,"Punjabi Bagh, Delhi, Delhi, India",28.6692,77.1341,1.7,True
2026-08-29 15:42:58,R.K. Puram,28.5641,77.1765,165,Moderate,"R.K. Puram, Delhi, Delhi, India",28.5641,77.1765,0.22,True
2026-08-29 15:42:58,Rohini,28.7495,77.0565,99,Satisfactory,"Pooth Khurd, Bawana, Delhi, Delhi, India",28.7495,77.0565,3.09,False
2026-08-29 15:42:58,Vivek Vihar,28.672,77.3152,106,Moderate,"ITI Shahdra, Jhilmil Industrial Area, Delhi, Delhi, India",28.672,77.3152,0.13,True
2026-08-29 15:42:58,Wazirpur,28.7041,77.1663,143,Moderate,"Delhi Institute of Tool Engineering, Wazirpur, Delhi, Delhi, India",28.7041,77.1663,0.41,True
2026-08-29 15:42:58,Chandni Chowk,28.6506,77.2303,68,Satisfactory,"Mandir Marg, Delhi, Delhi, India",28.6506,77.2303,3.44,False
2026-08-29 15:42:58,Red Fort,28.6562,77.241,68,Satisfactory,"Mandir Marg, Delhi, Delhi, India",28.6562,77.241,4.65,False
2026-08-29 15:42:58,Connaught Place,28.6315,77.2167,68,Satisfactory,"Mandir Marg, Delhi, Delhi, India",28.6315,77.2167,1.61,True
2026-08-29 19:02:27,Delhi,28.7041,77.1025,154,Moderate,"Shaheed Sukhdev College of Business Studies, Rohini, Delhi, Delhi, India",28.7041,77.1025,3.56,False
2026-08-29 19:02:27,Faridabad,28.4089,77.3178,104,Moderate,"Dr. Karni Singh Shooting Range, Delhi, Delhi, India",28.4089,77.3178,11.25,False
2026-08-29 19:02:27,Gurgaon,28.4595,77.0266,210,Poor,"National Institute of Malaria Research, Sector 8, Dwarka, Delhi, Delhi, India",28.4595,77.0266,13.92,False
2026-08-29 19:02:27,Noida,28.5355,77.391,120,Moderate,"DITE Okhla, Delhi, Delhi, India",28.5355,77.391,11.76,False
2026-08-29 19:02:27,Anand Vihar,28.6469,77.3152,520,Severe,"Anand Vihar, Delhi, Delhi, India",28.6469,77.3152,0.43,True
2026-08-29 19:02:27,Ashok Vihar,28.698,77.173,233,Poor,"Delhi Institute of Tool Engineering, Wazirpur, Delhi, Delhi, India",28.698,77.173,0.77,True
2026-08-29 19:02:27,Bawana,28.7996,77.0339,154,Moderate,"Pooth Khurd, Bawana, Delhi, Delhi, India",28.7996,77.0339,2.91,False
2026-08-29 19:02:27,Dwarka,28.573,77.041,210,Poor,"National Institute of Malaria Research, Sector 8, Dwarka, Delhi, Delhi, India",28.573,77.041,3.44,False
2026-08-29 19:02:27,Jahangirpuri,28.728,77.1636,147,Moderate,"ITI Jahangirpuri, Delhi, Delhi, India",28.728,77.1636,0.99,True
2026-08-29 19:02:27,Mundka,28.6828,76.9821,355,Very Poor,"Mundka, Delhi, Delhi, India",28.6828,76.9821,4.72,False
2026-08-29 19:02:27,Narela,28.8553,77.0888,151,Moderate,"Narela, Delhi, Delhi, India",28.8553,77.0888,4.04,False
2026-08-29 19:02:27,Okhla,28.5355,77.291,120,Moderate,"DITE Okhla, Delhi, Delhi, India",28.5355,77.291,2.04,False
2026-08-29 19:02:27,Punjabi Bagh,28.6692,77.1341,139,Moderate,"Punjabi Bagh, Delhi, Delhi, India",28.6692,77.1341,1.7,True
2026-08-29 19:02:27,R.K. Puram,28.5641,77.1765,156,Moderate,"R.K. Puram, Delhi, Delhi, India",28.5641,77.1765,0.22,True
2026-08-29 19:02:27,Rohini,28.7495,77.0565,154,Moderate,"Pooth Khurd, Bawana, Delhi, Delhi, India",28.7495,77.0565,3.09,False
2026-08-29 19:02:27,Vivek Vihar,28.672,77.3152,131,Moderate,"ITI Shahdra, Jhilmil Industrial Area, Delhi, Delhi, India",28.672,77.3152,0.13,True
2026-08-29 19:02:27,Wazirpur,28.7041,77.1663,233,Poor,"Delhi Institute of Tool Engineering, Wazirpur, Delhi, Delhi, India",28.7041,77.1663,0.41,True
2026-08-29 19:02:27,Chandni Chowk,28.6506,77.2303,76,Satisfactory,"Mandir Marg, Delhi, Delhi, India",28.6506,77.2303,3.44,False
2026-08-29 19:02:27,Red Fort,28.6562,77.241,76,Satisfactory,"Mandir Marg, Delhi, Delhi, India",28.6562,77.241,4.65,False
2026-08-29 19:02:27,Connaught Place,28.6315,77.2167,76,Satisfactory,"Mandir Marg, Delhi, Delhi, India",28.6315,77.2167,1.61,True
2026-08-29 21:51:17,Delhi,28.7041,77.1025,128,Moderate,"Shaheed Sukhdev College of Business Studies, Rohini, Delhi, Delhi, India",28.7041,77.1025,3.56,False
2026-08-29 21:51:17,Faridabad,28.4089,77.3178,74,Satisfactory,"Dr. Karni Singh Shooting Range, Delhi, Delhi, India",28.4089,77.3178,11.25,False
2026-08-29 21:51:17,Gurgaon,28.4595,77.0266,84,Satisfactory,"National Institute of Malaria Research, Sector 8, Dwarka, Delhi, Delhi, India",28.4595,77.0266,13.92,False
2026-08-29 21:51:17,Noida,28.5355,77.391,117,Moderate,"DITE Okhla, Delhi, Delhi, India",28.5355,77.391,11.76,False
2026-08-29 21:51:17,Anand Vihar,28.6469,77.3152,495,Severe,"Anand Vihar, Delhi, Delhi, India",28.6469,77.3152,0.43,True
2026-08-29 21:51:17,Ashok Vihar,28.698,77.173,122,Moderate,"Delhi Institute of Tool Engineering, Wazirpur, Delhi, Delhi, India",28.698,77.173,0.77,True
2026-08-29 21:51:17,Bawana,28.7996,77.0339,78,Satisfactory,"Pooth Khurd, Bawana, Delhi, Delhi, India",28.7996,77.0339,2.91,False
2026-08-29 21:51:17,Dwarka,28.573,77.041,84,Satisfactory,"National Institute of Malaria Research, Sector 8, Dwarka, Delhi, Delhi, India",28.573,77.041,3.44,False
2026-08-29 21:51:17,Jahangirpuri,28.728,77.1636,154,Moderate,"ITI Jahangirpuri, Delhi, Delhi, India",28.728,77.1636,0.99,True
2026-08-29 21:51:17,Mundka,28.6828,76.9821,95,Satisfactory,"Mundka, Delhi, Delhi, India",28.6828,76.9821,4.72,False
2026-08-29 21:51:17,Narela,28.8553,77.0888,54,Satisfactory,"Narela, Delhi, Delhi, India",28.8553,77.0888,4.04,False
2026-08-29 21:51:17,Okhla,28.5355,77.291,117,Moderate,"DITE Okhla, Delhi, Delhi, India",28.5355,77.291,2.04,False
2026-08-29 21:51:17,Punjabi Bagh,28.6692,77.1341,86,Satisfactory,"Punjabi Bagh, Delhi, Delhi, India",28.6692,77.1341,1.7,True
2026-08-29 21:51:17,R.K. Puram,28.5641,77.1765,110,Moderate,"R.K. Puram, Delhi, Delhi, India",28.5641,77.1765,0.22,True
2026-08-29 21:51:17,Rohini,28.7495,77.0565,78,Satisfactory,"Pooth Khurd, Bawana, Delhi, Delhi, India",28.7495,77.0565,3.09,False
2026-08-29 21:51:17,Vivek Vihar,28.672,77.3152,98,Satisfactory,"ITI Shahdra, Jhilmil Industrial Area, Delhi, Delhi, India",28.672,77.3152,0.13,True
2026-08-29 21:51:17,Wazirpur,28.7041,77.1663,122,Moderate,"Delhi Institute of Tool Engineering, Wazirpur, Delhi, Delhi, India",28.7041,77.1663,0.41,True
2026-08-29 21:51:17,Chandni Chowk,28.6506,77.2303,63,Satisfactory,"Mandir Marg, Delhi, Delhi, India",28.6506,77.2303,3.44,False
2026-08-29 21:51:17,Red Fort,28.6562,77.241,63,Satisfactory,"Mandir Marg, Delhi, Delhi, India",28.6562,77.241,4.65,False
2026-08-29 21:51:17,Connaught Place,28.6315,77.2167,63,Satisfactory,"Mandir Marg, Delhi, Delhi, India",28.6315,77.2167,1.61,True
2026-08-29 23:45:45,Delhi,28.7041,77.1025,96,Satisfactory,"Shaheed Sukhdev College of Business Studies, Rohini, Delhi, Delhi, India",28.7041,77.1025,3.56,False
2026-08-29 23:45:45,Faridabad,28.4089,77.3178,63,Satisfactory,"Dr. Karni Singh Shooting Range, Delhi, Delhi, India",28.4089,77.3178,11.25,False
2026-08-29 23:45:45,Gurgaon,28.4595,77.0266,59,Satisfactory,"National Institute of Malaria Research, Sector 8, Dwarka, Delhi, Delhi, India",28.4595,77.0266,13.92,False
2026-08-29 23:45:45,Noida,28.5355,77.391,62,Satisfactory,"DITE Okhla, Delhi, Delhi, India",28.5355,77.391,11.76,False
2026-08-29 23:45:45,Anand Vihar,28.6469,77.3152,332,Very Poor,"Anand Vihar, Delhi, Delhi, India",28.6469,77.3152,0.43,True
2026-08-29 23:45:45,Ashok Vihar,28.698,77.173,107,Moderate,"Delhi Institute of Tool Engineering, Wazirpur, Delhi, Delhi, India",28.698,77.173,0.77,True
2026-08-29 23:45:45,Bawana,28.7996,77.0339,97,Satisfactory,"Pooth Khurd, Bawana, Delhi, Delhi, India",28.7996,77.0339,2.91,False
2026-08-29 23:45:45,Dwarka,28.573,77.041,59,Satisfactory,"National Institute of Malaria Research, Sector 8, Dwarka, Delhi, Delhi, India",28.573,77.041,3.44,False
2026-08-29 23:45:45,Jahangirpuri,28.728,77.1636,157,Moderate,"ITI Jahangirpuri, Delhi, Delhi, India",28.728,77.1636,0.99,True
2026-08-29 23:45:45,Mundka,28.6828,76.9821,89,Satisfactory,"Mundka, Delhi, Delhi, India",28.6828,76.9821,4.72,False
2026-08-29 23:45:45,Narela,28.8553,77.0888,78,Satisfactory,"Narela, Delhi, Delhi, India",28.8553,77.0888,4.04,False
2026-08-29 23:45:45,Okhla,28.5355,77.291,62,Satisfactory,"DITE Okhla, Delhi, Delhi, India",28.5355,77.291,2.04,False
2026-08-29 23:45:45,Punjabi Bagh,28.6692,77.1341,60,Satisfactory,"Punjabi Bagh, Delhi, Delhi, India",28.6692,77.1341,1.7,True
2026-08-29 23:45:45,R.K. Puram,28.5641,77.1765,75,Satisfactory,"R.K. Puram, Delhi, Delhi, India",28.5641,77.1765,0.22,True
2026-08-29 23:45:45,Rohini,28.7495,77.0565,97,Satisfactory,"Pooth Khurd, Bawana, Delhi, Delhi, India",28.7495,77.0565,3.09,False
2026-08-29 23:45:45,Vivek Vihar,28.672,77.3152,70,Satisfactory,"ITI Shahdra, Jhilmil Industrial Area, Delhi, Delhi, India",28.672,77.3152,0.13,True
2026-08-29 23:45:45,Wazirpur,28.7041,77.1663,107,Moderate,"Delhi Institute of Tool Engineering, Wazirpur, Delhi, Delhi, India",28.7041,77.1663,0.41,True
2026-08-29 23:45:45,Chandni Chowk,28.6506,77.2303,63,Satisfactory,"Mandir Marg, Delhi, Delhi, India",28.6506,77.2303,3.44,False
2026-08-29 23:45:45,Red Fort,28.6562,77.241,63,Satisfactory,"Mandir Marg, Delhi, Delhi, India",28.6562,77.241,4.65,False
2026-08-29 23:45:45,Connaught Place,28.6315,77.2167,63,Satisfactory,"Mandir Marg, Delhi, Delhi, India",28.6315,77.2167,1.61,True
2026-08-30 02:42:06,Delhi,28.7041,77.1025,119,Moderate,"Shaheed Sukhdev College of Business Studies, Rohini, Delhi, Delhi, India",28.7041,77.1025,3.56,False
2026-08-30 02:42:06,Faridabad,28.4089,77.3178,74,Satisfactory,"Dr. Karni Singh Shooting Range, Delhi, Delhi, India",28.4089,77.3178,11.25,False
2026-08-30 02:42:06,Gurgaon,28.4595,77.0266,89,Satisfactory,"National Institute of Malaria Research, Sector 8, Dwarka, Delhi, Delhi, India",28.4595,77.0266,13.92,False
2026-08-30 02:42:06,Noida,28.5355,77.391,68,Satisfactory,"DITE Okhla, Delhi, Delhi, India",28.5355,77.391,11.76,False
2026-08-30 02:42:06,Anand Vihar,28.6469,77.3152,209,Poor,"Anand Vihar, Delhi, Delhi, India",28.6469,77.3152,0.43,True
2026-08-30 02:42:06,Ashok Vihar,28.698,77.173,127,Moderate,"Delhi Institute of Tool Engineering, Wazirpur, Delhi, Delhi, India",28.698,77.173,0.77,True
2026-08-30 02:42:06,Bawana,28.7996,77.0339,95,Satisfactory,"Pooth Khurd, Bawana, Delhi, Delhi, India",28.7996,77.0339,2.91,False
2026-08-30 02:42:06,Dwarka,28.573,77.041,89,Satisfactory,"National Institute of Malaria Research, Sector 8, Dwarka, Delhi, Delhi, India",28.573,77.041,3.44,False
2026-08-30 02:42:06,Jahangirpuri,28.728,77.1636,79,Satisfactory,"ITI Jahangirpuri, Delhi, Delhi, India",28.728,77.1636,0.99,True
2026-08-30 02:42:06,Mundka,28.6828,76.9821,98,Satisfactory,"Mundka, Delhi, Delhi, India",28.6828,76.9821,4.72,False
2026-08-30 02:42:06,Narela,28.8553,77.0888,99,Satisfactory,"Narela, Delhi, Delhi, India",28.8553,77.0888,4.04,False
2026-08-30 02:42:06,Okhla,28.5355,77.291,68,Satisfactory,"DITE Okhla, Delhi, Delhi, India",28.5355,77.291,2.04,False
2026-08-30 02:42:06,Punjabi Bagh,28.6692,77.1341,72,Satisfactory,"Punjabi Bagh, Delhi, Delhi, India",28.6692,77.1341,1.7,True
2026-08-30 02:42:06,R.K. Puram,28.5641,77.1765,99,Satisfactory,"R.K. Puram, Delhi, Delhi, India",28.5641,77.1765,0.22,True
2026-08-30 02:42:06,Rohini,28.7495,77.0565,95,Satisfactory,"Pooth Khurd, Bawana, Delhi, Delhi, India",28.7495,77.0565,3.09,False
2026-08-30 02:42:06,Vivek Vihar,28.672,77.3152,69,Satisfactory,"ITI Shahdra, Jhilmil Industrial Area, Delhi, Delhi, India",28.672,77.3152,0.13,True
2026-08-30 02:42:06,Wazirpur,28.7041,77.1663,127,Moderate,"Delhi Institute of Tool Engineering, Wazirpur, Delhi, Delhi, India",28.7041,77.1663,0.41,True
2026-08-30 02:42:06,Chandni Chowk,28.6506,77.2303,69,Satisfactory,"Mandir Marg, Delhi, Delhi, India",28.6506,77.2303,3.44,False
2026-08-30 02:42:06,Red Fort,28.6562,77.241,69,Satisfactory,"Mandir Marg, Delhi, Delhi, India",28.6562,77.241,4.65,False
2026-08-30 02:42:06,Connaught Place,28.6315,77.2167,69,Satisfactory,"Mandir Marg, Delhi, Delhi, India",28.6315,77.2167,1.61,True
2026-08-30 08:45:12,Delhi,28.7041,77.1025,112,Moderate,"Shaheed Sukhdev College of Business Studies, Rohini, Delhi, Delhi, India",28.7041,77.1025,3.56,False
2026-08-30 08:45:12,Faridabad,28.4089,77.3178,105,Moderate,"Dr. Karni Singh Shooting Range, Delhi, Delhi, India",28.4089,77.3178,11.25,False
2026-08-30 08:45:12,Gurgaon,28.4595,77.0266,150,Moderate,"National Institute of Malaria Research, Sector 8, Dwarka, Delhi, Delhi, India",28.4595,77.0266,13.92,False
2026-08-30 08:45:12,Noida,28.5355,77.391,103,Moderate,"DITE Okhla, Delhi, Delhi, India",28.5355,77.391,11.76,False
2026-08-30 08:45:12,Anand Vihar,28.6469,77.3152,409,Severe,"Anand Vihar, Delhi, Delhi, India",28.6469,77.3152,0.43,True
2026-08-30 08:45:12,Ashok Vihar,28.698,77.173,340,Very Poor,"Delhi Institute of Tool Engineering, Wazirpur, Delhi, Delhi, India",28.698,77.173,0.77,True
2026-08-30 08:45:12,Bawana,28.7996,77.0339,88,Satisfactory,"Pooth Khurd, Bawana, Delhi, Delhi, India",28.7996,77.0339,2.91,False
2026-08-30 08:45:12,Dwarka,28.573,77.041,150,Moderate,"National Institute of Malaria Research, Sector 8, Dwarka, Delhi, Delhi, India",28.573,77.041,3.44,False
2026-08-30 08:45:12,Jahangirpuri,28.728,77.1636,106,Moderate,"ITI Jahangirpuri, Delhi, Delhi, India",28.728,77.1636,0.99,True
2026-08-30 08:45:12,Mundka,28.6828,76.9821,99,Satisfactory,"Mundka, Delhi, Delhi, India",28.6828,76.9821,4.72,False
2026-08-30 08:45:12,Narela,28.8553,77.0888,126,Moderate,"Narela, Delhi, Delhi, India",28.8553,77.0888,4.04,False
2026-08-30 08:45:12,Okhla,28.5355,77.291,103,Moderate,"DITE Okhla, Delhi, Delhi, India",28.5355,77.291,2.04,False
2026-08-30 08:45:12,Punjabi Bagh,28.6692,77.1341,132,Moderate,"Punjabi Bagh, Delhi, Delhi, India",28.6692,77.1341,1.7,True
2026-08-30 08:45:12,R.K. Puram,28.5641,77.1765,152,Moderate,"R.K. Puram, Delhi, Delhi, India",28.5641,77.1765,0.22,True
2026-08-30 08:45:12,Rohini,28.7495,77.0565,88,Satisfactory,"Pooth Khurd, Bawana, Delhi, Delhi, India",28.7495,77.0565,3.09,False
2026-08-30 08:45:12,Vivek Vihar,28.672,77.3152,105,Moderate,"ITI Shahdra, Jhilmil Industrial Area, Delhi, Delhi, India",28.672,77.3152,0.13,True
2026-08-30 08:45:12,Wazirpur,28.7041,77.1663,340,Very Poor,"Delhi Institute of Tool Engineering, Wazirpur, Delhi, Delhi, India",28.7041,77.1663,0.41,True
2026-08-30 08:45:12,Chandni Chowk,28.6506,77.2303,110,Moderate,"Mandir Marg, Delhi, Delhi, India",28.6506,77.2303,3.44,False
2026-08-30 08:45:12,Red Fort,28.6562,77.241,110,Moderate,"Mandir Marg, Delhi, Delhi, India",28.6562,77.241,4.65,False
2026-08-30 08:45:12,Connaught Place,28.6315,77.2167,110,Moderate,"Mandir Marg, Delhi, Delhi, India",28.6315,77.2167,1.61,True
2026-08-30 14:09:23,Delhi,28.7041,77.1025,124,Moderate,"Shaheed Sukhdev College of Business Studies, Rohini, Delhi, Delhi, India",28.7041,77.1025,3.56,False
2026-08-30 14:09:23,Faridabad,28.4089,77.3178,86,Satisfactory,"Dr. Karni Singh Shooting Range, Delhi, Delhi, India",28.4089,77.3178,11.25,False
2026-08-30 14:09:23,Gurgaon,28.4595,77.0266,165,Moderate,"National Institute of Malaria Research, Sector 8, Dwarka, Delhi, Delhi, India",28.4595,77.0266,13.92,False
2026-08-30 14:09:23,Noida,28.5355,77.391,116,Moderate,"DITE Okhla, Delhi, Delhi, India",28.5355,77.391,11.76,False
2026-08-30 14:09:23,Anand Vihar,28.6469,77.3152,409,Severe,"Anand Vihar, Delhi, Delhi, India",28.6469,77.3152,0.43,True
2026-08-30 14:09:23,Ashok Vihar,28.698,77.173,187,Moderate,"Delhi Institute of Tool Engineering, Wazirpur, Delhi, Delhi, India",28.698,77.173,0.77,True
2026-08-30 14:09:23,Bawana,28.7996,77.0339,117,Moderate,"Pooth Khurd, Bawana, Delhi, Delhi, India",28.7996,77.0339,2.91,False
2026-08-30 14:09:23,Dwarka,28.573,77.041,165,Moderate,"National Institute of Malaria Research, Sector 8, Dwarka, Delhi, Delhi, India",28.573,77.041,3.44,False
2026-08-30 14:09:23,Jahangirpuri,28.728,77.1636,111,Moderate,"ITI Jahangirpuri, Delhi, Delhi, India",28.728,77.1636,0.99,True
2026-08-30 14:09:23,Mundka,28.6828,76.9821,93,Satisfactory,"Mundka, Delhi, Delhi, India",28.6828,76.9821,4.72,False
2026-08-30 14:09:23,Narela,28.8553,77.0888,109,Moderate,"Narela, Delhi, Delhi, India",28.8553,77.0888,4.04,False
2026-08-30 14:09:23,Okhla,28.5355,77.291,116,Moderate,"DITE Okhla, Delhi, Delhi, India",28.5355,77.291,2.04,False
2026-08-30 14:09:23,Punjabi Bagh,28.6692,77.1341,95,Satisfactory,"Punjabi Bagh, Delhi, Delhi, India",28.6692,77.1341,1.7,True
2026-08-30 14:09:23,R.K. Puram,28.5641,77.1765,128,Moderate,"R.K. Puram, Delhi, Delhi, India",28.5641,77.1765,0.22,True
2026-08-30 14:09:23,Rohini,28.7495,77.0565,117,Moderate,"Pooth Khurd, Bawana, Delhi, Delhi, India",28.7495,77.0565,3.09,False
2026-08-30 14:09:23,Vivek Vihar,28.672,77.3152,98,Satisfactory,"ITI Shahdra, Jhilmil Industrial Area, Delhi, Delhi, India",28.672,77.3152,0.13,True
2026-08-30 14:09:23,Wazirpur,28.7041,77.1663,187,Moderate,"Delhi Institute of Tool Engineering, Wazirpur, Delhi, Delhi, India",28.7041,77.1663,0.41,True
2026-08-30 14:09:23,Chandni Chowk,28.6506,77.2303,92,Satisfactory,"Mandir Marg, Delhi, Delhi, India",28.6506,77.2303,3.44,False
2026-08-30 14:09:23,Red Fort,28.6562,77.241,92,Satisfactory,"Mandir Marg, Delhi, Delhi, India",28.6562,77.241,4.65,False
2026-08-30 14:09:23,Connaught Place,28.6315,77.2167,92,Satisfactory,"Mandir Marg, Delhi, Delhi, India",28.6315,77.2167,1.61,True
2026-08-30 18:07:16,Delhi,28.7041,77.1025,137,Moderate,"Shaheed Sukhdev College of Business Studies, Rohini, Delhi, Delhi, India",28.7041,77.1025,3.56,False
2026-08-30 18:07:16,Faridabad,28.4089,77.3178,124,Moderate,"Dr. Karni Singh Shooting Range, Delhi, Delhi, India",28.4089,77.3178,11.25,False
2026-08-30 18:07:16,Gurgaon,28.4595,77.0266,174,Moderate,"National Institute of Malaria Research, Sector 8, Dwarka, Delhi, Delhi, India",28.4595,77.0266,13.92,False
2026-08-30 18:07:16,Noida,28.5355,77.391,148,Moderate,"DITE Okhla, Delhi, Delhi, India",28.5355,77.391,11.76,False
2026-08-30 18:07:16,Anand Vihar,28.6469,77.3152,409,Severe,"Anand Vihar, Delhi, Delhi, India",28.6469,77.3152,0.43,True
2026-08-30 18:07:16,Ashok Vihar,28.698,77.173,172,Moderate,"Delhi Institute of Tool Engineering, Wazirpur, Delhi, Delhi, India",28.698,77.173,0.77,True
2026-08-30 18:07:16,Bawana,28.7996,77.0339,122,Moderate,"Pooth Khurd, Bawana, Delhi, Delhi, India",28.7996,77.0339,2.91,False
2026-08-30 18:07:16,Dwarka,28.573,77.041,174,Moderate,"National Institute of Malaria Research, Sector 8, Dwarka, Delhi, Delhi, India",28.573,77.041,3.44,False
2026-08-30 18:07:16,Jahangirpuri,28.728,77.1636,120,Moderate,"ITI Jahangirpuri, Delhi, Delhi, India",28.728,77.1636,0.99,True
2026-08-30 18:07:16,Mundka,28.6828,76.9821,132,Moderate,"Mundka, Delhi, Delhi, India",28.6828,76.9821,4.72,False
2026-08-30 18:07:16,Narela,28.8553,77.0888,153,Moderate,"Narela, Delhi, Delhi, India",28.8553,77.0888,4.04,False
2026-08-30 18:07:16,Okhla,28.5355,77.291,148,Moderate,"DITE Okhla, Delhi, Delhi, India",28.5355,77.291,2.04,False
2026-08-30 18:07:16,Punjabi Bagh,28.6692,77.1341,114,Moderate,"Punjabi Bagh, Delhi, Delhi, India",28.6692,77.1341,1.7,True
2026-08-30 18:07:16,R.K. Puram,28.5641,77.1765,152,Moderate,"R.K. Puram, Delhi, Delhi, India",28.5641,77.1765,0.22,True
2026-08-30 18:07:16,Rohini,28.7495,77.0565,122,Moderate,"Pooth Khurd, Bawana, Delhi, Delhi, India",28.7495,77.0565,3.09,False
2026-08-30 18:07:16,Vivek Vihar,28.672,77.3152,154,Moderate,"ITI Shahdra, Jhilmil Industrial Area, Delhi, Delhi, India",28.672,77.3152,0.13,True
2026-08-30 18:07:16,Wazirpur,28.7041,77.1663,172,Moderate,"Delhi Institute of Tool Engineering, Wazirpur, Delhi, Delhi, India",28.7041,77.1663,0.41,True
2026-08-30 18:07:16,Chandni Chowk,28.6506,77.2303,67,Satisfactory,"Mandir Marg, Delhi, Delhi, India",28.6506,77.2303,3.44,False
2026-08-30 18:07:16,Red Fort,28.6562,77.241,67,Satisfactory,"Mandir Marg, Delhi, Delhi, India",28.6562,77.241,4.65,False
2026-08-30 18:07:16,Connaught Place,28.6315,77.2167,67,Satisfactory,"Mandir Marg, Delhi, Delhi, India",28.6315,77.2167,1.61,True
2026-08-30 21:18:46,Delhi,28.7041,77.1025,152,Moderate,"Shaheed Sukhdev College of Business Studies, Rohini, Delhi, Delhi, India",28.7041,77.1025,3.56,False
2026-08-30 21:18:46,Faridabad,28.4089,77.3178,114,Moderate,"Dr. Karni Singh Shooting Range, Delhi, Delhi, India",28.4089,77.3178,11.25,False
2026-08-30 21:18:46,Gurgaon,28.4595,77.0266,85,Satisfactory,"National Institute of Malaria Research, Sector 8, Dwarka, Delhi, Delhi, India",28.4595,77.0266,13.92,False
2026-08-30 21:18:46,Noida,28.5355,77.391,82,Satisfactory,"DITE Okhla, Delhi, Delhi, India",28.5355,77.391,11.76,False
2026-08-30 21:18:46,Anand Vihar,28.6469,77.3152,409,Severe,"Anand Vihar, Delhi, Delhi, India",28.6469,77.3152,0.43,True
2026-08-30 21:18:46,Ashok Vihar,28.698,77.173,113,Moderate,"Delhi Institute of Tool Engineering, Wazirpur, Delhi, Delhi, India",28.698,77.173,0.77,True
2026-08-30 21:18:46,Bawana,28.7996,77.0339,160,Moderate,"Pooth Khurd, Bawana, Delhi, Delhi, India",28.7996,77.0339,2.91,False
2026-08-30 21:18:46,Dwarka,28.573,77.041,85,Satisfactory,"National Institute of Malaria Research, Sector 8, Dwarka, Delhi, Delhi, India",28.573,77.041,3.44,False
2026-08-30 21:18:46,Jahangirpuri,28.728,77.1636,117,Moderate,"ITI Jahangirpuri, Delhi, Delhi, India",28.728,77.1636,0.99,True
2026-08-30 21:18:46,Mundka,28.6828,76.9821,98,Satisfactory,"Mundka, Delhi, Delhi, India",28.6828,76.9821,4.72,False
2026-08-30 21:18:46,Narela,28.8553,77.0888,129,Moderate,"Narela, Delhi, Delhi, India",28.8553,77.0888,4.04,False
2026-08-30 21:18:46,Okhla,28.5355,77.291,82,Satisfactory,"DITE Okhla, Delhi, Delhi, India",28.5355,77.291,2.04,False
2026-08-30 21:18:46,Punjabi Bagh,28.6692,77.1341,96,Satisfactory,"Punjabi Bagh, Delhi, Delhi, India",28.6692,77.1341,1.7,True
2026-08-30 21:18:46,R.K. Puram,28.5641,77.1765,99,Satisfactory,"R.K. Puram, Delhi, Delhi, India",28.5641,77.1765,0.22,True
2026-08-30 21:18:46,Rohini,28.7495,77.0565,160,Moderate,"Pooth Khurd, Bawana, Delhi, Delhi, India",28.7495,77.0565,3.09,False
2026-08-30 21:18:46,Vivek Vihar,28.672,77.3152,84,Satisfactory,"ITI Shahdra, Jhilmil Industrial Area, Delhi, Delhi, India",28.672,77.3152,0.13,True
2026-08-30 21:18:46,Wazirpur,28.7041,77.1663,113,Moderate,"Delhi Institute of Tool Engineering, Wazirpur, Delhi, Delhi, India",28.7041,77.1663,0.41,True
2026-08-30 21:18:46,Chandni Chowk,28.6506,77.2303,66,Satisfactory,"Mandir Marg, Delhi, Delhi, India",28.6506,77.2303,3.44,False
2026-08-30 21:18:46,Red Fort,28.6562,77.241,66,Satisfactory,"Mandir Marg, Delhi, Delhi, India",28.6562,77.241,4.65,False
2026-08-30 21:18:46,Connaught Place,28.6315,77.2167,66,Satisfactory,"Mandir Marg, Delhi, Delhi, India",28.6315,77.2167,1.61,True
2026-08-30 23:39:55,Delhi,28.7041,77.1025,119,Moderate,"Shaheed Sukhdev College of Business Studies, Rohini, Delhi, Delhi, India",28.7041,77.1025,3.56,False
2026-08-30 23:39:55,Faridabad,28.4089,77.3178,60,Satisfactory,"Dr. Karni Singh Shooting Range, Delhi, Delhi, India",28.4089,77.3178,11.25,False
2026-08-30 23:39:55,Gurgaon,28.4595,77.0266,51,Satisfactory,"National Institute of Malaria Research, Sector 8, Dwarka, Delhi, Delhi, India",28.4595,77.0266,13.92,False
2026-08-30 23:39:55,Noida,28.5355,77.391,63,Satisfactory,"DITE Okhla, Delhi, Delhi, India",28.5355,77.391,11.76,False
2026-08-30 23:39:55,Anand Vihar,28.6469,77.3152,409,Severe,"Anand Vihar, Delhi, Delhi, India",28.6469,77.3152,0.43,True
2026-08-30 23:39:55,Ashok Vihar,28.698,77.173,102,Moderate,"Delhi Institute of Tool Engineering, Wazirpur, Delhi, Delhi, India",28.698,77.173,0.77,True
2026-08-30 23:39:55,Bawana,28.7996,77.0339,156,Moderate,"Pooth Khurd, Bawana, Delhi, Delhi, India",28.7996,77.0339,2.91,False
2026-08-30 23:39:55,Dwarka,28.573,77.041,51,Satisfactory,"National Institute of Malaria Research, Sector 8, Dwarka, Delhi, Delhi, India",28.573,77.041,3.44,False
2026-08-30 23:39:55,Jahangirpuri,28.728,77.1636,99,Satisfactory,"ITI Jahangirpuri, Delhi, Delhi, India",28.728,77.1636,0.99,True
2026-08-30 23:39:55,Mundka,28.6828,76.9821,95,Satisfactory,"Mundka, Delhi, Delhi, India",28.6828,76.9821,4.72,False
2026-08-30 23:39:55,Narela,28.8553,77.0888,55,Satisfactory,"Narela, Delhi, Delhi, India",28.8553,77.0888,4.04,False
2026-08-30 23:39:55,Okhla,28.5355,77.291,63,Satisfactory,"DITE Okhla, Delhi, Delhi, India",28.5355,77.291,2.04,False
2026-08-30 23:39:55,Punjabi Bagh,28.6692,77.1341,53,Satisfactory,"Punjabi Bagh, Delhi, Delhi, India",28.6692,77.1341,1.7,True
2026-08-30 23:39:55,R.K. Puram,28.5641,77.1765,87,Satisfactory,"R.K. Puram, Delhi, Delhi, India",28.5641,77.1765,0.22,True
2026-08-30 23:39:55,Rohini,28.7495,77.0565,156,Moderate,"Pooth Khurd, Bawana, Delhi, Delhi, India",28.7495,77.0565,3.09,False
2026-08-30 23:39:55,Vivek Vihar,28.672,77.3152,69,Satisfactory,"ITI Shahdra, Jhilmil Industrial Area, Delhi, Delhi, India",28.672,77.3152,0.13,True
2026-08-30 23:39:55,Wazirpur,28.7041,77.1663,102,Moderate,"Delhi Institute of Tool Engineering, Wazirpur, Delhi, Delhi, India",28.7041,77.1663,0.41,True
2026-08-30 23:39:55,Chandni Chowk,28.6506,77.2303,66,Satisfactory,"Mandir Marg, Delhi, Delhi, India",28.6506,77.2303,3.44,False
2026-08-30 23:39:55,Red Fort,28.6562,77.241,66,Satisfactory,"Mandir Marg, Delhi, Delhi, India",28.6562,77.241,4.65,False
2026-08-30 23:39:55,Connaught Place,28.6315,77.2167,66,Satisfactory,"Mandir Marg, Delhi, Delhi, India",28.6315,77.2167,1.61,True
2026-08-31 02:35:42,Delhi,28.7041,77.1025,108,Moderate,"Shaheed Sukhdev College of Business Studies, Rohini, Delhi, Delhi, India",28.7041,77.1025,3.56,False
2026-08-31 02:35:42,Faridabad,28.4089,77.3178,72,Satisfactory,"Dr. Karni Singh Shooting Range, Delhi, Delhi, India",28.4089,77.3178,11.25,False
2026-08-31 02:35:42,Gurgaon,28.4595,77.0266,87,Satisfactory,"National Institute of Malaria Research, Sector 8, Dwarka, Delhi, Delhi, India",28.4595,77.0266,13.92,False
2026-08-31 02:35:42,Noida,28.5355,77.391,72,Satisfactory,"DITE Okhla, Delhi, Delhi, India",28.5355,77.391,11.76,False
2026-08-31 02:35:42,Anand Vihar,28.6469,77.3152,409,Severe,"Anand Vihar, Delhi, Delhi, India",28.6469,77.3152,0.43,True
2026-08-31 02:35:42,Ashok Vihar,28.698,77.173,121,Moderate,"Delhi Institute of Tool Engineering, Wazirpur, Delhi, Delhi, India",28.698,77.173,0.77,True
2026-08-31 02:35:42,Bawana,28.7996,77.0339,78,Satisfactory,"Pooth Khurd, Bawana, Delhi, Delhi, India",28.7996,77.0339,2.91,False
2026-08-31 02:35:42,Dwarka,28.573,77.041,87,Satisfactory,"National Institute of Malaria Research, Sector 8, Dwarka, Delhi, Delhi, India",28.573,77.041,3.44,False
2026-08-31 02:35:42,Jahangirpuri,28.728,77.1636,78,Satisfactory,"ITI Jahangirpuri, Delhi, Delhi, India",28.728,77.1636,0.99,True
2026-08-31 02:35:42,Mundka,28.6828,76.9821,103,Moderate,"Mundka, Delhi, Delhi, India",28.6828,76.9821,4.72,False
2026-08-31 02:35:42,Narela,28.8553,77.0888,78,Satisfactory,"Narela, Delhi, Delhi, India",28.8553,77.0888,4.04,False
2026-08-31 02:35:42,Okhla,28.5355,77.291,72,Satisfactory,"DITE Okhla, Delhi, Delhi, India",28.5355,77.291,2.04,False
2026-08-31 02:35:42,Punjabi Bagh,28.6692,77.1341,74,Satisfactory,"Punjabi Bagh, Delhi, Delhi, India",28.6692,77.1341,1.7,True
2026-08-31 02:35:42,R.K. Puram,28.5641,77.1765,99,Satisfactory,"R.K. Puram, Delhi, Delhi, India",28.5641,77.1765,0.22,True
2026-08-31 02:35:42,Rohini,28.7495,77.0565,78,Satisfactory,"Pooth Khurd, Bawana, Delhi, Delhi, India",28.7495,77.0565,3.09,False
2026-08-31 02:35:42,Vivek Vihar,28.672,77.3152,67,Satisfactory,"ITI Shahdra, Jhilmil Industrial Area, Delhi, Delhi, India",28.672,77.3152,0.13,True
2026-08-31 02:35:42,Wazirpur,28.7041,77.1663,121,Moderate,"Delhi Institute of Tool Engineering, Wazirpur, Delhi, Delhi, India",28.7041,77.1663,0.41,True
2026-08-31 02:35:42,Chandni Chowk,28.6506,77.2303,99,Satisfactory,"Mandir Marg, Delhi, Delhi, India",28.6506,77.2303,3.44,False
2026-08-31 02:35:42,Red Fort,28.6562,77.241,99,Satisfactory,"Mandir Marg, Delhi, Delhi, India",28.6562,77.241,4.65,False
2026-08-31 02:35:42,Connaught Place,28.6315,77.2167,99,Satisfactory,"Mandir Marg, Delhi, Delhi, India",28.6315,77.2167,1.61,True
2026-08-31 09:07:42,Delhi,28.7041,77.1025,120,Moderate,"Shaheed Sukhdev College of Business Studies, Rohini, Delhi, Delhi, India",28.7041,77.1025,3.56,False
2026-08-31 09:07:42,Faridabad,28.4089,77.3178,102,Moderate,"Dr. Karni Singh Shooting Range, Delhi, Delhi, India",28.4089,77.3178,11.25,False
2026-08-31 09:07:42,Gurgaon,28.4595,77.0266,126,Moderate,"National Institute of Malaria Research, Sector 8, Dwarka, Delhi, Delhi, India",28.4595,77.0266,13.92,False
2026-08-31 09:07:42,Noida,28.5355,77.391,98,Satisfactory,"DITE Okhla, Delhi, Delhi, India",28.5355,77.391,11.76,False
2026-08-31 09:07:42,Anand Vihar,28.6469,77.3152,409,Severe,"Anand Vihar, Delhi, Delhi, India",28.6469,77.3152,0.43,True
2026-08-31 09:07:42,Ashok Vihar,28.698,77.173,176,Moderate,"Delhi Institute of Tool Engineering, Wazirpur, Delhi, Delhi, India",28.698,77.173,0.77,True
2026-08-31 09:07:42,Bawana,28.7996,77.0339,139,Moderate,"Pooth Khurd, Bawana, Delhi, Delhi, India",28.7996,77.0339,2.91,False
2026-08-31 09:07:42,Dwarka,28.573,77.041,126,Moderate,"National Institute of Malaria Research, Sector 8, Dwarka, Delhi, Delhi, India",28.573,77.041,3.44,False
2026-08-31 09:07:42,Jahangirpuri,28.728,77.1636,110,Moderate,"ITI Jahangirpuri, Delhi, Delhi, India",28.728,77.1636,0.99,True
2026-08-31 09:07:42,Mundka,28.6828,76.9821,96,Satisfactory,"Mundka, Delhi, Delhi, India",28.6828,76.9821,4.72,False
2026-08-31 09:07:42,Narela,28.8553,77.0888,122,Moderate,"Narela, Delhi, Delhi, India",28.8553,77.0888,4.04,False
2026-08-31 09:07:42,Okhla,28.5355,77.291,98,Satisfactory,"DITE Okhla, Delhi, Delhi, India",28.5355,77.291,2.04,False
2026-08-31 09:07:42,Punjabi Bagh,28.6692,77.1341,124,Moderate,"Punjabi Bagh, Delhi, Delhi, India",28.6692,77.1341,1.7,True
2026-08-31 09:07:42,R.K. Puram,28.5641,77.1765,123,Moderate,"R.K. Puram, Delhi, Delhi, India",28.5641,77.1765,0.22,True
2026-08-31 09:07:42,Rohini,28.7495,77.0565,139,Moderate,"Pooth Khurd, Bawana, Delhi, Delhi, India",28.7495,77.0565,3.09,False
2026-08-31 09:07:42,Vivek Vihar,28.672,77.3152,109,Moderate,"ITI Shahdra, Jhilmil Industrial Area, Delhi, Delhi, India",28.672,77.3152,0.13,True
2026-08-31 09:07:42,Wazirpur,28.7041,77.1663,176,Moderate,"Delhi Institute of Tool Engineering, Wazirpur, Delhi, Delhi, India",28.7041,77.1663,0.41,True
2026-08-31 09:07:42,Chandni Chowk,28.6506,77.2303,104,Moderate,"Mandir Marg, Delhi, Delhi, India",28.6506,77.2303,3.44,False
2026-08-31 09:07:42,Red Fort,28.6562,77.241,104,Moderate,"Mandir Marg, Delhi, Delhi, India",28.6562,77.241,4.65,False
2026-08-31 09:07:42,Connaught Place,28.6315,77.2167,104,Moderate,"Mandir Marg, Delhi, Delhi, India",28.6315,77.2167,1.61,True
2026-08-31 17:09:38,Delhi,28.7041,77.1025,152,Moderate,"Shaheed Sukhdev College of Business Studies, Rohini, Delhi, Delhi, India",28.7041,77.1025,3.56,False
2026-08-31 17:09:38,Faridabad,28.4089,77.3178,76,Satisfactory,"Dr. Karni Singh Shooting Range, Delhi, Delhi, India",28.4089,77.3178,11.25,False
2026-08-31 17:09:38,Gurgaon,28.4595,77.0266,538,Severe,"National Institute of Malaria Research, Sector 8, Dwarka, Delhi, Delhi, India",28.4595,77.0266,13.92,False
2026-08-31 17:09:38,Noida,28.5355,77.391,152,Moderate,"DITE Okhla, Delhi, Delhi, India",28.5355,77.391,11.76,False
2026-08-31 17:09:38,Anand Vihar,28.6469,77.3152,409,Severe,"Anand Vihar, Delhi, Delhi, India",28.6469,77.3152,0.43,True
2026-08-31 17:09:38,Ashok Vihar,28.698,77.173,145,Moderate,"Delhi Institute of Tool Engineering, Wazirpur, Delhi, Delhi, India",28.698,77.173,0.77,True
2026-08-31 17:09:38,Bawana,28.7996,77.0339,154,Moderate,"Pooth Khurd, Bawana, Delhi, Delhi, India",28.7996,77.0339,2.91,False
2026-08-31 17:09:38,Dwarka,28.573,77.041,538,Severe,"National Institute of Malaria Research, Sector 8, Dwarka, Delhi, Delhi, India",28.573,77.041,3.44,False
2026-08-31 17:09:38,Jahangirpuri,28.728,77.1636,98,Satisfactory,"ITI Jahangirpuri, Delhi, Delhi, India",28.728,77.1636,0.99,True
2026-08-31 17:09:38,Mundka,28.6828,76.9821,104,Moderate,"Mundka, Delhi, Delhi, India",28.6828,76.9821,4.72,False
2026-08-31 17:09:38,Narela,28.8553,77.0888,117,Moderate,"Narela, Delhi, Delhi, India",28.8553,77.0888,4.04,False
2026-08-31 17:09:38,Okhla,28.5355,77.291,152,Moderate,"DITE Okhla, Delhi, Delhi, India",28.5355,77.291,2.04,False
2026-08-31 17:09:38,Punjabi Bagh,28.6692,77.1341,97,Satisfactory,"Punjabi Bagh, Delhi, Delhi, India",28.6692,77.1341,1.7,True
2026-08-31 17:09:38,R.K. Puram,28.5641,77.1765,161,Moderate,"R.K. Puram, Delhi, Delhi, India",28.5641,77.1765,0.22,True
2026-08-31 17:09:38,Rohini,28.7495,77.0565,154,Moderate,"Pooth Khurd, Bawana, Delhi, Delhi, India",28.7495,77.0565,3.09,False
2026-08-31 17:09:38,Vivek Vihar,28.672,77.3152,102,Moderate,"ITI Shahdra, Jhilmil Industrial Area, Delhi, Delhi, India",28.672,77.3152,0.13,True
2026-08-31 17:09:38,Wazirpur,28.7041,77.1663,145,Moderate,"Delhi Institute of Tool Engineering, Wazirpur, Delhi, Delhi, India",28.7041,77.1663,0.41,True
2026-08-31 17:09:38,Chandni Chowk,28.6506,77.2303,68,Satisfactory,"Mandir Marg, Delhi, Delhi, India",28.6506,77.2303,3.44,False
2026-08-31 17:09:38,Red Fort,28.6562,77.241,68,Satisfactory,"Mandir Marg, Delhi, Delhi, India",28.6562,77.241,4.65,False
2026-08-31 17:09:38,Connaught Place,28.6315,77.2167,68,Satisfactory,"Mandir Marg, Delhi, Delhi, India",28.6315,77.2167,1.61,True
2026-08-31 21:58:09,Delhi,28.7041,77.1025,111,Moderate,"Shaheed Sukhdev College of Business Studies, Rohini, Delhi, Delhi, India",28.7041,77.1025,3.56,False
2026-08-31 21:58:09,Faridabad,28.4089,77.3178,121,Moderate,"Dr. Karni Singh Shooting Range, Delhi, Delhi, India",28.4089,77.3178,11.25,False
2026-08-31 21:58:09,Gurgaon,28.4595,77.0266,78,Satisfactory,"National Institute of Malaria Research, Sector 8, Dwarka, Delhi, Delhi, India",28.4595,77.0266,13.92,False
2026-08-31 21:58:09,Noida,28.5355,77.391,98,Satisfactory,"DITE Okhla, Delhi, Delhi, India",28.5355,77.391,11.76,False
2026-08-31 21:58:09,Anand Vihar,28.6469,77.3152,409,Severe,"Anand Vihar, Delhi, Delhi, India",28.6469,77.3152,0.43,True
2026-08-31 21:58:09,Ashok Vihar,28.698,77.173,151,Moderate,"Delhi Institute of Tool Engineering, Wazirpur, Delhi, Delhi, India",28.698,77.173,0.77,True
2026-08-31 21:58:09,Bawana,28.7996,77.0339,78,Satisfactory,"Pooth Khurd, Bawana, Delhi, Delhi, India",28.7996,77.0339,2.91,False
2026-08-31 21:58:09,Dwarka,28.573,77.041,78,Satisfactory,"National Institute of Malaria Research, Sector 8, Dwarka, Delhi, Delhi, India",28.573,77.041,3.44,False
2026-08-31 21:58:09,Jahangirpuri,28.728,77.1636,91,Satisfactory,"ITI Jahangirpuri, Delhi, Delhi, India",28.728,77.1636,0.99,True
2026-08-31 21:58:09,Mundka,28.6828,76.9821,99,Satisfactory,"Mundka, Delhi, Delhi, India",28.6828,76.9821,4.72,False
2026-08-31 21:58:09,Narela,28.8553,77.0888,78,Satisfactory,"Narela, Delhi, Delhi, India",28.8553,77.0888,4.04,False
2026-08-31 21:58:09,Okhla,28.5355,77.291,98,Satisfactory,"DITE Okhla, Delhi, Delhi, India",28.5355,77.291,2.04,False
2026-08-31 21:58:09,Punjabi Bagh,28.6692,77.1341,73,Satisfactory,"Punjabi Bagh, Delhi, Delhi, India",28.6692,77.1341,1.7,True
2026-08-31 21:58:09,R.K. Puram,28.5641,77.1765,92,Satisfactory,"R.K. Puram, Delhi, Delhi, India",28.5641,77.1765,0.22,True
2026-08-31 21:58:09,Rohini,28.7495,77.0565,78,Satisfactory,"Pooth Khurd, Bawana, Delhi, Delhi, India",28.7495,77.0565,3.09,False
2026-08-31 21:58:09,Vivek Vihar,28.672,77.3152,91,Satisfactory,"ITI Shahdra, Jhilmil Industrial Area, Delhi, Delhi, India",28.672,77.3152,0.13,True
2026-08-31 21:58:09,Wazirpur,28.7041,77.1663,151,Moderate,"Delhi Institute of Tool Engineering, Wazirpur, Delhi, Delhi, India",28.7041,77.1663,0.41,True
2026-08-31 21:58:09,Chandni Chowk,28.6506,77.2303,68,Satisfactory,"Mandir Marg, Delhi, Delhi, India",28.6506,77.2303,3.44,False
2026-08-31 21:58:09,Red Fort,28.6562,77.241,68,Satisfactory,"Mandir Marg, Delhi, Delhi, India",28.6562,77.241,4.65,False
2026-08-31 21:58:09,Connaught Place,28.6315,77.2167,68,Satisfactory,"Mandir Marg, Delhi, Delhi, India",28.6315,77.2167,1.61,True
2026-09-01 00:59:39,Delhi,28.7041,77.1025,144,Moderate,"Shaheed Sukhdev College of Business Studies, Rohini, Delhi, Delhi, India",28.7041,77.1025,3.56,False
2026-09-01 00:59:39,Faridabad,28.4089,77.3178,63,Satisfactory,"Dr. Karni Singh Shooting Range, Delhi, Delhi, India",28.4089,77.3178,11.25,False
2026-09-01 00:59:39,Gurgaon,28.4595,77.0266,52,Satisfactory,"National Institute of Malaria Research, Sector 8, Dwarka, Delhi, Delhi, India",28.4595,77.0266,13.92,False
2026-09-01 00:59:39,Noida,28.5355,77.391,68,Satisfactory,"DITE Okhla, Delhi, Delhi, India",28.5355,77.391,11.76,False
2026-09-01 00:59:39,Anand Vihar,28.6469,77.3152,409,Severe,"Anand Vihar, Delhi, Delhi, India",28.6469,77.3152,0.43,True
2026-09-01 00:59:39,Ashok Vihar,28.698,77.173,117,Moderate,"Delhi Institute of Tool Engineering, Wazirpur, Delhi, Delhi, India",28.698,77.173,0.77,True
2026-09-01 00:59:39,Bawana,28.7996,77.0339,142,Moderate,"Pooth Khurd, Bawana, Delhi, Delhi, India",28.7996,77.0339,2.91,False
2026-09-01 00:59:39,Dwarka,28.573,77.041,52,Satisfactory,"National Institute of Malaria Research, Sector 8, Dwarka, Delhi, Delhi, India",28.573,77.041,3.44,False
2026-09-01 00:59:39,Jahangirpuri,28.728,77.1636,70,Satisfactory,"ITI Jahangirpuri, Delhi, Delhi, India",28.728,77.1636,0.99,True
2026-09-01 00:59:39,Mundka,28.6828,76.9821,76,Satisfactory,"Mundka, Delhi, Delhi, India",28.6828,76.9821,4.72,False
2026-09-01 00:59:39,Narela,28.8553,77.0888,76,Satisfactory,"Narela, Delhi, Delhi, India",28.8553,77.0888,4.04,False
2026-09-01 00:59:39,Okhla,28.5355,77.291,68,Satisfactory,"DITE Okhla, Delhi, Delhi, India",28.5355,77.291,2.04,False
2026-09-01 00:59:39,Punjabi Bagh,28.6692,77.1341,72,Satisfactory,"Punjabi Bagh, Delhi, Delhi, India",28.6692,77.1341,1.7,True
2026-09-01 00:59:39,R.K. Puram,28.5641,77.1765,93,Satisfactory,"R.K. Puram, Delhi, Delhi, India",28.5641,77.1765,0.22,True
2026-09-01 00:59:39,Rohini,28.7495,77.0565,142,Moderate,"Pooth Khurd, Bawana, Delhi, Delhi, India",28.7495,77.0565,3.09,False
2026-09-01 00:59:39,Vivek Vihar,28.672,77.3152,68,Satisfactory,"ITI Shahdra, Jhilmil Industrial Area, Delhi, Delhi, India",28.672,77.3152,0.13,True
2026-09-01 00:59:39,Wazirpur,28.7041,77.1663,117,Moderate,"Delhi Institute of Tool Engineering, Wazirpur, Delhi, Delhi, India",28.7041,77.1663,0.41,True
2026-09-01 00:59:39,Chandni Chowk,28.6506,77.2303,61,Satisfactory,"Mandir Marg, Delhi, Delhi, India",28.6506,77.2303,3.44,False
2026-09-01 00:59:39,Red Fort,28.6562,77.241,61,Satisfactory,"Mandir Marg, Delhi, Delhi, India",28.6562,77.241,4.65,False
2026-09-01 00:59:39,Connaught Place,28.6315,77.2167,61,Satisfactory,"Mandir Marg, Delhi, Delhi, India",28.6315,77.2167,1.61,True
2026-09-01 06:06:29,Delhi,28.7041,77.1025,117,Moderate,"Shaheed Sukhdev College of Business Studies, Rohini, Delhi, Delhi, India",28.7041,77.1025,3.56,False
2026-09-01 06:06:29,Faridabad,28.4089,77.3178,75,Satisfactory,"Dr. Karni Singh Shooting Range, Delhi, Delhi, India",28.4089,77.3178,11.25,False
2026-09-01 06:06:29,Gurgaon,28.4595,77.0266,117,Moderate,"National Institute of Malaria Research, Sector 8, Dwarka, Delhi, Delhi, India",28.4595,77.0266,13.92,False
2026-09-01 06:06:29,Noida,28.5355,77.391,99,Satisfactory,"DITE Okhla, Delhi, Delhi, India",28.5355,77.391,11.76,False
2026-09-01 06:06:29,Anand Vihar,28.6469,77.3152,409,Severe,"Anand Vihar, Delhi, Delhi, India",28.6469,77.3152,0.43,True
2026-09-01 06:06:29,Ashok Vihar,28.698,77.173,446,Severe,"Delhi Institute of Tool Engineering, Wazirpur, Delhi, Delhi, India",28.698,77.173,0.77,True
2026-09-01 06:06:29,Bawana,28.7996,77.0339,63,Satisfactory,"Pooth Khurd, Bawana, Delhi, Delhi, India",28.7996,77.0339,2.91,False
2026-09-01 06:06:29,Dwarka,28.573,77.041,117,Moderate,"National Institute of Malaria Research, Sector 8, Dwarka, Delhi, Delhi, India",28.573,77.041,3.44,False
2026-09-01 06:06:29,Jahangirpuri,28.728,77.1636,109,Moderate,"ITI Jahangirpuri, Delhi, Delhi, India",28.728,77.1636,0.99,True
2026-09-01 06:06:29,Mundka,28.6828,76.9821,92,Satisfactory,"Mundka, Delhi, Delhi, India",28.6828,76.9821,4.72,False
2026-09-01 06:06:29,Narela,28.8553,77.0888,71,Satisfactory,"Narela, Delhi, Delhi, India",28.8553,77.0888,4.04,False
2026-09-01 06:06:29,Okhla,28.5355,77.291,99,Satisfactory,"DITE Okhla, Delhi, Delhi, India",28.5355,77.291,2.04,False
2026-09-01 06:06:29,Punjabi Bagh,28.6692,77.1341,99,Satisfactory,"Punjabi Bagh, Delhi, Delhi, India",28.6692,77.1341,1.7,True
2026-09-01 06:06:29,R.K. Puram,28.5641,77.1765,102,Moderate,"R.K. Puram, Delhi, Delhi, India",28.5641,77.1765,0.22,True
2026-09-01 06:06:29,Rohini,28.7495,77.0565,63,Satisfactory,"Pooth Khurd, Bawana, Delhi, Delhi, India",28.7495,77.0565,3.09,False
2026-09-01 06:06:29,Vivek Vihar,28.672,77.3152,86,Satisfactory,"ITI Shahdra, Jhilmil Industrial Area, Delhi, Delhi, India",28.672,77.3152,0.13,True
2026-09-01 06:06:29,Wazirpur,28.7041,77.1663,446,Severe,"Delhi Institute of Tool Engineering, Wazirpur, Delhi, Delhi, India",28.7041,77.1663,0.41,True
2026-09-01 06:06:29,Chandni Chowk,28.6506,77.2303,97,Satisfactory,"Mandir Marg, Delhi, Delhi, India",28.6506,77.2303,3.44,False
2026-09-01 06:06:29,Red Fort,28.6562,77.241,97,Satisfactory,"Mandir Marg, Delhi, Delhi, India",28.6562,77.241,4.65,False
2026-09-01 06:06:29,Connaught Place,28.6315,77.2167,97,Satisfactory,"Mandir Marg, Delhi, Delhi, India",28.6315,77.2167,1.61,True
2026-09-01 11:52:23,Delhi,28.7041,77.1025,108,Moderate,"Shaheed Sukhdev College of Business Studies, Rohini, Delhi, Delhi, India",28.7041,77.1025,3.56,False
2026-09-01 11:52:23,Faridabad,28.4089,77.3178,139,Moderate,"Dr. Karni Singh Shooting Range, Delhi, Delhi, India",28.4089,77.3178,11.25,False
2026-09-01 11:52:23,Gurgaon,28.4595,77.0266,146,Moderate,"National Institute of Malaria Research, Sector 8, Dwarka, Delhi, Delhi, India",28.4595,77.0266,13.92,False
2026-09-01 11:52:23,Noida,28.5355,77.391,87,Satisfactory,"DITE Okhla, Delhi, Delhi, India",28.5355,77.391,11.76,False
2026-09-01 11:52:23,Anand Vihar,28.6469,77.3152,409,Severe,"Anand Vihar, Delhi, Delhi, India",28.6469,77.3152,0.43,True
2026-09-01 11:52:23,Ashok Vihar,28.698,77.173,132,Moderate,"Delhi Institute of Tool Engineering, Wazirpur, Delhi, Delhi, India",28.698,77.173,0.77,True
2026-09-01 11:52:23,Bawana,28.7996,77.0339,85,Satisfactory,"Pooth Khurd, Bawana, Delhi, Delhi, India",28.7996,77.0339,2.91,False
2026-09-01 11:52:23,Dwarka,28.573,77.041,146,Moderate,"National Institute of Malaria Research, Sector 8, Dwarka, Delhi, Delhi, India",28.573,77.041,3.44,False
2026-09-01 11:52:23,Jahangirpuri,28.728,77.1636,92,Satisfactory,"ITI Jahangirpuri, Delhi, Delhi, India",28.728,77.1636,0.99,True
2026-09-01 11:52:23,Mundka,28.6828,76.9821,74,Satisfactory,"Mundka, Delhi, Delhi, India",28.6828,76.9821,4.72,False
2026-09-01 11:52:23,Narela,28.8553,77.0888,99,Satisfactory,"Narela, Delhi, Delhi, India",28.8553,77.0888,4.04,False
2026-09-01 11:52:23,Okhla,28.5355,77.291,87,Satisfactory,"DITE Okhla, Delhi, Delhi, India",28.5355,77.291,2.04,False
2026-09-01 11:52:23,Punjabi Bagh,28.6692,77.1341,109,Moderate,"Punjabi Bagh, Delhi, Delhi, India",28.6692,77.1341,1.7,True
2026-09-01 11:52:23,R.K. Puram,28.5641,77.1765,102,Moderate,"R.K. Puram, Delhi, Delhi, India",28.5641,77.1765,0.22,True
2026-09-01 11:52:23,Rohini,28.7495,77.0565,85,Satisfactory,"Pooth Khurd, Bawana, Delhi, Delhi, India",28.7495,77.0565,3.09,False
2026-09-01 11:52:23,Vivek Vihar,28.672,77.3152,74,Satisfactory,"ITI Shahdra, Jhilmil Industrial Area, Delhi, Delhi, India",28.672,77.3152,0.13,True
2026-09-01 11:52:23,Wazirpur,28.7041,77.1663,132,Moderate,"Delhi Institute of Tool Engineering, Wazirpur, Delhi, Delhi, India",28.7041,77.1663,0.41,True
2026-09-01 11:52:23,Chandni Chowk,28.6506,77.2303,85,Satisfactory,"Mandir Marg, Delhi, Delhi, India",28.6506,77.2303,3.44,False
2026-09-01 11:52:23,Red Fort,28.6562,77.241,85,Satisfactory,"Mandir Marg, Delhi, Delhi, India",28.6562,77.241,4.65,False
2026-09-01 11:52:23,Connaught Place,28.6315,77.2167,85,Satisfactory,"Mandir Marg, Delhi, Delhi, India",28.6315,77.2167,1.61,True
2026-09-01 15:49:24,Delhi,28.7041,77.1025,151,Moderate,"Shaheed Sukhdev College of Business Studies, Rohini, Delhi, Delhi, India",28.7041,77.1025,3.56,False
2026-09-01 15:49:24,Faridabad,28.4089,77.3178,71,Satisfactory,"Dr. Karni Singh Shooting Range, Delhi, Delhi, India",28.4089,77.3178,11.25,False
2026-09-01 15:49:24,Gurgaon,28.4595,77.0266,114,Moderate,"National Institute of Malaria Research, Sector 8, Dwarka, Delhi, Delhi, India",28.4595,77.0266,13.92,False
2026-09-01 15:49:24,Noida,28.5355,77.391,76,Satisfactory,"DITE Okhla, Delhi, Delhi, India",28.5355,77.391,11.76,False
2026-09-01 15:49:24,Anand Vihar,28.6469,77.3152,409,Severe,"Anand Vihar, Delhi, Delhi, India",28.6469,77.3152,0.43,True
2026-09-01 15:49:24,Ashok Vihar,28.698,77.173,152,Moderate,"Delhi Institute of Tool Engineering, Wazirpur, Delhi, Delhi, India",28.698,77.173,0.77,True
2026-09-01 15:49:24,Bawana,28.7996,77.0339,137,Moderate,"Pooth Khurd, Bawana, Delhi, Delhi, India",28.7996,77.0339,2.91,False
2026-09-01 15:49:24,Dwarka,28.573,77.041,114,Moderate,"National Institute of Malaria Research, Sector 8, Dwarka, Delhi, Delhi, India",28.573,77.041,3.44,False
2026-09-01 15:49:24,Jahangirpuri,28.728,77.1636,139,Moderate,"ITI Jahangirpuri, Delhi, Delhi, India",28.728,77.1636,0.99,True
2026-09-01 15:49:24,Mundka,28.6828,76.9821,99,Satisfactory,"Mundka, Delhi, Delhi, India",28.6828,76.9821,4.72,False
2026-09-01 15:49:24,Narela,28.8553,77.0888,91,Satisfactory,"Narela, Delhi, Delhi, India",28.8553,77.0888,4.04,False
2026-09-01 15:49:24,Okhla,28.5355,77.291,76,Satisfactory,"DITE Okhla, Delhi, Delhi, India",28.5355,77.291,2.04,False
2026-09-01 15:49:24,Punjabi Bagh,28.6692,77.1341,157,Moderate,"Punjabi Bagh, Delhi, Delhi, India",28.6692,77.1341,1.7,True
2026-09-01 15:49:24,R.K. Puram,28.5641,77.1765,140,Moderate,"R.K. Puram, Delhi, Delhi, India",28.5641,77.1765,0.22,True
2026-09-01 15:49:24,Rohini,28.7495,77.0565,137,Moderate,"Pooth Khurd, Bawana, Delhi, Delhi, India",28.7495,77.0565,3.09,False
2026-09-01 15:49:24,Vivek Vihar,28.672,77.3152,75,Satisfactory,"ITI Shahdra, Jhilmil Industrial Area, Delhi, Delhi, India",28.672,77.3152,0.13,True
2026-09-01 15:49:24,Wazirpur,28.7041,77.1663,152,Moderate,"Delhi Institute of Tool Engineering, Wazirpur, Delhi, Delhi, India",28.7041,77.1663,0.41,True
2026-09-01 15:49:24,Chandni Chowk,28.6506,77.2303,50,Good,"Mandir Marg, Delhi, Delhi, India",28.6506,77.2303,3.44,False
2026-09-01 15:49:24,Red Fort,28.6562,77.241,50,Good,"Mandir Marg, Delhi, Delhi, India",28.6562,77.241,4.65,False
2026-09-01 15:49:24,Connaught Place,28.6315,77.2167,50,Good,"Mandir Marg, Delhi, Delhi, India",28.6315,77.2167,1.61,True
2026-09-01 19:03:34,Delhi,28.7041,77.1025,124,Moderate,"Shaheed Sukhdev College of Business Studies, Rohini, Delhi, Delhi, India",28.7041,77.1025,3.56,False
2026-09-01 19:03:34,Faridabad,28.4089,77.3178,55,Satisfactory,"Dr. Karni Singh Shooting Range, Delhi, Delhi, India",28.4089,77.3178,11.25,False
2026-09-01 19:03:34,Gurgaon,28.4595,77.0266,78,Satisfactory,"National Institute of Malaria Research, Sector 8, Dwarka, Delhi, Delhi, India",28.4595,77.0266,13.92,False
2026-09-01 19:03:34,Noida,28.5355,77.391,82,Satisfactory,"DITE Okhla, Delhi, Delhi, India",28.5355,77.391,11.76,False
2026-09-01 19:03:34,Anand Vihar,28.6469,77.3152,409,Severe,"Anand Vihar, Delhi, Delhi, India",28.6469,77.3152,0.43,True
2026-09-01 19:03:34,Ashok Vihar,28.698,77.173,109,Moderate,"Delhi Institute of Tool Engineering, Wazirpur, Delhi, Delhi, India",28.698,77.173,0.77,True
2026-09-01 19:03:34,Bawana,28.7996,77.0339,53,Satisfactory,"Pooth Khurd, Bawana, Delhi, Delhi, India",28.7996,77.0339,2.91,False
2026-09-01 19:03:34,Dwarka,28.573,77.041,78,Satisfactory,"National Institute of Malaria Research, Sector 8, Dwarka, Delhi, Delhi, India",28.573,77.041,3.44,False
2026-09-01 19:03:34,Jahangirpuri,28.728,77.1636,74,Satisfactory,"ITI Jahangirpuri, Delhi, Delhi, India",28.728,77.1636,0.99,True
2026-09-01 19:03:34,Mundka,28.6828,76.9821,62,Satisfactory,"Mundka, Delhi, Delhi, India",28.6828,76.9821,4.72,False
2026-09-01 19:03:34,Narela,28.8553,77.0888,59,Satisfactory,"Narela, Delhi, Delhi, India",28.8553,77.0888,4.04,False
2026-09-01 19:03:34,Okhla,28.5355,77.291,82,Satisfactory,"DITE Okhla, Delhi, Delhi, India",28.5355,77.291,2.04,False
2026-09-01 19:03:34,Punjabi Bagh,28.6692,77.1341,53,Satisfactory,"Punjabi Bagh, Delhi, Delhi, India",28.6692,77.1341,1.7,True
2026-09-01 19:03:34,R.K. Puram,28.5641,77.1765,101,Moderate,"R.K. Puram, Delhi, Delhi, India",28.5641,77.1765,0.22,True
2026-09-01 19:03:34,Rohini,28.7495,77.0565,53,Satisfactory,"Pooth Khurd, Bawana, Delhi, Delhi, India",28.7495,77.0565,3.09,False
2026-09-01 19:03:34,Vivek Vihar,28.672,77.3152,89,Satisfactory,"ITI Shahdra, Jhilmil Industrial Area, Delhi, Delhi, India",28.672,77.3152,0.13,True
2026-09-01 19:03:34,Wazirpur,28.7041,77.1663,109,Moderate,"Delhi Institute of Tool Engineering, Wazirpur, Delhi, Delhi, India",28.7041,77.1663,0.41,True
2026-09-01 19:03:34,Chandni Chowk,28.6506,77.2303,43,Good,"Mandir Marg, Delhi, Delhi, India",28.6506,77.2303,3.44,False
2026-09-01 19:03:34,Red Fort,28.6562,77.241,43,Good,"Mandir Marg, Delhi, Delhi, India",28.6562,77.241,4.65,False
2026-09-01 19:03:34,Connaught Place,28.6315,77.2167,43,Good,"Mandir Marg, Delhi, Delhi, India",28.6315,77.2167,1.61,True
