timestamp,point_id,type,name,lat,lon,frc,current_speed,free_flow_speed,current_travel_time,free_flow_travel_time,confidence,road_closure,congestion_ratio
2026-07-14T06:38:51.705727+00:00,grid_0,grid,,28.099302,76.698159,FRC4,31,31,1306,1306,1,False,1.0
2026-07-14T06:38:51.705727+00:00,grid_1,grid,,28.099302,76.899382,FRC4,35,35,1597,1597,1,False,1.0
2026-07-14T06:38:51.705727+00:00,grid_2,grid,,28.099302,77.100604,FRC4,42,42,626,626,1,False,1.0
2026-07-14T06:38:51.705727+00:00,grid_3,grid,,28.099302,77.301827,FRC0,80,80,808,808,1,False,1.0
2026-07-14T06:38:51.705727+00:00,grid_4,grid,,28.099302,77.503049,FRC2,47,47,1739,1739,1,False,1.0
2026-07-14T06:38:51.705727+00:00,grid_5,grid,,28.099302,77.704272,FRC4,53,53,1077,1077,1,False,1.0
2026-07-14T06:38:51.705727+00:00,grid_6,grid,,28.260999,76.698159,FRC3,44,44,1293,1293,1,False,1.0
2026-07-14T06:38:51.705727+00:00,grid_7,grid,,28.260999,76.899382,FRC3,43,43,1183,1183,1,False,1.0
2026-07-14T06:38:51.705727+00:00,grid_8,grid,,28.260999,77.100604,FRC0,102,102,373,373,1,False,1.0
2026-07-14T06:38:51.705727+00:00,grid_9,grid,,28.260999,77.301827,FRC4,31,31,1991,1991,1,False,1.0
2026-07-14T06:38:51.705727+00:00,grid_10,grid,,28.260999,77.503049,FRC4,36,36,2091,2091,1,False,1.0
2026-07-14T06:38:51.705727+00:00,grid_11,grid,,28.260999,77.704272,FRC4,56,56,1312,1312,1,False,1.0
2026-07-14T06:38:51.705727+00:00,grid_12,grid,,28.422696,76.698159,FRC4,30,30,1054,1054,1,False,1.0
2026-07-14T06:38:51.705727+00:00,grid_13,grid,,28.422696,76.899382,FRC3,49,49,1029,1029,1,False,1.0
2026-07-14T06:38:51.705727+00:00,grid_14,grid,,28.422696,77.100604,FRC3,32,41,1508,1177,1,False,0.78
2026-07-14T06:38:51.705727+00:00,grid_15,grid,,28.422696,77.301827,FRC3,30,30,1172,1172,1,False,1.0
2026-07-14T06:38:51.705727+00:00,grid_16,grid,,28.422696,77.503049,FRC0,92,92,469,469,1,False,1.0
2026-07-14T06:38:51.705727+00:00,grid_17,grid,,28.422696,77.704272,FRC3,57,57,1223,1223,1,False,1.0
2026-07-14T06:38:51.705727+00:00,grid_18,grid,,28.584392,76.698159,FRC4,33,33,793,793,1,False,1.0
2026-07-14T06:38:51.705727+00:00,grid_19,grid,,28.584392,76.899382,FRC7,40,40,1295,1295,1,False,1.0
2026-07-14T06:38:51.705727+00:00,grid_20,grid,,28.584392,77.100604,FRC6,30,37,1473,1194,0.9992,False,0.811
2026-07-14T06:38:51.705727+00:00,grid_21,grid,,28.584392,77.301827,FRC2,40,49,1213,990,0.999666,False,0.816
2026-07-14T06:38:51.705727+00:00,grid_22,grid,,28.584392,77.503049,FRC3,29,42,2102,1451,0.94116,False,0.69
2026-07-14T06:38:51.705727+00:00,grid_23,grid,,28.584392,77.704272,FRC4,43,43,1750,1750,1,False,1.0
2026-07-14T06:38:51.705727+00:00,grid_24,grid,,28.746089,76.698159,FRC4,48,48,1616,1616,1,False,1.0
2026-07-14T06:38:51.705727+00:00,grid_25,grid,,28.746089,76.899382,FRC4,41,41,755,755,1,False,1.0
2026-07-14T06:38:51.705727+00:00,grid_26,grid,,28.746089,77.100604,FRC3,25,33,2012,1524,0.978334,False,0.758
2026-07-14T06:38:51.705727+00:00,grid_27,grid,,28.746089,77.301827,FRC3,18,28,1753,1127,0.902262,True,0.643
2026-07-14T06:38:51.705727+00:00,grid_28,grid,,28.746089,77.503049,FRC2,34,47,1891,1368,0.988187,False,0.723
2026-07-14T06:38:51.705727+00:00,grid_29,grid,,28.746089,77.704272,FRC3,49,49,1563,1563,1,False,1.0
2026-07-14T06:38:51.705727+00:00,grid_30,grid,,28.907786,76.698159,FRC2,47,47,1559,1559,1,False,1.0
2026-07-14T06:38:51.705727+00:00,grid_31,grid,,28.907786,76.899382,FRC4,45,45,1257,1257,1,False,1.0
2026-07-14T06:38:51.705727+00:00,grid_32,grid,,28.907786,77.100604,FRC1,61,61,147,147,1,False,1.0
2026-07-14T06:38:51.705727+00:00,grid_33,grid,,28.907786,77.301827,FRC2,67,67,1089,1089,1,False,1.0
2026-07-14T06:38:51.705727+00:00,grid_34,grid,,28.907786,77.503049,FRC4,40,47,1228,1045,0.579469,False,0.851
2026-07-14T06:38:51.705727+00:00,grid_35,grid,,28.907786,77.704272,FRC2,43,48,1684,1508,0.695216,False,0.896
2026-07-14T06:38:51.705727+00:00,city_Delhi,city_center,Delhi,28.7041,77.1025,FRC2,19,30,1113,705,0.991931,False,0.633
2026-07-14T06:38:51.705727+00:00,city_Faridabad,city_center,Faridabad,28.4089,77.3178,FRC4,23,33,526,366,0.96709,False,0.697
2026-07-14T06:38:51.705727+00:00,city_Ghaziabad,city_center,Ghaziabad,28.6692,77.4538,FRC4,33,38,1156,1004,0.982156,False,0.868
2026-07-14T06:38:51.705727+00:00,city_Gurgaon,city_center,Gurgaon,28.4595,77.0266,FRC4,43,49,1918,1683,0.998628,False,0.878
2026-07-14T06:38:51.705727+00:00,city_Noida,city_center,Noida,28.5355,77.391,FRC3,24,30,3132,2505,0.968866,True,0.8
2026-07-14T06:38:51.705727+00:00,hotspot_Anand_Vihar,hotspot,Anand Vihar,28.6469,77.3152,FRC3,40,40,651,651,1,False,1.0
2026-07-14T06:38:51.705727+00:00,hotspot_Rohini,hotspot,Rohini,28.7495,77.0565,FRC2,27,37,1673,1220,1,False,0.73
2026-07-14T06:40:22.298790+00:00,grid_0,grid,,28.099302,76.698159,FRC4,31,31,1306,1306,1,False,1.0
2026-07-14T06:40:22.298790+00:00,grid_1,grid,,28.099302,76.899382,FRC4,35,35,1597,1597,1,False,1.0
2026-07-14T06:40:22.298790+00:00,grid_2,grid,,28.099302,77.100604,FRC4,42,42,626,626,1,False,1.0
2026-07-14T06:40:22.298790+00:00,grid_3,grid,,28.099302,77.301827,FRC0,80,80,808,808,1,False,1.0
2026-07-14T06:40:22.298790+00:00,grid_4,grid,,28.099302,77.503049,FRC2,47,47,1739,1739,1,False,1.0
2026-07-14T06:40:22.298790+00:00,grid_5,grid,,28.099302,77.704272,FRC4,53,53,1077,1077,1,False,1.0
2026-07-14T06:40:22.298790+00:00,grid_6,grid,,28.260999,76.698159,FRC3,44,44,1293,1293,1,False,1.0
2026-07-14T06:40:22.298790+00:00,grid_7,grid,,28.260999,76.899382,FRC3,43,43,1183,1183,1,False,1.0
2026-07-14T06:40:22.298790+00:00,grid_8,grid,,28.260999,77.100604,FRC0,102,102,373,373,1,False,1.0
2026-07-14T06:40:22.298790+00:00,grid_9,grid,,28.260999,77.301827,FRC4,31,31,1991,1991,1,False,1.0
2026-07-14T06:40:22.298790+00:00,grid_10,grid,,28.260999,77.503049,FRC4,36,36,2091,2091,1,False,1.0
2026-07-14T06:40:22.298790+00:00,grid_11,grid,,28.260999,77.704272,FRC4,56,56,1312,1312,1,False,1.0
2026-07-14T06:40:22.298790+00:00,grid_12,grid,,28.422696,76.698159,FRC4,30,30,1054,1054,1,False,1.0
2026-07-14T06:40:22.298790+00:00,grid_13,grid,,28.422696,76.899382,FRC3,49,49,1029,1029,1,False,1.0
2026-07-14T06:40:22.298790+00:00,grid_14,grid,,28.422696,77.100604,FRC3,33,41,1462,1177,1,False,0.805
2026-07-14T06:40:22.298790+00:00,grid_15,grid,,28.422696,77.301827,FRC3,30,30,1172,1172,1,False,1.0
2026-07-14T06:40:22.298790+00:00,grid_16,grid,,28.422696,77.503049,FRC0,92,92,469,469,1,False,1.0
2026-07-14T06:40:22.298790+00:00,grid_17,grid,,28.422696,77.704272,FRC3,57,57,1223,1223,1,False,1.0
2026-07-14T06:40:22.298790+00:00,grid_18,grid,,28.584392,76.698159,FRC4,33,33,793,793,1,False,1.0
2026-07-14T06:40:22.298790+00:00,grid_19,grid,,28.584392,76.899382,FRC7,40,40,1295,1295,1,False,1.0
2026-07-14T06:40:22.298790+00:00,grid_20,grid,,28.584392,77.100604,FRC6,32,37,1381,1194,0.998683,False,0.865
2026-07-14T06:40:22.298790+00:00,grid_21,grid,,28.584392,77.301827,FRC2,41,49,1184,990,0.999666,False,0.837
2026-07-14T06:40:22.298790+00:00,grid_22,grid,,28.584392,77.503049,FRC3,29,42,2102,1451,0.937021,False,0.69
2026-07-14T06:40:22.298790+00:00,grid_23,grid,,28.584392,77.704272,FRC4,43,43,1750,1750,1,False,1.0
2026-07-14T06:40:22.298790+00:00,grid_24,grid,,28.746089,76.698159,FRC4,48,48,1616,1616,1,False,1.0
2026-07-14T06:40:22.298790+00:00,grid_25,grid,,28.746089,76.899382,FRC4,41,41,755,755,1,False,1.0
2026-07-14T06:40:22.298790+00:00,grid_26,grid,,28.746089,77.100604,FRC3,24,33,2096,1524,0.978919,False,0.727
2026-07-14T06:40:22.298790+00:00,grid_27,grid,,28.746089,77.301827,FRC3,18,28,1753,1127,0.910835,False,0.643
2026-07-14T06:40:22.298790+00:00,grid_28,grid,,28.746089,77.503049,FRC2,34,48,1891,1339,0.986343,False,0.708
2026-07-14T06:40:22.298790+00:00,grid_29,grid,,28.746089,77.704272,FRC3,49,49,1563,1563,1,False,1.0
2026-07-14T06:40:22.298790+00:00,grid_30,grid,,28.907786,76.698159,FRC2,47,47,1559,1559,1,False,1.0
2026-07-14T06:40:22.298790+00:00,grid_31,grid,,28.907786,76.899382,FRC4,45,45,1257,1257,1,False,1.0
2026-07-14T06:40:22.298790+00:00,grid_32,grid,,28.907786,77.100604,FRC1,61,61,147,147,1,False,1.0
2026-07-14T06:40:22.298790+00:00,grid_33,grid,,28.907786,77.301827,FRC2,67,67,1089,1089,1,False,1.0
2026-07-14T06:40:22.298790+00:00,grid_34,grid,,28.907786,77.503049,FRC4,40,47,1228,1045,0.585306,False,0.851
2026-07-14T06:40:22.298790+00:00,grid_35,grid,,28.907786,77.704272,FRC2,43,49,1684,1477,0.716675,False,0.878
2026-07-14T06:40:22.298790+00:00,city_Delhi,city_center,Delhi,28.7041,77.1025,FRC2,19,30,1113,705,0.993371,False,0.633
2026-07-14T06:40:22.298790+00:00,city_Faridabad,city_center,Faridabad,28.4089,77.3178,FRC4,22,33,550,366,0.966222,False,0.667
2026-07-14T06:40:22.298790+00:00,city_Ghaziabad,city_center,Ghaziabad,28.6692,77.4538,FRC4,32,37,1192,1031,0.981657,False,0.865
2026-07-14T06:40:22.298790+00:00,city_Gurgaon,city_center,Gurgaon,28.4595,77.0266,FRC4,44,49,1874,1683,0.998632,False,0.898
2026-07-14T06:40:22.298790+00:00,city_Noida,city_center,Noida,28.5355,77.391,FRC3,24,30,3132,2505,0.970291,True,0.8
2026-07-14T06:40:22.298790+00:00,hotspot_Anand_Vihar,hotspot,Anand Vihar,28.6469,77.3152,FRC3,40,40,651,651,1,False,1.0
2026-07-14T06:40:22.298790+00:00,hotspot_Rohini,hotspot,Rohini,28.7495,77.0565,FRC2,27,37,1673,1220,1,False,0.73
2026-07-14T07:11:08.226104+00:00,grid_0,grid,,28.099302,76.698159,FRC4,31,31,1306,1306,1,False,1.0
2026-07-14T07:11:08.226104+00:00,grid_1,grid,,28.099302,76.899382,FRC4,35,35,1597,1597,1,False,1.0
2026-07-14T07:11:08.226104+00:00,grid_2,grid,,28.099302,77.100604,FRC4,42,42,626,626,1,False,1.0
2026-07-14T07:11:08.226104+00:00,grid_3,grid,,28.099302,77.301827,FRC0,80,80,808,808,1,False,1.0
2026-07-14T07:11:08.226104+00:00,grid_4,grid,,28.099302,77.503049,FRC2,47,47,1739,1739,1,False,1.0
2026-07-14T07:11:08.226104+00:00,grid_5,grid,,28.099302,77.704272,FRC4,53,53,1077,1077,1,False,1.0
2026-07-14T07:11:08.226104+00:00,grid_6,grid,,28.260999,76.698159,FRC3,44,44,1293,1293,1,False,1.0
2026-07-14T07:11:08.226104+00:00,grid_7,grid,,28.260999,76.899382,FRC3,43,43,1183,1183,1,False,1.0
2026-07-14T07:11:08.226104+00:00,grid_8,grid,,28.260999,77.100604,FRC0,102,102,373,373,1,False,1.0
2026-07-14T07:11:08.226104+00:00,grid_9,grid,,28.260999,77.301827,FRC4,31,31,1991,1991,1,False,1.0
2026-07-14T07:11:08.226104+00:00,grid_10,grid,,28.260999,77.503049,FRC4,36,36,2091,2091,1,False,1.0
2026-07-14T07:11:08.226104+00:00,grid_11,grid,,28.260999,77.704272,FRC4,56,56,1312,1312,1,False,1.0
2026-07-14T07:11:08.226104+00:00,grid_12,grid,,28.422696,76.698159,FRC4,30,30,1054,1054,1,False,1.0
2026-07-14T07:11:08.226104+00:00,grid_13,grid,,28.422696,76.899382,FRC3,49,49,1029,1029,1,False,1.0
2026-07-14T07:11:08.226104+00:00,grid_14,grid,,28.422696,77.100604,FRC3,33,40,1462,1206,1,False,0.825
2026-07-14T07:11:08.226104+00:00,grid_15,grid,,28.422696,77.301827,FRC3,24,30,1465,1172,0.971861,False,0.8
2026-07-14T07:11:08.226104+00:00,grid_16,grid,,28.422696,77.503049,FRC0,92,92,469,469,1,False,1.0
2026-07-14T07:11:08.226104+00:00,grid_17,grid,,28.422696,77.704272,FRC3,57,57,1223,1223,1,False,1.0
2026-07-14T07:11:08.226104+00:00,grid_18,grid,,28.584392,76.698159,FRC4,33,33,793,793,1,False,1.0
2026-07-14T07:11:08.226104+00:00,grid_19,grid,,28.584392,76.899382,FRC7,40,40,1295,1295,1,False,1.0
2026-07-14T07:11:08.226104+00:00,grid_20,grid,,28.584392,77.100604,FRC6,33,37,1339,1194,0.998687,False,0.892
2026-07-14T07:11:08.226104+00:00,grid_21,grid,,28.584392,77.301827,FRC2,42,49,1156,990,1,False,0.857
2026-07-14T07:11:08.226104+00:00,grid_22,grid,,28.584392,77.503049,FRC3,28,42,2177,1451,0.94036,False,0.667
2026-07-14T07:11:08.226104+00:00,grid_23,grid,,28.584392,77.704272,FRC4,43,43,1750,1750,1,False,1.0
2026-07-14T07:11:08.226104+00:00,grid_24,grid,,28.746089,76.698159,FRC4,48,48,1616,1616,1,False,1.0
2026-07-14T07:11:08.226104+00:00,grid_25,grid,,28.746089,76.899382,FRC4,41,41,755,755,1,False,1.0
2026-07-14T07:11:08.226104+00:00,grid_26,grid,,28.746089,77.100604,FRC3,26,33,1935,1524,0.977619,False,0.788
2026-07-14T07:11:08.226104+00:00,grid_27,grid,,28.746089,77.301827,FRC3,21,29,1503,1088,0.960869,False,0.724
2026-07-14T07:11:08.226104+00:00,grid_28,grid,,28.746089,77.503049,FRC2,35,47,1837,1368,0.980118,False,0.745
2026-07-14T07:11:08.226104+00:00,grid_29,grid,,28.746089,77.704272,FRC3,49,49,1563,1563,1,False,1.0
2026-07-14T07:11:08.226104+00:00,grid_30,grid,,28.907786,76.698159,FRC2,47,47,1559,1559,1,False,1.0
2026-07-14T07:11:08.226104+00:00,grid_31,grid,,28.907786,76.899382,FRC4,45,45,1257,1257,1,False,1.0
2026-07-14T07:11:08.226104+00:00,grid_32,grid,,28.907786,77.100604,FRC1,61,61,147,147,1,False,1.0
2026-07-14T07:11:08.226104+00:00,grid_33,grid,,28.907786,77.301827,FRC2,58,67,1258,1089,0.97275,False,0.866
2026-07-14T07:11:08.226104+00:00,grid_34,grid,,28.907786,77.503049,FRC4,46,46,1067,1067,1,False,1.0
2026-07-14T07:11:08.226104+00:00,grid_35,grid,,28.907786,77.704272,FRC2,49,49,1477,1477,1,False,1.0
2026-07-14T07:11:08.226104+00:00,city_Delhi,city_center,Delhi,28.7041,77.1025,FRC2,17,29,1244,729,0.990061,False,0.586
2026-07-14T07:11:08.226104+00:00,city_Faridabad,city_center,Faridabad,28.4089,77.3178,FRC4,22,33,550,366,0.98343,False,0.667
2026-07-14T07:11:08.226104+00:00,city_Ghaziabad,city_center,Ghaziabad,28.6692,77.4538,FRC4,32,38,1192,1004,0.971827,False,0.842
2026-07-14T07:11:08.226104+00:00,city_Gurgaon,city_center,Gurgaon,28.4595,77.0266,FRC4,43,49,1918,1683,0.998634,False,0.878
2026-07-14T07:11:08.226104+00:00,city_Noida,city_center,Noida,28.5355,77.391,FRC3,26,30,2891,2505,0.972907,True,0.867
2026-07-14T07:11:08.226104+00:00,hotspot_Anand_Vihar,hotspot,Anand Vihar,28.6469,77.3152,FRC3,40,40,651,651,1,False,1.0
2026-07-14T07:11:08.226104+00:00,hotspot_Rohini,hotspot,Rohini,28.7495,77.0565,FRC2,26,38,1737,1188,1,False,0.684
2026-07-14T08:12:26.602778+00:00,grid_0,grid,,28.099302,76.698159,FRC4,31,31,1306,1306,1,False,1.0
2026-07-14T08:12:26.602778+00:00,grid_1,grid,,28.099302,76.899382,FRC4,35,35,1597,1597,1,False,1.0
2026-07-14T08:12:26.602778+00:00,grid_2,grid,,28.099302,77.100604,FRC4,42,42,626,626,1,False,1.0
2026-07-14T08:12:26.602778+00:00,grid_3,grid,,28.099302,77.301827,FRC0,80,80,808,808,1,False,1.0
2026-07-14T08:12:26.602778+00:00,grid_4,grid,,28.099302,77.503049,FRC2,47,47,1739,1739,1,False,1.0
2026-07-14T08:12:26.602778+00:00,grid_5,grid,,28.099302,77.704272,FRC4,53,53,1077,1077,1,False,1.0
2026-07-14T08:12:26.602778+00:00,grid_6,grid,,28.260999,76.698159,FRC3,44,44,1293,1293,1,False,1.0
2026-07-14T08:12:26.602778+00:00,grid_7,grid,,28.260999,76.899382,FRC3,43,43,1183,1183,1,False,1.0
2026-07-14T08:12:26.602778+00:00,grid_8,grid,,28.260999,77.100604,FRC0,102,102,373,373,1,False,1.0
2026-07-14T08:12:26.602778+00:00,grid_9,grid,,28.260999,77.301827,FRC4,31,31,1991,1991,1,False,1.0
2026-07-14T08:12:26.602778+00:00,grid_10,grid,,28.260999,77.503049,FRC4,36,36,2091,2091,1,False,1.0
2026-07-14T08:12:26.602778+00:00,grid_11,grid,,28.260999,77.704272,FRC4,56,56,1312,1312,1,False,1.0
2026-07-14T08:12:26.602778+00:00,grid_12,grid,,28.422696,76.698159,FRC4,30,30,1054,1054,1,False,1.0
2026-07-14T08:12:26.602778+00:00,grid_13,grid,,28.422696,76.899382,FRC3,49,49,1029,1029,1,False,1.0
2026-07-14T08:12:26.602778+00:00,grid_14,grid,,28.422696,77.100604,FRC3,34,41,1419,1177,1,False,0.829
2026-07-14T08:12:26.602778+00:00,grid_15,grid,,28.422696,77.301827,FRC3,30,30,1172,1172,1,False,1.0
2026-07-14T08:12:26.602778+00:00,grid_16,grid,,28.422696,77.503049,FRC0,92,92,469,469,1,False,1.0
2026-07-14T08:12:26.602778+00:00,grid_17,grid,,28.422696,77.704272,FRC3,57,57,1223,1223,1,False,1.0
2026-07-14T08:12:26.602778+00:00,grid_18,grid,,28.584392,76.698159,FRC4,33,33,793,793,1,False,1.0
2026-07-14T08:12:26.602778+00:00,grid_19,grid,,28.584392,76.899382,FRC7,40,40,1295,1295,1,False,1.0
2026-07-14T08:12:26.602778+00:00,grid_20,grid,,28.584392,77.100604,FRC6,33,37,1339,1194,0.998369,False,0.892
2026-07-14T08:12:26.602778+00:00,grid_21,grid,,28.584392,77.301827,FRC2,49,49,990,990,1,False,1.0
2026-07-14T08:12:26.602778+00:00,grid_22,grid,,28.584392,77.503049,FRC3,31,43,1966,1417,0.970889,False,0.721
2026-07-14T08:12:26.602778+00:00,grid_23,grid,,28.584392,77.704272,FRC4,43,43,1750,1750,1,False,1.0
2026-07-14T08:12:26.602778+00:00,grid_24,grid,,28.746089,76.698159,FRC4,48,48,1616,1616,1,False,1.0
2026-07-14T08:12:26.602778+00:00,grid_25,grid,,28.746089,76.899382,FRC4,41,41,755,755,1,False,1.0
2026-07-14T08:12:26.602778+00:00,grid_26,grid,,28.746089,77.100604,FRC3,25,33,2012,1524,0.974134,False,0.758
2026-07-14T08:12:26.602778+00:00,grid_27,grid,,28.746089,77.301827,FRC3,23,28,1372,1127,0.90369,False,0.821
2026-07-14T08:12:26.602778+00:00,grid_28,grid,,28.746089,77.503049,FRC2,34,48,1891,1339,0.98257,False,0.708
2026-07-14T08:12:26.602778+00:00,grid_29,grid,,28.746089,77.704272,FRC3,49,49,1563,1563,1,False,1.0
2026-07-14T08:12:26.602778+00:00,grid_30,grid,,28.907786,76.698159,FRC2,47,47,1559,1559,1,False,1.0
2026-07-14T08:12:26.602778+00:00,grid_31,grid,,28.907786,76.899382,FRC4,45,45,1257,1257,1,False,1.0
2026-07-14T08:12:26.602778+00:00,grid_32,grid,,28.907786,77.100604,FRC1,61,61,147,147,1,False,1.0
2026-07-14T08:12:26.602778+00:00,grid_33,grid,,28.907786,77.301827,FRC2,67,67,1089,1089,1,False,1.0
2026-07-14T08:12:26.602778+00:00,grid_34,grid,,28.907786,77.503049,FRC4,46,46,1067,1067,1,False,1.0
2026-07-14T08:12:26.602778+00:00,grid_35,grid,,28.907786,77.704272,FRC2,45,49,1609,1477,0.757302,False,0.918
2026-07-14T08:12:26.602778+00:00,city_Delhi,city_center,Delhi,28.7041,77.1025,FRC2,19,29,1113,729,0.98806,False,0.655
2026-07-14T08:12:26.602778+00:00,city_Faridabad,city_center,Faridabad,28.4089,77.3178,FRC4,24,33,504,366,0.97962,False,0.727
2026-07-14T08:12:26.602778+00:00,city_Ghaziabad,city_center,Ghaziabad,28.6692,77.4538,FRC4,31,37,1230,1031,0.975939,False,0.838
2026-07-14T08:12:26.602778+00:00,city_Gurgaon,city_center,Gurgaon,28.4595,77.0266,FRC4,44,49,1874,1683,0.98869,False,0.898
2026-07-14T08:12:26.602778+00:00,city_Noida,city_center,Noida,28.5355,77.391,FRC3,23,29,3268,2592,0.939692,True,0.793
2026-07-14T08:12:26.602778+00:00,hotspot_Anand_Vihar,hotspot,Anand Vihar,28.6469,77.3152,FRC3,40,40,651,651,1,False,1.0
2026-07-14T08:12:26.602778+00:00,hotspot_Rohini,hotspot,Rohini,28.7495,77.0565,FRC2,25,38,1806,1188,1,False,0.658
2026-07-14T08:43:33.137392+00:00,grid_0,grid,,28.099302,76.698159,FRC4,31,31,1306,1306,1,False,1.0
2026-07-14T08:43:33.137392+00:00,grid_1,grid,,28.099302,76.899382,FRC4,35,35,1597,1597,1,False,1.0
2026-07-14T08:43:33.137392+00:00,grid_2,grid,,28.099302,77.100604,FRC4,42,42,626,626,1,False,1.0
2026-07-14T08:43:33.137392+00:00,grid_3,grid,,28.099302,77.301827,FRC0,80,80,808,808,1,False,1.0
2026-07-14T08:43:33.137392+00:00,grid_4,grid,,28.099302,77.503049,FRC2,47,47,1739,1739,1,False,1.0
2026-07-14T08:43:33.137392+00:00,grid_5,grid,,28.099302,77.704272,FRC4,53,53,1077,1077,1,False,1.0
2026-07-14T08:43:33.137392+00:00,grid_6,grid,,28.260999,76.698159,FRC3,44,44,1293,1293,1,False,1.0
2026-07-14T08:43:33.137392+00:00,grid_7,grid,,28.260999,76.899382,FRC3,43,43,1183,1183,1,False,1.0
2026-07-14T08:43:33.137392+00:00,grid_8,grid,,28.260999,77.100604,FRC0,102,102,373,373,1,False,1.0
2026-07-14T08:43:33.137392+00:00,grid_9,grid,,28.260999,77.301827,FRC4,31,31,1991,1991,1,False,1.0
2026-07-14T08:43:33.137392+00:00,grid_10,grid,,28.260999,77.503049,FRC4,36,36,2091,2091,1,False,1.0
2026-07-14T08:43:33.137392+00:00,grid_11,grid,,28.260999,77.704272,FRC4,56,56,1312,1312,1,False,1.0
2026-07-14T08:43:33.137392+00:00,grid_12,grid,,28.422696,76.698159,FRC4,30,30,1054,1054,1,False,1.0
2026-07-14T08:43:33.137392+00:00,grid_13,grid,,28.422696,76.899382,FRC3,49,49,1029,1029,1,False,1.0
2026-07-14T08:43:33.137392+00:00,grid_14,grid,,28.422696,77.100604,FRC3,33,41,1462,1177,1,False,0.805
2026-07-14T08:43:33.137392+00:00,grid_15,grid,,28.422696,77.301827,FRC3,24,29,1465,1212,0.959642,False,0.828
2026-07-14T08:43:33.137392+00:00,grid_16,grid,,28.422696,77.503049,FRC0,92,92,469,469,1,False,1.0
2026-07-14T08:43:33.137392+00:00,grid_17,grid,,28.422696,77.704272,FRC3,57,57,1223,1223,1,False,1.0
2026-07-14T08:43:33.137392+00:00,grid_18,grid,,28.584392,76.698159,FRC4,33,33,793,793,1,False,1.0
2026-07-14T08:43:33.137392+00:00,grid_19,grid,,28.584392,76.899382,FRC7,40,40,1295,1295,1,False,1.0
2026-07-14T08:43:33.137392+00:00,grid_20,grid,,28.584392,77.100604,FRC6,32,37,1381,1194,0.999205,False,0.865
2026-07-14T08:43:33.137392+00:00,grid_21,grid,,28.584392,77.301827,FRC2,49,49,990,990,1,False,1.0
2026-07-14T08:43:33.137392+00:00,grid_22,grid,,28.584392,77.503049,FRC3,29,43,2102,1417,0.926878,False,0.674
2026-07-14T08:43:33.137392+00:00,grid_23,grid,,28.584392,77.704272,FRC4,43,43,1750,1750,1,False,1.0
2026-07-14T08:43:33.137392+00:00,grid_24,grid,,28.746089,76.698159,FRC4,48,48,1616,1616,1,False,1.0
2026-07-14T08:43:33.137392+00:00,grid_25,grid,,28.746089,76.899382,FRC4,41,41,755,755,1,False,1.0
2026-07-14T08:43:33.137392+00:00,grid_26,grid,,28.746089,77.100604,FRC3,25,33,2012,1524,0.962656,False,0.758
2026-07-14T08:43:33.137392+00:00,grid_27,grid,,28.746089,77.301827,FRC3,28,28,1127,1127,1,False,1.0
2026-07-14T08:43:33.137392+00:00,grid_28,grid,,28.746089,77.503049,FRC2,35,48,1837,1339,0.988609,False,0.729
2026-07-14T08:43:33.137392+00:00,grid_29,grid,,28.746089,77.704272,FRC3,49,49,1563,1563,1,False,1.0
2026-07-14T08:43:33.137392+00:00,grid_30,grid,,28.907786,76.698159,FRC2,47,47,1559,1559,1,False,1.0
2026-07-14T08:43:33.137392+00:00,grid_31,grid,,28.907786,76.899382,FRC4,45,45,1257,1257,1,False,1.0
2026-07-14T08:43:33.137392+00:00,grid_32,grid,,28.907786,77.100604,FRC1,61,61,147,147,1,False,1.0
2026-07-14T08:43:33.137392+00:00,grid_33,grid,,28.907786,77.301827,FRC2,59,67,1237,1089,0.949679,False,0.881
2026-07-14T08:43:33.137392+00:00,grid_34,grid,,28.907786,77.503049,FRC4,46,46,1067,1067,1,False,1.0
2026-07-14T08:43:33.137392+00:00,grid_35,grid,,28.907786,77.704272,FRC2,45,49,1609,1477,0.701118,False,0.918
2026-07-14T08:43:33.137392+00:00,city_Delhi,city_center,Delhi,28.7041,77.1025,FRC2,19,29,1113,729,0.989338,False,0.655
2026-07-14T08:43:33.137392+00:00,city_Faridabad,city_center,Faridabad,28.4089,77.3178,FRC4,23,34,526,355,0.95,False,0.676
2026-07-14T08:43:33.137392+00:00,city_Ghaziabad,city_center,Ghaziabad,28.6692,77.4538,FRC4,31,37,1230,1031,0.982928,False,0.838
2026-07-14T08:43:33.137392+00:00,city_Gurgaon,city_center,Gurgaon,28.4595,77.0266,FRC4,49,49,1683,1683,1,False,1.0
2026-07-14T08:43:33.137392+00:00,city_Noida,city_center,Noida,28.5355,77.391,FRC3,24,30,3132,2505,0.956567,True,0.8
2026-07-14T08:43:33.137392+00:00,hotspot_Anand_Vihar,hotspot,Anand Vihar,28.6469,77.3152,FRC3,40,40,651,651,1,False,1.0
2026-07-14T08:43:33.137392+00:00,hotspot_Rohini,hotspot,Rohini,28.7495,77.0565,FRC2,26,38,1737,1188,0.997258,False,0.684
2026-07-14T14:26:56.844021+00:00,grid_0,grid,,28.099302,76.698159,FRC4,31,31,1306,1306,1,False,1.0
2026-07-14T14:26:56.844021+00:00,grid_1,grid,,28.099302,76.899382,FRC4,35,35,1597,1597,1,False,1.0
2026-07-14T14:26:56.844021+00:00,grid_2,grid,,28.099302,77.100604,FRC4,42,42,626,626,1,False,1.0
2026-07-14T14:26:56.844021+00:00,grid_3,grid,,28.099302,77.301827,FRC0,80,80,808,808,1,False,1.0
2026-07-14T14:26:56.844021+00:00,grid_4,grid,,28.099302,77.503049,FRC2,47,47,1739,1739,1,False,1.0
2026-07-14T14:26:56.844021+00:00,grid_5,grid,,28.099302,77.704272,FRC4,53,53,1077,1077,1,False,1.0
2026-07-14T14:26:56.844021+00:00,grid_6,grid,,28.260999,76.698159,FRC3,44,44,1293,1293,1,False,1.0
2026-07-14T14:26:56.844021+00:00,grid_7,grid,,28.260999,76.899382,FRC3,43,43,1183,1183,1,False,1.0
2026-07-14T14:26:56.844021+00:00,grid_8,grid,,28.260999,77.100604,FRC0,79,102,482,373,0.95,False,0.775
2026-07-14T14:26:56.844021+00:00,grid_9,grid,,28.260999,77.301827,FRC4,31,31,1991,1991,1,False,1.0
2026-07-14T14:26:56.844021+00:00,grid_10,grid,,28.260999,77.503049,FRC4,36,36,2091,2091,1,False,1.0
2026-07-14T14:26:56.844021+00:00,grid_11,grid,,28.260999,77.704272,FRC4,56,56,1312,1312,1,False,1.0
2026-07-14T14:26:56.844021+00:00,grid_12,grid,,28.422696,76.698159,FRC4,30,30,1054,1054,1,False,1.0
2026-07-14T14:26:56.844021+00:00,grid_13,grid,,28.422696,76.899382,FRC3,42,47,1201,1073,0.922361,True,0.894
2026-07-14T14:26:56.844021+00:00,grid_14,grid,,28.422696,77.100604,FRC3,28,40,1724,1206,1,False,0.7
2026-07-14T14:26:56.844021+00:00,grid_15,grid,,28.422696,77.301827,FRC3,21,30,1674,1172,0.954153,False,0.7
2026-07-14T14:26:56.844021+00:00,grid_16,grid,,28.422696,77.503049,FRC0,92,92,469,469,1,False,1.0
2026-07-14T14:26:56.844021+00:00,grid_17,grid,,28.422696,77.704272,FRC3,57,57,1223,1223,1,False,1.0
2026-07-14T14:26:56.844021+00:00,grid_18,grid,,28.584392,76.698159,FRC4,33,33,793,793,1,False,1.0
2026-07-14T14:26:56.844021+00:00,grid_19,grid,,28.584392,76.899382,FRC7,40,40,1295,1295,1,False,1.0
2026-07-14T14:26:56.844021+00:00,grid_20,grid,,28.584392,77.100604,FRC6,32,37,1381,1194,1,False,0.865
2026-07-14T14:26:56.844021+00:00,grid_21,grid,,28.584392,77.301827,FRC2,38,49,1277,990,0.999666,False,0.776
2026-07-14T14:26:56.844021+00:00,grid_22,grid,,28.584392,77.503049,FRC3,29,43,2102,1417,0.919295,False,0.674
2026-07-14T14:26:56.844021+00:00,grid_23,grid,,28.584392,77.704272,FRC4,43,43,1750,1750,1,False,1.0
2026-07-14T14:26:56.844021+00:00,grid_24,grid,,28.746089,76.698159,FRC4,48,48,1616,1616,1,False,1.0
2026-07-14T14:26:56.844021+00:00,grid_25,grid,,28.746089,76.899382,FRC4,41,41,755,755,1,False,1.0
2026-07-14T14:26:56.844021+00:00,grid_26,grid,,28.746089,77.100604,FRC3,22,33,2287,1524,0.963571,False,0.667
2026-07-14T14:26:56.844021+00:00,grid_27,grid,,28.746089,77.301827,FRC3,23,28,1372,1127,0.977691,False,0.821
2026-07-14T14:26:56.844021+00:00,grid_28,grid,,28.746089,77.503049,FRC2,34,48,1891,1339,0.970447,False,0.708
2026-07-14T14:26:56.844021+00:00,grid_29,grid,,28.746089,77.704272,FRC3,49,49,1563,1563,1,False,1.0
2026-07-14T14:26:56.844021+00:00,grid_30,grid,,28.907786,76.698159,FRC2,47,47,1559,1559,1,False,1.0
2026-07-14T14:26:56.844021+00:00,grid_31,grid,,28.907786,76.899382,FRC4,45,45,1257,1257,1,False,1.0
2026-07-14T14:26:56.844021+00:00,grid_32,grid,,28.907786,77.100604,FRC1,61,61,147,147,1,False,1.0
2026-07-14T14:26:56.844021+00:00,grid_33,grid,,28.907786,77.301827,FRC2,67,67,1089,1089,1,False,1.0
2026-07-14T14:26:56.844021+00:00,grid_34,grid,,28.907786,77.503049,FRC4,46,46,1067,1067,1,False,1.0
2026-07-14T14:26:56.844021+00:00,grid_35,grid,,28.907786,77.704272,FRC2,44,49,1645,1477,0.604156,False,0.898
2026-07-14T14:26:56.844021+00:00,city_Delhi,city_center,Delhi,28.7041,77.1025,FRC2,15,29,1410,729,0.994045,False,0.517
2026-07-14T14:26:56.844021+00:00,city_Faridabad,city_center,Faridabad,28.4089,77.3178,FRC4,25,33,484,366,0.98,False,0.758
2026-07-14T14:26:56.844021+00:00,city_Ghaziabad,city_center,Ghaziabad,28.6692,77.4538,FRC4,30,38,1271,1004,0.993107,False,0.789
2026-07-14T14:26:56.844021+00:00,city_Gurgaon,city_center,Gurgaon,28.4595,77.0266,FRC4,35,49,2356,1683,0.998631,False,0.714
2026-07-14T14:26:56.844021+00:00,city_Noida,city_center,Noida,28.5355,77.391,FRC3,21,30,3579,2505,0.954168,True,0.7
2026-07-14T14:26:56.844021+00:00,hotspot_Anand_Vihar,hotspot,Anand Vihar,28.6469,77.3152,FRC3,31,40,841,651,1,False,0.775
2026-07-14T14:26:56.844021+00:00,hotspot_Rohini,hotspot,Rohini,28.7495,77.0565,FRC2,23,38,1964,1188,1,False,0.605
2026-07-14T14:58:05.156057+00:00,grid_0,grid,,28.099302,76.698159,FRC4,31,31,1306,1306,1,False,1.0
2026-07-14T14:58:05.156057+00:00,grid_1,grid,,28.099302,76.899382,FRC4,35,35,1597,1597,1,False,1.0
2026-07-14T14:58:05.156057+00:00,grid_2,grid,,28.099302,77.100604,FRC4,42,42,626,626,1,False,1.0
2026-07-14T14:58:05.156057+00:00,grid_3,grid,,28.099302,77.301827,FRC0,80,80,808,808,1,False,1.0
2026-07-14T14:58:05.156057+00:00,grid_4,grid,,28.099302,77.503049,FRC2,37,47,2210,1739,0.728777,False,0.787
2026-07-14T14:58:05.156057+00:00,grid_5,grid,,28.099302,77.704272,FRC4,53,53,1077,1077,1,False,1.0
2026-07-14T14:58:05.156057+00:00,grid_6,grid,,28.260999,76.698159,FRC3,44,44,1293,1293,1,False,1.0
2026-07-14T14:58:05.156057+00:00,grid_7,grid,,28.260999,76.899382,FRC3,43,43,1183,1183,1,False,1.0
2026-07-14T14:58:05.156057+00:00,grid_8,grid,,28.260999,77.100604,FRC0,102,102,373,373,1,False,1.0
2026-07-14T14:58:05.156057+00:00,grid_9,grid,,28.260999,77.301827,FRC4,31,31,1991,1991,1,False,1.0
2026-07-14T14:58:05.156057+00:00,grid_10,grid,,28.260999,77.503049,FRC4,36,36,2091,2091,1,False,1.0
2026-07-14T14:58:05.156057+00:00,grid_11,grid,,28.260999,77.704272,FRC4,56,56,1312,1312,1,False,1.0
2026-07-14T14:58:05.156057+00:00,grid_12,grid,,28.422696,76.698159,FRC4,30,30,1054,1054,1,False,1.0
2026-07-14T14:58:05.156057+00:00,grid_13,grid,,28.422696,76.899382,FRC3,49,49,1029,1029,1,False,1.0
2026-07-14T14:58:05.156057+00:00,grid_14,grid,,28.422696,77.100604,FRC3,31,40,1557,1206,1,False,0.775
2026-07-14T14:58:05.156057+00:00,grid_15,grid,,28.422696,77.301827,FRC3,23,30,1529,1172,0.968723,False,0.767
2026-07-14T14:58:05.156057+00:00,grid_16,grid,,28.422696,77.503049,FRC0,92,92,469,469,1,False,1.0
2026-07-14T14:58:05.156057+00:00,grid_17,grid,,28.422696,77.704272,FRC3,57,57,1223,1223,1,False,1.0
2026-07-14T14:58:05.156057+00:00,grid_18,grid,,28.584392,76.698159,FRC4,33,33,793,793,1,False,1.0
2026-07-14T14:58:05.156057+00:00,grid_19,grid,,28.584392,76.899382,FRC7,40,40,1295,1295,1,False,1.0
2026-07-14T14:58:05.156057+00:00,grid_20,grid,,28.584392,77.100604,FRC6,32,37,1381,1194,0.996766,False,0.865
2026-07-14T14:58:05.156057+00:00,grid_21,grid,,28.584392,77.301827,FRC2,39,49,1245,990,0.999666,False,0.796
2026-07-14T14:58:05.156057+00:00,grid_22,grid,,28.584392,77.503049,FRC3,29,43,2102,1417,0.953954,False,0.674
2026-07-14T14:58:05.156057+00:00,grid_23,grid,,28.584392,77.704272,FRC4,43,43,1750,1750,1,False,1.0
2026-07-14T14:58:05.156057+00:00,grid_24,grid,,28.746089,76.698159,FRC4,48,48,1616,1616,1,False,1.0
2026-07-14T14:58:05.156057+00:00,grid_25,grid,,28.746089,76.899382,FRC4,41,41,755,755,1,False,1.0
2026-07-14T14:58:05.156057+00:00,grid_26,grid,,28.746089,77.100604,FRC3,23,33,2187,1524,0.974127,False,0.697
2026-07-14T14:58:05.156057+00:00,grid_27,grid,,28.746089,77.301827,FRC3,28,28,1127,1127,1,False,1.0
2026-07-14T14:58:05.156057+00:00,grid_28,grid,,28.746089,77.503049,FRC2,33,48,1948,1339,0.990279,False,0.688
2026-07-14T14:58:05.156057+00:00,grid_29,grid,,28.746089,77.704272,FRC3,49,49,1563,1563,1,False,1.0
2026-07-14T14:58:05.156057+00:00,grid_30,grid,,28.907786,76.698159,FRC2,47,47,1559,1559,1,False,1.0
2026-07-14T14:58:05.156057+00:00,grid_31,grid,,28.907786,76.899382,FRC4,45,45,1257,1257,1,False,1.0
2026-07-14T14:58:05.156057+00:00,grid_32,grid,,28.907786,77.100604,FRC1,41,61,219,147,0.93,False,0.672
2026-07-14T14:58:05.156057+00:00,grid_33,grid,,28.907786,77.301827,FRC2,67,67,1089,1089,1,False,1.0
2026-07-14T14:58:05.156057+00:00,grid_34,grid,,28.907786,77.503049,FRC4,46,46,1067,1067,1,False,1.0
2026-07-14T14:58:05.156057+00:00,grid_35,grid,,28.907786,77.704272,FRC2,41,49,1766,1477,0.73085,False,0.837
2026-07-14T14:58:05.156057+00:00,city_Delhi,city_center,Delhi,28.7041,77.1025,FRC2,17,29,1244,729,0.984635,False,0.586
2026-07-14T14:58:05.156057+00:00,city_Faridabad,city_center,Faridabad,28.4089,77.3178,FRC4,20,34,605,355,0.98,False,0.588
2026-07-14T14:58:05.156057+00:00,city_Ghaziabad,city_center,Ghaziabad,28.6692,77.4538,FRC4,30,38,1271,1004,0.981202,False,0.789
2026-07-14T14:58:05.156057+00:00,city_Gurgaon,city_center,Gurgaon,28.4595,77.0266,FRC4,37,49,2229,1683,0.998489,False,0.755
2026-07-14T14:58:05.156057+00:00,city_Noida,city_center,Noida,28.5355,77.391,FRC3,22,30,3417,2505,0.962864,True,0.733
2026-07-14T14:58:05.156057+00:00,hotspot_Anand_Vihar,hotspot,Anand Vihar,28.6469,77.3152,FRC3,29,40,899,651,1,False,0.725
2026-07-14T14:58:05.156057+00:00,hotspot_Rohini,hotspot,Rohini,28.7495,77.0565,FRC2,25,38,1806,1188,1,False,0.658
2026-07-14T15:29:02.794607+00:00,grid_0,grid,,28.099302,76.698159,FRC4,31,31,1306,1306,1,False,1.0
2026-07-14T15:29:02.794607+00:00,grid_1,grid,,28.099302,76.899382,FRC4,35,35,1597,1597,1,False,1.0
2026-07-14T15:29:02.794607+00:00,grid_2,grid,,28.099302,77.100604,FRC4,42,42,626,626,1,False,1.0
2026-07-14T15:29:02.794607+00:00,grid_3,grid,,28.099302,77.301827,FRC0,80,80,808,808,1,False,1.0
2026-07-14T15:29:02.794607+00:00,grid_4,grid,,28.099302,77.503049,FRC2,47,47,1739,1739,1,False,1.0
2026-07-14T15:29:02.794607+00:00,grid_5,grid,,28.099302,77.704272,FRC4,53,53,1077,1077,1,False,1.0
2026-07-14T15:29:02.794607+00:00,grid_6,grid,,28.260999,76.698159,FRC3,44,44,1293,1293,1,False,1.0
2026-07-14T15:29:02.794607+00:00,grid_7,grid,,28.260999,76.899382,FRC3,43,43,1183,1183,1,False,1.0
2026-07-14T15:29:02.794607+00:00,grid_8,grid,,28.260999,77.100604,FRC0,102,102,373,373,1,False,1.0
2026-07-14T15:29:02.794607+00:00,grid_9,grid,,28.260999,77.301827,FRC4,31,31,1991,1991,1,False,1.0
2026-07-14T15:29:02.794607+00:00,grid_10,grid,,28.260999,77.503049,FRC4,36,36,2091,2091,1,False,1.0
2026-07-14T15:29:02.794607+00:00,grid_11,grid,,28.260999,77.704272,FRC4,56,56,1312,1312,1,False,1.0
2026-07-14T15:29:02.794607+00:00,grid_12,grid,,28.422696,76.698159,FRC4,30,30,1054,1054,1,False,1.0
2026-07-14T15:29:02.794607+00:00,grid_13,grid,,28.422696,76.899382,FRC3,49,49,1029,1029,1,False,1.0
2026-07-14T15:29:02.794607+00:00,grid_14,grid,,28.422696,77.100604,FRC3,30,41,1609,1177,1,False,0.732
2026-07-14T15:29:02.794607+00:00,grid_15,grid,,28.422696,77.301827,FRC3,23,30,1529,1172,0.945188,False,0.767
2026-07-14T15:29:02.794607+00:00,grid_16,grid,,28.422696,77.503049,FRC0,92,92,469,469,1,False,1.0
2026-07-14T15:29:02.794607+00:00,grid_17,grid,,28.422696,77.704272,FRC3,57,57,1223,1223,1,False,1.0
2026-07-14T15:29:02.794607+00:00,grid_18,grid,,28.584392,76.698159,FRC4,33,33,793,793,1,False,1.0
2026-07-14T15:29:02.794607+00:00,grid_19,grid,,28.584392,76.899382,FRC7,40,40,1295,1295,1,False,1.0
2026-07-14T15:29:02.794607+00:00,grid_20,grid,,28.584392,77.100604,FRC6,37,37,1194,1194,1,False,1.0
2026-07-14T15:29:02.794607+00:00,grid_21,grid,,28.584392,77.301827,FRC2,39,49,1245,990,0.999666,False,0.796
2026-07-14T15:29:02.794607+00:00,grid_22,grid,,28.584392,77.503049,FRC3,29,43,2102,1417,0.967836,False,0.674
2026-07-14T15:29:02.794607+00:00,grid_23,grid,,28.584392,77.704272,FRC4,43,43,1750,1750,1,False,1.0
2026-07-14T15:29:02.794607+00:00,grid_24,grid,,28.746089,76.698159,FRC4,48,48,1616,1616,1,False,1.0
2026-07-14T15:29:02.794607+00:00,grid_25,grid,,28.746089,76.899382,FRC4,41,41,755,755,1,False,1.0
2026-07-14T15:29:02.794607+00:00,grid_26,grid,,28.746089,77.100604,FRC3,23,33,2187,1524,0.948061,False,0.697
2026-07-14T15:29:02.794607+00:00,grid_27,grid,,28.746089,77.301827,FRC3,22,28,1434,1127,0.947212,False,0.786
2026-07-14T15:29:02.794607+00:00,grid_28,grid,,28.746089,77.503049,FRC2,36,47,1786,1368,0.97925,False,0.766
2026-07-14T15:29:02.794607+00:00,grid_29,grid,,28.746089,77.704272,FRC3,49,49,1563,1563,1,False,1.0
2026-07-14T15:29:02.794607+00:00,grid_30,grid,,28.907786,76.698159,FRC2,47,47,1559,1559,1,False,1.0
2026-07-14T15:29:02.794607+00:00,grid_31,grid,,28.907786,76.899382,FRC4,45,45,1257,1257,1,False,1.0
2026-07-14T15:29:02.794607+00:00,grid_32,grid,,28.907786,77.100604,FRC1,41,61,219,147,0.95,False,0.672
2026-07-14T15:29:02.794607+00:00,grid_33,grid,,28.907786,77.301827,FRC2,67,67,1089,1089,1,False,1.0
2026-07-14T15:29:02.794607+00:00,grid_34,grid,,28.907786,77.503049,FRC4,46,46,1067,1067,1,False,1.0
2026-07-14T15:29:02.794607+00:00,grid_35,grid,,28.907786,77.704272,FRC2,41,49,1766,1477,0.746253,False,0.837
2026-07-14T15:29:02.794607+00:00,city_Delhi,city_center,Delhi,28.7041,77.1025,FRC2,19,29,1113,729,0.995509,False,0.655
2026-07-14T15:29:02.794607+00:00,city_Faridabad,city_center,Faridabad,28.4089,77.3178,FRC4,24,34,504,355,0.96,False,0.706
2026-07-14T15:29:02.794607+00:00,city_Ghaziabad,city_center,Ghaziabad,28.6692,77.4538,FRC4,30,38,1271,1004,0.993619,False,0.789
2026-07-14T15:29:02.794607+00:00,city_Gurgaon,city_center,Gurgaon,28.4595,77.0266,FRC4,40,49,2062,1683,0.999859,False,0.816
2026-07-14T15:29:02.794607+00:00,city_Noida,city_center,Noida,28.5355,77.391,FRC3,23,30,3268,2505,0.961986,True,0.767
2026-07-14T15:29:02.794607+00:00,hotspot_Anand_Vihar,hotspot,Anand Vihar,28.6469,77.3152,FRC3,36,41,724,636,1,False,0.878
2026-07-14T15:29:02.794607+00:00,hotspot_Rohini,hotspot,Rohini,28.7495,77.0565,FRC2,26,37,1737,1220,1,False,0.703
2026-07-14T16:00:00.606577+00:00,grid_0,grid,,28.099302,76.698159,FRC4,31,31,1306,1306,1,False,1.0
2026-07-14T16:00:00.606577+00:00,grid_1,grid,,28.099302,76.899382,FRC4,35,35,1597,1597,1,False,1.0
2026-07-14T16:00:00.606577+00:00,grid_2,grid,,28.099302,77.100604,FRC4,42,42,626,626,1,False,1.0
2026-07-14T16:00:00.606577+00:00,grid_3,grid,,28.099302,77.301827,FRC0,80,80,808,808,1,False,1.0
2026-07-14T16:00:00.606577+00:00,grid_4,grid,,28.099302,77.503049,FRC2,47,47,1739,1739,1,False,1.0
2026-07-14T16:00:00.606577+00:00,grid_5,grid,,28.099302,77.704272,FRC4,53,53,1077,1077,1,False,1.0
2026-07-14T16:00:00.606577+00:00,grid_6,grid,,28.260999,76.698159,FRC3,44,44,1293,1293,1,False,1.0
2026-07-14T16:00:00.606577+00:00,grid_7,grid,,28.260999,76.899382,FRC3,43,43,1183,1183,1,False,1.0
2026-07-14T16:00:00.606577+00:00,grid_8,grid,,28.260999,77.100604,FRC0,102,102,373,373,1,False,1.0
2026-07-14T16:00:00.606577+00:00,grid_9,grid,,28.260999,77.301827,FRC4,31,31,1991,1991,1,False,1.0
2026-07-14T16:00:00.606577+00:00,grid_10,grid,,28.260999,77.503049,FRC4,36,36,2091,2091,1,False,1.0
2026-07-14T16:00:00.606577+00:00,grid_11,grid,,28.260999,77.704272,FRC4,56,56,1312,1312,1,False,1.0
2026-07-14T16:00:00.606577+00:00,grid_12,grid,,28.422696,76.698159,FRC4,30,30,1054,1054,1,False,1.0
2026-07-14T16:00:00.606577+00:00,grid_13,grid,,28.422696,76.899382,FRC3,49,49,1029,1029,1,False,1.0
2026-07-14T16:00:00.606577+00:00,grid_14,grid,,28.422696,77.100604,FRC3,32,40,1508,1206,1,False,0.8
2026-07-14T16:00:00.606577+00:00,grid_15,grid,,28.422696,77.301827,FRC3,24,29,1465,1212,0.938994,False,0.828
2026-07-14T16:00:00.606577+00:00,grid_16,grid,,28.422696,77.503049,FRC0,92,92,469,469,1,False,1.0
2026-07-14T16:00:00.606577+00:00,grid_17,grid,,28.422696,77.704272,FRC3,57,57,1223,1223,1,False,1.0
2026-07-14T16:00:00.606577+00:00,grid_18,grid,,28.584392,76.698159,FRC4,33,33,793,793,1,False,1.0
2026-07-14T16:00:00.606577+00:00,grid_19,grid,,28.584392,76.899382,FRC7,40,40,1295,1295,1,False,1.0
2026-07-14T16:00:00.606577+00:00,grid_20,grid,,28.584392,77.100604,FRC6,37,37,1194,1194,1,False,1.0
2026-07-14T16:00:00.606577+00:00,grid_21,grid,,28.584392,77.301827,FRC2,41,49,1184,990,0.999666,False,0.837
2026-07-14T16:00:00.606577+00:00,grid_22,grid,,28.584392,77.503049,FRC3,30,43,2032,1417,0.940987,False,0.698
2026-07-14T16:00:00.606577+00:00,grid_23,grid,,28.584392,77.704272,FRC4,43,43,1750,1750,1,False,1.0
2026-07-14T16:00:00.606577+00:00,grid_24,grid,,28.746089,76.698159,FRC4,48,48,1616,1616,1,False,1.0
2026-07-14T16:00:00.606577+00:00,grid_25,grid,,28.746089,76.899382,FRC4,41,41,755,755,1,False,1.0
2026-07-14T16:00:00.606577+00:00,grid_26,grid,,28.746089,77.100604,FRC3,26,33,1935,1524,0.960214,False,0.788
2026-07-14T16:00:00.606577+00:00,grid_27,grid,,28.746089,77.301827,FRC3,28,28,1127,1127,1,False,1.0
2026-07-14T16:00:00.606577+00:00,grid_28,grid,,28.746089,77.503049,FRC2,37,48,1738,1339,0.982245,False,0.771
2026-07-14T16:00:00.606577+00:00,grid_29,grid,,28.746089,77.704272,FRC3,49,49,1563,1563,1,False,1.0
2026-07-14T16:00:00.606577+00:00,grid_30,grid,,28.907786,76.698159,FRC2,47,47,1559,1559,1,False,1.0
2026-07-14T16:00:00.606577+00:00,grid_31,grid,,28.907786,76.899382,FRC4,45,45,1257,1257,1,False,1.0
2026-07-14T16:00:00.606577+00:00,grid_32,grid,,28.907786,77.100604,FRC1,35,61,257,147,0.878736,False,0.574
2026-07-14T16:00:00.606577+00:00,grid_33,grid,,28.907786,77.301827,FRC2,67,67,1089,1089,1,False,1.0
2026-07-14T16:00:00.606577+00:00,grid_34,grid,,28.907786,77.503049,FRC4,46,46,1067,1067,1,False,1.0
2026-07-14T16:00:00.606577+00:00,grid_35,grid,,28.907786,77.704272,FRC2,49,49,1477,1477,1,False,1.0
2026-07-14T16:00:00.606577+00:00,city_Delhi,city_center,Delhi,28.7041,77.1025,FRC2,21,30,1007,705,0.995359,False,0.7
2026-07-14T16:00:00.606577+00:00,city_Faridabad,city_center,Faridabad,28.4089,77.3178,FRC4,34,34,355,355,1,False,1.0
2026-07-14T16:00:00.606577+00:00,city_Ghaziabad,city_center,Ghaziabad,28.6692,77.4538,FRC4,37,37,1031,1031,1,False,1.0
2026-07-14T16:00:00.606577+00:00,city_Gurgaon,city_center,Gurgaon,28.4595,77.0266,FRC4,49,49,1683,1683,1,False,1.0
2026-07-14T16:00:00.606577+00:00,city_Noida,city_center,Noida,28.5355,77.391,FRC3,25,30,3007,2505,0.967021,True,0.833
2026-07-14T16:00:00.606577+00:00,hotspot_Anand_Vihar,hotspot,Anand Vihar,28.6469,77.3152,FRC3,40,40,651,651,1,False,1.0
2026-07-14T16:00:00.606577+00:00,hotspot_Rohini,hotspot,Rohini,28.7495,77.0565,FRC2,27,38,1673,1188,1,False,0.711
2026-07-14T16:31:09.904289+00:00,grid_0,grid,,28.099302,76.698159,FRC4,31,31,1306,1306,1,False,1.0
2026-07-14T16:31:09.904289+00:00,grid_1,grid,,28.099302,76.899382,FRC4,35,35,1597,1597,1,False,1.0
2026-07-14T16:31:09.904289+00:00,grid_2,grid,,28.099302,77.100604,FRC4,42,42,626,626,1,False,1.0
2026-07-14T16:31:09.904289+00:00,grid_3,grid,,28.099302,77.301827,FRC0,80,80,808,808,1,False,1.0
2026-07-14T16:31:09.904289+00:00,grid_4,grid,,28.099302,77.503049,FRC2,47,47,1739,1739,1,False,1.0
2026-07-14T16:31:09.904289+00:00,grid_5,grid,,28.099302,77.704272,FRC4,53,53,1077,1077,1,False,1.0
2026-07-14T16:31:09.904289+00:00,grid_6,grid,,28.260999,76.698159,FRC3,44,44,1293,1293,1,False,1.0
2026-07-14T16:31:09.904289+00:00,grid_7,grid,,28.260999,76.899382,FRC3,43,43,1183,1183,1,False,1.0
2026-07-14T16:31:09.904289+00:00,grid_8,grid,,28.260999,77.100604,FRC0,102,102,373,373,1,False,1.0
2026-07-14T16:31:09.904289+00:00,grid_9,grid,,28.260999,77.301827,FRC4,31,31,1991,1991,1,False,1.0
2026-07-14T16:31:09.904289+00:00,grid_10,grid,,28.260999,77.503049,FRC4,36,36,2091,2091,1,False,1.0
2026-07-14T16:31:09.904289+00:00,grid_11,grid,,28.260999,77.704272,FRC4,56,56,1312,1312,1,False,1.0
2026-07-14T16:31:09.904289+00:00,grid_12,grid,,28.422696,76.698159,FRC4,30,30,1054,1054,1,False,1.0
2026-07-14T16:31:09.904289+00:00,grid_13,grid,,28.422696,76.899382,FRC3,49,49,1029,1029,1,False,1.0
2026-07-14T16:31:09.904289+00:00,grid_14,grid,,28.422696,77.100604,FRC3,40,40,1206,1206,1,False,1.0
2026-07-14T16:31:09.904289+00:00,grid_15,grid,,28.422696,77.301827,FRC3,30,30,1172,1172,1,False,1.0
2026-07-14T16:31:09.904289+00:00,grid_16,grid,,28.422696,77.503049,FRC0,92,92,469,469,1,False,1.0
2026-07-14T16:31:09.904289+00:00,grid_17,grid,,28.422696,77.704272,FRC3,57,57,1223,1223,1,False,1.0
2026-07-14T16:31:09.904289+00:00,grid_18,grid,,28.584392,76.698159,FRC4,33,33,793,793,1,False,1.0
2026-07-14T16:31:09.904289+00:00,grid_19,grid,,28.584392,76.899382,FRC7,40,40,1295,1295,1,False,1.0
2026-07-14T16:31:09.904289+00:00,grid_20,grid,,28.584392,77.100604,FRC6,37,37,1194,1194,1,False,1.0
2026-07-14T16:31:09.904289+00:00,grid_21,grid,,28.584392,77.301827,FRC2,49,49,990,990,1,False,1.0
2026-07-14T16:31:09.904289+00:00,grid_22,grid,,28.584392,77.503049,FRC3,32,43,1905,1417,0.901103,False,0.744
2026-07-14T16:31:09.904289+00:00,grid_23,grid,,28.584392,77.704272,FRC4,43,43,1750,1750,1,False,1.0
2026-07-14T16:31:09.904289+00:00,grid_24,grid,,28.746089,76.698159,FRC4,48,48,1616,1616,1,False,1.0
2026-07-14T16:31:09.904289+00:00,grid_25,grid,,28.746089,76.899382,FRC4,41,41,755,755,1,False,1.0
2026-07-14T16:31:09.904289+00:00,grid_26,grid,,28.746089,77.100604,FRC3,28,33,1797,1524,0.945294,False,0.848
2026-07-14T16:31:09.904289+00:00,grid_27,grid,,28.746089,77.301827,FRC3,28,28,1127,1127,1,False,1.0
2026-07-14T16:31:09.904289+00:00,grid_28,grid,,28.746089,77.503049,FRC2,39,48,1648,1339,0.966446,False,0.812
2026-07-14T16:31:09.904289+00:00,grid_29,grid,,28.746089,77.704272,FRC3,49,49,1563,1563,1,False,1.0
2026-07-14T16:31:09.904289+00:00,grid_30,grid,,28.907786,76.698159,FRC2,47,47,1559,1559,1,False,1.0
2026-07-14T16:31:09.904289+00:00,grid_31,grid,,28.907786,76.899382,FRC4,45,45,1257,1257,1,False,1.0
2026-07-14T16:31:09.904289+00:00,grid_32,grid,,28.907786,77.100604,FRC1,43,61,209,147,0.9,False,0.705
2026-07-14T16:31:09.904289+00:00,grid_33,grid,,28.907786,77.301827,FRC2,67,67,1089,1089,1,False,1.0
2026-07-14T16:31:09.904289+00:00,grid_34,grid,,28.907786,77.503049,FRC4,46,46,1067,1067,1,False,1.0
2026-07-14T16:31:09.904289+00:00,grid_35,grid,,28.907786,77.704272,FRC2,46,49,1574,1477,0.590465,False,0.939
2026-07-14T16:31:09.904289+00:00,city_Delhi,city_center,Delhi,28.7041,77.1025,FRC2,24,29,881,729,0.986221,False,0.828
2026-07-14T16:31:09.904289+00:00,city_Faridabad,city_center,Faridabad,28.4089,77.3178,FRC4,26,33,465,366,0.87,False,0.788
2026-07-14T16:31:09.904289+00:00,city_Ghaziabad,city_center,Ghaziabad,28.6692,77.4538,FRC4,37,37,1031,1031,1,False,1.0
2026-07-14T16:31:09.904289+00:00,city_Gurgaon,city_center,Gurgaon,28.4595,77.0266,FRC4,49,49,1683,1683,1,False,1.0
2026-07-14T16:31:09.904289+00:00,city_Noida,city_center,Noida,28.5355,77.391,FRC3,25,30,3007,2505,0.971328,True,0.833
2026-07-14T16:31:09.904289+00:00,hotspot_Anand_Vihar,hotspot,Anand Vihar,28.6469,77.3152,FRC3,40,40,651,651,1,False,1.0
2026-07-14T16:31:09.904289+00:00,hotspot_Rohini,hotspot,Rohini,28.7495,77.0565,FRC2,30,38,1505,1188,0.997261,False,0.789
2026-07-14T17:04:43.890711+00:00,grid_0,grid,,28.099302,76.698159,FRC4,31,31,1306,1306,1,False,1.0
2026-07-14T17:04:43.890711+00:00,grid_1,grid,,28.099302,76.899382,FRC4,35,35,1597,1597,1,False,1.0
2026-07-14T17:04:43.890711+00:00,grid_2,grid,,28.099302,77.100604,FRC4,42,42,626,626,1,False,1.0
2026-07-14T17:04:43.890711+00:00,grid_3,grid,,28.099302,77.301827,FRC0,80,80,808,808,1,False,1.0
2026-07-14T17:04:43.890711+00:00,grid_4,grid,,28.099302,77.503049,FRC2,47,47,1739,1739,1,False,1.0
2026-07-14T17:04:43.890711+00:00,grid_5,grid,,28.099302,77.704272,FRC4,53,53,1077,1077,1,False,1.0
2026-07-14T17:04:43.890711+00:00,grid_6,grid,,28.260999,76.698159,FRC3,44,44,1293,1293,1,False,1.0
2026-07-14T17:04:43.890711+00:00,grid_7,grid,,28.260999,76.899382,FRC3,43,43,1183,1183,1,False,1.0
2026-07-14T17:04:43.890711+00:00,grid_8,grid,,28.260999,77.100604,FRC0,102,102,373,373,1,False,1.0
2026-07-14T17:04:43.890711+00:00,grid_9,grid,,28.260999,77.301827,FRC4,31,31,1991,1991,1,False,1.0
2026-07-14T17:04:43.890711+00:00,grid_10,grid,,28.260999,77.503049,FRC4,36,36,2091,2091,1,False,1.0
2026-07-14T17:04:43.890711+00:00,grid_11,grid,,28.260999,77.704272,FRC4,56,56,1312,1312,1,False,1.0
2026-07-14T17:04:43.890711+00:00,grid_12,grid,,28.422696,76.698159,FRC4,30,30,1054,1054,1,False,1.0
2026-07-14T17:04:43.890711+00:00,grid_13,grid,,28.422696,76.899382,FRC3,49,49,1029,1029,1,False,1.0
2026-07-14T17:04:43.890711+00:00,grid_14,grid,,28.422696,77.100604,FRC3,37,39,1304,1237,1,False,0.949
2026-07-14T17:04:43.890711+00:00,grid_15,grid,,28.422696,77.301827,FRC3,30,30,1172,1172,1,False,1.0
2026-07-14T17:04:43.890711+00:00,grid_16,grid,,28.422696,77.503049,FRC0,92,92,469,469,1,False,1.0
2026-07-14T17:04:43.890711+00:00,grid_17,grid,,28.422696,77.704272,FRC3,57,57,1223,1223,1,False,1.0
2026-07-14T17:04:43.890711+00:00,grid_18,grid,,28.584392,76.698159,FRC4,33,33,793,793,1,False,1.0
2026-07-14T17:04:43.890711+00:00,grid_19,grid,,28.584392,76.899382,FRC7,40,40,1295,1295,1,False,1.0
2026-07-14T17:04:43.890711+00:00,grid_20,grid,,28.584392,77.100604,FRC6,37,37,1194,1194,1,False,1.0
2026-07-14T17:04:43.890711+00:00,grid_21,grid,,28.584392,77.301827,FRC2,49,49,990,990,1,False,1.0
2026-07-14T17:04:43.890711+00:00,grid_22,grid,,28.584392,77.503049,FRC3,42,42,1451,1451,1,False,1.0
2026-07-14T17:04:43.890711+00:00,grid_23,grid,,28.584392,77.704272,FRC4,43,43,1750,1750,1,False,1.0
2026-07-14T17:04:43.890711+00:00,grid_24,grid,,28.746089,76.698159,FRC4,48,48,1616,1616,1,False,1.0
2026-07-14T17:04:43.890711+00:00,grid_25,grid,,28.746089,76.899382,FRC4,41,41,755,755,1,False,1.0
2026-07-14T17:04:43.890711+00:00,grid_26,grid,,28.746089,77.100604,FRC3,32,32,1572,1572,1,False,1.0
2026-07-14T17:04:43.890711+00:00,grid_27,grid,,28.746089,77.301827,FRC3,28,28,1127,1127,1,False,1.0
2026-07-14T17:04:43.890711+00:00,grid_28,grid,,28.746089,77.503049,FRC2,48,48,1339,1339,1,False,1.0
2026-07-14T17:04:43.890711+00:00,grid_29,grid,,28.746089,77.704272,FRC3,49,49,1563,1563,1,False,1.0
2026-07-14T17:04:43.890711+00:00,grid_30,grid,,28.907786,76.698159,FRC2,47,47,1559,1559,1,False,1.0
2026-07-14T17:04:43.890711+00:00,grid_31,grid,,28.907786,76.899382,FRC4,45,45,1257,1257,1,False,1.0
2026-07-14T17:04:43.890711+00:00,grid_32,grid,,28.907786,77.100604,FRC1,42,61,214,147,0.87918,False,0.689
2026-07-14T17:04:43.890711+00:00,grid_33,grid,,28.907786,77.301827,FRC2,67,67,1089,1089,1,False,1.0
2026-07-14T17:04:43.890711+00:00,grid_34,grid,,28.907786,77.503049,FRC4,46,46,1067,1067,1,False,1.0
2026-07-14T17:04:43.890711+00:00,grid_35,grid,,28.907786,77.704272,FRC2,49,49,1477,1477,1,False,1.0
2026-07-14T17:04:43.890711+00:00,city_Delhi,city_center,Delhi,28.7041,77.1025,FRC2,24,30,881,705,0.99,False,0.8
2026-07-14T17:04:43.890711+00:00,city_Faridabad,city_center,Faridabad,28.4089,77.3178,FRC4,34,34,355,355,1,False,1.0
2026-07-14T17:04:43.890711+00:00,city_Ghaziabad,city_center,Ghaziabad,28.6692,77.4538,FRC4,37,37,1031,1031,1,False,1.0
2026-07-14T17:04:43.890711+00:00,city_Gurgaon,city_center,Gurgaon,28.4595,77.0266,FRC4,49,49,1683,1683,1,False,1.0
2026-07-14T17:04:43.890711+00:00,city_Noida,city_center,Noida,28.5355,77.391,FRC3,25,30,3007,2505,0.9651,True,0.833
2026-07-14T17:04:43.890711+00:00,hotspot_Anand_Vihar,hotspot,Anand Vihar,28.6469,77.3152,FRC3,40,40,651,651,1,False,1.0
2026-07-14T17:04:43.890711+00:00,hotspot_Rohini,hotspot,Rohini,28.7495,77.0565,FRC2,32,38,1411,1188,1,False,0.842
2026-07-17T05:35:34.951375+00:00,grid_0,grid,,28.099302,76.698159,FRC4,31,31,1306,1306,1,False,1.0
2026-07-17T05:35:34.951375+00:00,grid_1,grid,,28.099302,76.899382,FRC4,35,35,1597,1597,1,False,1.0
2026-07-17T05:35:34.951375+00:00,grid_2,grid,,28.099302,77.100604,FRC4,42,42,626,626,1,False,1.0
2026-07-17T05:35:34.951375+00:00,grid_3,grid,,28.099302,77.301827,FRC0,80,80,808,808,1,False,1.0
2026-07-17T05:35:34.951375+00:00,grid_4,grid,,28.099302,77.503049,FRC2,42,48,1947,1703,0.752475,False,0.875
2026-07-17T05:35:34.951375+00:00,grid_5,grid,,28.099302,77.704272,FRC4,53,53,1077,1077,1,False,1.0
2026-07-17T05:35:34.951375+00:00,grid_6,grid,,28.260999,76.698159,FRC3,44,44,1293,1293,1,False,1.0
2026-07-17T05:35:34.951375+00:00,grid_7,grid,,28.260999,76.899382,FRC3,43,43,1183,1183,1,False,1.0
2026-07-17T05:35:34.951375+00:00,grid_8,grid,,28.260999,77.100604,FRC0,102,102,373,373,1,False,1.0
2026-07-17T05:35:34.951375+00:00,grid_9,grid,,28.260999,77.301827,FRC4,31,31,1991,1991,1,False,1.0
2026-07-17T05:35:34.951375+00:00,grid_10,grid,,28.260999,77.503049,FRC4,36,36,2091,2091,1,False,1.0
2026-07-17T05:35:34.951375+00:00,grid_11,grid,,28.260999,77.704272,FRC4,56,56,1312,1312,1,False,1.0
2026-07-17T05:35:34.951375+00:00,grid_12,grid,,28.422696,76.698159,FRC4,30,30,1054,1054,1,False,1.0
2026-07-17T05:35:34.951375+00:00,grid_13,grid,,28.422696,76.899382,FRC3,45,49,1120,1029,0.807434,False,0.918
2026-07-17T05:35:34.951375+00:00,grid_14,grid,,28.422696,77.100604,FRC3,32,40,1508,1206,1,False,0.8
2026-07-17T05:35:34.951375+00:00,grid_15,grid,,28.422696,77.301827,FRC3,30,30,1172,1172,1,False,1.0
2026-07-17T05:35:34.951375+00:00,grid_16,grid,,28.422696,77.503049,FRC0,92,92,469,469,1,False,1.0
2026-07-17T05:35:34.951375+00:00,grid_17,grid,,28.422696,77.704272,FRC3,57,57,1223,1223,1,False,1.0
2026-07-17T05:35:34.951375+00:00,grid_18,grid,,28.584392,76.698159,FRC4,33,33,793,793,1,False,1.0
2026-07-17T05:35:34.951375+00:00,grid_19,grid,,28.584392,76.899382,FRC7,40,40,1295,1295,1,False,1.0
2026-07-17T05:35:34.951375+00:00,grid_20,grid,,28.584392,77.100604,FRC6,31,38,1426,1163,0.998169,False,0.816
2026-07-17T05:35:34.951375+00:00,grid_21,grid,,28.584392,77.301827,FRC2,40,49,1213,990,0.998999,False,0.816
2026-07-17T05:35:34.951375+00:00,grid_22,grid,,28.584392,77.503049,FRC3,28,43,2177,1417,0.958318,False,0.651
2026-07-17T05:35:34.951375+00:00,grid_23,grid,,28.584392,77.704272,FRC4,43,43,1750,1750,1,False,1.0
2026-07-17T05:35:34.951375+00:00,grid_24,grid,,28.746089,76.698159,FRC4,48,48,1616,1616,1,False,1.0
2026-07-17T05:35:34.951375+00:00,grid_25,grid,,28.746089,76.899382,FRC4,41,41,755,755,1,False,1.0
2026-07-17T05:35:34.951375+00:00,grid_26,grid,,28.746089,77.100604,FRC3,26,33,1935,1524,0.982897,False,0.788
2026-07-17T05:35:34.951375+00:00,grid_27,grid,,28.746089,77.301827,FRC3,28,28,1127,1127,1,False,1.0
2026-07-17T05:35:34.951375+00:00,grid_28,grid,,28.746089,77.503049,FRC2,38,48,1692,1339,0.991488,False,0.792
2026-07-17T05:35:34.951375+00:00,grid_29,grid,,28.746089,77.704272,FRC3,49,49,1563,1563,1,False,1.0
2026-07-17T05:35:34.951375+00:00,grid_30,grid,,28.907786,76.698159,FRC2,47,47,1559,1559,1,False,1.0
2026-07-17T05:35:34.951375+00:00,grid_31,grid,,28.907786,76.899382,FRC4,45,45,1257,1257,1,False,1.0
2026-07-17T05:35:34.951375+00:00,grid_32,grid,,28.907786,77.100604,FRC1,46,60,195,150,0.94424,False,0.767
2026-07-17T05:35:34.951375+00:00,grid_33,grid,,28.907786,77.301827,FRC2,67,67,1089,1089,1,False,1.0
2026-07-17T05:35:34.951375+00:00,grid_34,grid,,28.907786,77.503049,FRC4,43,46,1142,1067,0.547611,False,0.935
2026-07-17T05:35:34.951375+00:00,grid_35,grid,,28.907786,77.704272,FRC2,49,49,1477,1477,1,False,1.0
2026-07-17T05:35:34.951375+00:00,city_Delhi,city_center,Delhi,28.7041,77.1025,FRC2,18,29,1175,729,0.990267,False,0.621
2026-07-17T05:35:34.951375+00:00,city_Faridabad,city_center,Faridabad,28.4089,77.3178,FRC4,22,33,550,366,0.980532,False,0.667
2026-07-17T05:35:34.951375+00:00,city_Ghaziabad,city_center,Ghaziabad,28.6692,77.4538,FRC4,32,37,1192,1031,0.988565,False,0.865
2026-07-17T05:35:34.951375+00:00,city_Gurgaon,city_center,Gurgaon,28.4595,77.0266,FRC4,43,49,1918,1683,1,False,0.878
2026-07-17T05:35:34.951375+00:00,city_Noida,city_center,Noida,28.5355,77.391,FRC3,24,30,3132,2505,0.965933,True,0.8
2026-07-17T05:35:34.951375+00:00,hotspot_Anand_Vihar,hotspot,Anand Vihar,28.6469,77.3152,FRC3,40,40,651,651,1,False,1.0
2026-07-17T05:35:34.951375+00:00,hotspot_Rohini,hotspot,Rohini,28.7495,77.0565,FRC2,29,38,1557,1188,0.99844,False,0.763
2026-07-17T06:06:24.224703+00:00,grid_0,grid,,28.099302,76.698159,FRC4,31,31,1306,1306,1,False,1.0
2026-07-17T06:06:24.224703+00:00,grid_1,grid,,28.099302,76.899382,FRC4,35,35,1597,1597,1,False,1.0
2026-07-17T06:06:24.224703+00:00,grid_2,grid,,28.099302,77.100604,FRC4,42,42,626,626,1,False,1.0
2026-07-17T06:06:24.224703+00:00,grid_3,grid,,28.099302,77.301827,FRC0,80,80,808,808,1,False,1.0
2026-07-17T06:06:24.224703+00:00,grid_4,grid,,28.099302,77.503049,FRC2,47,47,1739,1739,1,False,1.0
2026-07-17T06:06:24.224703+00:00,grid_5,grid,,28.099302,77.704272,FRC4,53,53,1077,1077,1,False,1.0
2026-07-17T06:06:24.224703+00:00,grid_6,grid,,28.260999,76.698159,FRC3,44,44,1293,1293,1,False,1.0
2026-07-17T06:06:24.224703+00:00,grid_7,grid,,28.260999,76.899382,FRC3,43,43,1183,1183,1,False,1.0
2026-07-17T06:06:24.224703+00:00,grid_8,grid,,28.260999,77.100604,FRC0,102,102,373,373,1,False,1.0
2026-07-17T06:06:24.224703+00:00,grid_9,grid,,28.260999,77.301827,FRC4,31,31,1991,1991,1,False,1.0
2026-07-17T06:06:24.224703+00:00,grid_10,grid,,28.260999,77.503049,FRC4,36,36,2091,2091,1,False,1.0
2026-07-17T06:06:24.224703+00:00,grid_11,grid,,28.260999,77.704272,FRC4,56,56,1312,1312,1,False,1.0
2026-07-17T06:06:24.224703+00:00,grid_12,grid,,28.422696,76.698159,FRC4,30,30,1054,1054,1,False,1.0
2026-07-17T06:06:24.224703+00:00,grid_13,grid,,28.422696,76.899382,FRC3,49,49,1029,1029,1,False,1.0
2026-07-17T06:06:24.224703+00:00,grid_14,grid,,28.422696,77.100604,FRC3,32,41,1508,1177,1,False,0.78
2026-07-17T06:06:24.224703+00:00,grid_15,grid,,28.422696,77.301827,FRC3,30,30,1172,1172,1,False,1.0
2026-07-17T06:06:24.224703+00:00,grid_16,grid,,28.422696,77.503049,FRC0,92,92,469,469,1,False,1.0
2026-07-17T06:06:24.224703+00:00,grid_17,grid,,28.422696,77.704272,FRC3,57,57,1223,1223,1,False,1.0
2026-07-17T06:06:24.224703+00:00,grid_18,grid,,28.584392,76.698159,FRC4,33,33,793,793,1,False,1.0
2026-07-17T06:06:24.224703+00:00,grid_19,grid,,28.584392,76.899382,FRC7,40,40,1295,1295,1,False,1.0
2026-07-17T06:06:24.224703+00:00,grid_20,grid,,28.584392,77.100604,FRC6,30,36,1473,1228,0.998135,False,0.833
2026-07-17T06:06:24.224703+00:00,grid_21,grid,,28.584392,77.301827,FRC2,42,49,1156,990,0.999666,False,0.857
2026-07-17T06:06:24.224703+00:00,grid_22,grid,,28.584392,77.503049,FRC3,31,43,1966,1417,0.982757,False,0.721
2026-07-17T06:06:24.224703+00:00,grid_23,grid,,28.584392,77.704272,FRC4,43,43,1750,1750,1,False,1.0
2026-07-17T06:06:24.224703+00:00,grid_24,grid,,28.746089,76.698159,FRC4,48,48,1616,1616,1,False,1.0
2026-07-17T06:06:24.224703+00:00,grid_25,grid,,28.746089,76.899382,FRC4,41,41,755,755,1,False,1.0
2026-07-17T06:06:24.224703+00:00,grid_26,grid,,28.746089,77.100604,FRC3,25,33,2012,1524,0.972615,False,0.758
2026-07-17T06:06:24.224703+00:00,grid_27,grid,,28.746089,77.301827,FRC3,23,28,1372,1127,0.973287,False,0.821
2026-07-17T06:06:24.224703+00:00,grid_28,grid,,28.746089,77.503049,FRC2,37,47,1738,1368,0.977245,False,0.787
2026-07-17T06:06:24.224703+00:00,grid_29,grid,,28.746089,77.704272,FRC3,49,49,1563,1563,1,False,1.0
2026-07-17T06:06:24.224703+00:00,grid_30,grid,,28.907786,76.698159,FRC2,47,47,1559,1559,1,False,1.0
2026-07-17T06:06:24.224703+00:00,grid_31,grid,,28.907786,76.899382,FRC4,45,45,1257,1257,1,False,1.0
2026-07-17T06:06:24.224703+00:00,grid_32,grid,,28.907786,77.100604,FRC1,61,61,147,147,1,False,1.0
2026-07-17T06:06:24.224703+00:00,grid_33,grid,,28.907786,77.301827,FRC2,67,67,1089,1089,1,False,1.0
2026-07-17T06:06:24.224703+00:00,grid_34,grid,,28.907786,77.503049,FRC4,41,46,1198,1067,0.649731,False,0.891
2026-07-17T06:06:24.224703+00:00,grid_35,grid,,28.907786,77.704272,FRC2,49,49,1477,1477,1,False,1.0
2026-07-17T06:06:24.224703+00:00,city_Delhi,city_center,Delhi,28.7041,77.1025,FRC2,17,29,1244,729,0.993453,False,0.586
2026-07-17T06:06:24.224703+00:00,city_Faridabad,city_center,Faridabad,28.4089,77.3178,FRC4,25,34,484,355,0.980002,False,0.735
2026-07-17T06:06:24.224703+00:00,city_Ghaziabad,city_center,Ghaziabad,28.6692,77.4538,FRC4,31,37,1230,1031,0.986941,False,0.838
2026-07-17T06:06:24.224703+00:00,city_Gurgaon,city_center,Gurgaon,28.4595,77.0266,FRC4,45,49,1832,1683,0.998631,False,0.918
2026-07-17T06:06:24.224703+00:00,city_Noida,city_center,Noida,28.5355,77.391,FRC3,24,30,3132,2505,0.973653,True,0.8
2026-07-17T06:06:24.224703+00:00,hotspot_Anand_Vihar,hotspot,Anand Vihar,28.6469,77.3152,FRC3,40,40,651,651,1,False,1.0
2026-07-17T06:06:24.224703+00:00,hotspot_Rohini,hotspot,Rohini,28.7495,77.0565,FRC2,27,38,1673,1188,0.997258,False,0.711
2026-07-17T06:37:13.045149+00:00,grid_0,grid,,28.099302,76.698159,FRC4,31,31,1306,1306,1,False,1.0
2026-07-17T06:37:13.045149+00:00,grid_1,grid,,28.099302,76.899382,FRC4,35,35,1597,1597,1,False,1.0
2026-07-17T06:37:13.045149+00:00,grid_2,grid,,28.099302,77.100604,FRC4,42,42,626,626,1,False,1.0
2026-07-17T06:37:13.045149+00:00,grid_3,grid,,28.099302,77.301827,FRC0,80,80,808,808,1,False,1.0
2026-07-17T06:37:13.045149+00:00,grid_4,grid,,28.099302,77.503049,FRC2,41,48,1994,1703,0.548385,False,0.854
2026-07-17T06:37:13.045149+00:00,grid_5,grid,,28.099302,77.704272,FRC4,53,53,1077,1077,1,False,1.0
2026-07-17T06:37:13.045149+00:00,grid_6,grid,,28.260999,76.698159,FRC3,44,44,1293,1293,1,False,1.0
2026-07-17T06:37:13.045149+00:00,grid_7,grid,,28.260999,76.899382,FRC3,43,43,1183,1183,1,False,1.0
2026-07-17T06:37:13.045149+00:00,grid_8,grid,,28.260999,77.100604,FRC0,102,102,373,373,1,False,1.0
2026-07-17T06:37:13.045149+00:00,grid_9,grid,,28.260999,77.301827,FRC4,31,31,1991,1991,1,False,1.0
2026-07-17T06:37:13.045149+00:00,grid_10,grid,,28.260999,77.503049,FRC4,36,36,2091,2091,1,False,1.0
2026-07-17T06:37:13.045149+00:00,grid_11,grid,,28.260999,77.704272,FRC4,56,56,1312,1312,1,False,1.0
2026-07-17T06:37:13.045149+00:00,grid_12,grid,,28.422696,76.698159,FRC4,30,30,1054,1054,1,False,1.0
2026-07-17T06:37:13.045149+00:00,grid_13,grid,,28.422696,76.899382,FRC3,49,49,1029,1029,1,False,1.0
2026-07-17T06:37:13.045149+00:00,grid_14,grid,,28.422696,77.100604,FRC3,35,40,1379,1206,1,False,0.875
2026-07-17T06:37:13.045149+00:00,grid_15,grid,,28.422696,77.301827,FRC3,23,30,1529,1172,0.983841,False,0.767
2026-07-17T06:37:13.045149+00:00,grid_16,grid,,28.422696,77.503049,FRC0,92,92,469,469,1,False,1.0
2026-07-17T06:37:13.045149+00:00,grid_17,grid,,28.422696,77.704272,FRC3,57,57,1223,1223,1,False,1.0
2026-07-17T06:37:13.045149+00:00,grid_18,grid,,28.584392,76.698159,FRC4,33,33,793,793,1,False,1.0
2026-07-17T06:37:13.045149+00:00,grid_19,grid,,28.584392,76.899382,FRC7,40,40,1295,1295,1,False,1.0
2026-07-17T06:37:13.045149+00:00,grid_20,grid,,28.584392,77.100604,FRC6,30,37,1473,1194,0.999255,False,0.811
2026-07-17T06:37:13.045149+00:00,grid_21,grid,,28.584392,77.301827,FRC2,49,49,990,990,1,False,1.0
2026-07-17T06:37:13.045149+00:00,grid_22,grid,,28.584392,77.503049,FRC3,31,42,1966,1451,0.955359,False,0.738
2026-07-17T06:37:13.045149+00:00,grid_23,grid,,28.584392,77.704272,FRC4,43,43,1750,1750,1,False,1.0
2026-07-17T06:37:13.045149+00:00,grid_24,grid,,28.746089,76.698159,FRC4,48,48,1616,1616,1,False,1.0
2026-07-17T06:37:13.045149+00:00,grid_25,grid,,28.746089,76.899382,FRC4,41,41,755,755,1,False,1.0
2026-07-17T06:37:13.045149+00:00,grid_26,grid,,28.746089,77.100604,FRC3,24,33,2096,1524,0.96373,False,0.727
2026-07-17T06:37:13.045149+00:00,grid_27,grid,,28.746089,77.301827,FRC3,28,28,1127,1127,1,False,1.0
2026-07-17T06:37:13.045149+00:00,grid_28,grid,,28.746089,77.503049,FRC2,37,47,1738,1368,0.983658,False,0.787
2026-07-17T06:37:13.045149+00:00,grid_29,grid,,28.746089,77.704272,FRC3,49,49,1563,1563,1,False,1.0
2026-07-17T06:37:13.045149+00:00,grid_30,grid,,28.907786,76.698159,FRC2,44,47,1665,1559,0.578297,False,0.936
2026-07-17T06:37:13.045149+00:00,grid_31,grid,,28.907786,76.899382,FRC4,45,45,1257,1257,1,False,1.0
2026-07-17T06:37:13.045149+00:00,grid_32,grid,,28.907786,77.100604,FRC1,48,61,187,147,0.87,False,0.787
2026-07-17T06:37:13.045149+00:00,grid_33,grid,,28.907786,77.301827,FRC2,67,67,1089,1089,1,False,1.0
2026-07-17T06:37:13.045149+00:00,grid_34,grid,,28.907786,77.503049,FRC4,46,46,1067,1067,1,False,1.0
2026-07-17T06:37:13.045149+00:00,grid_35,grid,,28.907786,77.704272,FRC2,45,49,1609,1477,0.783986,False,0.918
2026-07-17T06:37:13.045149+00:00,city_Delhi,city_center,Delhi,28.7041,77.1025,FRC2,17,30,1244,705,0.993683,False,0.567
2026-07-17T06:37:13.045149+00:00,city_Faridabad,city_center,Faridabad,28.4089,77.3178,FRC4,25,33,484,366,0.989857,False,0.758
2026-07-17T06:37:13.045149+00:00,city_Ghaziabad,city_center,Ghaziabad,28.6692,77.4538,FRC4,37,37,1031,1031,1,False,1.0
2026-07-17T06:37:13.045149+00:00,city_Gurgaon,city_center,Gurgaon,28.4595,77.0266,FRC4,43,49,1918,1683,0.997258,False,0.878
2026-07-17T06:37:13.045149+00:00,city_Noida,city_center,Noida,28.5355,77.391,FRC3,24,30,3132,2505,0.971277,True,0.8
2026-07-17T06:37:13.045149+00:00,hotspot_Anand_Vihar,hotspot,Anand Vihar,28.6469,77.3152,FRC3,33,40,790,651,1,False,0.825
2026-07-17T06:37:13.045149+00:00,hotspot_Rohini,hotspot,Rohini,28.7495,77.0565,FRC2,27,38,1673,1188,0.998936,False,0.711
2026-07-17T07:30:01.136689+00:00,grid_0,grid,,28.099302,76.698159,FRC4,31,31,1306,1306,1,False,1.0
2026-07-17T07:30:01.136689+00:00,grid_1,grid,,28.099302,76.899382,FRC4,35,35,1597,1597,1,False,1.0
2026-07-17T07:30:01.136689+00:00,grid_2,grid,,28.099302,77.100604,FRC4,42,42,626,626,1,False,1.0
2026-07-17T07:30:01.136689+00:00,grid_3,grid,,28.099302,77.301827,FRC0,80,80,808,808,1,False,1.0
2026-07-17T07:30:01.136689+00:00,grid_4,grid,,28.099302,77.503049,FRC2,47,47,1739,1739,1,False,1.0
2026-07-17T07:30:01.136689+00:00,grid_5,grid,,28.099302,77.704272,FRC4,53,53,1077,1077,1,False,1.0
2026-07-17T07:30:01.136689+00:00,grid_6,grid,,28.260999,76.698159,FRC3,44,44,1293,1293,1,False,1.0
2026-07-17T07:30:01.136689+00:00,grid_7,grid,,28.260999,76.899382,FRC3,43,43,1183,1183,1,False,1.0
2026-07-17T07:30:01.136689+00:00,grid_8,grid,,28.260999,77.100604,FRC0,102,102,373,373,1,False,1.0
2026-07-17T07:30:01.136689+00:00,grid_9,grid,,28.260999,77.301827,FRC4,31,31,1991,1991,1,False,1.0
2026-07-17T07:30:01.136689+00:00,grid_10,grid,,28.260999,77.503049,FRC4,36,36,2091,2091,1,False,1.0
2026-07-17T07:30:01.136689+00:00,grid_11,grid,,28.260999,77.704272,FRC4,56,56,1312,1312,1,False,1.0
2026-07-17T07:30:01.136689+00:00,grid_12,grid,,28.422696,76.698159,FRC4,30,30,1054,1054,1,False,1.0
2026-07-17T07:30:01.136689+00:00,grid_13,grid,,28.422696,76.899382,FRC3,49,49,1029,1029,1,False,1.0
2026-07-17T07:30:01.136689+00:00,grid_14,grid,,28.422696,77.100604,FRC3,33,40,1462,1206,1,False,0.825
2026-07-17T07:30:01.136689+00:00,grid_15,grid,,28.422696,77.301827,FRC3,24,30,1465,1172,0.972772,False,0.8
2026-07-17T07:30:01.136689+00:00,grid_16,grid,,28.422696,77.503049,FRC0,92,92,469,469,1,False,1.0
2026-07-17T07:30:01.136689+00:00,grid_17,grid,,28.422696,77.704272,FRC3,57,57,1223,1223,1,False,1.0
2026-07-17T07:30:01.136689+00:00,grid_18,grid,,28.584392,76.698159,FRC4,33,33,793,793,1,False,1.0
2026-07-17T07:30:01.136689+00:00,grid_19,grid,,28.584392,76.899382,FRC7,40,40,1295,1295,1,False,1.0
2026-07-17T07:30:01.136689+00:00,grid_20,grid,,28.584392,77.100604,FRC6,32,37,1381,1194,0.998922,False,0.865
2026-07-17T07:30:01.136689+00:00,grid_21,grid,,28.584392,77.301827,FRC2,49,49,990,990,1,False,1.0
2026-07-17T07:30:01.136689+00:00,grid_22,grid,,28.584392,77.503049,FRC3,30,43,2032,1417,0.952834,False,0.698
2026-07-17T07:30:01.136689+00:00,grid_23,grid,,28.584392,77.704272,FRC4,43,43,1750,1750,1,False,1.0
2026-07-17T07:30:01.136689+00:00,grid_24,grid,,28.746089,76.698159,FRC4,48,48,1616,1616,1,False,1.0
2026-07-17T07:30:01.136689+00:00,grid_25,grid,,28.746089,76.899382,FRC4,41,41,755,755,1,False,1.0
2026-07-17T07:30:01.136689+00:00,grid_26,grid,,28.746089,77.100604,FRC3,24,33,2096,1524,0.965252,False,0.727
2026-07-17T07:30:01.136689+00:00,grid_27,grid,,28.746089,77.301827,FRC3,28,28,1127,1127,1,False,1.0
2026-07-17T07:30:01.136689+00:00,grid_28,grid,,28.746089,77.503049,FRC2,38,48,1692,1339,0.983773,False,0.792
2026-07-17T07:30:01.136689+00:00,grid_29,grid,,28.746089,77.704272,FRC3,49,49,1563,1563,1,False,1.0
2026-07-17T07:30:01.136689+00:00,grid_30,grid,,28.907786,76.698159,FRC2,47,47,1559,1559,1,False,1.0
2026-07-17T07:30:01.136689+00:00,grid_31,grid,,28.907786,76.899382,FRC4,45,45,1257,1257,1,False,1.0
2026-07-17T07:30:01.136689+00:00,grid_32,grid,,28.907786,77.100604,FRC1,61,61,147,147,1,False,1.0
2026-07-17T07:30:01.136689+00:00,grid_33,grid,,28.907786,77.301827,FRC2,67,67,1089,1089,1,False,1.0
2026-07-17T07:30:01.136689+00:00,grid_34,grid,,28.907786,77.503049,FRC4,46,46,1067,1067,1,False,1.0
2026-07-17T07:30:01.136689+00:00,grid_35,grid,,28.907786,77.704272,FRC2,49,49,1477,1477,1,False,1.0
2026-07-17T07:30:01.136689+00:00,city_Delhi,city_center,Delhi,28.7041,77.1025,FRC2,18,29,1175,729,0.993984,False,0.621
2026-07-17T07:30:01.136689+00:00,city_Faridabad,city_center,Faridabad,28.4089,77.3178,FRC4,23,33,526,366,0.981993,False,0.697
2026-07-18T05:52:57.037055+00:00,grid_0,grid,,28.099302,76.698159,FRC4,31,31,1306,1306,1,False,1.0
2026-07-18T05:52:57.037055+00:00,grid_1,grid,,28.099302,76.899382,FRC4,35,35,1597,1597,1,False,1.0
2026-07-18T05:52:57.037055+00:00,grid_2,grid,,28.099302,77.100604,FRC4,42,42,626,626,1,False,1.0
2026-07-18T05:52:57.037055+00:00,grid_3,grid,,28.099302,77.301827,FRC0,80,80,808,808,1,False,1.0
2026-07-18T05:52:57.037055+00:00,grid_4,grid,,28.099302,77.503049,FRC2,47,47,1739,1739,1,False,1.0
2026-07-18T05:52:57.037055+00:00,grid_5,grid,,28.099302,77.704272,FRC4,53,53,1077,1077,1,False,1.0
2026-07-18T05:52:57.037055+00:00,grid_6,grid,,28.260999,76.698159,FRC3,44,44,1293,1293,1,False,1.0
2026-07-18T05:52:57.037055+00:00,grid_7,grid,,28.260999,76.899382,FRC3,43,43,1183,1183,1,False,1.0
2026-07-18T05:52:57.037055+00:00,grid_8,grid,,28.260999,77.100604,FRC0,102,102,373,373,1,False,1.0
2026-07-18T05:52:57.037055+00:00,grid_9,grid,,28.260999,77.301827,FRC4,31,31,1991,1991,1,False,1.0
2026-07-18T05:52:57.037055+00:00,grid_10,grid,,28.260999,77.503049,FRC4,36,36,2091,2091,1,False,1.0
2026-07-18T05:52:57.037055+00:00,grid_11,grid,,28.260999,77.704272,FRC4,56,56,1312,1312,1,False,1.0
2026-07-18T05:52:57.037055+00:00,grid_12,grid,,28.422696,76.698159,FRC4,30,30,1054,1054,1,False,1.0
2026-07-18T05:52:57.037055+00:00,grid_13,grid,,28.422696,76.899382,FRC3,44,49,1146,1029,0.860597,False,0.898
2026-07-18T05:52:57.037055+00:00,grid_14,grid,,28.422696,77.100604,FRC3,33,40,1462,1206,1,False,0.825
2026-07-18T05:52:57.037055+00:00,grid_15,grid,,28.422696,77.301827,FRC3,25,30,1406,1172,0.983355,False,0.833
2026-07-18T05:52:57.037055+00:00,grid_16,grid,,28.422696,77.503049,FRC0,92,92,469,469,1,False,1.0
2026-07-18T05:52:57.037055+00:00,grid_17,grid,,28.422696,77.704272,FRC3,57,57,1223,1223,1,False,1.0
2026-07-18T05:52:57.037055+00:00,grid_18,grid,,28.584392,76.698159,FRC4,33,33,793,793,1,False,1.0
2026-07-18T05:52:57.037055+00:00,grid_19,grid,,28.584392,76.899382,FRC7,40,40,1295,1295,1,False,1.0
2026-07-18T05:52:57.037055+00:00,grid_20,grid,,28.584392,77.100604,FRC6,29,36,1524,1228,1,False,0.806
2026-07-18T05:52:57.037055+00:00,grid_21,grid,,28.584392,77.301827,FRC2,49,49,990,990,1,False,1.0
2026-07-18T05:52:57.037055+00:00,grid_22,grid,,28.584392,77.503049,FRC3,31,43,1966,1417,0.966203,False,0.721
2026-07-18T05:52:57.037055+00:00,grid_23,grid,,28.584392,77.704272,FRC4,43,43,1750,1750,1,False,1.0
2026-07-18T05:52:57.037055+00:00,grid_24,grid,,28.746089,76.698159,FRC4,48,48,1616,1616,1,False,1.0
2026-07-18T05:52:57.037055+00:00,grid_25,grid,,28.746089,76.899382,FRC4,41,41,755,755,1,False,1.0
2026-07-18T05:52:57.037055+00:00,grid_26,grid,,28.746089,77.100604,FRC3,25,33,2012,1524,0.960287,False,0.758
2026-07-18T05:52:57.037055+00:00,grid_27,grid,,28.746089,77.301827,FRC3,24,28,1315,1127,0.98958,False,0.857
2026-07-18T05:52:57.037055+00:00,grid_28,grid,,28.746089,77.503049,FRC2,35,48,1837,1339,0.995031,False,0.729
2026-07-18T05:52:57.037055+00:00,grid_29,grid,,28.746089,77.704272,FRC3,49,49,1563,1563,1,False,1.0
2026-07-18T05:52:57.037055+00:00,grid_30,grid,,28.907786,76.698159,FRC2,47,47,1559,1559,1,False,1.0
2026-07-18T05:52:57.037055+00:00,grid_31,grid,,28.907786,76.899382,FRC4,45,45,1257,1257,1,False,1.0
2026-07-18T05:52:57.037055+00:00,grid_32,grid,,28.907786,77.100604,FRC1,61,61,147,147,1,False,1.0
2026-07-18T05:52:57.037055+00:00,grid_33,grid,,28.907786,77.301827,FRC2,67,67,1089,1089,1,False,1.0
2026-07-18T05:52:57.037055+00:00,grid_34,grid,,28.907786,77.503049,FRC4,46,46,1067,1067,1,False,1.0
2026-07-18T05:52:57.037055+00:00,grid_35,grid,,28.907786,77.704272,FRC2,49,49,1477,1477,1,False,1.0
2026-07-18T05:52:57.037055+00:00,city_Delhi,city_center,Delhi,28.7041,77.1025,FRC2,18,29,1175,729,0.99429,False,0.621
2026-07-18T05:52:57.037055+00:00,city_Faridabad,city_center,Faridabad,28.4089,77.3178,FRC4,22,33,550,366,0.980429,False,0.667
2026-07-18T05:52:57.037055+00:00,city_Ghaziabad,city_center,Ghaziabad,28.6692,77.4538,FRC4,32,38,1192,1004,0.990338,False,0.842
2026-07-18T05:52:57.037055+00:00,city_Gurgaon,city_center,Gurgaon,28.4595,77.0266,FRC4,44,49,1874,1683,0.99863,False,0.898
2026-07-18T05:52:57.037055+00:00,city_Noida,city_center,Noida,28.5355,77.391,FRC3,24,29,3132,2592,0.97236,True,0.828
2026-07-18T05:52:57.037055+00:00,hotspot_Anand_Vihar,hotspot,Anand Vihar,28.6469,77.3152,FRC3,40,40,651,651,1,False,1.0
2026-07-18T05:52:57.037055+00:00,hotspot_Rohini,hotspot,Rohini,28.7495,77.0565,FRC2,30,38,1505,1188,0.998731,False,0.789
2026-07-18T06:23:42.742853+00:00,grid_0,grid,,28.099302,76.698159,FRC4,31,31,1306,1306,1,False,1.0
2026-07-18T06:23:42.742853+00:00,grid_1,grid,,28.099302,76.899382,FRC4,35,35,1597,1597,1,False,1.0
2026-07-18T06:23:42.742853+00:00,grid_2,grid,,28.099302,77.100604,FRC4,42,42,626,626,1,False,1.0
2026-07-18T06:23:42.742853+00:00,grid_3,grid,,28.099302,77.301827,FRC0,80,80,808,808,1,False,1.0
2026-07-18T06:23:42.742853+00:00,grid_4,grid,,28.099302,77.503049,FRC2,43,48,1901,1703,0.774789,False,0.896
2026-07-18T06:23:42.742853+00:00,grid_5,grid,,28.099302,77.704272,FRC4,53,53,1077,1077,1,False,1.0
2026-07-18T06:23:42.742853+00:00,grid_6,grid,,28.260999,76.698159,FRC3,44,44,1293,1293,1,False,1.0
2026-07-18T06:23:42.742853+00:00,grid_7,grid,,28.260999,76.899382,FRC3,43,43,1183,1183,1,False,1.0
2026-07-18T06:23:42.742853+00:00,grid_8,grid,,28.260999,77.100604,FRC0,102,102,373,373,1,False,1.0
2026-07-18T06:23:42.742853+00:00,grid_9,grid,,28.260999,77.301827,FRC4,31,31,1991,1991,1,False,1.0
2026-07-18T06:23:42.742853+00:00,grid_10,grid,,28.260999,77.503049,FRC4,36,36,2091,2091,1,False,1.0
2026-07-18T06:23:42.742853+00:00,grid_11,grid,,28.260999,77.704272,FRC4,56,56,1312,1312,1,False,1.0
2026-07-18T06:23:42.742853+00:00,grid_12,grid,,28.422696,76.698159,FRC4,30,30,1054,1054,1,False,1.0
2026-07-18T06:23:42.742853+00:00,grid_13,grid,,28.422696,76.899382,FRC3,43,48,1173,1050,0.916636,False,0.896
2026-07-18T06:23:42.742853+00:00,grid_14,grid,,28.422696,77.100604,FRC3,34,41,1419,1177,1,False,0.829
2026-07-18T06:23:42.742853+00:00,grid_15,grid,,28.422696,77.301827,FRC3,25,30,1406,1172,0.988642,False,0.833
2026-07-18T06:23:42.742853+00:00,grid_16,grid,,28.422696,77.503049,FRC0,92,92,469,469,1,False,1.0
2026-07-18T06:23:42.742853+00:00,grid_17,grid,,28.422696,77.704272,FRC3,57,57,1223,1223,1,False,1.0
2026-07-18T06:23:42.742853+00:00,grid_18,grid,,28.584392,76.698159,FRC4,33,33,793,793,1,False,1.0
2026-07-18T06:23:42.742853+00:00,grid_19,grid,,28.584392,76.899382,FRC7,40,40,1295,1295,1,False,1.0
2026-07-18T06:23:42.742853+00:00,grid_20,grid,,28.584392,77.100604,FRC6,29,37,1524,1194,0.998922,False,0.784
2026-07-18T06:23:42.742853+00:00,grid_21,grid,,28.584392,77.301827,FRC2,49,49,990,990,1,False,1.0
2026-07-18T06:23:42.742853+00:00,grid_22,grid,,28.584392,77.503049,FRC3,29,42,2102,1451,0.91554,False,0.69
2026-07-18T06:23:42.742853+00:00,grid_23,grid,,28.584392,77.704272,FRC4,43,43,1750,1750,1,False,1.0
2026-07-18T06:23:42.742853+00:00,grid_24,grid,,28.746089,76.698159,FRC4,48,48,1616,1616,1,False,1.0
2026-07-18T06:23:42.742853+00:00,grid_25,grid,,28.746089,76.899382,FRC4,41,41,755,755,1,False,1.0
2026-07-18T06:23:42.742853+00:00,grid_26,grid,,28.746089,77.100604,FRC3,25,33,2012,1524,0.964657,False,0.758
2026-07-18T06:23:42.742853+00:00,grid_27,grid,,28.746089,77.301827,FRC3,25,29,1262,1088,0.982019,False,0.862
2026-07-18T06:23:42.742853+00:00,grid_28,grid,,28.746089,77.503049,FRC2,34,48,1891,1339,0.992972,False,0.708
2026-07-18T06:23:42.742853+00:00,grid_29,grid,,28.746089,77.704272,FRC3,49,49,1563,1563,1,False,1.0
2026-07-18T06:23:42.742853+00:00,grid_30,grid,,28.907786,76.698159,FRC2,47,47,1559,1559,1,False,1.0
2026-07-18T06:23:42.742853+00:00,grid_31,grid,,28.907786,76.899382,FRC4,45,45,1257,1257,1,False,1.0
2026-07-18T06:23:42.742853+00:00,grid_32,grid,,28.907786,77.100604,FRC1,49,61,183,147,0.94,False,0.803
2026-07-18T06:23:42.742853+00:00,grid_33,grid,,28.907786,77.301827,FRC2,67,67,1089,1089,1,False,1.0
2026-07-18T06:23:42.742853+00:00,grid_34,grid,,28.907786,77.503049,FRC4,46,46,1067,1067,1,False,1.0
2026-07-18T06:23:42.742853+00:00,grid_35,grid,,28.907786,77.704272,FRC2,44,49,1645,1477,0.761334,False,0.898
2026-07-18T06:23:42.742853+00:00,city_Delhi,city_center,Delhi,28.7041,77.1025,FRC2,17,29,1244,729,0.995968,False,0.586
2026-07-18T06:23:42.742853+00:00,city_Faridabad,city_center,Faridabad,28.4089,77.3178,FRC4,23,34,526,355,0.980214,False,0.676
2026-07-18T06:23:42.742853+00:00,city_Ghaziabad,city_center,Ghaziabad,28.6692,77.4538,FRC4,32,37,1192,1031,0.976286,False,0.865
2026-07-18T06:23:42.742853+00:00,city_Gurgaon,city_center,Gurgaon,28.4595,77.0266,FRC4,42,50,1963,1649,0.99863,False,0.84
2026-07-18T06:23:42.742853+00:00,city_Noida,city_center,Noida,28.5355,77.391,FRC3,26,29,2891,2592,0.966301,True,0.897
2026-07-18T06:23:42.742853+00:00,hotspot_Anand_Vihar,hotspot,Anand Vihar,28.6469,77.3152,FRC3,40,40,651,651,1,False,1.0
2026-07-18T06:23:42.742853+00:00,hotspot_Rohini,hotspot,Rohini,28.7495,77.0565,FRC2,28,38,1613,1188,1,False,0.737
2026-07-21T15:23:17.261498+00:00,grid_0,grid,,28.099302,76.698159,FRC4,31,31,1306,1306,1,False,1.0
2026-07-21T15:23:17.261498+00:00,grid_1,grid,,28.099302,76.899382,FRC4,35,35,1597,1597,1,False,1.0
2026-07-21T15:23:17.261498+00:00,grid_2,grid,,28.099302,77.100604,FRC4,42,42,626,626,1,False,1.0
2026-07-21T15:23:17.261498+00:00,grid_3,grid,,28.099302,77.301827,FRC0,80,80,808,808,1,False,1.0
2026-07-21T15:23:17.261498+00:00,grid_4,grid,,28.099302,77.503049,FRC2,47,47,1739,1739,1,False,1.0
2026-07-21T15:23:17.261498+00:00,grid_5,grid,,28.099302,77.704272,FRC4,54,54,1057,1057,1,False,1.0
2026-07-21T15:23:17.261498+00:00,grid_6,grid,,28.260999,76.698159,FRC3,44,44,1293,1293,1,False,1.0
2026-07-21T15:23:17.261498+00:00,grid_7,grid,,28.260999,76.899382,FRC3,43,43,1183,1183,1,False,1.0
2026-07-21T15:23:17.261498+00:00,grid_8,grid,,28.260999,77.100604,FRC0,102,102,373,373,1,False,1.0
2026-07-21T15:23:17.261498+00:00,grid_9,grid,,28.260999,77.301827,FRC4,31,31,1991,1991,1,False,1.0
2026-07-21T15:23:17.261498+00:00,grid_10,grid,,28.260999,77.503049,FRC4,36,36,2091,2091,1,False,1.0
2026-07-21T15:23:17.261498+00:00,grid_11,grid,,28.260999,77.704272,FRC4,44,56,1670,1312,0.604837,False,0.786
2026-07-21T15:23:17.261498+00:00,grid_12,grid,,28.422696,76.698159,FRC4,30,30,1054,1054,1,False,1.0
2026-07-21T15:23:17.261498+00:00,grid_13,grid,,28.422696,76.899382,FRC3,49,49,1029,1029,1,False,1.0
2026-07-21T15:23:17.261498+00:00,grid_14,grid,,28.422696,77.100604,FRC3,31,40,1557,1206,1,False,0.775
2026-07-21T15:23:17.261498+00:00,grid_15,grid,,28.422696,77.301827,FRC3,22,31,1598,1134,0.973212,False,0.71
2026-07-21T15:23:17.261498+00:00,grid_16,grid,,28.422696,77.503049,FRC0,92,92,469,469,1,False,1.0
2026-07-21T15:23:17.261498+00:00,grid_17,grid,,28.422696,77.704272,FRC3,56,56,1244,1244,1,False,1.0
2026-07-21T15:23:17.261498+00:00,grid_18,grid,,28.584392,76.698159,FRC4,34,34,770,770,1,False,1.0
2026-07-21T15:23:17.261498+00:00,grid_19,grid,,28.584392,76.899382,FRC7,40,40,1295,1295,1,False,1.0
2026-07-21T15:23:17.261498+00:00,grid_20,grid,,28.584392,77.100604,FRC6,37,37,1194,1194,1,False,1.0
2026-07-21T15:23:17.261498+00:00,grid_21,grid,,28.584392,77.301827,FRC2,39,49,1245,990,0.999666,False,0.796
2026-07-21T15:23:17.261498+00:00,grid_22,grid,,28.584392,77.503049,FRC3,31,43,1966,1417,0.973356,False,0.721
2026-07-21T15:23:17.261498+00:00,grid_23,grid,,28.584392,77.704272,FRC4,43,43,1750,1750,1,False,1.0
2026-07-21T15:23:17.261498+00:00,grid_24,grid,,28.746089,76.698159,FRC4,48,48,1616,1616,1,False,1.0
2026-07-21T15:23:17.261498+00:00,grid_25,grid,,28.746089,76.899382,FRC4,42,42,737,737,1,False,1.0
2026-07-21T15:23:17.261498+00:00,grid_26,grid,,28.746089,77.100604,FRC3,23,33,2187,1524,0.966029,False,0.697
2026-07-21T15:23:17.261498+00:00,grid_27,grid,,28.746089,77.301827,FRC3,21,28,1503,1127,0.975455,False,0.75
2026-07-21T15:23:17.261498+00:00,grid_28,grid,,28.746089,77.503049,FRC2,37,48,1738,1339,0.981986,False,0.771
2026-07-21T15:23:17.261498+00:00,grid_29,grid,,28.746089,77.704272,FRC3,49,49,1563,1563,1,False,1.0
2026-07-21T15:23:17.261498+00:00,grid_30,grid,,28.907786,76.698159,FRC2,46,46,1593,1593,1,False,1.0
2026-07-21T15:23:17.261498+00:00,grid_31,grid,,28.907786,76.899382,FRC4,44,44,1286,1286,1,False,1.0
2026-07-21T15:23:17.261498+00:00,grid_32,grid,,28.907786,77.100604,FRC1,61,61,147,147,1,False,1.0
2026-07-21T15:23:17.261498+00:00,grid_33,grid,,28.907786,77.301827,FRC2,59,69,1237,1058,0.958562,False,0.855
2026-07-21T15:23:17.261498+00:00,grid_34,grid,,28.907786,77.503049,FRC4,46,46,1067,1067,1,False,1.0
2026-07-21T15:23:17.261498+00:00,grid_35,grid,,28.907786,77.704272,FRC2,41,49,1766,1477,0.694499,False,0.837
2026-07-21T15:23:17.261498+00:00,city_Delhi,city_center,Delhi,28.7041,77.1025,FRC2,15,29,1410,729,0.982778,False,0.517
2026-07-21T15:23:17.261498+00:00,city_Faridabad,city_center,Faridabad,28.4089,77.3178,FRC4,24,34,504,355,0.98,False,0.706
2026-07-21T15:23:17.261498+00:00,city_Ghaziabad,city_center,Ghaziabad,28.6692,77.4538,FRC4,30,37,1271,1031,0.974749,False,0.811
2026-07-21T15:23:17.261498+00:00,city_Gurgaon,city_center,Gurgaon,28.4595,77.0266,FRC4,42,49,1963,1683,0.997262,False,0.857
2026-07-21T15:23:17.261498+00:00,city_Noida,city_center,Noida,28.5355,77.391,FRC3,23,30,3268,2505,0.960898,True,0.767
2026-07-21T15:23:17.261498+00:00,hotspot_Anand_Vihar,hotspot,Anand Vihar,28.6469,77.3152,FRC3,33,40,790,651,1,False,0.825
2026-07-21T15:23:17.261498+00:00,hotspot_Rohini,hotspot,Rohini,28.7495,77.0565,FRC2,25,38,1806,1188,1,False,0.658
2026-07-21T15:46:44.491291+00:00,grid_0,grid,,28.099302,76.698159,FRC4,31,31,1306,1306,1,False,1.0
2026-07-21T15:46:44.491291+00:00,grid_1,grid,,28.099302,76.899382,FRC4,35,35,1597,1597,1,False,1.0
2026-07-21T15:46:44.491291+00:00,grid_2,grid,,28.099302,77.100604,FRC4,42,42,626,626,1,False,1.0
2026-07-21T15:46:44.491291+00:00,grid_3,grid,,28.099302,77.301827,FRC0,80,80,808,808,1,False,1.0
2026-07-21T15:46:44.491291+00:00,grid_4,grid,,28.099302,77.503049,FRC2,38,47,2152,1739,0.822808,False,0.809
2026-07-21T15:46:44.491291+00:00,grid_5,grid,,28.099302,77.704272,FRC4,54,54,1057,1057,1,False,1.0
2026-07-21T15:46:44.491291+00:00,grid_6,grid,,28.260999,76.698159,FRC3,44,44,1293,1293,1,False,1.0
2026-07-21T15:46:44.491291+00:00,grid_7,grid,,28.260999,76.899382,FRC3,43,43,1183,1183,1,False,1.0
2026-07-21T15:46:44.491291+00:00,grid_8,grid,,28.260999,77.100604,FRC0,102,102,373,373,1,False,1.0
2026-07-21T15:46:44.491291+00:00,grid_9,grid,,28.260999,77.301827,FRC4,31,31,1991,1991,1,False,1.0
2026-07-21T15:46:44.491291+00:00,grid_10,grid,,28.260999,77.503049,FRC4,36,36,2091,2091,1,False,1.0
2026-07-21T15:46:44.491291+00:00,grid_11,grid,,28.260999,77.704272,FRC4,56,56,1312,1312,1,False,1.0
2026-07-21T15:46:44.491291+00:00,grid_12,grid,,28.422696,76.698159,FRC4,30,30,1054,1054,1,False,1.0
2026-07-21T15:46:44.491291+00:00,grid_13,grid,,28.422696,76.899382,FRC3,49,49,1029,1029,1,False,1.0
2026-07-21T15:46:44.491291+00:00,grid_14,grid,,28.422696,77.100604,FRC3,40,40,1206,1206,1,False,1.0
2026-07-21T15:46:44.491291+00:00,grid_15,grid,,28.422696,77.301827,FRC3,23,30,1529,1172,0.969074,False,0.767
2026-07-21T15:46:44.491291+00:00,grid_16,grid,,28.422696,77.503049,FRC0,92,92,469,469,1,False,1.0
2026-07-21T15:46:44.491291+00:00,grid_17,grid,,28.422696,77.704272,FRC3,56,56,1244,1244,1,False,1.0
2026-07-21T15:46:44.491291+00:00,grid_18,grid,,28.584392,76.698159,FRC4,34,34,770,770,1,False,1.0
2026-07-21T15:46:44.491291+00:00,grid_19,grid,,28.584392,76.899382,FRC7,40,40,1295,1295,1,False,1.0
2026-07-21T15:46:44.491291+00:00,grid_20,grid,,28.584392,77.100604,FRC6,32,37,1381,1194,0.997844,False,0.865
2026-07-21T15:46:44.491291+00:00,grid_21,grid,,28.584392,77.301827,FRC2,41,49,1184,990,1,False,0.837
2026-07-21T15:46:44.491291+00:00,grid_22,grid,,28.584392,77.503049,FRC3,31,42,1966,1451,0.918932,False,0.738
2026-07-21T15:46:44.491291+00:00,grid_23,grid,,28.584392,77.704272,FRC4,43,43,1750,1750,1,False,1.0
2026-07-21T15:46:44.491291+00:00,grid_24,grid,,28.746089,76.698159,FRC4,48,48,1616,1616,1,False,1.0
2026-07-21T15:46:44.491291+00:00,grid_25,grid,,28.746089,76.899382,FRC4,42,42,737,737,1,False,1.0
2026-07-21T15:46:44.491291+00:00,grid_26,grid,,28.746089,77.100604,FRC3,23,33,2187,1524,0.959987,False,0.697
2026-07-21T15:46:44.491291+00:00,grid_27,grid,,28.746089,77.301827,FRC3,22,28,1434,1127,0.970482,False,0.786
2026-07-21T15:46:44.491291+00:00,grid_28,grid,,28.746089,77.503049,FRC2,37,48,1738,1339,0.983466,False,0.771
2026-07-21T15:46:44.491291+00:00,grid_29,grid,,28.746089,77.704272,FRC3,49,49,1563,1563,1,False,1.0
2026-07-21T15:46:44.491291+00:00,grid_30,grid,,28.907786,76.698159,FRC2,46,46,1593,1593,1,False,1.0
2026-07-21T15:46:44.491291+00:00,grid_31,grid,,28.907786,76.899382,FRC4,44,44,1286,1286,1,False,1.0
2026-07-21T15:46:44.491291+00:00,grid_32,grid,,28.907786,77.100604,FRC1,44,61,204,147,0.9,False,0.721
2026-07-21T15:46:44.491291+00:00,grid_33,grid,,28.907786,77.301827,FRC2,68,68,1073,1073,1,False,1.0
2026-07-21T15:46:44.491291+00:00,grid_34,grid,,28.907786,77.503049,FRC4,46,46,1067,1067,1,False,1.0
2026-07-21T15:46:44.491291+00:00,grid_35,grid,,28.907786,77.704272,FRC2,41,49,1766,1477,0.68547,False,0.837
2026-07-21T15:46:44.491291+00:00,city_Delhi,city_center,Delhi,28.7041,77.1025,FRC2,20,29,1058,729,0.988737,False,0.69
2026-07-21T15:46:44.491291+00:00,city_Faridabad,city_center,Faridabad,28.4089,77.3178,FRC4,23,34,526,355,0.97,False,0.676
2026-07-21T15:46:44.491291+00:00,city_Ghaziabad,city_center,Ghaziabad,28.6692,77.4538,FRC4,37,37,1031,1031,1,False,1.0
2026-07-21T15:46:44.491291+00:00,city_Gurgaon,city_center,Gurgaon,28.4595,77.0266,FRC4,43,49,1918,1683,0.998493,False,0.878
2026-07-21T15:46:44.491291+00:00,city_Noida,city_center,Noida,28.5355,77.391,FRC3,23,30,3268,2505,0.96352,True,0.767
2026-07-21T15:46:44.491291+00:00,hotspot_Anand_Vihar,hotspot,Anand Vihar,28.6469,77.3152,FRC3,34,40,766,651,1,False,0.85
2026-07-21T15:46:44.491291+00:00,hotspot_Rohini,hotspot,Rohini,28.7495,77.0565,FRC2,27,38,1673,1188,0.997485,False,0.711
2026-07-21T16:23:51.821827+00:00,grid_0,grid,,28.099302,76.698159,FRC4,31,31,1306,1306,1,False,1.0
2026-07-21T16:23:51.821827+00:00,grid_1,grid,,28.099302,76.899382,FRC4,35,35,1597,1597,1,False,1.0
2026-07-21T16:23:51.821827+00:00,grid_2,grid,,28.099302,77.100604,FRC4,42,42,626,626,1,False,1.0
2026-07-21T16:23:51.821827+00:00,grid_3,grid,,28.099302,77.301827,FRC0,80,80,808,808,1,False,1.0
2026-07-21T16:23:51.821827+00:00,grid_4,grid,,28.099302,77.503049,FRC2,38,47,2152,1739,0.756872,False,0.809
2026-07-21T16:23:51.821827+00:00,grid_5,grid,,28.099302,77.704272,FRC4,54,54,1057,1057,1,False,1.0
2026-07-21T16:23:51.821827+00:00,grid_6,grid,,28.260999,76.698159,FRC3,44,44,1293,1293,1,False,1.0
2026-07-21T16:23:51.821827+00:00,grid_7,grid,,28.260999,76.899382,FRC3,43,43,1183,1183,1,False,1.0
2026-07-21T16:23:51.821827+00:00,grid_8,grid,,28.260999,77.100604,FRC0,102,102,373,373,1,False,1.0
2026-07-21T16:23:51.821827+00:00,grid_9,grid,,28.260999,77.301827,FRC4,31,31,1991,1991,1,False,1.0
2026-07-21T16:23:51.821827+00:00,grid_10,grid,,28.260999,77.503049,FRC4,36,36,2091,2091,1,False,1.0
2026-07-21T16:23:51.821827+00:00,grid_11,grid,,28.260999,77.704272,FRC4,56,56,1312,1312,1,False,1.0
2026-07-21T16:23:51.821827+00:00,grid_12,grid,,28.422696,76.698159,FRC4,30,30,1054,1054,1,False,1.0
2026-07-21T16:23:51.821827+00:00,grid_13,grid,,28.422696,76.899382,FRC3,49,49,1029,1029,1,False,1.0
2026-07-21T16:23:51.821827+00:00,grid_14,grid,,28.422696,77.100604,FRC3,40,40,1206,1206,1,False,1.0
2026-07-21T16:23:51.821827+00:00,grid_15,grid,,28.422696,77.301827,FRC3,24,30,1465,1172,0.966407,False,0.8
2026-07-21T16:23:51.821827+00:00,grid_16,grid,,28.422696,77.503049,FRC0,92,92,469,469,1,False,1.0
2026-07-21T16:23:51.821827+00:00,grid_17,grid,,28.422696,77.704272,FRC3,56,56,1244,1244,1,False,1.0
2026-07-21T16:23:51.821827+00:00,grid_18,grid,,28.584392,76.698159,FRC4,34,34,770,770,1,False,1.0
2026-07-21T16:23:51.821827+00:00,grid_19,grid,,28.584392,76.899382,FRC7,40,40,1295,1295,1,False,1.0
2026-07-21T16:23:51.821827+00:00,grid_20,grid,,28.584392,77.100604,FRC6,37,37,1194,1194,1,False,1.0
2026-07-21T16:23:51.821827+00:00,grid_21,grid,,28.584392,77.301827,FRC2,49,49,990,990,1,False,1.0
2026-07-21T16:23:51.821827+00:00,grid_22,grid,,28.584392,77.503049,FRC3,35,43,1742,1417,0.943318,False,0.814
2026-07-21T16:23:51.821827+00:00,grid_23,grid,,28.584392,77.704272,FRC4,43,43,1750,1750,1,False,1.0
2026-07-21T16:23:51.821827+00:00,grid_24,grid,,28.746089,76.698159,FRC4,48,48,1616,1616,1,False,1.0
2026-07-21T16:23:51.821827+00:00,grid_25,grid,,28.746089,76.899382,FRC4,42,42,737,737,1,False,1.0
2026-07-21T16:23:51.821827+00:00,grid_26,grid,,28.746089,77.100604,FRC3,27,33,1863,1524,0.948942,False,0.818
2026-07-21T16:23:51.821827+00:00,grid_27,grid,,28.746089,77.301827,FRC3,28,28,1127,1127,1,False,1.0
2026-07-21T16:23:51.821827+00:00,grid_28,grid,,28.746089,77.503049,FRC2,38,48,1692,1339,0.97941,False,0.792
2026-07-21T16:23:51.821827+00:00,grid_29,grid,,28.746089,77.704272,FRC3,49,49,1563,1563,1,False,1.0
2026-07-21T16:23:51.821827+00:00,grid_30,grid,,28.907786,76.698159,FRC2,46,46,1593,1593,1,False,1.0
2026-07-21T16:23:51.821827+00:00,grid_31,grid,,28.907786,76.899382,FRC4,44,44,1286,1286,1,False,1.0
2026-07-21T16:23:51.821827+00:00,grid_32,grid,,28.907786,77.100604,FRC1,41,60,219,150,0.874951,False,0.683
2026-07-21T16:23:51.821827+00:00,grid_33,grid,,28.907786,77.301827,FRC2,68,68,1073,1073,1,False,1.0
2026-07-21T16:23:51.821827+00:00,grid_34,grid,,28.907786,77.503049,FRC4,46,46,1067,1067,1,False,1.0
2026-07-21T16:23:51.821827+00:00,grid_35,grid,,28.907786,77.704272,FRC2,49,49,1477,1477,1,False,1.0
2026-07-21T16:23:51.821827+00:00,city_Delhi,city_center,Delhi,28.7041,77.1025,FRC2,20,29,1058,729,0.995331,False,0.69
2026-07-21T16:23:51.821827+00:00,city_Faridabad,city_center,Faridabad,28.4089,77.3178,FRC4,34,34,355,355,1,False,1.0
2026-07-21T16:23:51.821827+00:00,city_Ghaziabad,city_center,Ghaziabad,28.6692,77.4538,FRC4,32,38,1192,1004,0.969705,False,0.842
2026-07-21T16:23:51.821827+00:00,city_Gurgaon,city_center,Gurgaon,28.4595,77.0266,FRC4,49,49,1683,1683,1,False,1.0
2026-07-21T16:23:51.821827+00:00,city_Noida,city_center,Noida,28.5355,77.391,FRC3,24,29,3132,2592,0.96819,True,0.828
2026-07-21T16:23:51.821827+00:00,hotspot_Anand_Vihar,hotspot,Anand Vihar,28.6469,77.3152,FRC3,40,40,651,651,1,False,1.0
2026-07-21T16:23:51.821827+00:00,hotspot_Rohini,hotspot,Rohini,28.7495,77.0565,FRC2,29,37,1557,1220,1,False,0.784
2026-07-21T16:55:44.670622+00:00,grid_0,grid,,28.099302,76.698159,FRC4,31,31,1306,1306,1,False,1.0
2026-07-21T16:55:44.670622+00:00,grid_1,grid,,28.099302,76.899382,FRC4,35,35,1597,1597,1,False,1.0
2026-07-21T16:55:44.670622+00:00,grid_2,grid,,28.099302,77.100604,FRC4,42,42,626,626,1,False,1.0
2026-07-21T16:55:44.670622+00:00,grid_3,grid,,28.099302,77.301827,FRC0,80,80,808,808,1,False,1.0
2026-07-21T16:55:44.670622+00:00,grid_4,grid,,28.099302,77.503049,FRC2,47,47,1739,1739,1,False,1.0
2026-07-21T16:55:44.670622+00:00,grid_5,grid,,28.099302,77.704272,FRC4,54,54,1057,1057,1,False,1.0
2026-07-21T16:55:44.670622+00:00,grid_6,grid,,28.260999,76.698159,FRC3,44,44,1293,1293,1,False,1.0
2026-07-21T16:55:44.670622+00:00,grid_7,grid,,28.260999,76.899382,FRC3,43,43,1183,1183,1,False,1.0
2026-07-21T16:55:44.670622+00:00,grid_8,grid,,28.260999,77.100604,FRC0,102,102,373,373,1,False,1.0
2026-07-21T16:55:44.670622+00:00,grid_9,grid,,28.260999,77.301827,FRC4,31,31,1991,1991,1,False,1.0
2026-07-21T16:55:44.670622+00:00,grid_10,grid,,28.260999,77.503049,FRC4,36,36,2091,2091,1,False,1.0
2026-07-21T16:55:44.670622+00:00,grid_11,grid,,28.260999,77.704272,FRC4,56,56,1312,1312,1,False,1.0
2026-07-21T16:55:44.670622+00:00,grid_12,grid,,28.422696,76.698159,FRC4,30,30,1054,1054,1,False,1.0
2026-07-21T16:55:44.670622+00:00,grid_13,grid,,28.422696,76.899382,FRC3,49,49,1029,1029,1,False,1.0
2026-07-21T16:55:44.670622+00:00,grid_14,grid,,28.422696,77.100604,FRC3,40,40,1206,1206,1,False,1.0
2026-07-21T16:55:44.670622+00:00,grid_15,grid,,28.422696,77.301827,FRC3,30,30,1172,1172,1,False,1.0
2026-07-21T16:55:44.670622+00:00,grid_16,grid,,28.422696,77.503049,FRC0,92,92,469,469,1,False,1.0
2026-07-21T16:55:44.670622+00:00,grid_17,grid,,28.422696,77.704272,FRC3,56,56,1244,1244,1,False,1.0
2026-07-21T16:55:44.670622+00:00,grid_18,grid,,28.584392,76.698159,FRC4,34,34,770,770,1,False,1.0
2026-07-21T16:55:44.670622+00:00,grid_19,grid,,28.584392,76.899382,FRC7,40,40,1295,1295,1,False,1.0
2026-07-21T16:55:44.670622+00:00,grid_20,grid,,28.584392,77.100604,FRC6,37,37,1194,1194,1,False,1.0
2026-07-21T16:55:44.670622+00:00,grid_21,grid,,28.584392,77.301827,FRC2,49,49,990,990,1,False,1.0
2026-07-21T16:55:44.670622+00:00,grid_22,grid,,28.584392,77.503049,FRC3,42,42,1451,1451,1,False,1.0
2026-07-21T16:55:44.670622+00:00,grid_23,grid,,28.584392,77.704272,FRC4,43,43,1750,1750,1,False,1.0
2026-07-21T16:55:44.670622+00:00,grid_24,grid,,28.746089,76.698159,FRC4,48,48,1616,1616,1,False,1.0
2026-07-21T16:55:44.670622+00:00,grid_25,grid,,28.746089,76.899382,FRC4,42,42,737,737,1,False,1.0
2026-07-21T16:55:44.670622+00:00,grid_26,grid,,28.746089,77.100604,FRC3,27,32,1863,1572,0.909113,False,0.844
2026-07-21T16:55:44.670622+00:00,grid_27,grid,,28.746089,77.301827,FRC3,28,28,1127,1127,1,False,1.0
2026-07-21T16:55:44.670622+00:00,grid_28,grid,,28.746089,77.503049,FRC2,49,49,1312,1312,1,False,1.0
2026-07-21T16:55:44.670622+00:00,grid_29,grid,,28.746089,77.704272,FRC3,49,49,1563,1563,1,False,1.0
2026-07-21T16:55:44.670622+00:00,grid_30,grid,,28.907786,76.698159,FRC2,46,46,1593,1593,1,False,1.0
2026-07-21T16:55:44.670622+00:00,grid_31,grid,,28.907786,76.899382,FRC4,44,44,1286,1286,1,False,1.0
2026-07-21T16:55:44.670622+00:00,grid_32,grid,,28.907786,77.100604,FRC1,41,61,219,147,0.672269,False,0.672
2026-07-21T16:55:44.670622+00:00,grid_33,grid,,28.907786,77.301827,FRC2,68,68,1073,1073,1,False,1.0
2026-07-21T16:55:44.670622+00:00,grid_34,grid,,28.907786,77.503049,FRC4,46,46,1067,1067,1,False,1.0
2026-07-21T16:55:44.670622+00:00,grid_35,grid,,28.907786,77.704272,FRC2,49,49,1477,1477,1,False,1.0
2026-07-21T16:55:44.670622+00:00,city_Delhi,city_center,Delhi,28.7041,77.1025,FRC2,30,30,705,705,1,False,1.0
2026-07-21T16:55:44.670622+00:00,city_Faridabad,city_center,Faridabad,28.4089,77.3178,FRC4,34,34,355,355,1,False,1.0
2026-07-21T16:55:44.670622+00:00,city_Ghaziabad,city_center,Ghaziabad,28.6692,77.4538,FRC4,37,37,1031,1031,1,False,1.0
2026-07-21T16:55:44.670622+00:00,city_Gurgaon,city_center,Gurgaon,28.4595,77.0266,FRC4,49,49,1683,1683,1,False,1.0
2026-07-21T16:55:44.670622+00:00,city_Noida,city_center,Noida,28.5355,77.391,FRC3,26,29,2891,2592,0.968103,True,0.897
2026-07-21T16:55:44.670622+00:00,hotspot_Anand_Vihar,hotspot,Anand Vihar,28.6469,77.3152,FRC3,40,40,651,651,1,False,1.0
2026-07-21T16:55:44.670622+00:00,hotspot_Rohini,hotspot,Rohini,28.7495,77.0565,FRC2,38,38,1188,1188,1,False,1.0
2026-07-21T17:28:12.433856+00:00,grid_0,grid,,28.099302,76.698159,FRC4,31,31,1306,1306,1,False,1.0
2026-07-21T17:28:12.433856+00:00,grid_1,grid,,28.099302,76.899382,FRC4,35,35,1597,1597,1,False,1.0
2026-07-21T17:28:12.433856+00:00,grid_2,grid,,28.099302,77.100604,FRC4,42,42,626,626,1,False,1.0
2026-07-21T17:28:12.433856+00:00,grid_3,grid,,28.099302,77.301827,FRC0,80,80,808,808,1,False,1.0
2026-07-21T17:28:12.433856+00:00,grid_4,grid,,28.099302,77.503049,FRC2,47,47,1739,1739,1,False,1.0
2026-07-21T17:28:12.433856+00:00,grid_5,grid,,28.099302,77.704272,FRC4,54,54,1057,1057,1,False,1.0
2026-07-21T17:28:12.433856+00:00,grid_6,grid,,28.260999,76.698159,FRC3,44,44,1293,1293,1,False,1.0
2026-07-21T17:28:12.433856+00:00,grid_7,grid,,28.260999,76.899382,FRC3,43,43,1183,1183,1,False,1.0
2026-07-21T17:28:12.433856+00:00,grid_8,grid,,28.260999,77.100604,FRC0,102,102,373,373,1,False,1.0
2026-07-21T17:28:12.433856+00:00,grid_9,grid,,28.260999,77.301827,FRC4,31,31,1991,1991,1,False,1.0
2026-07-21T17:28:12.433856+00:00,grid_10,grid,,28.260999,77.503049,FRC4,36,36,2091,2091,1,False,1.0
2026-07-21T17:28:12.433856+00:00,grid_11,grid,,28.260999,77.704272,FRC4,56,56,1312,1312,1,False,1.0
2026-07-21T17:28:12.433856+00:00,grid_12,grid,,28.422696,76.698159,FRC4,30,30,1054,1054,1,False,1.0
2026-07-21T17:28:12.433856+00:00,grid_13,grid,,28.422696,76.899382,FRC3,49,49,1029,1029,1,False,1.0
2026-07-21T17:28:12.433856+00:00,grid_14,grid,,28.422696,77.100604,FRC3,40,40,1206,1206,1,False,1.0
2026-07-21T17:28:12.433856+00:00,grid_15,grid,,28.422696,77.301827,FRC3,30,30,1172,1172,1,False,1.0
2026-07-21T17:28:12.433856+00:00,grid_16,grid,,28.422696,77.503049,FRC0,92,92,469,469,1,False,1.0
2026-07-21T17:28:12.433856+00:00,grid_17,grid,,28.422696,77.704272,FRC3,56,56,1244,1244,1,False,1.0
2026-07-21T17:28:12.433856+00:00,grid_18,grid,,28.584392,76.698159,FRC4,34,34,770,770,1,False,1.0
2026-07-21T17:28:12.433856+00:00,grid_19,grid,,28.584392,76.899382,FRC7,40,40,1295,1295,1,False,1.0
2026-07-21T17:28:12.433856+00:00,grid_20,grid,,28.584392,77.100604,FRC6,37,37,1194,1194,1,False,1.0
2026-07-21T17:28:12.433856+00:00,grid_21,grid,,28.584392,77.301827,FRC2,49,49,990,990,1,False,1.0
2026-07-21T17:28:12.433856+00:00,grid_22,grid,,28.584392,77.503049,FRC3,42,42,1451,1451,1,False,1.0
2026-07-21T17:28:12.433856+00:00,grid_23,grid,,28.584392,77.704272,FRC4,43,43,1750,1750,1,False,1.0
2026-07-21T17:28:12.433856+00:00,grid_24,grid,,28.746089,76.698159,FRC4,48,48,1616,1616,1,False,1.0
2026-07-21T17:28:12.433856+00:00,grid_25,grid,,28.746089,76.899382,FRC4,42,42,737,737,1,False,1.0
2026-07-21T17:28:12.433856+00:00,grid_26,grid,,28.746089,77.100604,FRC3,32,32,1572,1572,1,False,1.0
2026-07-21T17:28:12.433856+00:00,grid_27,grid,,28.746089,77.301827,FRC3,28,28,1127,1127,1,False,1.0
2026-07-21T17:28:12.433856+00:00,grid_28,grid,,28.746089,77.503049,FRC2,49,49,1312,1312,1,False,1.0
2026-07-21T17:28:12.433856+00:00,grid_29,grid,,28.746089,77.704272,FRC3,49,49,1563,1563,1,False,1.0
2026-07-21T17:28:12.433856+00:00,grid_30,grid,,28.907786,76.698159,FRC2,46,46,1593,1593,1,False,1.0
2026-07-21T17:28:12.433856+00:00,grid_31,grid,,28.907786,76.899382,FRC4,44,44,1286,1286,1,False,1.0
2026-07-21T17:28:12.433856+00:00,grid_32,grid,,28.907786,77.100604,FRC1,61,61,147,147,1,False,1.0
2026-07-21T17:28:12.433856+00:00,grid_33,grid,,28.907786,77.301827,FRC2,68,68,1073,1073,1,False,1.0
2026-07-21T17:28:12.433856+00:00,grid_34,grid,,28.907786,77.503049,FRC4,46,46,1067,1067,1,False,1.0
2026-07-21T17:28:12.433856+00:00,grid_35,grid,,28.907786,77.704272,FRC2,49,49,1477,1477,1,False,1.0
2026-07-21T17:28:12.433856+00:00,city_Delhi,city_center,Delhi,28.7041,77.1025,FRC2,30,30,705,705,1,False,1.0
2026-07-21T17:28:12.433856+00:00,city_Faridabad,city_center,Faridabad,28.4089,77.3178,FRC4,34,34,355,355,1,False,1.0
2026-07-21T17:28:12.433856+00:00,city_Ghaziabad,city_center,Ghaziabad,28.6692,77.4538,FRC4,32,37,1192,1031,0.96347,False,0.865
2026-07-21T17:28:12.433856+00:00,city_Gurgaon,city_center,Gurgaon,28.4595,77.0266,FRC4,49,49,1683,1683,1,False,1.0
2026-07-21T17:28:12.433856+00:00,city_Noida,city_center,Noida,28.5355,77.391,FRC3,25,29,3007,2592,0.952255,True,0.862
2026-07-21T17:28:12.433856+00:00,hotspot_Anand_Vihar,hotspot,Anand Vihar,28.6469,77.3152,FRC3,40,40,651,651,1,False,1.0
2026-07-21T17:28:12.433856+00:00,hotspot_Rohini,hotspot,Rohini,28.7495,77.0565,FRC2,38,38,1188,1188,1,False,1.0
2026-07-21T17:59:13.119091+00:00,grid_0,grid,,28.099302,76.698159,FRC4,31,31,1306,1306,1,False,1.0
2026-07-21T17:59:13.119091+00:00,grid_1,grid,,28.099302,76.899382,FRC4,35,35,1597,1597,1,False,1.0
2026-07-21T17:59:13.119091+00:00,grid_2,grid,,28.099302,77.100604,FRC4,42,42,626,626,1,False,1.0
2026-07-21T17:59:13.119091+00:00,grid_3,grid,,28.099302,77.301827,FRC0,80,80,808,808,1,False,1.0
2026-07-21T17:59:13.119091+00:00,grid_4,grid,,28.099302,77.503049,FRC2,47,47,1739,1739,1,False,1.0
2026-07-21T17:59:13.119091+00:00,grid_5,grid,,28.099302,77.704272,FRC4,54,54,1057,1057,1,False,1.0
2026-07-21T17:59:13.119091+00:00,grid_6,grid,,28.260999,76.698159,FRC3,44,44,1293,1293,1,False,1.0
2026-07-21T17:59:13.119091+00:00,grid_7,grid,,28.260999,76.899382,FRC3,43,43,1183,1183,1,False,1.0
2026-07-21T17:59:13.119091+00:00,grid_8,grid,,28.260999,77.100604,FRC0,102,102,373,373,1,False,1.0
2026-07-21T17:59:13.119091+00:00,grid_9,grid,,28.260999,77.301827,FRC4,31,31,1991,1991,1,False,1.0
2026-07-21T17:59:13.119091+00:00,grid_10,grid,,28.260999,77.503049,FRC4,36,36,2091,2091,1,False,1.0
2026-07-21T17:59:13.119091+00:00,grid_11,grid,,28.260999,77.704272,FRC4,56,56,1312,1312,1,False,1.0
2026-07-21T17:59:13.119091+00:00,grid_12,grid,,28.422696,76.698159,FRC4,30,30,1054,1054,1,False,1.0
2026-07-21T17:59:13.119091+00:00,grid_13,grid,,28.422696,76.899382,FRC3,49,49,1029,1029,1,False,1.0
2026-07-21T17:59:13.119091+00:00,grid_14,grid,,28.422696,77.100604,FRC3,40,40,1206,1206,1,False,1.0
2026-07-21T17:59:13.119091+00:00,grid_15,grid,,28.422696,77.301827,FRC3,30,30,1172,1172,1,False,1.0
2026-07-21T17:59:13.119091+00:00,grid_16,grid,,28.422696,77.503049,FRC0,92,92,469,469,1,False,1.0
2026-07-21T17:59:13.119091+00:00,grid_17,grid,,28.422696,77.704272,FRC3,56,56,1244,1244,1,False,1.0
2026-07-21T17:59:13.119091+00:00,grid_18,grid,,28.584392,76.698159,FRC4,34,34,770,770,1,False,1.0
2026-07-21T17:59:13.119091+00:00,grid_19,grid,,28.584392,76.899382,FRC7,40,40,1295,1295,1,False,1.0
2026-07-21T17:59:13.119091+00:00,grid_20,grid,,28.584392,77.100604,FRC6,37,37,1194,1194,1,False,1.0
2026-07-21T17:59:13.119091+00:00,grid_21,grid,,28.584392,77.301827,FRC2,49,49,990,990,1,False,1.0
2026-07-21T17:59:13.119091+00:00,grid_22,grid,,28.584392,77.503049,FRC3,42,42,1451,1451,1,False,1.0
2026-07-21T17:59:13.119091+00:00,grid_23,grid,,28.584392,77.704272,FRC4,43,43,1750,1750,1,False,1.0
2026-07-21T17:59:13.119091+00:00,grid_24,grid,,28.746089,76.698159,FRC4,48,48,1616,1616,1,False,1.0
2026-07-21T17:59:13.119091+00:00,grid_25,grid,,28.746089,76.899382,FRC4,42,42,737,737,1,False,1.0
2026-07-21T17:59:13.119091+00:00,grid_26,grid,,28.746089,77.100604,FRC3,32,32,1572,1572,1,False,1.0
2026-07-21T17:59:13.119091+00:00,grid_27,grid,,28.746089,77.301827,FRC3,28,28,1127,1127,1,False,1.0
2026-07-21T17:59:13.119091+00:00,grid_28,grid,,28.746089,77.503049,FRC2,49,49,1312,1312,1,False,1.0
2026-07-21T17:59:13.119091+00:00,grid_29,grid,,28.746089,77.704272,FRC3,49,49,1563,1563,1,False,1.0
2026-07-21T17:59:13.119091+00:00,grid_30,grid,,28.907786,76.698159,FRC2,46,46,1593,1593,1,False,1.0
2026-07-21T17:59:13.119091+00:00,grid_31,grid,,28.907786,76.899382,FRC4,44,44,1286,1286,1,False,1.0
2026-07-21T17:59:13.119091+00:00,grid_32,grid,,28.907786,77.100604,FRC1,44,61,204,147,0.785462,False,0.721
2026-07-21T17:59:13.119091+00:00,grid_33,grid,,28.907786,77.301827,FRC2,68,68,1073,1073,1,False,1.0
2026-07-21T17:59:13.119091+00:00,grid_34,grid,,28.907786,77.503049,FRC4,46,46,1067,1067,1,False,1.0
2026-07-21T17:59:13.119091+00:00,grid_35,grid,,28.907786,77.704272,FRC2,49,49,1477,1477,1,False,1.0
2026-07-21T17:59:13.119091+00:00,city_Delhi,city_center,Delhi,28.7041,77.1025,FRC2,26,29,813,729,0.983059,False,0.897
2026-07-21T17:59:13.119091+00:00,city_Faridabad,city_center,Faridabad,28.4089,77.3178,FRC4,34,34,355,355,1,False,1.0
2026-07-21T17:59:13.119091+00:00,city_Ghaziabad,city_center,Ghaziabad,28.6692,77.4538,FRC4,37,37,1031,1031,1,False,1.0
2026-07-21T17:59:13.119091+00:00,city_Gurgaon,city_center,Gurgaon,28.4595,77.0266,FRC4,49,49,1683,1683,1,False,1.0
2026-07-21T17:59:13.119091+00:00,city_Noida,city_center,Noida,28.5355,77.391,FRC3,28,30,2684,2505,0.915308,True,0.933
2026-07-21T17:59:13.119091+00:00,hotspot_Anand_Vihar,hotspot,Anand Vihar,28.6469,77.3152,FRC3,40,40,651,651,1,False,1.0
2026-07-21T17:59:13.119091+00:00,hotspot_Rohini,hotspot,Rohini,28.7495,77.0565,FRC2,38,38,1188,1188,1,False,1.0
2026-07-21T18:32:40.031567+00:00,grid_0,grid,,28.099302,76.698159,FRC4,31,31,1306,1306,1,False,1.0
2026-07-21T18:32:40.031567+00:00,grid_1,grid,,28.099302,76.899382,FRC4,35,35,1597,1597,1,False,1.0
2026-07-21T18:32:40.031567+00:00,grid_2,grid,,28.099302,77.100604,FRC4,42,42,626,626,1,False,1.0
2026-07-21T18:32:40.031567+00:00,grid_3,grid,,28.099302,77.301827,FRC0,80,80,808,808,1,False,1.0
2026-07-21T18:32:40.031567+00:00,grid_4,grid,,28.099302,77.503049,FRC2,47,47,1739,1739,1,False,1.0
2026-07-21T18:32:40.031567+00:00,grid_5,grid,,28.099302,77.704272,FRC4,54,54,1057,1057,1,False,1.0
2026-07-21T18:32:40.031567+00:00,grid_6,grid,,28.260999,76.698159,FRC3,44,44,1293,1293,1,False,1.0
2026-07-21T18:32:40.031567+00:00,grid_7,grid,,28.260999,76.899382,FRC3,43,43,1183,1183,1,False,1.0
2026-07-21T18:32:40.031567+00:00,grid_8,grid,,28.260999,77.100604,FRC0,102,102,373,373,1,False,1.0
2026-07-21T18:32:40.031567+00:00,grid_9,grid,,28.260999,77.301827,FRC4,31,31,1991,1991,1,False,1.0
2026-07-21T18:32:40.031567+00:00,grid_10,grid,,28.260999,77.503049,FRC4,36,36,2091,2091,1,False,1.0
2026-07-21T18:32:40.031567+00:00,grid_11,grid,,28.260999,77.704272,FRC4,56,56,1312,1312,1,False,1.0
2026-07-21T18:32:40.031567+00:00,grid_12,grid,,28.422696,76.698159,FRC4,30,30,1054,1054,1,False,1.0
2026-07-21T18:32:40.031567+00:00,grid_13,grid,,28.422696,76.899382,FRC3,49,49,1029,1029,1,False,1.0
2026-07-21T18:32:40.031567+00:00,grid_14,grid,,28.422696,77.100604,FRC3,40,40,1206,1206,1,False,1.0
2026-07-21T18:32:40.031567+00:00,grid_15,grid,,28.422696,77.301827,FRC3,30,30,1172,1172,1,False,1.0
2026-07-21T18:32:40.031567+00:00,grid_16,grid,,28.422696,77.503049,FRC0,92,92,469,469,1,False,1.0
2026-07-21T18:32:40.031567+00:00,grid_17,grid,,28.422696,77.704272,FRC3,56,56,1244,1244,1,False,1.0
2026-07-21T18:32:40.031567+00:00,grid_18,grid,,28.584392,76.698159,FRC4,34,34,770,770,1,False,1.0
2026-07-21T18:32:40.031567+00:00,grid_19,grid,,28.584392,76.899382,FRC7,40,40,1295,1295,1,False,1.0
2026-07-21T18:32:40.031567+00:00,grid_20,grid,,28.584392,77.100604,FRC6,37,37,1194,1194,1,False,1.0
2026-07-21T18:32:40.031567+00:00,grid_21,grid,,28.584392,77.301827,FRC2,49,49,990,990,1,False,1.0
2026-07-21T18:32:40.031567+00:00,grid_22,grid,,28.584392,77.503049,FRC3,42,42,1451,1451,1,False,1.0
2026-07-21T18:32:40.031567+00:00,grid_23,grid,,28.584392,77.704272,FRC4,43,43,1750,1750,1,False,1.0
2026-07-21T18:32:40.031567+00:00,grid_24,grid,,28.746089,76.698159,FRC4,48,48,1616,1616,1,False,1.0
2026-07-21T18:32:40.031567+00:00,grid_25,grid,,28.746089,76.899382,FRC4,42,42,737,737,1,False,1.0
2026-07-21T18:32:40.031567+00:00,grid_26,grid,,28.746089,77.100604,FRC3,32,32,1572,1572,1,False,1.0
2026-07-21T18:32:40.031567+00:00,grid_27,grid,,28.746089,77.301827,FRC3,28,28,1127,1127,1,False,1.0
2026-07-21T18:32:40.031567+00:00,grid_28,grid,,28.746089,77.503049,FRC2,49,49,1312,1312,1,False,1.0
2026-07-21T18:32:40.031567+00:00,grid_29,grid,,28.746089,77.704272,FRC3,49,49,1563,1563,1,False,1.0
2026-07-21T18:32:40.031567+00:00,grid_30,grid,,28.907786,76.698159,FRC2,46,46,1593,1593,1,False,1.0
2026-07-21T18:32:40.031567+00:00,grid_31,grid,,28.907786,76.899382,FRC4,44,44,1286,1286,1,False,1.0
2026-07-21T18:32:40.031567+00:00,grid_32,grid,,28.907786,77.100604,FRC1,61,61,147,147,1,False,1.0
2026-07-21T18:32:40.031567+00:00,grid_33,grid,,28.907786,77.301827,FRC2,68,68,1073,1073,1,False,1.0
2026-07-21T18:32:40.031567+00:00,grid_34,grid,,28.907786,77.503049,FRC4,46,46,1067,1067,1,False,1.0
2026-07-21T18:32:40.031567+00:00,grid_35,grid,,28.907786,77.704272,FRC2,49,49,1477,1477,1,False,1.0
2026-07-21T18:32:40.031567+00:00,city_Delhi,city_center,Delhi,28.7041,77.1025,FRC2,30,30,705,705,1,False,1.0
2026-07-21T18:32:40.031567+00:00,city_Faridabad,city_center,Faridabad,28.4089,77.3178,FRC4,34,34,355,355,1,False,1.0
2026-07-21T18:32:40.031567+00:00,city_Ghaziabad,city_center,Ghaziabad,28.6692,77.4538,FRC4,37,37,1031,1031,1,False,1.0
2026-07-21T18:32:40.031567+00:00,city_Gurgaon,city_center,Gurgaon,28.4595,77.0266,FRC4,49,49,1683,1683,1,False,1.0
2026-07-21T18:32:40.031567+00:00,city_Noida,city_center,Noida,28.5355,77.391,FRC3,28,30,2684,2505,0.931034,True,0.933
2026-07-21T18:32:40.031567+00:00,hotspot_Anand_Vihar,hotspot,Anand Vihar,28.6469,77.3152,FRC3,40,40,651,651,1,False,1.0
2026-07-21T18:32:40.031567+00:00,hotspot_Rohini,hotspot,Rohini,28.7495,77.0565,FRC2,38,38,1188,1188,1,False,1.0
2026-07-21T19:03:54.224491+00:00,grid_0,grid,,28.099302,76.698159,FRC4,31,31,1306,1306,1,False,1.0
2026-07-21T19:03:54.224491+00:00,grid_1,grid,,28.099302,76.899382,FRC4,35,35,1597,1597,1,False,1.0
2026-07-21T19:03:54.224491+00:00,grid_2,grid,,28.099302,77.100604,FRC4,42,42,626,626,1,False,1.0
2026-07-21T19:03:54.224491+00:00,grid_3,grid,,28.099302,77.301827,FRC0,80,80,808,808,1,False,1.0
2026-07-21T19:03:54.224491+00:00,grid_4,grid,,28.099302,77.503049,FRC2,47,47,1739,1739,1,False,1.0
2026-07-21T19:03:54.224491+00:00,grid_5,grid,,28.099302,77.704272,FRC4,54,54,1057,1057,1,False,1.0
2026-07-21T19:03:54.224491+00:00,grid_6,grid,,28.260999,76.698159,FRC3,44,44,1293,1293,1,False,1.0
2026-07-21T19:03:54.224491+00:00,grid_7,grid,,28.260999,76.899382,FRC3,43,43,1183,1183,1,False,1.0
2026-07-21T19:03:54.224491+00:00,grid_8,grid,,28.260999,77.100604,FRC0,102,102,373,373,1,False,1.0
2026-07-21T19:03:54.224491+00:00,grid_9,grid,,28.260999,77.301827,FRC4,31,31,1991,1991,1,False,1.0
2026-07-21T19:03:54.224491+00:00,grid_10,grid,,28.260999,77.503049,FRC4,36,36,2091,2091,1,False,1.0
2026-07-21T19:03:54.224491+00:00,grid_11,grid,,28.260999,77.704272,FRC4,56,56,1312,1312,1,False,1.0
2026-07-21T19:03:54.224491+00:00,grid_12,grid,,28.422696,76.698159,FRC4,30,30,1054,1054,1,False,1.0
2026-07-21T19:03:54.224491+00:00,grid_13,grid,,28.422696,76.899382,FRC3,49,49,1029,1029,1,False,1.0
2026-07-21T19:03:54.224491+00:00,grid_14,grid,,28.422696,77.100604,FRC3,40,40,1206,1206,1,False,1.0
2026-07-21T19:03:54.224491+00:00,grid_15,grid,,28.422696,77.301827,FRC3,30,30,1172,1172,1,False,1.0
2026-07-21T19:03:54.224491+00:00,grid_16,grid,,28.422696,77.503049,FRC0,92,92,469,469,1,False,1.0
2026-07-21T19:03:54.224491+00:00,grid_17,grid,,28.422696,77.704272,FRC3,56,56,1244,1244,1,False,1.0
2026-07-21T19:03:54.224491+00:00,grid_18,grid,,28.584392,76.698159,FRC4,34,34,770,770,1,False,1.0
2026-07-21T19:03:54.224491+00:00,grid_19,grid,,28.584392,76.899382,FRC7,40,40,1295,1295,1,False,1.0
2026-07-21T19:03:54.224491+00:00,grid_20,grid,,28.584392,77.100604,FRC6,37,37,1194,1194,1,False,1.0
2026-07-21T19:03:54.224491+00:00,grid_21,grid,,28.584392,77.301827,FRC2,49,49,990,990,1,False,1.0
2026-07-21T19:03:54.224491+00:00,grid_22,grid,,28.584392,77.503049,FRC3,42,42,1451,1451,1,False,1.0
2026-07-21T19:03:54.224491+00:00,grid_23,grid,,28.584392,77.704272,FRC4,43,43,1750,1750,1,False,1.0
2026-07-21T19:03:54.224491+00:00,grid_24,grid,,28.746089,76.698159,FRC4,48,48,1616,1616,1,False,1.0
2026-07-21T19:03:54.224491+00:00,grid_25,grid,,28.746089,76.899382,FRC4,42,42,737,737,1,False,1.0
2026-07-21T19:03:54.224491+00:00,grid_26,grid,,28.746089,77.100604,FRC3,32,32,1572,1572,1,False,1.0
2026-07-21T19:03:54.224491+00:00,grid_27,grid,,28.746089,77.301827,FRC3,28,28,1127,1127,1,False,1.0
2026-07-21T19:03:54.224491+00:00,grid_28,grid,,28.746089,77.503049,FRC2,49,49,1312,1312,1,False,1.0
2026-07-21T19:03:54.224491+00:00,grid_29,grid,,28.746089,77.704272,FRC3,49,49,1563,1563,1,False,1.0
2026-07-21T19:03:54.224491+00:00,grid_30,grid,,28.907786,76.698159,FRC2,46,46,1593,1593,1,False,1.0
2026-07-21T19:03:54.224491+00:00,grid_31,grid,,28.907786,76.899382,FRC4,44,44,1286,1286,1,False,1.0
2026-07-21T19:03:54.224491+00:00,grid_32,grid,,28.907786,77.100604,FRC1,61,61,147,147,1,False,1.0
2026-07-21T19:03:54.224491+00:00,grid_33,grid,,28.907786,77.301827,FRC2,68,68,1073,1073,1,False,1.0
2026-07-21T19:03:54.224491+00:00,grid_34,grid,,28.907786,77.503049,FRC4,46,46,1067,1067,1,False,1.0
2026-07-21T19:03:54.224491+00:00,grid_35,grid,,28.907786,77.704272,FRC2,49,49,1477,1477,1,False,1.0
2026-07-21T19:03:54.224491+00:00,city_Delhi,city_center,Delhi,28.7041,77.1025,FRC2,30,30,705,705,1,False,1.0
2026-07-21T19:03:54.224491+00:00,city_Faridabad,city_center,Faridabad,28.4089,77.3178,FRC4,34,34,355,355,1,False,1.0
2026-07-21T19:03:54.224491+00:00,city_Ghaziabad,city_center,Ghaziabad,28.6692,77.4538,FRC4,37,37,1031,1031,1,False,1.0
2026-07-21T19:03:54.224491+00:00,city_Gurgaon,city_center,Gurgaon,28.4595,77.0266,FRC4,49,49,1683,1683,1,False,1.0
2026-07-21T19:03:54.224491+00:00,city_Noida,city_center,Noida,28.5355,77.391,FRC3,28,30,2684,2505,0.847118,True,0.933
2026-07-21T19:03:54.224491+00:00,hotspot_Anand_Vihar,hotspot,Anand Vihar,28.6469,77.3152,FRC3,40,40,651,651,1,False,1.0
2026-07-21T19:03:54.224491+00:00,hotspot_Rohini,hotspot,Rohini,28.7495,77.0565,FRC2,38,38,1188,1188,1,False,1.0
2026-07-21T19:35:29.969894+00:00,grid_0,grid,,28.099302,76.698159,FRC4,31,31,1306,1306,1,False,1.0
2026-07-21T19:35:29.969894+00:00,grid_1,grid,,28.099302,76.899382,FRC4,35,35,1597,1597,1,False,1.0
2026-07-21T19:35:29.969894+00:00,grid_2,grid,,28.099302,77.100604,FRC4,42,42,626,626,1,False,1.0
2026-07-21T19:35:29.969894+00:00,grid_3,grid,,28.099302,77.301827,FRC0,80,80,808,808,1,False,1.0
2026-07-21T19:35:29.969894+00:00,grid_4,grid,,28.099302,77.503049,FRC2,47,47,1739,1739,1,False,1.0
2026-07-21T19:35:29.969894+00:00,grid_5,grid,,28.099302,77.704272,FRC4,54,54,1057,1057,1,False,1.0
2026-07-21T19:35:29.969894+00:00,grid_6,grid,,28.260999,76.698159,FRC3,44,44,1293,1293,1,False,1.0
2026-07-21T19:35:29.969894+00:00,grid_7,grid,,28.260999,76.899382,FRC3,43,43,1183,1183,1,False,1.0
2026-07-21T19:35:29.969894+00:00,grid_8,grid,,28.260999,77.100604,FRC0,102,102,373,373,1,False,1.0
2026-07-21T19:35:29.969894+00:00,grid_9,grid,,28.260999,77.301827,FRC4,31,31,1991,1991,1,False,1.0
2026-07-21T19:35:29.969894+00:00,grid_10,grid,,28.260999,77.503049,FRC4,36,36,2091,2091,1,False,1.0
2026-07-21T19:35:29.969894+00:00,grid_11,grid,,28.260999,77.704272,FRC4,56,56,1312,1312,1,False,1.0
2026-07-21T19:35:29.969894+00:00,grid_12,grid,,28.422696,76.698159,FRC4,30,30,1054,1054,1,False,1.0
2026-07-21T19:35:29.969894+00:00,grid_13,grid,,28.422696,76.899382,FRC3,49,49,1029,1029,1,False,1.0
2026-07-21T19:35:29.969894+00:00,grid_14,grid,,28.422696,77.100604,FRC3,40,40,1206,1206,1,False,1.0
2026-07-21T19:35:29.969894+00:00,grid_15,grid,,28.422696,77.301827,FRC3,30,30,1172,1172,1,False,1.0
2026-07-21T19:35:29.969894+00:00,grid_16,grid,,28.422696,77.503049,FRC0,92,92,469,469,1,False,1.0
2026-07-21T19:35:29.969894+00:00,grid_17,grid,,28.422696,77.704272,FRC3,56,56,1244,1244,1,False,1.0
2026-07-21T19:35:29.969894+00:00,grid_18,grid,,28.584392,76.698159,FRC4,34,34,770,770,1,False,1.0
2026-07-21T19:35:29.969894+00:00,grid_19,grid,,28.584392,76.899382,FRC7,40,40,1295,1295,1,False,1.0
2026-07-21T19:35:29.969894+00:00,grid_20,grid,,28.584392,77.100604,FRC6,37,37,1194,1194,1,False,1.0
2026-07-21T19:35:29.969894+00:00,grid_21,grid,,28.584392,77.301827,FRC2,49,49,990,990,1,False,1.0
2026-07-21T19:35:29.969894+00:00,grid_22,grid,,28.584392,77.503049,FRC3,42,42,1451,1451,1,False,1.0
2026-07-21T19:35:29.969894+00:00,grid_23,grid,,28.584392,77.704272,FRC4,43,43,1750,1750,1,False,1.0
2026-07-21T19:35:29.969894+00:00,grid_24,grid,,28.746089,76.698159,FRC4,48,48,1616,1616,1,False,1.0
2026-07-21T19:35:29.969894+00:00,grid_25,grid,,28.746089,76.899382,FRC4,42,42,737,737,1,False,1.0
2026-07-21T19:35:29.969894+00:00,grid_26,grid,,28.746089,77.100604,FRC3,32,32,1572,1572,1,False,1.0
2026-07-21T19:35:29.969894+00:00,grid_27,grid,,28.746089,77.301827,FRC3,28,28,1127,1127,1,False,1.0
2026-07-21T19:35:29.969894+00:00,grid_28,grid,,28.746089,77.503049,FRC2,49,49,1312,1312,1,False,1.0
2026-07-21T19:35:29.969894+00:00,grid_29,grid,,28.746089,77.704272,FRC3,49,49,1563,1563,1,False,1.0
2026-07-21T19:35:29.969894+00:00,grid_30,grid,,28.907786,76.698159,FRC2,46,46,1593,1593,1,False,1.0
2026-07-21T19:35:29.969894+00:00,grid_31,grid,,28.907786,76.899382,FRC4,44,44,1286,1286,1,False,1.0
2026-07-21T19:35:29.969894+00:00,grid_32,grid,,28.907786,77.100604,FRC1,61,61,147,147,1,False,1.0
2026-07-21T19:35:29.969894+00:00,grid_33,grid,,28.907786,77.301827,FRC2,68,68,1073,1073,1,False,1.0
2026-07-21T19:35:29.969894+00:00,grid_34,grid,,28.907786,77.503049,FRC4,46,46,1067,1067,1,False,1.0
2026-07-21T19:35:29.969894+00:00,grid_35,grid,,28.907786,77.704272,FRC2,49,49,1477,1477,1,False,1.0
2026-07-21T19:35:29.969894+00:00,city_Delhi,city_center,Delhi,28.7041,77.1025,FRC2,30,30,705,705,1,False,1.0
2026-07-21T19:35:29.969894+00:00,city_Faridabad,city_center,Faridabad,28.4089,77.3178,FRC4,34,34,355,355,1,False,1.0
2026-07-21T19:35:29.969894+00:00,city_Ghaziabad,city_center,Ghaziabad,28.6692,77.4538,FRC4,37,37,1031,1031,1,False,1.0
2026-07-21T19:35:29.969894+00:00,city_Gurgaon,city_center,Gurgaon,28.4595,77.0266,FRC4,49,49,1683,1683,1,False,1.0
2026-07-21T19:35:29.969894+00:00,city_Noida,city_center,Noida,28.5355,77.391,FRC3,27,29,2784,2592,0.928734,True,0.931
2026-07-21T19:35:29.969894+00:00,hotspot_Anand_Vihar,hotspot,Anand Vihar,28.6469,77.3152,FRC3,40,40,651,651,1,False,1.0
2026-07-21T19:35:29.969894+00:00,hotspot_Rohini,hotspot,Rohini,28.7495,77.0565,FRC2,38,38,1188,1188,1,False,1.0
2026-08-17T16:02:35.261574+00:00,grid_0,grid,,28.099302,76.698159,FRC4,31,31,1306,1306,1,False,1.0
2026-08-17T16:02:35.261574+00:00,grid_1,grid,,28.099302,76.899382,FRC4,35,35,1597,1597,1,False,1.0
2026-08-17T16:02:35.261574+00:00,grid_2,grid,,28.099302,77.100604,FRC4,42,42,626,626,1,False,1.0
2026-08-17T16:02:35.261574+00:00,grid_3,grid,,28.099302,77.301827,FRC0,80,80,808,808,1,False,1.0
2026-08-17T16:02:35.261574+00:00,grid_4,grid,,28.099302,77.503049,FRC2,46,46,1777,1777,1,False,1.0
2026-08-17T16:02:35.261574+00:00,grid_5,grid,,28.099302,77.704272,FRC4,54,54,1057,1057,1,False,1.0
2026-08-17T16:02:35.261574+00:00,grid_6,grid,,28.260999,76.698159,FRC3,44,44,1293,1293,1,False,1.0
2026-08-17T16:02:35.261574+00:00,grid_7,grid,,28.260999,76.899382,FRC3,43,43,1183,1183,1,False,1.0
2026-08-17T16:02:35.261574+00:00,grid_8,grid,,28.260999,77.100604,FRC0,102,102,373,373,1,False,1.0
2026-08-17T16:02:35.261574+00:00,grid_9,grid,,28.260999,77.301827,FRC4,31,31,1991,1991,1,False,1.0
2026-08-17T16:02:35.261574+00:00,grid_10,grid,,28.260999,77.503049,FRC4,36,36,2091,2091,1,False,1.0
2026-08-17T16:02:35.261574+00:00,grid_11,grid,,28.260999,77.704272,FRC4,55,55,1336,1336,1,False,1.0
2026-08-17T16:02:35.261574+00:00,grid_12,grid,,28.422696,76.698159,FRC4,30,30,1054,1054,1,False,1.0
2026-08-17T16:02:35.261574+00:00,grid_13,grid,,28.422696,76.899382,FRC3,44,48,1146,1050,0.886161,False,0.917
2026-08-17T16:02:35.261574+00:00,grid_14,grid,,28.422696,77.100604,FRC3,39,39,1237,1237,1,False,1.0
2026-08-17T16:02:35.261574+00:00,grid_15,grid,,28.422696,77.301827,FRC3,30,30,1172,1172,1,False,1.0
2026-08-17T16:02:35.261574+00:00,grid_16,grid,,28.422696,77.503049,FRC0,92,92,469,469,1,False,1.0
2026-08-17T16:02:35.261574+00:00,grid_17,grid,,28.422696,77.704272,FRC3,56,56,1244,1244,1,False,1.0
2026-08-17T16:02:35.261574+00:00,grid_18,grid,,28.584392,76.698159,FRC4,34,34,770,770,1,False,1.0
2026-08-17T16:02:35.261574+00:00,grid_19,grid,,28.584392,76.899382,FRC7,40,40,1295,1295,1,False,1.0
2026-08-17T16:02:35.261574+00:00,grid_20,grid,,28.584392,77.100604,FRC6,37,37,1194,1194,1,False,1.0
2026-08-17T16:02:35.261574+00:00,grid_21,grid,,28.584392,77.301827,FRC2,49,49,990,990,1,False,1.0
2026-08-17T16:02:35.261574+00:00,grid_22,grid,,28.584392,77.503049,FRC3,33,42,1847,1451,0.970254,False,0.786
2026-08-17T16:02:35.261574+00:00,grid_23,grid,,28.584392,77.704272,FRC4,43,43,1750,1750,1,False,1.0
2026-08-17T16:02:35.261574+00:00,grid_24,grid,,28.746089,76.698159,FRC4,47,47,1650,1650,1,False,1.0
2026-08-17T16:02:35.261574+00:00,grid_25,grid,,28.746089,76.899382,FRC4,42,42,737,737,1,False,1.0
2026-08-17T16:02:35.261574+00:00,grid_26,grid,,28.746089,77.100604,FRC3,26,33,1935,1524,0.965009,False,0.788
2026-08-17T16:02:35.261574+00:00,grid_27,grid,,28.746089,77.301827,FRC3,28,28,1127,1127,1,False,1.0
2026-08-17T16:02:35.261574+00:00,grid_28,grid,,28.746089,77.503049,FRC2,40,48,1607,1339,0.986919,False,0.833
2026-08-17T16:02:35.261574+00:00,grid_29,grid,,28.746089,77.704272,FRC3,49,49,1563,1563,1,False,1.0
2026-08-17T16:02:35.261574+00:00,grid_30,grid,,28.907786,76.698159,FRC2,46,46,1593,1593,1,False,1.0
2026-08-17T16:02:35.261574+00:00,grid_31,grid,,28.907786,76.899382,FRC4,44,44,1286,1286,1,False,1.0
2026-08-17T16:02:35.261574+00:00,grid_32,grid,,28.907786,77.100604,FRC1,44,60,204,150,0.94,False,0.733
2026-08-17T16:02:35.261574+00:00,grid_33,grid,,28.907786,77.301827,FRC2,60,69,1216,1058,0.838914,False,0.87
2026-08-17T16:02:35.261574+00:00,grid_34,grid,,28.907786,77.503049,FRC4,46,46,1067,1067,1,False,1.0
2026-08-17T16:02:35.261574+00:00,grid_35,grid,,28.907786,77.704272,FRC2,44,49,1645,1477,0.638101,False,0.898
2026-08-17T16:02:35.261574+00:00,city_Delhi,city_center,Delhi,28.7041,77.1025,FRC2,23,30,920,705,0.99,False,0.767
2026-08-17T16:02:35.261574+00:00,city_Faridabad,city_center,Faridabad,28.4089,77.3178,FRC4,23,33,526,366,0.94,False,0.697
2026-08-17T16:02:35.261574+00:00,city_Ghaziabad,city_center,Ghaziabad,28.6692,77.4538,FRC4,32,37,1192,1031,0.985154,False,0.865
2026-08-17T16:02:35.261574+00:00,city_Gurgaon,city_center,Gurgaon,28.4595,77.0266,FRC4,49,49,1683,1683,1,False,1.0
2026-08-17T16:02:35.261574+00:00,city_Noida,city_center,Noida,28.5355,77.391,FRC3,24,29,3132,2592,0.958179,True,0.828
2026-08-17T16:02:35.261574+00:00,hotspot_Anand_Vihar,hotspot,Anand Vihar,28.6469,77.3152,FRC3,40,40,651,651,1,False,1.0
2026-08-17T16:02:35.261574+00:00,hotspot_Rohini,hotspot,Rohini,28.7495,77.0565,FRC2,31,38,1457,1188,0.99749,False,0.816
2026-08-17T16:34:42.926755+00:00,grid_0,grid,,28.099302,76.698159,FRC4,31,31,1306,1306,1,False,1.0
2026-08-17T16:34:42.926755+00:00,grid_1,grid,,28.099302,76.899382,FRC4,35,35,1597,1597,1,False,1.0
2026-08-17T16:34:42.926755+00:00,grid_2,grid,,28.099302,77.100604,FRC4,42,42,626,626,1,False,1.0
2026-08-17T16:34:42.926755+00:00,grid_3,grid,,28.099302,77.301827,FRC0,80,80,808,808,1,False,1.0
2026-08-17T16:34:42.926755+00:00,grid_4,grid,,28.099302,77.503049,FRC2,46,46,1777,1777,1,False,1.0
2026-08-17T16:34:42.926755+00:00,grid_5,grid,,28.099302,77.704272,FRC4,54,54,1057,1057,1,False,1.0
2026-08-17T16:34:42.926755+00:00,grid_6,grid,,28.260999,76.698159,FRC3,44,44,1293,1293,1,False,1.0
2026-08-17T16:34:42.926755+00:00,grid_7,grid,,28.260999,76.899382,FRC3,43,43,1183,1183,1,False,1.0
2026-08-17T16:34:42.926755+00:00,grid_8,grid,,28.260999,77.100604,FRC0,102,102,373,373,1,False,1.0
2026-08-17T16:34:42.926755+00:00,grid_9,grid,,28.260999,77.301827,FRC4,31,31,1991,1991,1,False,1.0
2026-08-17T16:34:42.926755+00:00,grid_10,grid,,28.260999,77.503049,FRC4,36,36,2091,2091,1,False,1.0
2026-08-17T16:34:42.926755+00:00,grid_11,grid,,28.260999,77.704272,FRC4,55,55,1336,1336,1,False,1.0
2026-08-17T16:34:42.926755+00:00,grid_12,grid,,28.422696,76.698159,FRC4,30,30,1054,1054,1,False,1.0
2026-08-17T16:34:42.926755+00:00,grid_13,grid,,28.422696,76.899382,FRC3,48,48,1050,1050,1,False,1.0
2026-08-17T16:34:42.926755+00:00,grid_14,grid,,28.422696,77.100604,FRC3,39,39,1237,1237,1,False,1.0
2026-08-17T16:34:42.926755+00:00,grid_15,grid,,28.422696,77.301827,FRC3,30,30,1172,1172,1,False,1.0
2026-08-17T16:34:42.926755+00:00,grid_16,grid,,28.422696,77.503049,FRC0,92,92,469,469,1,False,1.0
2026-08-17T16:34:42.926755+00:00,grid_17,grid,,28.422696,77.704272,FRC3,56,56,1244,1244,1,False,1.0
2026-08-17T16:34:42.926755+00:00,grid_18,grid,,28.584392,76.698159,FRC4,34,34,770,770,1,False,1.0
2026-08-17T16:34:42.926755+00:00,grid_19,grid,,28.584392,76.899382,FRC7,40,40,1295,1295,1,False,1.0
2026-08-17T16:34:42.926755+00:00,grid_20,grid,,28.584392,77.100604,FRC6,37,37,1194,1194,1,False,1.0
2026-08-17T16:34:42.926755+00:00,grid_21,grid,,28.584392,77.301827,FRC2,49,49,990,990,1,False,1.0
2026-08-17T16:34:42.926755+00:00,grid_22,grid,,28.584392,77.503049,FRC3,41,41,1487,1487,1,False,1.0
2026-08-17T16:34:42.926755+00:00,grid_23,grid,,28.584392,77.704272,FRC4,43,43,1750,1750,1,False,1.0
2026-08-17T16:34:42.926755+00:00,grid_24,grid,,28.746089,76.698159,FRC4,47,47,1650,1650,1,False,1.0
2026-08-17T16:34:42.926755+00:00,grid_25,grid,,28.746089,76.899382,FRC4,42,42,737,737,1,False,1.0
2026-08-17T16:34:42.926755+00:00,grid_26,grid,,28.746089,77.100604,FRC3,26,32,1935,1572,0.945683,False,0.812
2026-08-17T16:34:42.926755+00:00,grid_27,grid,,28.746089,77.301827,FRC3,28,28,1127,1127,1,False,1.0
2026-08-17T16:34:42.926755+00:00,grid_28,grid,,28.746089,77.503049,FRC2,40,48,1607,1339,0.976752,False,0.833
2026-08-17T16:34:42.926755+00:00,grid_29,grid,,28.746089,77.704272,FRC3,49,49,1563,1563,1,False,1.0
2026-08-17T16:34:42.926755+00:00,grid_30,grid,,28.907786,76.698159,FRC2,46,46,1593,1593,1,False,1.0
2026-08-17T16:34:42.926755+00:00,grid_31,grid,,28.907786,76.899382,FRC4,44,44,1286,1286,1,False,1.0
2026-08-17T16:34:42.926755+00:00,grid_32,grid,,28.907786,77.100604,FRC1,53,60,169,150,0.857203,False,0.883
2026-08-17T16:34:42.926755+00:00,grid_33,grid,,28.907786,77.301827,FRC2,69,69,1058,1058,1,False,1.0
2026-08-17T16:34:42.926755+00:00,grid_34,grid,,28.907786,77.503049,FRC4,46,46,1067,1067,1,False,1.0
2026-08-17T16:34:42.926755+00:00,grid_35,grid,,28.907786,77.704272,FRC2,49,49,1477,1477,1,False,1.0
2026-08-17T16:34:42.926755+00:00,city_Delhi,city_center,Delhi,28.7041,77.1025,FRC2,23,29,920,729,0.995512,False,0.793
2026-08-17T16:34:42.926755+00:00,city_Faridabad,city_center,Faridabad,28.4089,77.3178,FRC4,25,34,484,355,0.936663,False,0.735
2026-08-17T16:34:42.926755+00:00,city_Ghaziabad,city_center,Ghaziabad,28.6692,77.4538,FRC4,30,37,1271,1031,0.983772,False,0.811
2026-08-17T16:34:42.926755+00:00,city_Gurgaon,city_center,Gurgaon,28.4595,77.0266,FRC4,49,49,1683,1683,1,False,1.0
2026-08-17T16:34:42.926755+00:00,city_Noida,city_center,Noida,28.5355,77.391,FRC3,24,29,3132,2592,0.966123,True,0.828
2026-08-17T16:34:42.926755+00:00,hotspot_Anand_Vihar,hotspot,Anand Vihar,28.6469,77.3152,FRC3,40,40,651,651,1,False,1.0
2026-08-17T16:34:42.926755+00:00,hotspot_Rohini,hotspot,Rohini,28.7495,77.0565,FRC2,38,38,1188,1188,1,False,1.0
2026-08-17T17:28:24.904333+00:00,grid_0,grid,,28.099302,76.698159,FRC4,31,31,1306,1306,1,False,1.0
2026-08-17T17:28:24.904333+00:00,grid_1,grid,,28.099302,76.899382,FRC4,35,35,1597,1597,1,False,1.0
2026-08-17T17:28:24.904333+00:00,grid_2,grid,,28.099302,77.100604,FRC4,42,42,626,626,1,False,1.0
2026-08-17T17:28:24.904333+00:00,grid_3,grid,,28.099302,77.301827,FRC0,80,80,808,808,1,False,1.0
2026-08-17T17:28:24.904333+00:00,grid_4,grid,,28.099302,77.503049,FRC2,46,46,1777,1777,1,False,1.0
2026-08-17T17:28:24.904333+00:00,grid_5,grid,,28.099302,77.704272,FRC4,54,54,1057,1057,1,False,1.0
2026-08-17T17:28:24.904333+00:00,grid_6,grid,,28.260999,76.698159,FRC3,44,44,1293,1293,1,False,1.0
2026-08-17T17:28:24.904333+00:00,grid_7,grid,,28.260999,76.899382,FRC3,43,43,1183,1183,1,False,1.0
2026-08-17T17:28:24.904333+00:00,grid_8,grid,,28.260999,77.100604,FRC0,102,102,373,373,1,False,1.0
2026-08-17T17:28:24.904333+00:00,grid_9,grid,,28.260999,77.301827,FRC4,31,31,1991,1991,1,False,1.0
2026-08-17T17:28:24.904333+00:00,grid_10,grid,,28.260999,77.503049,FRC4,36,36,2091,2091,1,False,1.0
2026-08-17T17:28:24.904333+00:00,grid_11,grid,,28.260999,77.704272,FRC4,55,55,1336,1336,1,False,1.0
2026-08-17T17:28:24.904333+00:00,grid_12,grid,,28.422696,76.698159,FRC4,30,30,1054,1054,1,False,1.0
2026-08-17T17:28:24.904333+00:00,grid_13,grid,,28.422696,76.899382,FRC3,48,49,1050,1029,0.842563,False,0.98
2026-08-17T17:28:24.904333+00:00,grid_14,grid,,28.422696,77.100604,FRC3,39,39,1237,1237,1,False,1.0
2026-08-17T17:28:24.904333+00:00,grid_15,grid,,28.422696,77.301827,FRC3,30,30,1172,1172,1,False,1.0
2026-08-17T17:28:24.904333+00:00,grid_16,grid,,28.422696,77.503049,FRC0,92,92,469,469,1,False,1.0
2026-08-17T17:28:24.904333+00:00,grid_17,grid,,28.422696,77.704272,FRC3,56,56,1244,1244,1,False,1.0
2026-08-17T17:28:24.904333+00:00,grid_18,grid,,28.584392,76.698159,FRC4,34,34,770,770,1,False,1.0
2026-08-17T17:28:24.904333+00:00,grid_19,grid,,28.584392,76.899382,FRC7,40,40,1295,1295,1,False,1.0
2026-08-17T17:28:24.904333+00:00,grid_20,grid,,28.584392,77.100604,FRC6,37,37,1194,1194,1,False,1.0
2026-08-17T17:28:24.904333+00:00,grid_21,grid,,28.584392,77.301827,FRC2,49,49,990,990,1,False,1.0
2026-08-17T17:28:24.904333+00:00,grid_22,grid,,28.584392,77.503049,FRC3,41,41,1487,1487,1,False,1.0
2026-08-17T17:28:24.904333+00:00,grid_23,grid,,28.584392,77.704272,FRC4,43,43,1750,1750,1,False,1.0
2026-08-17T17:28:24.904333+00:00,grid_24,grid,,28.746089,76.698159,FRC4,47,47,1650,1650,1,False,1.0
2026-08-17T17:28:24.904333+00:00,grid_25,grid,,28.746089,76.899382,FRC4,42,42,737,737,1,False,1.0
2026-08-17T17:28:24.904333+00:00,grid_26,grid,,28.746089,77.100604,FRC3,32,32,1572,1572,1,False,1.0
2026-08-17T17:28:24.904333+00:00,grid_27,grid,,28.746089,77.301827,FRC3,28,28,1127,1127,1,False,1.0
2026-08-17T17:28:24.904333+00:00,grid_28,grid,,28.746089,77.503049,FRC2,49,49,1312,1312,1,False,1.0
2026-08-17T17:28:24.904333+00:00,grid_29,grid,,28.746089,77.704272,FRC3,49,49,1563,1563,1,False,1.0
2026-08-17T17:28:24.904333+00:00,grid_30,grid,,28.907786,76.698159,FRC2,46,46,1593,1593,1,False,1.0
2026-08-17T17:28:24.904333+00:00,grid_31,grid,,28.907786,76.899382,FRC4,44,44,1286,1286,1,False,1.0
2026-08-17T17:28:24.904333+00:00,grid_32,grid,,28.907786,77.100604,FRC1,61,61,147,147,1,False,1.0
2026-08-17T17:28:24.904333+00:00,grid_33,grid,,28.907786,77.301827,FRC2,69,69,1058,1058,1,False,1.0
2026-08-17T17:28:24.904333+00:00,grid_34,grid,,28.907786,77.503049,FRC4,46,46,1067,1067,1,False,1.0
2026-08-17T17:28:24.904333+00:00,grid_35,grid,,28.907786,77.704272,FRC2,49,49,1477,1477,1,False,1.0
2026-08-17T17:28:24.904333+00:00,city_Delhi,city_center,Delhi,28.7041,77.1025,FRC2,30,30,705,705,1,False,1.0
2026-08-17T17:28:24.904333+00:00,city_Faridabad,city_center,Faridabad,28.4089,77.3178,FRC4,34,34,355,355,1,False,1.0
2026-08-17T17:28:24.904333+00:00,city_Ghaziabad,city_center,Ghaziabad,28.6692,77.4538,FRC4,32,37,1192,1031,0.980353,False,0.865
2026-08-17T17:28:24.904333+00:00,city_Gurgaon,city_center,Gurgaon,28.4595,77.0266,FRC4,49,49,1683,1683,1,False,1.0
2026-08-17T17:28:24.904333+00:00,city_Noida,city_center,Noida,28.5355,77.391,FRC3,25,29,3007,2592,0.967517,True,0.862
2026-08-17T17:28:24.904333+00:00,hotspot_Anand_Vihar,hotspot,Anand Vihar,28.6469,77.3152,FRC3,40,40,651,651,1,False,1.0
2026-08-17T17:28:24.904333+00:00,hotspot_Rohini,hotspot,Rohini,28.7495,77.0565,FRC2,38,38,1188,1188,1,False,1.0
2026-08-17T18:00:00.210310+00:00,grid_0,grid,,28.099302,76.698159,FRC4,31,31,1306,1306,1,False,1.0
2026-08-17T18:00:00.210310+00:00,grid_1,grid,,28.099302,76.899382,FRC4,35,35,1597,1597,1,False,1.0
2026-08-17T18:00:00.210310+00:00,grid_2,grid,,28.099302,77.100604,FRC4,42,42,626,626,1,False,1.0
2026-08-17T18:00:00.210310+00:00,grid_3,grid,,28.099302,77.301827,FRC0,80,80,808,808,1,False,1.0
2026-08-17T18:00:00.210310+00:00,grid_4,grid,,28.099302,77.503049,FRC2,46,46,1777,1777,1,False,1.0
2026-08-17T18:00:00.210310+00:00,grid_5,grid,,28.099302,77.704272,FRC4,54,54,1057,1057,1,False,1.0
2026-08-17T18:00:00.210310+00:00,grid_6,grid,,28.260999,76.698159,FRC3,44,44,1293,1293,1,False,1.0
2026-08-17T18:00:00.210310+00:00,grid_7,grid,,28.260999,76.899382,FRC3,43,43,1183,1183,1,False,1.0
2026-08-17T18:00:00.210310+00:00,grid_8,grid,,28.260999,77.100604,FRC0,102,102,373,373,1,False,1.0
2026-08-17T18:00:00.210310+00:00,grid_9,grid,,28.260999,77.301827,FRC4,31,31,1991,1991,1,False,1.0
2026-08-17T18:00:00.210310+00:00,grid_10,grid,,28.260999,77.503049,FRC4,36,36,2091,2091,1,False,1.0
2026-08-17T18:00:00.210310+00:00,grid_11,grid,,28.260999,77.704272,FRC4,55,55,1336,1336,1,False,1.0
2026-08-17T18:00:00.210310+00:00,grid_12,grid,,28.422696,76.698159,FRC4,30,30,1054,1054,1,False,1.0
2026-08-17T18:00:00.210310+00:00,grid_13,grid,,28.422696,76.899382,FRC3,48,48,1050,1050,1,False,1.0
2026-08-17T18:00:00.210310+00:00,grid_14,grid,,28.422696,77.100604,FRC3,39,39,1237,1237,1,False,1.0
2026-08-17T18:00:00.210310+00:00,grid_15,grid,,28.422696,77.301827,FRC3,30,30,1172,1172,1,False,1.0
2026-08-17T18:00:00.210310+00:00,grid_16,grid,,28.422696,77.503049,FRC0,92,92,469,469,1,False,1.0
2026-08-17T18:00:00.210310+00:00,grid_17,grid,,28.422696,77.704272,FRC3,56,56,1244,1244,1,False,1.0
2026-08-17T18:00:00.210310+00:00,grid_18,grid,,28.584392,76.698159,FRC4,34,34,770,770,1,False,1.0
2026-08-17T18:00:00.210310+00:00,grid_19,grid,,28.584392,76.899382,FRC7,40,40,1295,1295,1,False,1.0
2026-08-17T18:00:00.210310+00:00,grid_20,grid,,28.584392,77.100604,FRC6,37,37,1194,1194,1,False,1.0
2026-08-17T18:00:00.210310+00:00,grid_21,grid,,28.584392,77.301827,FRC2,49,49,990,990,1,False,1.0
2026-08-17T18:00:00.210310+00:00,grid_22,grid,,28.584392,77.503049,FRC3,41,41,1487,1487,1,False,1.0
2026-08-17T18:00:00.210310+00:00,grid_23,grid,,28.584392,77.704272,FRC4,43,43,1750,1750,1,False,1.0
2026-08-17T18:00:00.210310+00:00,grid_24,grid,,28.746089,76.698159,FRC4,47,47,1650,1650,1,False,1.0
2026-08-17T18:00:00.210310+00:00,grid_25,grid,,28.746089,76.899382,FRC4,42,42,737,737,1,False,1.0
2026-08-17T18:00:00.210310+00:00,grid_26,grid,,28.746089,77.100604,FRC3,32,32,1572,1572,1,False,1.0
2026-08-17T18:00:00.210310+00:00,grid_27,grid,,28.746089,77.301827,FRC3,28,28,1127,1127,1,False,1.0
2026-08-17T18:00:00.210310+00:00,grid_28,grid,,28.746089,77.503049,FRC2,49,49,1312,1312,1,False,1.0
2026-08-17T18:00:00.210310+00:00,grid_29,grid,,28.746089,77.704272,FRC3,49,49,1563,1563,1,False,1.0
2026-08-17T18:00:00.210310+00:00,grid_30,grid,,28.907786,76.698159,FRC2,46,46,1593,1593,1,False,1.0
2026-08-17T18:00:00.210310+00:00,grid_31,grid,,28.907786,76.899382,FRC4,44,44,1286,1286,1,False,1.0
2026-08-17T18:00:00.210310+00:00,grid_32,grid,,28.907786,77.100604,FRC1,61,61,147,147,1,False,1.0
2026-08-17T18:00:00.210310+00:00,grid_33,grid,,28.907786,77.301827,FRC2,69,69,1058,1058,1,False,1.0
2026-08-17T18:00:00.210310+00:00,grid_34,grid,,28.907786,77.503049,FRC4,46,46,1067,1067,1,False,1.0
2026-08-17T18:00:00.210310+00:00,grid_35,grid,,28.907786,77.704272,FRC2,49,49,1477,1477,1,False,1.0
2026-08-17T18:00:00.210310+00:00,city_Delhi,city_center,Delhi,28.7041,77.1025,FRC2,30,30,705,705,1,False,1.0
2026-08-17T18:00:00.210310+00:00,city_Faridabad,city_center,Faridabad,28.4089,77.3178,FRC4,34,34,355,355,1,False,1.0
2026-08-17T18:00:00.210310+00:00,city_Ghaziabad,city_center,Ghaziabad,28.6692,77.4538,FRC4,37,37,1031,1031,1,False,1.0
2026-08-17T18:00:00.210310+00:00,city_Gurgaon,city_center,Gurgaon,28.4595,77.0266,FRC4,49,49,1683,1683,1,False,1.0
2026-08-17T18:00:00.210310+00:00,city_Noida,city_center,Noida,28.5355,77.391,FRC3,27,29,2784,2592,0.923186,True,0.931
2026-08-17T18:00:00.210310+00:00,hotspot_Anand_Vihar,hotspot,Anand Vihar,28.6469,77.3152,FRC3,40,40,651,651,1,False,1.0
2026-08-17T18:00:00.210310+00:00,hotspot_Rohini,hotspot,Rohini,28.7495,77.0565,FRC2,38,38,1188,1188,1,False,1.0
2026-08-17T18:30:59.456435+00:00,grid_0,grid,,28.099302,76.698159,FRC4,31,31,1306,1306,1,False,1.0
2026-08-17T18:30:59.456435+00:00,grid_1,grid,,28.099302,76.899382,FRC4,35,35,1597,1597,1,False,1.0
2026-08-17T18:30:59.456435+00:00,grid_2,grid,,28.099302,77.100604,FRC4,42,42,626,626,1,False,1.0
2026-08-17T18:30:59.456435+00:00,grid_3,grid,,28.099302,77.301827,FRC0,80,80,808,808,1,False,1.0
2026-08-17T18:30:59.456435+00:00,grid_4,grid,,28.099302,77.503049,FRC2,46,46,1777,1777,1,False,1.0
2026-08-17T18:30:59.456435+00:00,grid_5,grid,,28.099302,77.704272,FRC4,54,54,1057,1057,1,False,1.0
2026-08-17T18:30:59.456435+00:00,grid_6,grid,,28.260999,76.698159,FRC3,44,44,1293,1293,1,False,1.0
2026-08-17T18:30:59.456435+00:00,grid_7,grid,,28.260999,76.899382,FRC3,43,43,1183,1183,1,False,1.0
2026-08-17T18:30:59.456435+00:00,grid_8,grid,,28.260999,77.100604,FRC0,102,102,373,373,1,False,1.0
2026-08-17T18:30:59.456435+00:00,grid_9,grid,,28.260999,77.301827,FRC4,31,31,1991,1991,1,False,1.0
2026-08-17T18:30:59.456435+00:00,grid_10,grid,,28.260999,77.503049,FRC4,36,36,2091,2091,1,False,1.0
2026-08-17T18:30:59.456435+00:00,grid_11,grid,,28.260999,77.704272,FRC4,55,55,1336,1336,1,False,1.0
2026-08-17T18:30:59.456435+00:00,grid_12,grid,,28.422696,76.698159,FRC4,30,30,1054,1054,1,False,1.0
2026-08-17T18:30:59.456435+00:00,grid_13,grid,,28.422696,76.899382,FRC3,48,48,1050,1050,1,False,1.0
2026-08-17T18:30:59.456435+00:00,grid_14,grid,,28.422696,77.100604,FRC3,39,39,1237,1237,1,False,1.0
2026-08-17T18:30:59.456435+00:00,grid_15,grid,,28.422696,77.301827,FRC3,30,30,1172,1172,1,False,1.0
2026-08-17T18:30:59.456435+00:00,grid_16,grid,,28.422696,77.503049,FRC0,92,92,469,469,1,False,1.0
2026-08-17T18:30:59.456435+00:00,grid_17,grid,,28.422696,77.704272,FRC3,56,56,1244,1244,1,False,1.0
2026-08-17T18:30:59.456435+00:00,grid_18,grid,,28.584392,76.698159,FRC4,34,34,770,770,1,False,1.0
2026-08-17T18:30:59.456435+00:00,grid_19,grid,,28.584392,76.899382,FRC7,40,40,1295,1295,1,False,1.0
2026-08-17T18:30:59.456435+00:00,grid_20,grid,,28.584392,77.100604,FRC6,37,37,1194,1194,1,False,1.0
2026-08-17T18:30:59.456435+00:00,grid_21,grid,,28.584392,77.301827,FRC2,49,49,990,990,1,False,1.0
2026-08-17T18:30:59.456435+00:00,grid_22,grid,,28.584392,77.503049,FRC3,41,41,1487,1487,1,False,1.0
2026-08-17T18:30:59.456435+00:00,grid_23,grid,,28.584392,77.704272,FRC4,43,43,1750,1750,1,False,1.0
2026-08-17T18:30:59.456435+00:00,grid_24,grid,,28.746089,76.698159,FRC4,47,47,1650,1650,1,False,1.0
2026-08-17T18:30:59.456435+00:00,grid_25,grid,,28.746089,76.899382,FRC4,42,42,737,737,1,False,1.0
2026-08-17T18:30:59.456435+00:00,grid_26,grid,,28.746089,77.100604,FRC3,32,32,1572,1572,1,False,1.0
2026-08-17T18:30:59.456435+00:00,grid_27,grid,,28.746089,77.301827,FRC3,28,28,1127,1127,1,False,1.0
2026-08-17T18:30:59.456435+00:00,grid_28,grid,,28.746089,77.503049,FRC2,49,49,1312,1312,1,False,1.0
2026-08-17T18:30:59.456435+00:00,grid_29,grid,,28.746089,77.704272,FRC3,49,49,1563,1563,1,False,1.0
2026-08-17T18:30:59.456435+00:00,grid_30,grid,,28.907786,76.698159,FRC2,46,46,1593,1593,1,False,1.0
2026-08-17T18:30:59.456435+00:00,grid_31,grid,,28.907786,76.899382,FRC4,44,44,1286,1286,1,False,1.0
2026-08-17T18:30:59.456435+00:00,grid_32,grid,,28.907786,77.100604,FRC1,61,61,147,147,1,False,1.0
2026-08-17T18:30:59.456435+00:00,grid_33,grid,,28.907786,77.301827,FRC2,69,69,1058,1058,1,False,1.0
2026-08-17T18:30:59.456435+00:00,grid_34,grid,,28.907786,77.503049,FRC4,46,46,1067,1067,1,False,1.0
2026-08-17T18:30:59.456435+00:00,grid_35,grid,,28.907786,77.704272,FRC2,49,49,1477,1477,1,False,1.0
2026-08-17T18:30:59.456435+00:00,city_Delhi,city_center,Delhi,28.7041,77.1025,FRC2,30,30,705,705,1,False,1.0
2026-08-17T18:30:59.456435+00:00,city_Faridabad,city_center,Faridabad,28.4089,77.3178,FRC4,34,34,355,355,1,False,1.0
2026-08-17T18:30:59.456435+00:00,city_Ghaziabad,city_center,Ghaziabad,28.6692,77.4538,FRC4,37,37,1031,1031,1,False,1.0
2026-08-17T18:30:59.456435+00:00,city_Gurgaon,city_center,Gurgaon,28.4595,77.0266,FRC4,49,49,1683,1683,1,False,1.0
2026-08-17T18:30:59.456435+00:00,city_Noida,city_center,Noida,28.5355,77.391,FRC3,28,29,2684,2592,0.927511,True,0.966
2026-08-17T18:30:59.456435+00:00,hotspot_Anand_Vihar,hotspot,Anand Vihar,28.6469,77.3152,FRC3,40,40,651,651,1,False,1.0
2026-08-17T18:30:59.456435+00:00,hotspot_Rohini,hotspot,Rohini,28.7495,77.0565,FRC2,38,38,1188,1188,1,False,1.0
2026-08-17T19:01:57.582296+00:00,grid_0,grid,,28.099302,76.698159,FRC4,31,31,1306,1306,1,False,1.0
2026-08-17T19:01:57.582296+00:00,grid_1,grid,,28.099302,76.899382,FRC4,35,35,1597,1597,1,False,1.0
2026-08-17T19:01:57.582296+00:00,grid_2,grid,,28.099302,77.100604,FRC4,42,42,626,626,1,False,1.0
2026-08-17T19:01:57.582296+00:00,grid_3,grid,,28.099302,77.301827,FRC0,80,80,808,808,1,False,1.0
2026-08-17T19:01:57.582296+00:00,grid_4,grid,,28.099302,77.503049,FRC2,46,46,1777,1777,1,False,1.0
2026-08-17T19:01:57.582296+00:00,grid_5,grid,,28.099302,77.704272,FRC4,54,54,1057,1057,1,False,1.0
2026-08-17T19:01:57.582296+00:00,grid_6,grid,,28.260999,76.698159,FRC3,44,44,1293,1293,1,False,1.0
2026-08-17T19:01:57.582296+00:00,grid_7,grid,,28.260999,76.899382,FRC3,43,43,1183,1183,1,False,1.0
2026-08-17T19:01:57.582296+00:00,grid_8,grid,,28.260999,77.100604,FRC0,102,102,373,373,1,False,1.0
2026-08-17T19:01:57.582296+00:00,grid_9,grid,,28.260999,77.301827,FRC4,31,31,1991,1991,1,False,1.0
2026-08-17T19:01:57.582296+00:00,grid_10,grid,,28.260999,77.503049,FRC4,36,36,2091,2091,1,False,1.0
2026-08-17T19:01:57.582296+00:00,grid_11,grid,,28.260999,77.704272,FRC4,55,55,1336,1336,1,False,1.0
2026-08-17T19:01:57.582296+00:00,grid_12,grid,,28.422696,76.698159,FRC4,30,30,1054,1054,1,False,1.0
2026-08-17T19:01:57.582296+00:00,grid_13,grid,,28.422696,76.899382,FRC3,48,48,1050,1050,1,False,1.0
2026-08-17T19:01:57.582296+00:00,grid_14,grid,,28.422696,77.100604,FRC3,39,39,1237,1237,1,False,1.0
2026-08-17T19:01:57.582296+00:00,grid_15,grid,,28.422696,77.301827,FRC3,30,30,1172,1172,1,False,1.0
2026-08-17T19:01:57.582296+00:00,grid_16,grid,,28.422696,77.503049,FRC0,92,92,469,469,1,False,1.0
2026-08-17T19:01:57.582296+00:00,grid_17,grid,,28.422696,77.704272,FRC3,56,56,1244,1244,1,False,1.0
2026-08-17T19:01:57.582296+00:00,grid_18,grid,,28.584392,76.698159,FRC4,34,34,770,770,1,False,1.0
2026-08-17T19:01:57.582296+00:00,grid_19,grid,,28.584392,76.899382,FRC7,40,40,1295,1295,1,False,1.0
2026-08-17T19:01:57.582296+00:00,grid_20,grid,,28.584392,77.100604,FRC6,37,37,1194,1194,1,False,1.0
2026-08-17T19:01:57.582296+00:00,grid_21,grid,,28.584392,77.301827,FRC2,49,49,990,990,1,False,1.0
2026-08-17T19:01:57.582296+00:00,grid_22,grid,,28.584392,77.503049,FRC3,41,41,1487,1487,1,False,1.0
2026-08-17T19:01:57.582296+00:00,grid_23,grid,,28.584392,77.704272,FRC4,43,43,1750,1750,1,False,1.0
2026-08-17T19:01:57.582296+00:00,grid_24,grid,,28.746089,76.698159,FRC4,47,47,1650,1650,1,False,1.0
2026-08-17T19:01:57.582296+00:00,grid_25,grid,,28.746089,76.899382,FRC4,42,42,737,737,1,False,1.0
2026-08-17T19:01:57.582296+00:00,grid_26,grid,,28.746089,77.100604,FRC3,32,32,1572,1572,1,False,1.0
2026-08-17T19:01:57.582296+00:00,grid_27,grid,,28.746089,77.301827,FRC3,28,28,1127,1127,1,False,1.0
2026-08-17T19:01:57.582296+00:00,grid_28,grid,,28.746089,77.503049,FRC2,49,49,1312,1312,1,False,1.0
2026-08-17T19:01:57.582296+00:00,grid_29,grid,,28.746089,77.704272,FRC3,49,49,1563,1563,1,False,1.0
2026-08-17T19:01:57.582296+00:00,grid_30,grid,,28.907786,76.698159,FRC2,46,46,1593,1593,1,False,1.0
2026-08-17T19:01:57.582296+00:00,grid_31,grid,,28.907786,76.899382,FRC4,44,44,1286,1286,1,False,1.0
2026-08-17T19:01:57.582296+00:00,grid_32,grid,,28.907786,77.100604,FRC1,61,61,147,147,1,False,1.0
2026-08-17T19:01:57.582296+00:00,grid_33,grid,,28.907786,77.301827,FRC2,69,69,1058,1058,1,False,1.0
2026-08-17T19:01:57.582296+00:00,grid_34,grid,,28.907786,77.503049,FRC4,46,46,1067,1067,1,False,1.0
2026-08-17T19:01:57.582296+00:00,grid_35,grid,,28.907786,77.704272,FRC2,49,49,1477,1477,1,False,1.0
2026-08-17T19:01:57.582296+00:00,city_Delhi,city_center,Delhi,28.7041,77.1025,FRC2,30,30,705,705,1,False,1.0
2026-08-17T19:01:57.582296+00:00,city_Faridabad,city_center,Faridabad,28.4089,77.3178,FRC4,34,34,355,355,1,False,1.0
2026-08-17T19:01:57.582296+00:00,city_Ghaziabad,city_center,Ghaziabad,28.6692,77.4538,FRC4,37,37,1031,1031,1,False,1.0
2026-08-17T19:01:57.582296+00:00,city_Gurgaon,city_center,Gurgaon,28.4595,77.0266,FRC4,49,49,1683,1683,1,False,1.0
2026-08-17T19:01:57.582296+00:00,city_Noida,city_center,Noida,28.5355,77.391,FRC3,28,29,2684,2592,0.882817,True,0.966
2026-08-17T19:01:57.582296+00:00,hotspot_Anand_Vihar,hotspot,Anand Vihar,28.6469,77.3152,FRC3,40,40,651,651,1,False,1.0
2026-08-17T19:01:57.582296+00:00,hotspot_Rohini,hotspot,Rohini,28.7495,77.0565,FRC2,38,38,1188,1188,1,False,1.0
2026-08-17T19:33:14.815273+00:00,grid_0,grid,,28.099302,76.698159,FRC4,31,31,1306,1306,1,False,1.0
2026-08-17T19:33:14.815273+00:00,grid_1,grid,,28.099302,76.899382,FRC4,35,35,1597,1597,1,False,1.0
2026-08-17T19:33:14.815273+00:00,grid_2,grid,,28.099302,77.100604,FRC4,42,42,626,626,1,False,1.0
2026-08-17T19:33:14.815273+00:00,grid_3,grid,,28.099302,77.301827,FRC0,80,80,808,808,1,False,1.0
2026-08-17T19:33:14.815273+00:00,grid_4,grid,,28.099302,77.503049,FRC2,46,46,1777,1777,1,False,1.0
2026-08-17T19:33:14.815273+00:00,grid_5,grid,,28.099302,77.704272,FRC4,54,54,1057,1057,1,False,1.0
2026-08-17T19:33:14.815273+00:00,grid_6,grid,,28.260999,76.698159,FRC3,44,44,1293,1293,1,False,1.0
2026-08-17T19:33:14.815273+00:00,grid_7,grid,,28.260999,76.899382,FRC3,43,43,1183,1183,1,False,1.0
2026-08-17T19:33:14.815273+00:00,grid_8,grid,,28.260999,77.100604,FRC0,102,102,373,373,1,False,1.0
2026-08-17T19:33:14.815273+00:00,grid_9,grid,,28.260999,77.301827,FRC4,31,31,1991,1991,1,False,1.0
2026-08-17T19:33:14.815273+00:00,grid_10,grid,,28.260999,77.503049,FRC4,36,36,2091,2091,1,False,1.0
2026-08-17T19:33:14.815273+00:00,grid_11,grid,,28.260999,77.704272,FRC4,55,55,1336,1336,1,False,1.0
2026-08-17T19:33:14.815273+00:00,grid_12,grid,,28.422696,76.698159,FRC4,30,30,1054,1054,1,False,1.0
2026-08-17T19:33:14.815273+00:00,grid_13,grid,,28.422696,76.899382,FRC3,48,48,1050,1050,1,False,1.0
2026-08-17T19:33:14.815273+00:00,grid_14,grid,,28.422696,77.100604,FRC3,39,39,1237,1237,1,False,1.0
2026-08-17T19:33:14.815273+00:00,grid_15,grid,,28.422696,77.301827,FRC3,30,30,1172,1172,1,False,1.0
2026-08-17T19:33:14.815273+00:00,grid_16,grid,,28.422696,77.503049,FRC0,92,92,469,469,1,False,1.0
2026-08-17T19:33:14.815273+00:00,grid_17,grid,,28.422696,77.704272,FRC3,56,56,1244,1244,1,False,1.0
2026-08-17T19:33:14.815273+00:00,grid_18,grid,,28.584392,76.698159,FRC4,34,34,770,770,1,False,1.0
2026-08-17T19:33:14.815273+00:00,grid_19,grid,,28.584392,76.899382,FRC7,40,40,1295,1295,1,False,1.0
2026-08-17T19:33:14.815273+00:00,grid_20,grid,,28.584392,77.100604,FRC6,37,37,1194,1194,1,False,1.0
2026-08-17T19:33:14.815273+00:00,grid_21,grid,,28.584392,77.301827,FRC2,49,49,990,990,1,False,1.0
2026-08-17T19:33:14.815273+00:00,grid_22,grid,,28.584392,77.503049,FRC3,41,41,1487,1487,1,False,1.0
2026-08-17T19:33:14.815273+00:00,grid_23,grid,,28.584392,77.704272,FRC4,43,43,1750,1750,1,False,1.0
2026-08-17T19:33:14.815273+00:00,grid_24,grid,,28.746089,76.698159,FRC4,47,47,1650,1650,1,False,1.0
2026-08-17T19:33:14.815273+00:00,grid_25,grid,,28.746089,76.899382,FRC4,42,42,737,737,1,False,1.0
2026-08-17T19:33:14.815273+00:00,grid_26,grid,,28.746089,77.100604,FRC3,32,32,1572,1572,1,False,1.0
2026-08-17T19:33:14.815273+00:00,grid_27,grid,,28.746089,77.301827,FRC3,28,28,1127,1127,1,False,1.0
2026-08-17T19:33:14.815273+00:00,grid_28,grid,,28.746089,77.503049,FRC2,49,49,1312,1312,1,False,1.0
2026-08-17T19:33:14.815273+00:00,grid_29,grid,,28.746089,77.704272,FRC3,49,49,1563,1563,1,False,1.0
2026-08-17T19:33:14.815273+00:00,grid_30,grid,,28.907786,76.698159,FRC2,46,46,1593,1593,1,False,1.0
2026-08-17T19:33:14.815273+00:00,grid_31,grid,,28.907786,76.899382,FRC4,44,44,1286,1286,1,False,1.0
2026-08-17T19:33:14.815273+00:00,grid_32,grid,,28.907786,77.100604,FRC1,61,61,147,147,1,False,1.0
2026-08-17T19:33:14.815273+00:00,grid_33,grid,,28.907786,77.301827,FRC2,69,69,1058,1058,1,False,1.0
2026-08-17T19:33:14.815273+00:00,grid_34,grid,,28.907786,77.503049,FRC4,46,46,1067,1067,1,False,1.0
2026-08-17T19:33:14.815273+00:00,grid_35,grid,,28.907786,77.704272,FRC2,49,49,1477,1477,1,False,1.0
2026-08-17T19:33:14.815273+00:00,city_Delhi,city_center,Delhi,28.7041,77.1025,FRC2,30,30,705,705,1,False,1.0
2026-08-17T19:33:14.815273+00:00,city_Faridabad,city_center,Faridabad,28.4089,77.3178,FRC4,34,34,355,355,1,False,1.0
2026-08-17T19:33:14.815273+00:00,city_Ghaziabad,city_center,Ghaziabad,28.6692,77.4538,FRC4,37,37,1031,1031,1,False,1.0
2026-08-17T19:33:14.815273+00:00,city_Gurgaon,city_center,Gurgaon,28.4595,77.0266,FRC4,49,49,1683,1683,1,False,1.0
2026-08-17T19:33:14.815273+00:00,city_Noida,city_center,Noida,28.5355,77.391,FRC3,28,30,2684,2505,0.837493,True,0.933
2026-08-17T19:33:14.815273+00:00,hotspot_Anand_Vihar,hotspot,Anand Vihar,28.6469,77.3152,FRC3,40,40,651,651,1,False,1.0
2026-08-17T19:33:14.815273+00:00,hotspot_Rohini,hotspot,Rohini,28.7495,77.0565,FRC2,38,38,1188,1188,1,False,1.0
2026-08-17T20:04:34.351343+00:00,grid_0,grid,,28.099302,76.698159,FRC4,31,31,1306,1306,1,False,1.0
2026-08-17T20:04:34.351343+00:00,grid_1,grid,,28.099302,76.899382,FRC4,35,35,1597,1597,1,False,1.0
2026-08-17T20:04:34.351343+00:00,grid_2,grid,,28.099302,77.100604,FRC4,42,42,626,626,1,False,1.0
2026-08-17T20:04:34.351343+00:00,grid_3,grid,,28.099302,77.301827,FRC0,80,80,808,808,1,False,1.0
2026-08-17T20:04:34.351343+00:00,grid_4,grid,,28.099302,77.503049,FRC2,46,46,1777,1777,1,False,1.0
2026-08-17T20:04:34.351343+00:00,grid_5,grid,,28.099302,77.704272,FRC4,54,54,1057,1057,1,False,1.0
2026-08-17T20:04:34.351343+00:00,grid_6,grid,,28.260999,76.698159,FRC3,44,44,1293,1293,1,False,1.0
2026-08-17T20:04:34.351343+00:00,grid_7,grid,,28.260999,76.899382,FRC3,43,43,1183,1183,1,False,1.0
2026-08-17T20:04:34.351343+00:00,grid_8,grid,,28.260999,77.100604,FRC0,102,102,373,373,1,False,1.0
2026-08-17T20:04:34.351343+00:00,grid_9,grid,,28.260999,77.301827,FRC4,31,31,1991,1991,1,False,1.0
2026-08-17T20:04:34.351343+00:00,grid_10,grid,,28.260999,77.503049,FRC4,36,36,2091,2091,1,False,1.0
2026-08-17T20:04:34.351343+00:00,grid_11,grid,,28.260999,77.704272,FRC4,55,55,1336,1336,1,False,1.0
2026-08-17T20:04:34.351343+00:00,grid_12,grid,,28.422696,76.698159,FRC4,30,30,1054,1054,1,False,1.0
2026-08-17T20:04:34.351343+00:00,grid_13,grid,,28.422696,76.899382,FRC3,48,48,1050,1050,1,False,1.0
2026-08-17T20:04:34.351343+00:00,grid_14,grid,,28.422696,77.100604,FRC3,39,39,1237,1237,1,False,1.0
2026-08-17T20:04:34.351343+00:00,grid_15,grid,,28.422696,77.301827,FRC3,30,30,1172,1172,1,False,1.0
2026-08-17T20:04:34.351343+00:00,grid_16,grid,,28.422696,77.503049,FRC0,92,92,469,469,1,False,1.0
2026-08-17T20:04:34.351343+00:00,grid_17,grid,,28.422696,77.704272,FRC3,56,56,1244,1244,1,False,1.0
2026-08-17T20:04:34.351343+00:00,grid_18,grid,,28.584392,76.698159,FRC4,34,34,770,770,1,False,1.0
2026-08-17T20:04:34.351343+00:00,grid_19,grid,,28.584392,76.899382,FRC7,40,40,1295,1295,1,False,1.0
2026-08-17T20:04:34.351343+00:00,grid_20,grid,,28.584392,77.100604,FRC6,37,37,1194,1194,1,False,1.0
2026-08-17T20:04:34.351343+00:00,grid_21,grid,,28.584392,77.301827,FRC2,49,49,990,990,1,False,1.0
2026-08-17T20:04:34.351343+00:00,grid_22,grid,,28.584392,77.503049,FRC3,41,41,1487,1487,1,False,1.0
2026-08-17T20:04:34.351343+00:00,grid_23,grid,,28.584392,77.704272,FRC4,43,43,1750,1750,1,False,1.0
2026-08-17T20:04:34.351343+00:00,grid_24,grid,,28.746089,76.698159,FRC4,47,47,1650,1650,1,False,1.0
2026-08-17T20:04:34.351343+00:00,grid_25,grid,,28.746089,76.899382,FRC4,42,42,737,737,1,False,1.0
2026-08-17T20:04:34.351343+00:00,grid_26,grid,,28.746089,77.100604,FRC3,32,32,1572,1572,1,False,1.0
2026-08-17T20:04:34.351343+00:00,grid_27,grid,,28.746089,77.301827,FRC3,28,28,1127,1127,1,False,1.0
2026-08-17T20:04:34.351343+00:00,grid_28,grid,,28.746089,77.503049,FRC2,49,49,1312,1312,1,False,1.0
2026-08-17T20:04:34.351343+00:00,grid_29,grid,,28.746089,77.704272,FRC3,49,49,1563,1563,1,False,1.0
2026-08-17T20:04:34.351343+00:00,grid_30,grid,,28.907786,76.698159,FRC2,46,46,1593,1593,1,False,1.0
2026-08-17T20:04:34.351343+00:00,grid_31,grid,,28.907786,76.899382,FRC4,44,44,1286,1286,1,False,1.0
2026-08-17T20:04:34.351343+00:00,grid_32,grid,,28.907786,77.100604,FRC1,61,61,147,147,1,False,1.0
2026-08-17T20:04:34.351343+00:00,grid_33,grid,,28.907786,77.301827,FRC2,69,69,1058,1058,1,False,1.0
2026-08-17T20:04:34.351343+00:00,grid_34,grid,,28.907786,77.503049,FRC4,46,46,1067,1067,1,False,1.0
2026-08-17T20:04:34.351343+00:00,grid_35,grid,,28.907786,77.704272,FRC2,49,49,1477,1477,1,False,1.0
2026-08-17T20:04:34.351343+00:00,city_Delhi,city_center,Delhi,28.7041,77.1025,FRC2,30,30,705,705,1,False,1.0
2026-08-17T20:04:34.351343+00:00,city_Faridabad,city_center,Faridabad,28.4089,77.3178,FRC4,34,34,355,355,1,False,1.0
2026-08-17T20:04:34.351343+00:00,city_Ghaziabad,city_center,Ghaziabad,28.6692,77.4538,FRC4,37,37,1031,1031,1,False,1.0
2026-08-17T20:04:34.351343+00:00,city_Gurgaon,city_center,Gurgaon,28.4595,77.0266,FRC4,49,49,1683,1683,1,False,1.0
2026-08-17T20:04:34.351343+00:00,city_Noida,city_center,Noida,28.5355,77.391,FRC3,27,29,2784,2592,0.854329,True,0.931
2026-08-17T20:04:34.351343+00:00,hotspot_Anand_Vihar,hotspot,Anand Vihar,28.6469,77.3152,FRC3,40,40,651,651,1,False,1.0
2026-08-17T20:04:34.351343+00:00,hotspot_Rohini,hotspot,Rohini,28.7495,77.0565,FRC2,38,38,1188,1188,1,False,1.0
2026-08-21T10:50:01.643211+00:00,grid_0,grid,,28.099302,76.698159,FRC4,31,31,1306,1306,1,False,1.0
2026-08-21T10:50:01.643211+00:00,grid_1,grid,,28.099302,76.899382,FRC4,35,35,1597,1597,1,False,1.0
2026-08-21T10:50:01.643211+00:00,grid_2,grid,,28.099302,77.100604,FRC4,42,42,626,626,1,False,1.0
2026-08-21T10:50:01.643211+00:00,grid_3,grid,,28.099302,77.301827,FRC0,68,79,950,818,0.902606,False,0.861
2026-08-21T10:50:01.643211+00:00,grid_4,grid,,28.099302,77.503049,FRC2,46,46,1777,1777,1,False,1.0
2026-08-21T10:50:01.643211+00:00,grid_5,grid,,28.099302,77.704272,FRC4,54,54,1057,1057,1,False,1.0
2026-08-21T10:50:01.643211+00:00,grid_6,grid,,28.260999,76.698159,FRC3,44,44,1293,1293,1,False,1.0
2026-08-21T10:50:01.643211+00:00,grid_7,grid,,28.260999,76.899382,FRC3,43,43,1183,1183,1,False,1.0
2026-08-21T10:50:01.643211+00:00,grid_8,grid,,28.260999,77.100604,FRC0,102,102,373,373,1,False,1.0
2026-08-21T10:50:01.643211+00:00,grid_9,grid,,28.260999,77.301827,FRC4,31,31,1991,1991,1,False,1.0
2026-08-21T10:50:01.643211+00:00,grid_10,grid,,28.260999,77.503049,FRC4,36,36,2091,2091,1,False,1.0
2026-08-21T10:50:01.643211+00:00,grid_11,grid,,28.260999,77.704272,FRC4,55,55,1336,1336,1,False,1.0
2026-08-21T10:50:01.643211+00:00,grid_12,grid,,28.422696,76.698159,FRC4,30,30,1054,1054,1,False,1.0
2026-08-21T10:50:01.643211+00:00,grid_13,grid,,28.422696,76.899382,FRC3,46,49,1096,1029,0.836853,False,0.939
2026-08-21T10:50:01.643211+00:00,grid_14,grid,,28.422696,77.100604,FRC3,32,40,1508,1206,1,False,0.8
2026-08-21T10:50:01.643211+00:00,grid_15,grid,,28.422696,77.301827,FRC3,24,30,1465,1172,0.970175,False,0.8
2026-08-21T10:50:01.643211+00:00,grid_16,grid,,28.422696,77.503049,FRC0,92,92,469,469,1,False,1.0
2026-08-21T10:50:01.643211+00:00,grid_17,grid,,28.422696,77.704272,FRC3,56,56,1244,1244,1,False,1.0
2026-08-21T10:50:01.643211+00:00,grid_18,grid,,28.584392,76.698159,FRC4,34,34,770,770,1,False,1.0
2026-08-21T10:50:01.643211+00:00,grid_19,grid,,28.584392,76.899382,FRC7,40,40,1295,1295,1,False,1.0
2026-08-21T10:50:01.643211+00:00,grid_20,grid,,28.584392,77.100604,FRC6,33,37,1339,1194,0.999483,False,0.892
2026-08-21T10:50:01.643211+00:00,grid_21,grid,,28.584392,77.301827,FRC2,37,49,1312,990,1,False,0.755
2026-08-21T10:50:01.643211+00:00,grid_22,grid,,28.584392,77.503049,FRC3,31,42,1966,1451,0.965926,False,0.738
2026-08-21T10:50:01.643211+00:00,grid_23,grid,,28.584392,77.704272,FRC4,43,43,1750,1750,1,False,1.0
2026-08-21T10:50:01.643211+00:00,grid_24,grid,,28.746089,76.698159,FRC4,47,47,1650,1650,1,False,1.0
2026-08-21T10:50:01.643211+00:00,grid_25,grid,,28.746089,76.899382,FRC4,42,42,737,737,1,False,1.0
2026-08-21T10:50:01.643211+00:00,grid_26,grid,,28.746089,77.100604,FRC3,25,32,2012,1572,0.975032,False,0.781
2026-08-21T10:50:01.643211+00:00,grid_27,grid,,28.746089,77.301827,FRC3,28,28,1127,1127,1,False,1.0
2026-08-21T10:50:01.643211+00:00,grid_28,grid,,28.746089,77.503049,FRC2,32,49,2009,1312,0.988284,False,0.653
2026-08-21T10:50:01.643211+00:00,grid_29,grid,,28.746089,77.704272,FRC3,49,49,1563,1563,1,False,1.0
2026-08-21T10:50:01.643211+00:00,grid_30,grid,,28.907786,76.698159,FRC2,46,46,1593,1593,1,False,1.0
2026-08-21T10:50:01.643211+00:00,grid_31,grid,,28.907786,76.899382,FRC4,44,44,1286,1286,1,False,1.0
2026-08-21T10:50:01.643211+00:00,grid_32,grid,,28.907786,77.100604,FRC1,61,61,147,147,1,False,1.0
2026-08-21T10:50:01.643211+00:00,grid_33,grid,,28.907786,77.301827,FRC2,69,69,1058,1058,1,False,1.0
2026-08-21T10:50:01.643211+00:00,grid_34,grid,,28.907786,77.503049,FRC4,46,46,1067,1067,1,False,1.0
2026-08-21T10:50:01.643211+00:00,grid_35,grid,,28.907786,77.704272,FRC2,43,49,1684,1477,0.762223,False,0.878
2026-08-21T10:50:01.643211+00:00,city_Delhi,city_center,Delhi,28.7041,77.1025,FRC2,18,29,1175,729,0.992167,False,0.621
2026-08-21T10:50:01.643211+00:00,city_Faridabad,city_center,Faridabad,28.4089,77.3178,FRC4,27,33,448,366,0.980846,False,0.818
2026-08-21T10:50:01.643211+00:00,city_Ghaziabad,city_center,Ghaziabad,28.6692,77.4538,FRC4,31,37,1230,1031,0.990358,False,0.838
2026-08-21T10:50:01.643211+00:00,city_Gurgaon,city_center,Gurgaon,28.4595,77.0266,FRC4,43,49,1918,1683,0.998633,False,0.878
2026-08-21T10:50:01.643211+00:00,city_Noida,city_center,Noida,28.5355,77.391,FRC3,25,31,3007,2425,0.980904,False,0.806
2026-08-21T10:50:01.643211+00:00,hotspot_Anand_Vihar,hotspot,Anand Vihar,28.6469,77.3152,FRC3,40,40,651,651,1,False,1.0
2026-08-21T10:50:01.643211+00:00,hotspot_Rohini,hotspot,Rohini,28.7495,77.0565,FRC2,27,38,1673,1188,1,False,0.711
2026-08-21T11:20:49.398187+00:00,grid_0,grid,,28.099302,76.698159,FRC4,31,31,1306,1306,1,False,1.0
2026-08-21T11:20:49.398187+00:00,grid_1,grid,,28.099302,76.899382,FRC4,35,35,1597,1597,1,False,1.0
2026-08-21T11:20:49.398187+00:00,grid_2,grid,,28.099302,77.100604,FRC4,42,42,626,626,1,False,1.0
2026-08-21T11:20:49.398187+00:00,grid_3,grid,,28.099302,77.301827,FRC0,70,79,923,818,0.87966,False,0.886
2026-08-21T11:20:49.398187+00:00,grid_4,grid,,28.099302,77.503049,FRC2,46,46,1777,1777,1,False,1.0
2026-08-21T11:20:49.398187+00:00,grid_5,grid,,28.099302,77.704272,FRC4,54,54,1057,1057,1,False,1.0
2026-08-21T11:20:49.398187+00:00,grid_6,grid,,28.260999,76.698159,FRC3,44,44,1293,1293,1,False,1.0
2026-08-21T11:20:49.398187+00:00,grid_7,grid,,28.260999,76.899382,FRC3,43,43,1183,1183,1,False,1.0
2026-08-21T11:20:49.398187+00:00,grid_8,grid,,28.260999,77.100604,FRC0,102,102,373,373,1,False,1.0
2026-08-21T11:20:49.398187+00:00,grid_9,grid,,28.260999,77.301827,FRC4,31,31,1991,1991,1,False,1.0
2026-08-21T11:20:49.398187+00:00,grid_10,grid,,28.260999,77.503049,FRC4,36,36,2091,2091,1,False,1.0
2026-08-21T11:20:49.398187+00:00,grid_11,grid,,28.260999,77.704272,FRC4,55,55,1336,1336,1,False,1.0
2026-08-21T11:20:49.398187+00:00,grid_12,grid,,28.422696,76.698159,FRC4,30,30,1054,1054,1,False,1.0
2026-08-21T11:20:49.398187+00:00,grid_13,grid,,28.422696,76.899382,FRC3,43,49,1173,1029,0.931529,False,0.878
2026-08-21T11:20:49.398187+00:00,grid_14,grid,,28.422696,77.100604,FRC3,31,40,1557,1206,1,False,0.775
2026-08-21T11:20:49.398187+00:00,grid_15,grid,,28.422696,77.301827,FRC3,30,30,1172,1172,1,False,1.0
2026-08-21T11:20:49.398187+00:00,grid_16,grid,,28.422696,77.503049,FRC0,92,92,469,469,1,False,1.0
2026-08-21T11:20:49.398187+00:00,grid_17,grid,,28.422696,77.704272,FRC3,56,56,1244,1244,1,False,1.0
2026-08-21T11:20:49.398187+00:00,grid_18,grid,,28.584392,76.698159,FRC4,34,34,770,770,1,False,1.0
2026-08-21T11:20:49.398187+00:00,grid_19,grid,,28.584392,76.899382,FRC7,40,40,1295,1295,1,False,1.0
2026-08-21T11:20:49.398187+00:00,grid_20,grid,,28.584392,77.100604,FRC6,32,37,1381,1194,0.998169,False,0.865
2026-08-21T11:20:49.398187+00:00,grid_21,grid,,28.584392,77.301827,FRC2,36,50,1348,971,1,False,0.72
2026-08-21T11:20:49.398187+00:00,grid_22,grid,,28.584392,77.503049,FRC3,30,42,2032,1451,0.96464,False,0.714
2026-08-21T11:20:49.398187+00:00,grid_23,grid,,28.584392,77.704272,FRC4,43,43,1750,1750,1,False,1.0
2026-08-21T11:20:49.398187+00:00,grid_24,grid,,28.746089,76.698159,FRC4,47,47,1650,1650,1,False,1.0
2026-08-21T11:20:49.398187+00:00,grid_25,grid,,28.746089,76.899382,FRC4,42,42,737,737,1,False,1.0
2026-08-21T11:20:49.398187+00:00,grid_26,grid,,28.746089,77.100604,FRC3,22,32,2287,1572,0.957371,False,0.688
2026-08-21T11:20:49.398187+00:00,grid_27,grid,,28.746089,77.301827,FRC3,23,28,1372,1127,0.975895,False,0.821
2026-08-21T11:20:49.398187+00:00,grid_28,grid,,28.746089,77.503049,FRC2,39,48,1648,1339,0.991529,False,0.812
2026-08-21T11:20:49.398187+00:00,grid_29,grid,,28.746089,77.704272,FRC3,49,49,1563,1563,1,False,1.0
2026-08-21T11:20:49.398187+00:00,grid_30,grid,,28.907786,76.698159,FRC2,46,46,1593,1593,1,False,1.0
2026-08-21T11:20:49.398187+00:00,grid_31,grid,,28.907786,76.899382,FRC4,44,44,1286,1286,1,False,1.0
2026-08-21T11:20:49.398187+00:00,grid_32,grid,,28.907786,77.100604,FRC1,61,61,147,147,1,False,1.0
2026-08-21T11:20:49.398187+00:00,grid_33,grid,,28.907786,77.301827,FRC2,69,69,1058,1058,1,False,1.0
2026-08-21T11:20:49.398187+00:00,grid_34,grid,,28.907786,77.503049,FRC4,46,46,1067,1067,1,False,1.0
2026-08-21T11:20:49.398187+00:00,grid_35,grid,,28.907786,77.704272,FRC2,43,49,1684,1477,0.697668,False,0.878
2026-08-21T11:20:49.398187+00:00,city_Delhi,city_center,Delhi,28.7041,77.1025,FRC2,20,29,1058,729,0.994821,False,0.69
2026-08-21T11:20:49.398187+00:00,city_Faridabad,city_center,Faridabad,28.4089,77.3178,FRC4,19,33,636,366,0.97,False,0.576
2026-08-21T11:20:49.398187+00:00,city_Ghaziabad,city_center,Ghaziabad,28.6692,77.4538,FRC4,32,37,1192,1031,0.992561,False,0.865
2026-08-21T11:20:49.398187+00:00,city_Gurgaon,city_center,Gurgaon,28.4595,77.0266,FRC4,44,49,1874,1683,0.998631,False,0.898
2026-08-21T11:20:49.398187+00:00,city_Noida,city_center,Noida,28.5355,77.391,FRC3,26,31,2891,2425,0.980239,False,0.839
2026-08-21T11:20:49.398187+00:00,hotspot_Anand_Vihar,hotspot,Anand Vihar,28.6469,77.3152,FRC3,34,41,766,636,1,False,0.829
2026-08-21T11:20:49.398187+00:00,hotspot_Rohini,hotspot,Rohini,28.7495,77.0565,FRC2,27,38,1673,1188,1,False,0.711
2026-08-21T11:51:35.980604+00:00,grid_0,grid,,28.099302,76.698159,FRC4,31,31,1306,1306,1,False,1.0
2026-08-21T11:51:35.980604+00:00,grid_1,grid,,28.099302,76.899382,FRC4,35,35,1597,1597,1,False,1.0
2026-08-21T11:51:35.980604+00:00,grid_2,grid,,28.099302,77.100604,FRC4,42,42,626,626,1,False,1.0
2026-08-21T11:51:35.980604+00:00,grid_3,grid,,28.099302,77.301827,FRC0,70,80,923,808,0.946304,False,0.875
2026-08-21T11:51:35.980604+00:00,grid_4,grid,,28.099302,77.503049,FRC2,46,46,1777,1777,1,False,1.0
2026-08-21T11:51:35.980604+00:00,grid_5,grid,,28.099302,77.704272,FRC4,54,54,1057,1057,1,False,1.0
2026-08-21T11:51:35.980604+00:00,grid_6,grid,,28.260999,76.698159,FRC3,44,44,1293,1293,1,False,1.0
2026-08-21T11:51:35.980604+00:00,grid_7,grid,,28.260999,76.899382,FRC3,43,43,1183,1183,1,False,1.0
2026-08-21T11:51:35.980604+00:00,grid_8,grid,,28.260999,77.100604,FRC0,102,102,373,373,1,False,1.0
2026-08-21T11:51:35.980604+00:00,grid_9,grid,,28.260999,77.301827,FRC4,31,31,1991,1991,1,False,1.0
2026-08-21T11:51:35.980604+00:00,grid_10,grid,,28.260999,77.503049,FRC4,36,36,2091,2091,1,False,1.0
2026-08-21T11:51:35.980604+00:00,grid_11,grid,,28.260999,77.704272,FRC4,55,55,1336,1336,1,False,1.0
2026-08-21T11:51:35.980604+00:00,grid_12,grid,,28.422696,76.698159,FRC4,30,30,1054,1054,1,False,1.0
2026-08-21T11:51:35.980604+00:00,grid_13,grid,,28.422696,76.899382,FRC3,44,48,1146,1050,0.870846,False,0.917
2026-08-21T11:51:35.980604+00:00,grid_14,grid,,28.422696,77.100604,FRC3,32,41,1508,1177,1,False,0.78
2026-08-21T11:51:35.980604+00:00,grid_15,grid,,28.422696,77.301827,FRC3,24,30,1465,1172,0.982685,False,0.8
2026-08-21T11:51:35.980604+00:00,grid_16,grid,,28.422696,77.503049,FRC0,92,92,469,469,1,False,1.0
2026-08-21T11:51:35.980604+00:00,grid_17,grid,,28.422696,77.704272,FRC3,56,56,1244,1244,1,False,1.0
2026-08-21T11:51:35.980604+00:00,grid_18,grid,,28.584392,76.698159,FRC4,34,34,770,770,1,False,1.0
2026-08-21T11:51:35.980604+00:00,grid_19,grid,,28.584392,76.899382,FRC7,40,40,1295,1295,1,False,1.0
2026-08-21T11:51:35.980604+00:00,grid_20,grid,,28.584392,77.100604,FRC6,31,37,1426,1194,0.998922,False,0.838
2026-08-21T11:51:35.980604+00:00,grid_21,grid,,28.584392,77.301827,FRC2,37,50,1312,971,1,False,0.74
2026-08-21T11:51:35.980604+00:00,grid_22,grid,,28.584392,77.503049,FRC3,31,42,1966,1451,0.926903,False,0.738
2026-08-21T11:51:35.980604+00:00,grid_23,grid,,28.584392,77.704272,FRC4,43,43,1750,1750,1,False,1.0
2026-08-21T11:51:35.980604+00:00,grid_24,grid,,28.746089,76.698159,FRC4,47,47,1650,1650,1,False,1.0
2026-08-21T11:51:35.980604+00:00,grid_25,grid,,28.746089,76.899382,FRC4,42,42,737,737,1,False,1.0
2026-08-21T11:51:35.980604+00:00,grid_26,grid,,28.746089,77.100604,FRC3,23,32,2187,1572,0.965943,False,0.719
2026-08-21T11:51:35.980604+00:00,grid_27,grid,,28.746089,77.301827,FRC3,28,28,1127,1127,1,False,1.0
2026-08-21T11:51:35.980604+00:00,grid_28,grid,,28.746089,77.503049,FRC2,39,48,1648,1339,0.99442,False,0.812
2026-08-21T11:51:35.980604+00:00,grid_29,grid,,28.746089,77.704272,FRC3,49,49,1563,1563,1,False,1.0
2026-08-21T11:51:35.980604+00:00,grid_30,grid,,28.907786,76.698159,FRC2,46,46,1593,1593,1,False,1.0
2026-08-21T11:51:35.980604+00:00,grid_31,grid,,28.907786,76.899382,FRC4,44,44,1286,1286,1,False,1.0
2026-08-21T11:51:35.980604+00:00,grid_32,grid,,28.907786,77.100604,FRC1,43,61,209,147,0.92,False,0.705
2026-08-21T11:51:35.980604+00:00,grid_33,grid,,28.907786,77.301827,FRC2,69,69,1058,1058,1,False,1.0
2026-08-21T11:51:35.980604+00:00,grid_34,grid,,28.907786,77.503049,FRC4,46,46,1067,1067,1,False,1.0
2026-08-21T11:51:35.980604+00:00,grid_35,grid,,28.907786,77.704272,FRC2,44,49,1645,1477,0.650142,False,0.898
2026-08-21T11:51:35.980604+00:00,city_Delhi,city_center,Delhi,28.7041,77.1025,FRC2,20,30,1058,705,0.995535,False,0.667
2026-08-21T11:51:35.980604+00:00,city_Faridabad,city_center,Faridabad,28.4089,77.3178,FRC4,24,33,504,366,0.98,False,0.727
2026-08-21T11:51:35.980604+00:00,city_Ghaziabad,city_center,Ghaziabad,28.6692,77.4538,FRC4,32,37,1192,1031,0.996349,False,0.865
2026-08-21T11:51:35.980604+00:00,city_Gurgaon,city_center,Gurgaon,28.4595,77.0266,FRC4,42,49,1963,1683,0.998633,False,0.857
2026-08-21T11:51:35.980604+00:00,city_Noida,city_center,Noida,28.5355,77.391,FRC3,24,31,3132,2425,0.978533,False,0.774
2026-08-21T11:51:35.980604+00:00,hotspot_Anand_Vihar,hotspot,Anand Vihar,28.6469,77.3152,FRC3,34,40,766,651,1,False,0.85
2026-08-21T11:51:35.980604+00:00,hotspot_Rohini,hotspot,Rohini,28.7495,77.0565,FRC2,27,38,1673,1188,1,False,0.711
2026-08-21T12:08:07.110787+00:00,grid_0,grid,,28.099302,76.698159,FRC4,31,31,1306,1306,1,False,1.0
2026-08-21T12:08:07.110787+00:00,grid_1,grid,,28.099302,76.899382,FRC4,35,35,1597,1597,1,False,1.0
2026-08-21T12:08:07.110787+00:00,grid_2,grid,,28.099302,77.100604,FRC4,42,42,626,626,1,False,1.0
2026-08-21T12:08:07.110787+00:00,grid_3,grid,,28.099302,77.301827,FRC0,67,80,964,808,0.952794,False,0.838
2026-08-21T12:08:07.110787+00:00,grid_4,grid,,28.099302,77.503049,FRC2,39,46,2096,1777,0.696245,False,0.848
2026-08-21T12:08:07.110787+00:00,grid_5,grid,,28.099302,77.704272,FRC4,54,54,1057,1057,1,False,1.0
2026-08-21T12:08:07.110787+00:00,grid_6,grid,,28.260999,76.698159,FRC3,44,44,1293,1293,1,False,1.0
2026-08-21T12:08:07.110787+00:00,grid_7,grid,,28.260999,76.899382,FRC3,43,43,1183,1183,1,False,1.0
2026-08-21T12:08:07.110787+00:00,grid_8,grid,,28.260999,77.100604,FRC0,102,102,373,373,1,False,1.0
2026-08-21T12:08:07.110787+00:00,grid_9,grid,,28.260999,77.301827,FRC4,31,31,1991,1991,1,False,1.0
2026-08-21T12:08:07.110787+00:00,grid_10,grid,,28.260999,77.503049,FRC4,36,36,2091,2091,1,False,1.0
2026-08-21T12:08:07.110787+00:00,grid_11,grid,,28.260999,77.704272,FRC4,55,55,1336,1336,1,False,1.0
2026-08-21T12:08:07.110787+00:00,grid_12,grid,,28.422696,76.698159,FRC4,30,30,1054,1054,1,False,1.0
2026-08-21T12:08:07.110787+00:00,grid_13,grid,,28.422696,76.899382,FRC3,45,48,1120,1050,0.88509,False,0.938
2026-08-21T12:08:07.110787+00:00,grid_14,grid,,28.422696,77.100604,FRC3,33,41,1462,1177,1,False,0.805
2026-08-21T12:08:07.110787+00:00,grid_15,grid,,28.422696,77.301827,FRC3,23,30,1529,1172,0.987775,False,0.767
2026-08-21T12:08:07.110787+00:00,grid_16,grid,,28.422696,77.503049,FRC0,92,92,469,469,1,False,1.0
2026-08-21T12:08:07.110787+00:00,grid_17,grid,,28.422696,77.704272,FRC3,56,56,1244,1244,1,False,1.0
2026-08-21T12:08:07.110787+00:00,grid_18,grid,,28.584392,76.698159,FRC4,34,34,770,770,1,False,1.0
2026-08-21T12:08:07.110787+00:00,grid_19,grid,,28.584392,76.899382,FRC7,40,40,1295,1295,1,False,1.0
2026-08-21T12:08:07.110787+00:00,grid_20,grid,,28.584392,77.100604,FRC6,33,37,1339,1194,1,False,0.892
2026-08-21T12:08:07.110787+00:00,grid_21,grid,,28.584392,77.301827,FRC2,35,50,1387,971,1,False,0.7
2026-08-21T12:08:07.110787+00:00,grid_22,grid,,28.584392,77.503049,FRC3,27,43,2258,1417,0.955474,False,0.628
2026-08-21T12:08:07.110787+00:00,grid_23,grid,,28.584392,77.704272,FRC4,43,43,1750,1750,1,False,1.0
2026-08-21T12:08:07.110787+00:00,grid_24,grid,,28.746089,76.698159,FRC4,47,47,1650,1650,1,False,1.0
2026-08-21T12:08:07.110787+00:00,grid_25,grid,,28.746089,76.899382,FRC4,42,42,737,737,1,False,1.0
2026-08-21T12:08:07.110787+00:00,grid_26,grid,,28.746089,77.100604,FRC3,24,32,2096,1572,0.9668,False,0.75
2026-08-21T12:08:07.110787+00:00,grid_27,grid,,28.746089,77.301827,FRC3,21,28,1503,1127,0.981908,False,0.75
2026-08-21T12:08:07.110787+00:00,grid_28,grid,,28.746089,77.503049,FRC2,38,48,1692,1339,0.990134,False,0.792
2026-08-21T12:08:07.110787+00:00,grid_29,grid,,28.746089,77.704272,FRC3,49,49,1563,1563,1,False,1.0
2026-08-21T12:08:07.110787+00:00,grid_30,grid,,28.907786,76.698159,FRC2,46,46,1593,1593,1,False,1.0
2026-08-21T12:08:07.110787+00:00,grid_31,grid,,28.907786,76.899382,FRC4,44,44,1286,1286,1,False,1.0
2026-08-21T12:08:07.110787+00:00,grid_32,grid,,28.907786,77.100604,FRC1,61,61,147,147,1,False,1.0
2026-08-21T12:08:07.110787+00:00,grid_33,grid,,28.907786,77.301827,FRC2,69,69,1058,1058,1,False,1.0
2026-08-21T12:08:07.110787+00:00,grid_34,grid,,28.907786,77.503049,FRC4,46,46,1067,1067,1,False,1.0
2026-08-21T12:08:07.110787+00:00,grid_35,grid,,28.907786,77.704272,FRC2,43,49,1684,1477,0.761657,False,0.878
2026-08-21T12:08:07.110787+00:00,city_Delhi,city_center,Delhi,28.7041,77.1025,FRC2,21,29,1007,729,0.99582,False,0.724
2026-08-21T12:08:07.110787+00:00,city_Faridabad,city_center,Faridabad,28.4089,77.3178,FRC4,22,34,550,355,0.98,False,0.647
2026-08-21T12:08:07.110787+00:00,city_Ghaziabad,city_center,Ghaziabad,28.6692,77.4538,FRC4,31,37,1230,1031,0.996437,False,0.838
2026-08-21T12:08:07.110787+00:00,city_Gurgaon,city_center,Gurgaon,28.4595,77.0266,FRC4,42,49,1963,1683,1,False,0.857
2026-08-21T12:08:07.110787+00:00,city_Noida,city_center,Noida,28.5355,77.391,FRC3,23,31,3268,2425,0.982633,False,0.742
2026-08-21T12:08:07.110787+00:00,hotspot_Anand_Vihar,hotspot,Anand Vihar,28.6469,77.3152,FRC3,33,40,790,651,1,False,0.825
2026-08-21T12:08:07.110787+00:00,hotspot_Rohini,hotspot,Rohini,28.7495,77.0565,FRC2,28,38,1613,1188,0.997256,False,0.737
2026-08-21T13:32:21.055619+00:00,grid_15,grid,,28.422696,77.301827,FRC3,25,30,1406,1172,0.979403,False,0.833
2026-08-21T13:32:21.055619+00:00,grid_16,grid,,28.422696,77.503049,FRC0,92,92,469,469,1,False,1.0
2026-08-21T13:32:21.055619+00:00,grid_17,grid,,28.422696,77.704272,FRC3,56,56,1244,1244,1,False,1.0
2026-08-21T13:32:21.055619+00:00,grid_18,grid,,28.584392,76.698159,FRC4,34,34,770,770,1,False,1.0
2026-08-21T13:32:21.055619+00:00,grid_19,grid,,28.584392,76.899382,FRC7,40,40,1295,1295,1,False,1.0
2026-08-21T13:32:21.055619+00:00,grid_20,grid,,28.584392,77.100604,FRC6,37,37,1194,1194,1,False,1.0
2026-08-21T13:32:21.055619+00:00,grid_21,grid,,28.584392,77.301827,FRC2,40,49,1213,990,0.998999,False,0.816
2026-08-21T13:32:21.055619+00:00,grid_22,grid,,28.584392,77.503049,FRC3,32,42,1905,1451,0.958229,False,0.762
2026-08-21T16:50:02.891138+00:00,grid_0,grid,,28.099302,76.698159,FRC4,31,31,1306,1306,1,False,1.0
2026-08-21T16:50:02.891138+00:00,grid_1,grid,,28.099302,76.899382,FRC4,35,35,1597,1597,1,False,1.0
2026-08-21T16:50:02.891138+00:00,grid_2,grid,,28.099302,77.100604,FRC4,42,42,626,626,1,False,1.0
2026-08-21T16:50:02.891138+00:00,grid_3,grid,,28.099302,77.301827,FRC0,80,80,808,808,1,False,1.0
2026-08-21T16:50:02.891138+00:00,grid_4,grid,,28.099302,77.503049,FRC2,46,46,1777,1777,1,False,1.0
2026-08-21T16:50:02.891138+00:00,grid_5,grid,,28.099302,77.704272,FRC4,54,54,1057,1057,1,False,1.0
2026-08-21T16:50:02.891138+00:00,grid_6,grid,,28.260999,76.698159,FRC3,44,44,1293,1293,1,False,1.0
2026-08-21T16:50:02.891138+00:00,grid_7,grid,,28.260999,76.899382,FRC3,43,43,1183,1183,1,False,1.0
2026-08-21T16:50:02.891138+00:00,grid_8,grid,,28.260999,77.100604,FRC0,102,102,373,373,1,False,1.0
2026-08-21T16:50:02.891138+00:00,grid_9,grid,,28.260999,77.301827,FRC4,31,31,1991,1991,1,False,1.0
2026-08-21T16:50:02.891138+00:00,grid_10,grid,,28.260999,77.503049,FRC4,36,36,2091,2091,1,False,1.0
2026-08-21T16:50:02.891138+00:00,grid_11,grid,,28.260999,77.704272,FRC4,55,55,1336,1336,1,False,1.0
2026-08-21T16:50:02.891138+00:00,grid_12,grid,,28.422696,76.698159,FRC4,30,30,1054,1054,1,False,1.0
2026-08-21T16:50:02.891138+00:00,grid_13,grid,,28.422696,76.899382,FRC3,46,49,1096,1029,0.717668,False,0.939
2026-08-21T16:50:02.891138+00:00,grid_14,grid,,28.422696,77.100604,FRC3,34,40,1419,1206,1,False,0.85
2026-08-21T16:50:02.891138+00:00,grid_15,grid,,28.422696,77.301827,FRC3,30,30,1172,1172,1,False,1.0
2026-08-21T16:50:02.891138+00:00,grid_16,grid,,28.422696,77.503049,FRC0,92,92,469,469,1,False,1.0
2026-08-21T16:50:02.891138+00:00,grid_17,grid,,28.422696,77.704272,FRC3,56,56,1244,1244,1,False,1.0
2026-08-21T16:50:02.891138+00:00,grid_18,grid,,28.584392,76.698159,FRC4,34,34,770,770,1,False,1.0
2026-08-21T16:50:02.891138+00:00,grid_19,grid,,28.584392,76.899382,FRC7,40,40,1295,1295,1,False,1.0
2026-08-21T16:50:02.891138+00:00,grid_20,grid,,28.584392,77.100604,FRC6,37,37,1194,1194,1,False,1.0
2026-08-21T16:50:02.891138+00:00,grid_21,grid,,28.584392,77.301827,FRC2,43,49,1129,990,0.999333,False,0.878
2026-08-21T16:50:02.891138+00:00,grid_22,grid,,28.584392,77.503049,FRC3,32,43,1905,1417,0.975572,False,0.744
2026-08-21T16:50:02.891138+00:00,grid_23,grid,,28.584392,77.704272,FRC4,43,43,1750,1750,1,False,1.0
2026-08-21T16:50:02.891138+00:00,grid_24,grid,,28.746089,76.698159,FRC4,47,47,1650,1650,1,False,1.0
2026-08-21T16:50:02.891138+00:00,grid_25,grid,,28.746089,76.899382,FRC4,42,42,737,737,1,False,1.0
2026-08-21T16:50:02.891138+00:00,grid_26,grid,,28.746089,77.100604,FRC3,32,32,1572,1572,1,False,1.0
2026-08-21T16:50:02.891138+00:00,grid_27,grid,,28.746089,77.301827,FRC3,28,28,1127,1127,1,False,1.0
2026-08-21T16:50:02.891138+00:00,grid_28,grid,,28.746089,77.503049,FRC2,49,49,1312,1312,1,False,1.0
2026-08-21T16:50:02.891138+00:00,grid_29,grid,,28.746089,77.704272,FRC3,49,49,1563,1563,1,False,1.0
2026-08-21T16:50:02.891138+00:00,grid_30,grid,,28.907786,76.698159,FRC2,46,46,1593,1593,1,False,1.0
2026-08-21T16:50:02.891138+00:00,grid_31,grid,,28.907786,76.899382,FRC4,44,44,1286,1286,1,False,1.0
2026-08-21T16:50:02.891138+00:00,grid_32,grid,,28.907786,77.100604,FRC1,45,60,200,150,0.93,False,0.75
2026-08-21T16:50:02.891138+00:00,grid_33,grid,,28.907786,77.301827,FRC2,69,69,1058,1058,1,False,1.0
2026-08-21T16:50:02.891138+00:00,grid_34,grid,,28.907786,77.503049,FRC4,46,46,1067,1067,1,False,1.0
2026-08-21T16:50:02.891138+00:00,grid_35,grid,,28.907786,77.704272,FRC2,49,49,1477,1477,1,False,1.0
2026-08-21T16:50:02.891138+00:00,city_Delhi,city_center,Delhi,28.7041,77.1025,FRC2,30,30,705,705,1,False,1.0
2026-08-21T16:50:02.891138+00:00,city_Faridabad,city_center,Faridabad,28.4089,77.3178,FRC4,34,34,355,355,1,False,1.0
2026-08-21T16:50:02.891138+00:00,city_Ghaziabad,city_center,Ghaziabad,28.6692,77.4538,FRC4,37,37,1031,1031,1,False,1.0
2026-08-21T16:50:02.891138+00:00,city_Gurgaon,city_center,Gurgaon,28.4595,77.0266,FRC4,49,49,1683,1683,1,False,1.0
2026-08-21T16:50:02.891138+00:00,city_Noida,city_center,Noida,28.5355,77.391,FRC3,25,30,3007,2505,0.970217,True,0.833
2026-08-21T16:50:02.891138+00:00,hotspot_Anand_Vihar,hotspot,Anand Vihar,28.6469,77.3152,FRC3,40,40,651,651,1,False,1.0
2026-08-21T16:50:02.891138+00:00,hotspot_Rohini,hotspot,Rohini,28.7495,77.0565,FRC2,32,37,1411,1220,0.99844,False,0.865
2026-08-21T17:21:50.156352+00:00,grid_0,grid,,28.099302,76.698159,FRC4,31,31,1306,1306,1,False,1.0
2026-08-21T17:21:50.156352+00:00,grid_1,grid,,28.099302,76.899382,FRC4,35,35,1597,1597,1,False,1.0
2026-08-21T17:21:50.156352+00:00,grid_2,grid,,28.099302,77.100604,FRC4,42,42,626,626,1,False,1.0
2026-08-21T17:21:50.156352+00:00,grid_3,grid,,28.099302,77.301827,FRC0,80,80,808,808,1,False,1.0
2026-08-21T17:21:50.156352+00:00,grid_4,grid,,28.099302,77.503049,FRC2,46,46,1777,1777,1,False,1.0
2026-08-21T17:21:50.156352+00:00,grid_5,grid,,28.099302,77.704272,FRC4,54,54,1057,1057,1,False,1.0
2026-08-21T17:21:50.156352+00:00,grid_6,grid,,28.260999,76.698159,FRC3,44,44,1293,1293,1,False,1.0
2026-08-21T17:21:50.156352+00:00,grid_7,grid,,28.260999,76.899382,FRC3,43,43,1183,1183,1,False,1.0
2026-08-21T17:21:50.156352+00:00,grid_8,grid,,28.260999,77.100604,FRC0,102,102,373,373,1,False,1.0
2026-08-21T17:21:50.156352+00:00,grid_9,grid,,28.260999,77.301827,FRC4,31,31,1991,1991,1,False,1.0
2026-08-21T17:21:50.156352+00:00,grid_10,grid,,28.260999,77.503049,FRC4,36,36,2091,2091,1,False,1.0
2026-08-21T17:21:50.156352+00:00,grid_11,grid,,28.260999,77.704272,FRC4,55,55,1336,1336,1,False,1.0
2026-08-21T17:21:50.156352+00:00,grid_12,grid,,28.422696,76.698159,FRC4,30,30,1054,1054,1,False,1.0
2026-08-21T17:21:50.156352+00:00,grid_13,grid,,28.422696,76.899382,FRC3,40,48,1261,1050,0.760949,False,0.833
2026-08-21T17:21:50.156352+00:00,grid_14,grid,,28.422696,77.100604,FRC3,35,40,1379,1206,1,False,0.875
2026-08-21T17:21:50.156352+00:00,grid_15,grid,,28.422696,77.301827,FRC3,30,30,1172,1172,1,False,1.0
2026-08-21T17:21:50.156352+00:00,grid_16,grid,,28.422696,77.503049,FRC0,92,92,469,469,1,False,1.0
2026-08-21T17:21:50.156352+00:00,grid_17,grid,,28.422696,77.704272,FRC3,56,56,1244,1244,1,False,1.0
2026-08-21T17:21:50.156352+00:00,grid_18,grid,,28.584392,76.698159,FRC4,34,34,770,770,1,False,1.0
2026-08-21T17:21:50.156352+00:00,grid_19,grid,,28.584392,76.899382,FRC7,40,40,1295,1295,1,False,1.0
2026-08-21T17:21:50.156352+00:00,grid_20,grid,,28.584392,77.100604,FRC6,37,37,1194,1194,1,False,1.0
2026-08-21T17:21:50.156352+00:00,grid_21,grid,,28.584392,77.301827,FRC2,49,49,990,990,1,False,1.0
2026-08-21T17:21:50.156352+00:00,grid_22,grid,,28.584392,77.503049,FRC3,33,42,1847,1451,0.930718,False,0.786
2026-08-21T17:21:50.156352+00:00,grid_23,grid,,28.584392,77.704272,FRC4,43,43,1750,1750,1,False,1.0
2026-08-21T17:21:50.156352+00:00,grid_24,grid,,28.746089,76.698159,FRC4,47,47,1650,1650,1,False,1.0
2026-08-21T17:21:50.156352+00:00,grid_25,grid,,28.746089,76.899382,FRC4,42,42,737,737,1,False,1.0
2026-08-21T17:21:50.156352+00:00,grid_26,grid,,28.746089,77.100604,FRC3,32,32,1572,1572,1,False,1.0
2026-08-21T17:21:50.156352+00:00,grid_27,grid,,28.746089,77.301827,FRC3,28,28,1127,1127,1,False,1.0
2026-08-21T17:21:50.156352+00:00,grid_28,grid,,28.746089,77.503049,FRC2,49,49,1312,1312,1,False,1.0
2026-08-21T17:21:50.156352+00:00,grid_29,grid,,28.746089,77.704272,FRC3,49,49,1563,1563,1,False,1.0
2026-08-21T17:21:50.156352+00:00,grid_30,grid,,28.907786,76.698159,FRC2,46,46,1593,1593,1,False,1.0
2026-08-21T17:21:50.156352+00:00,grid_31,grid,,28.907786,76.899382,FRC4,44,44,1286,1286,1,False,1.0
2026-08-21T17:21:50.156352+00:00,grid_32,grid,,28.907786,77.100604,FRC1,43,60,209,150,0.847874,False,0.717
2026-08-21T17:21:50.156352+00:00,grid_33,grid,,28.907786,77.301827,FRC2,69,69,1058,1058,1,False,1.0
2026-08-21T17:21:50.156352+00:00,grid_34,grid,,28.907786,77.503049,FRC4,46,46,1067,1067,1,False,1.0
2026-08-21T17:21:50.156352+00:00,grid_35,grid,,28.907786,77.704272,FRC2,49,49,1477,1477,1,False,1.0
2026-08-21T17:21:50.156352+00:00,city_Delhi,city_center,Delhi,28.7041,77.1025,FRC2,21,29,1007,729,0.978841,False,0.724
2026-08-21T17:21:50.156352+00:00,city_Faridabad,city_center,Faridabad,28.4089,77.3178,FRC4,34,34,355,355,1,False,1.0
2026-08-21T17:21:50.156352+00:00,city_Ghaziabad,city_center,Ghaziabad,28.6692,77.4538,FRC4,37,37,1031,1031,1,False,1.0
2026-08-21T17:21:50.156352+00:00,city_Gurgaon,city_center,Gurgaon,28.4595,77.0266,FRC4,49,49,1683,1683,1,False,1.0
2026-08-21T17:21:50.156352+00:00,city_Noida,city_center,Noida,28.5355,77.391,FRC3,25,29,3007,2592,0.97292,True,0.862
2026-08-21T17:21:50.156352+00:00,hotspot_Anand_Vihar,hotspot,Anand Vihar,28.6469,77.3152,FRC3,37,40,704,651,1,False,0.925
2026-08-21T17:21:50.156352+00:00,hotspot_Rohini,hotspot,Rohini,28.7495,77.0565,FRC2,33,38,1368,1188,0.995571,False,0.868
2026-08-21T17:55:28.322933+00:00,grid_0,grid,,28.099302,76.698159,FRC4,31,31,1306,1306,1,False,1.0
2026-08-21T17:55:28.322933+00:00,grid_1,grid,,28.099302,76.899382,FRC4,35,35,1597,1597,1,False,1.0
2026-08-21T17:55:28.322933+00:00,grid_2,grid,,28.099302,77.100604,FRC4,42,42,626,626,1,False,1.0
2026-08-21T17:55:28.322933+00:00,grid_3,grid,,28.099302,77.301827,FRC0,80,80,808,808,1,False,1.0
2026-08-21T17:55:28.322933+00:00,grid_4,grid,,28.099302,77.503049,FRC2,46,46,1777,1777,1,False,1.0
2026-08-21T17:55:28.322933+00:00,grid_5,grid,,28.099302,77.704272,FRC4,54,54,1057,1057,1,False,1.0
2026-08-21T17:55:28.322933+00:00,grid_6,grid,,28.260999,76.698159,FRC3,44,44,1293,1293,1,False,1.0
2026-08-21T17:55:28.322933+00:00,grid_7,grid,,28.260999,76.899382,FRC3,43,43,1183,1183,1,False,1.0
2026-08-21T17:55:28.322933+00:00,grid_8,grid,,28.260999,77.100604,FRC0,102,102,373,373,1,False,1.0
2026-08-21T17:55:28.322933+00:00,grid_9,grid,,28.260999,77.301827,FRC4,31,31,1991,1991,1,False,1.0
2026-08-21T17:55:28.322933+00:00,grid_10,grid,,28.260999,77.503049,FRC4,36,36,2091,2091,1,False,1.0
2026-08-21T17:55:28.322933+00:00,grid_11,grid,,28.260999,77.704272,FRC4,55,55,1336,1336,1,False,1.0
2026-08-21T17:55:28.322933+00:00,grid_12,grid,,28.422696,76.698159,FRC4,30,30,1054,1054,1,False,1.0
2026-08-21T17:55:28.322933+00:00,grid_13,grid,,28.422696,76.899382,FRC3,48,48,1050,1050,1,False,1.0
2026-08-21T17:55:28.322933+00:00,grid_14,grid,,28.422696,77.100604,FRC3,39,39,1237,1237,1,False,1.0
2026-08-21T17:55:28.322933+00:00,grid_15,grid,,28.422696,77.301827,FRC3,30,30,1172,1172,1,False,1.0
2026-08-21T17:55:28.322933+00:00,grid_16,grid,,28.422696,77.503049,FRC0,92,92,469,469,1,False,1.0
2026-08-21T17:55:28.322933+00:00,grid_17,grid,,28.422696,77.704272,FRC3,56,56,1244,1244,1,False,1.0
2026-08-21T17:55:28.322933+00:00,grid_18,grid,,28.584392,76.698159,FRC4,34,34,770,770,1,False,1.0
2026-08-21T17:55:28.322933+00:00,grid_19,grid,,28.584392,76.899382,FRC7,40,40,1295,1295,1,False,1.0
2026-08-21T17:55:28.322933+00:00,grid_20,grid,,28.584392,77.100604,FRC6,37,37,1194,1194,1,False,1.0
2026-08-21T17:55:28.322933+00:00,grid_21,grid,,28.584392,77.301827,FRC2,49,49,990,990,1,False,1.0
2026-08-21T17:55:28.322933+00:00,grid_22,grid,,28.584392,77.503049,FRC3,39,42,1563,1451,0.860461,False,0.929
2026-08-21T17:55:28.322933+00:00,grid_23,grid,,28.584392,77.704272,FRC4,43,43,1750,1750,1,False,1.0
2026-08-21T17:55:28.322933+00:00,grid_24,grid,,28.746089,76.698159,FRC4,47,47,1650,1650,1,False,1.0
2026-08-21T17:55:28.322933+00:00,grid_25,grid,,28.746089,76.899382,FRC4,42,42,737,737,1,False,1.0
2026-08-21T17:55:28.322933+00:00,grid_26,grid,,28.746089,77.100604,FRC3,32,32,1572,1572,1,False,1.0
2026-08-21T17:55:28.322933+00:00,grid_27,grid,,28.746089,77.301827,FRC3,28,28,1127,1127,1,False,1.0
2026-08-21T17:55:28.322933+00:00,grid_28,grid,,28.746089,77.503049,FRC2,49,49,1312,1312,1,False,1.0
2026-08-21T17:55:28.322933+00:00,grid_29,grid,,28.746089,77.704272,FRC3,49,49,1563,1563,1,False,1.0
2026-08-21T17:55:28.322933+00:00,grid_30,grid,,28.907786,76.698159,FRC2,46,46,1593,1593,1,False,1.0
2026-08-21T17:55:28.322933+00:00,grid_31,grid,,28.907786,76.899382,FRC4,44,44,1286,1286,1,False,1.0
2026-08-21T17:55:28.322933+00:00,grid_32,grid,,28.907786,77.100604,FRC1,61,61,147,147,1,False,1.0
2026-08-21T17:55:28.322933+00:00,grid_33,grid,,28.907786,77.301827,FRC2,69,69,1058,1058,1,False,1.0
2026-08-21T17:55:28.322933+00:00,grid_34,grid,,28.907786,77.503049,FRC4,46,46,1067,1067,1,False,1.0
2026-08-21T17:55:28.322933+00:00,grid_35,grid,,28.907786,77.704272,FRC2,49,49,1477,1477,1,False,1.0
2026-08-21T17:55:28.322933+00:00,city_Delhi,city_center,Delhi,28.7041,77.1025,FRC2,30,30,705,705,1,False,1.0
2026-08-21T17:55:28.322933+00:00,city_Faridabad,city_center,Faridabad,28.4089,77.3178,FRC4,28,34,432,355,0.856034,False,0.824
2026-08-21T17:55:28.322933+00:00,city_Ghaziabad,city_center,Ghaziabad,28.6692,77.4538,FRC4,37,37,1031,1031,1,False,1.0
2026-08-21T17:55:28.322933+00:00,city_Gurgaon,city_center,Gurgaon,28.4595,77.0266,FRC4,49,49,1683,1683,1,False,1.0
2026-08-21T17:55:28.322933+00:00,city_Noida,city_center,Noida,28.5355,77.391,FRC3,26,29,2891,2592,0.961296,True,0.897
2026-08-21T17:55:28.322933+00:00,hotspot_Anand_Vihar,hotspot,Anand Vihar,28.6469,77.3152,FRC3,40,40,651,651,1,False,1.0
2026-08-21T17:55:28.322933+00:00,hotspot_Rohini,hotspot,Rohini,28.7495,77.0565,FRC2,38,38,1188,1188,1,False,1.0
2026-08-22T07:06:40.703779+00:00,grid_0,grid,,28.099302,76.698159,FRC4,31,31,1306,1306,1,False,1.0
2026-08-22T07:06:40.703779+00:00,grid_1,grid,,28.099302,76.899382,FRC4,35,35,1597,1597,1,False,1.0
2026-08-22T07:06:40.703779+00:00,grid_2,grid,,28.099302,77.100604,FRC4,42,42,626,626,1,False,1.0
2026-08-22T07:06:40.703779+00:00,grid_3,grid,,28.099302,77.301827,FRC0,80,80,808,808,1,False,1.0
2026-08-22T07:06:40.703779+00:00,grid_4,grid,,28.099302,77.503049,FRC2,46,46,1777,1777,1,False,1.0
2026-08-22T07:06:40.703779+00:00,grid_5,grid,,28.099302,77.704272,FRC4,54,54,1057,1057,1,False,1.0
2026-08-22T07:06:40.703779+00:00,grid_6,grid,,28.260999,76.698159,FRC3,44,44,1293,1293,1,False,1.0
2026-08-22T07:06:40.703779+00:00,grid_7,grid,,28.260999,76.899382,FRC3,39,42,1305,1212,0.610509,False,0.929
2026-08-22T07:06:40.703779+00:00,grid_8,grid,,28.260999,77.100604,FRC0,102,102,373,373,1,False,1.0
2026-08-22T07:06:40.703779+00:00,grid_9,grid,,28.260999,77.301827,FRC4,31,31,1991,1991,1,False,1.0
2026-08-22T07:06:40.703779+00:00,grid_10,grid,,28.260999,77.503049,FRC4,36,36,2091,2091,1,False,1.0
2026-08-22T07:06:40.703779+00:00,grid_11,grid,,28.260999,77.704272,FRC4,55,55,1336,1336,1,False,1.0
2026-08-22T07:06:40.703779+00:00,grid_12,grid,,28.422696,76.698159,FRC4,30,30,1054,1054,1,False,1.0
2026-08-22T07:06:40.703779+00:00,grid_13,grid,,28.422696,76.899382,FRC3,48,48,1050,1050,1,False,1.0
2026-08-22T07:06:40.703779+00:00,grid_14,grid,,28.422696,77.100604,FRC3,32,41,1508,1177,1,False,0.78
2026-08-22T07:06:40.703779+00:00,grid_15,grid,,28.422696,77.301827,FRC3,22,30,1598,1172,0.984545,False,0.733
2026-08-22T07:06:40.703779+00:00,grid_16,grid,,28.422696,77.503049,FRC0,92,92,469,469,1,False,1.0
2026-08-22T07:06:40.703779+00:00,grid_17,grid,,28.422696,77.704272,FRC3,56,56,1244,1244,1,False,1.0
2026-08-22T07:06:40.703779+00:00,grid_18,grid,,28.584392,76.698159,FRC4,34,34,770,770,1,False,1.0
2026-08-22T07:06:40.703779+00:00,grid_19,grid,,28.584392,76.899382,FRC7,40,40,1295,1295,1,False,1.0
2026-08-22T07:06:40.703779+00:00,grid_20,grid,,28.584392,77.100604,FRC6,30,38,1473,1163,0.996584,False,0.789
2026-08-22T07:06:40.703779+00:00,grid_21,grid,,28.584392,77.301827,FRC2,39,49,1245,990,1,False,0.796
2026-08-22T07:06:40.703779+00:00,grid_22,grid,,28.584392,77.503049,FRC3,30,42,2032,1451,0.975389,False,0.714
2026-08-22T07:06:40.703779+00:00,grid_23,grid,,28.584392,77.704272,FRC4,43,43,1750,1750,1,False,1.0
2026-08-22T07:06:40.703779+00:00,grid_24,grid,,28.746089,76.698159,FRC4,47,47,1650,1650,1,False,1.0
2026-08-22T07:06:40.703779+00:00,grid_25,grid,,28.746089,76.899382,FRC4,42,42,737,737,1,False,1.0
2026-08-22T07:06:40.703779+00:00,grid_26,grid,,28.746089,77.100604,FRC3,22,33,2287,1524,0.97721,False,0.667
2026-08-22T07:06:40.703779+00:00,grid_27,grid,,28.746089,77.301827,FRC3,22,28,1434,1127,0.992888,False,0.786
2026-08-22T07:06:40.703779+00:00,grid_28,grid,,28.746089,77.503049,FRC2,36,48,1786,1339,0.995306,False,0.75
2026-08-22T07:06:40.703779+00:00,grid_29,grid,,28.746089,77.704272,FRC3,49,49,1563,1563,1,False,1.0
2026-08-22T07:06:40.703779+00:00,grid_30,grid,,28.907786,76.698159,FRC2,46,46,1593,1593,1,False,1.0
2026-08-22T07:06:40.703779+00:00,grid_31,grid,,28.907786,76.899382,FRC4,44,44,1286,1286,1,False,1.0
2026-08-22T07:06:40.703779+00:00,grid_32,grid,,28.907786,77.100604,FRC1,45,59,200,152,0.96,False,0.763
2026-08-22T07:06:40.703779+00:00,grid_33,grid,,28.907786,77.301827,FRC2,57,69,1280,1058,0.944705,False,0.826
2026-08-22T07:06:40.703779+00:00,grid_34,grid,,28.907786,77.503049,FRC4,46,46,1067,1067,1,False,1.0
2026-08-22T07:06:40.703779+00:00,grid_35,grid,,28.907786,77.704272,FRC2,42,49,1724,1477,0.740017,False,0.857
2026-08-22T07:06:40.703779+00:00,city_Delhi,city_center,Delhi,28.7041,77.1025,FRC2,18,29,1175,729,1,False,0.621
2026-08-22T07:06:40.703779+00:00,city_Faridabad,city_center,Faridabad,28.4089,77.3178,FRC4,20,33,605,366,0.97788,False,0.606
2026-08-22T07:06:40.703779+00:00,city_Ghaziabad,city_center,Ghaziabad,28.6692,77.4538,FRC4,29,37,1315,1031,0.993969,False,0.784
2026-08-22T07:06:40.703779+00:00,city_Gurgaon,city_center,Gurgaon,28.4595,77.0266,FRC4,45,49,1832,1683,1,False,0.918
2026-08-22T07:06:40.703779+00:00,city_Noida,city_center,Noida,28.5355,77.391,FRC3,23,29,3268,2592,0.960435,True,0.793
2026-08-22T07:06:40.703779+00:00,hotspot_Anand_Vihar,hotspot,Anand Vihar,28.6469,77.3152,FRC3,40,40,651,651,1,False,1.0
2026-08-22T07:06:40.703779+00:00,hotspot_Rohini,hotspot,Rohini,28.7495,77.0565,FRC2,27,38,1673,1188,1,False,0.711
2026-08-22T10:06:56.547257+00:00,grid_0,grid,,28.099302,76.698159,FRC4,31,31,1306,1306,1,False,1.0
2026-08-22T10:06:56.547257+00:00,grid_1,grid,,28.099302,76.899382,FRC4,35,35,1597,1597,1,False,1.0
2026-08-22T10:06:56.547257+00:00,grid_2,grid,,28.099302,77.100604,FRC4,42,42,626,626,1,False,1.0
2026-08-22T10:06:56.547257+00:00,grid_3,grid,,28.099302,77.301827,FRC0,72,80,897,808,0.819073,False,0.9
2026-08-22T10:06:56.547257+00:00,grid_4,grid,,28.099302,77.503049,FRC2,46,46,1777,1777,1,False,1.0
2026-08-22T10:06:56.547257+00:00,grid_5,grid,,28.099302,77.704272,FRC4,54,54,1057,1057,1,False,1.0
2026-08-22T10:06:56.547257+00:00,grid_6,grid,,28.260999,76.698159,FRC3,44,44,1293,1293,1,False,1.0
2026-08-22T10:06:56.547257+00:00,grid_7,grid,,28.260999,76.899382,FRC3,43,43,1183,1183,1,False,1.0
2026-08-22T10:06:56.547257+00:00,grid_8,grid,,28.260999,77.100604,FRC0,102,102,373,373,1,False,1.0
2026-08-22T10:06:56.547257+00:00,grid_9,grid,,28.260999,77.301827,FRC4,31,31,1991,1991,1,False,1.0
2026-08-22T10:06:56.547257+00:00,grid_10,grid,,28.260999,77.503049,FRC4,36,36,2091,2091,1,False,1.0
2026-08-22T10:06:56.547257+00:00,grid_11,grid,,28.260999,77.704272,FRC4,55,55,1336,1336,1,False,1.0
2026-08-22T10:06:56.547257+00:00,grid_12,grid,,28.422696,76.698159,FRC4,30,30,1054,1054,1,False,1.0
2026-08-22T10:06:56.547257+00:00,grid_13,grid,,28.422696,76.899382,FRC3,48,48,1050,1050,1,False,1.0
2026-08-22T10:06:56.547257+00:00,grid_14,grid,,28.422696,77.100604,FRC3,33,41,1462,1177,1,False,0.805
2026-08-22T10:06:56.547257+00:00,grid_15,grid,,28.422696,77.301827,FRC3,21,30,1674,1172,0.97816,False,0.7
2026-08-22T10:06:56.547257+00:00,grid_16,grid,,28.422696,77.503049,FRC0,92,92,469,469,1,False,1.0
2026-08-22T10:06:56.547257+00:00,grid_17,grid,,28.422696,77.704272,FRC3,56,56,1244,1244,1,False,1.0
2026-08-22T10:06:56.547257+00:00,grid_18,grid,,28.584392,76.698159,FRC4,34,34,770,770,1,False,1.0
2026-08-22T10:06:56.547257+00:00,grid_19,grid,,28.584392,76.899382,FRC7,40,40,1295,1295,1,False,1.0
2026-08-22T10:06:56.547257+00:00,grid_20,grid,,28.584392,77.100604,FRC6,32,37,1381,1194,1,False,0.865
2026-08-22T10:06:56.547257+00:00,grid_21,grid,,28.584392,77.301827,FRC2,35,49,1387,990,1,False,0.714
2026-08-22T10:06:56.547257+00:00,grid_22,grid,,28.584392,77.503049,FRC3,31,42,1966,1451,0.947474,False,0.738
2026-08-22T10:06:56.547257+00:00,grid_23,grid,,28.584392,77.704272,FRC4,43,43,1750,1750,1,False,1.0
2026-08-22T10:06:56.547257+00:00,grid_24,grid,,28.746089,76.698159,FRC4,47,47,1650,1650,1,False,1.0
2026-08-22T10:06:56.547257+00:00,grid_25,grid,,28.746089,76.899382,FRC4,42,42,737,737,1,False,1.0
2026-08-22T10:06:56.547257+00:00,grid_26,grid,,28.746089,77.100604,FRC3,25,33,2012,1524,0.97898,False,0.758
2026-08-22T10:06:56.547257+00:00,grid_27,grid,,28.746089,77.301827,FRC3,28,28,1127,1127,1,False,1.0
2026-08-22T10:06:56.547257+00:00,grid_28,grid,,28.746089,77.503049,FRC2,36,49,1786,1312,0.981151,False,0.735
2026-08-22T10:06:56.547257+00:00,grid_29,grid,,28.746089,77.704272,FRC3,49,49,1563,1563,1,False,1.0
2026-08-22T10:06:56.547257+00:00,grid_30,grid,,28.907786,76.698159,FRC2,46,46,1593,1593,1,False,1.0
2026-08-22T10:06:56.547257+00:00,grid_31,grid,,28.907786,76.899382,FRC4,44,44,1286,1286,1,False,1.0
2026-08-22T10:06:56.547257+00:00,grid_32,grid,,28.907786,77.100604,FRC1,61,61,147,147,1,False,1.0
2026-08-22T10:06:56.547257+00:00,grid_33,grid,,28.907786,77.301827,FRC2,57,70,1280,1043,0.96607,False,0.814
2026-08-22T10:06:56.547257+00:00,grid_34,grid,,28.907786,77.503049,FRC4,46,46,1067,1067,1,False,1.0
2026-08-22T10:06:56.547257+00:00,grid_35,grid,,28.907786,77.704272,FRC2,44,49,1645,1477,0.610596,False,0.898
2026-08-22T10:06:56.547257+00:00,city_Delhi,city_center,Delhi,28.7041,77.1025,FRC2,18,29,1175,729,0.99805,False,0.621
2026-08-22T10:06:56.547257+00:00,city_Faridabad,city_center,Faridabad,28.4089,77.3178,FRC4,26,33,465,366,0.98,False,0.788
2026-08-22T10:06:56.547257+00:00,city_Ghaziabad,city_center,Ghaziabad,28.6692,77.4538,FRC4,30,37,1271,1031,0.994575,False,0.811
2026-08-22T10:06:56.547257+00:00,city_Gurgaon,city_center,Gurgaon,28.4595,77.0266,FRC4,43,50,1918,1649,0.998489,False,0.86
2026-08-22T10:06:56.547257+00:00,city_Noida,city_center,Noida,28.5355,77.391,FRC3,24,30,3132,2505,0.968288,False,0.8
2026-08-22T10:06:56.547257+00:00,hotspot_Anand_Vihar,hotspot,Anand Vihar,28.6469,77.3152,FRC3,32,40,814,651,1,False,0.8
2026-08-22T10:06:56.547257+00:00,hotspot_Rohini,hotspot,Rohini,28.7495,77.0565,FRC2,27,38,1673,1188,1,False,0.711
2026-08-22T10:57:10.088686+00:00,grid_0,grid,,28.099302,76.698159,FRC4,31,31,1306,1306,1,False,1.0
2026-08-22T10:57:10.088686+00:00,grid_1,grid,,28.099302,76.899382,FRC4,35,35,1597,1597,1,False,1.0
2026-08-22T10:57:10.088686+00:00,grid_2,grid,,28.099302,77.100604,FRC4,42,42,626,626,1,False,1.0
2026-08-22T10:57:10.088686+00:00,grid_3,grid,,28.099302,77.301827,FRC0,73,80,885,808,0.918118,False,0.912
2026-08-22T10:57:10.088686+00:00,grid_4,grid,,28.099302,77.503049,FRC2,46,46,1777,1777,1,False,1.0
2026-08-22T10:57:10.088686+00:00,grid_5,grid,,28.099302,77.704272,FRC4,54,54,1057,1057,1,False,1.0
2026-08-22T10:57:10.088686+00:00,grid_6,grid,,28.260999,76.698159,FRC3,44,44,1293,1293,1,False,1.0
2026-08-22T10:57:10.088686+00:00,grid_7,grid,,28.260999,76.899382,FRC3,43,43,1183,1183,1,False,1.0
2026-08-22T10:57:10.088686+00:00,grid_8,grid,,28.260999,77.100604,FRC0,102,102,373,373,1,False,1.0
2026-08-22T10:57:10.088686+00:00,grid_9,grid,,28.260999,77.301827,FRC4,31,31,1991,1991,1,False,1.0
2026-08-22T10:57:10.088686+00:00,grid_10,grid,,28.260999,77.503049,FRC4,36,36,2091,2091,1,False,1.0
2026-08-22T10:57:10.088686+00:00,grid_11,grid,,28.260999,77.704272,FRC4,55,55,1336,1336,1,False,1.0
2026-08-22T10:57:10.088686+00:00,grid_12,grid,,28.422696,76.698159,FRC4,30,30,1054,1054,1,False,1.0
2026-08-22T10:57:10.088686+00:00,grid_13,grid,,28.422696,76.899382,FRC3,48,48,1050,1050,1,False,1.0
2026-08-22T10:57:10.088686+00:00,grid_14,grid,,28.422696,77.100604,FRC3,33,40,1462,1206,1,False,0.825
2026-08-22T10:57:10.088686+00:00,grid_15,grid,,28.422696,77.301827,FRC3,22,30,1598,1172,0.980702,False,0.733
2026-08-22T10:57:10.088686+00:00,grid_16,grid,,28.422696,77.503049,FRC0,92,92,469,469,1,False,1.0
2026-08-22T10:57:10.088686+00:00,grid_17,grid,,28.422696,77.704272,FRC3,56,56,1244,1244,1,False,1.0
2026-08-22T10:57:10.088686+00:00,grid_18,grid,,28.584392,76.698159,FRC4,34,34,770,770,1,False,1.0
2026-08-22T10:57:10.088686+00:00,grid_19,grid,,28.584392,76.899382,FRC7,40,40,1295,1295,1,False,1.0
2026-08-22T10:57:10.088686+00:00,grid_20,grid,,28.584392,77.100604,FRC6,32,37,1381,1194,1,False,0.865
2026-08-22T10:57:10.088686+00:00,grid_21,grid,,28.584392,77.301827,FRC2,34,49,1428,990,0.999666,False,0.694
2026-08-22T10:57:10.088686+00:00,grid_22,grid,,28.584392,77.503049,FRC3,29,42,2102,1451,0.936066,False,0.69
2026-08-22T10:57:10.088686+00:00,grid_23,grid,,28.584392,77.704272,FRC4,43,43,1750,1750,1,False,1.0
2026-08-22T10:57:10.088686+00:00,grid_24,grid,,28.746089,76.698159,FRC4,47,47,1650,1650,1,False,1.0
2026-08-22T10:57:10.088686+00:00,grid_25,grid,,28.746089,76.899382,FRC4,42,42,737,737,1,False,1.0
2026-08-22T10:57:10.088686+00:00,grid_26,grid,,28.746089,77.100604,FRC3,26,33,1935,1524,0.974607,False,0.788
2026-08-22T10:57:10.088686+00:00,grid_27,grid,,28.746089,77.301827,FRC3,28,28,1127,1127,1,False,1.0
2026-08-22T10:57:10.088686+00:00,grid_28,grid,,28.746089,77.503049,FRC2,39,48,1648,1339,0.986215,False,0.812
2026-08-22T10:57:10.088686+00:00,grid_29,grid,,28.746089,77.704272,FRC3,49,49,1563,1563,1,False,1.0
2026-08-22T10:57:10.088686+00:00,grid_30,grid,,28.907786,76.698159,FRC2,46,46,1593,1593,1,False,1.0
2026-08-22T10:57:10.088686+00:00,grid_31,grid,,28.907786,76.899382,FRC4,44,44,1286,1286,1,False,1.0
2026-08-22T10:57:10.088686+00:00,grid_32,grid,,28.907786,77.100604,FRC1,61,61,147,147,1,False,1.0
2026-08-22T10:57:10.088686+00:00,grid_33,grid,,28.907786,77.301827,FRC2,69,69,1058,1058,1,False,1.0
2026-08-22T10:57:10.088686+00:00,grid_34,grid,,28.907786,77.503049,FRC4,46,46,1067,1067,1,False,1.0
2026-08-22T10:57:10.088686+00:00,grid_35,grid,,28.907786,77.704272,FRC2,45,49,1609,1477,0.622812,False,0.918
2026-08-22T10:57:10.088686+00:00,city_Delhi,city_center,Delhi,28.7041,77.1025,FRC2,19,29,1113,729,0.997669,False,0.655
2026-08-22T10:57:10.088686+00:00,city_Faridabad,city_center,Faridabad,28.4089,77.3178,FRC4,22,33,550,366,0.94,False,0.667
2026-08-22T10:57:10.088686+00:00,city_Ghaziabad,city_center,Ghaziabad,28.6692,77.4538,FRC4,30,37,1271,1031,0.979299,False,0.811
2026-08-22T10:57:10.088686+00:00,city_Gurgaon,city_center,Gurgaon,28.4595,77.0266,FRC4,43,49,1918,1683,0.99863,False,0.878
2026-08-22T10:57:10.088686+00:00,city_Noida,city_center,Noida,28.5355,77.391,FRC3,26,31,2891,2425,0.985103,False,0.839
2026-08-22T10:57:10.088686+00:00,hotspot_Anand_Vihar,hotspot,Anand Vihar,28.6469,77.3152,FRC3,33,40,790,651,1,False,0.825
2026-08-22T10:57:10.088686+00:00,hotspot_Rohini,hotspot,Rohini,28.7495,77.0565,FRC2,27,38,1673,1188,0.9994,False,0.711
2026-08-22T11:27:55.672877+00:00,grid_0,grid,,28.099302,76.698159,FRC4,31,31,1306,1306,1,False,1.0
2026-08-22T11:27:55.672877+00:00,grid_1,grid,,28.099302,76.899382,FRC4,35,35,1597,1597,1,False,1.0
2026-08-22T11:27:55.672877+00:00,grid_2,grid,,28.099302,77.100604,FRC4,42,42,626,626,1,False,1.0
2026-08-22T11:27:55.672877+00:00,grid_3,grid,,28.099302,77.301827,FRC0,74,80,873,808,0.912083,False,0.925
2026-08-22T11:27:55.672877+00:00,grid_4,grid,,28.099302,77.503049,FRC2,46,46,1777,1777,1,False,1.0
2026-08-22T11:27:55.672877+00:00,grid_5,grid,,28.099302,77.704272,FRC4,54,54,1057,1057,1,False,1.0
2026-08-22T11:27:55.672877+00:00,grid_6,grid,,28.260999,76.698159,FRC3,44,44,1293,1293,1,False,1.0
2026-08-22T11:27:55.672877+00:00,grid_7,grid,,28.260999,76.899382,FRC3,43,43,1183,1183,1,False,1.0
2026-08-22T11:27:55.672877+00:00,grid_8,grid,,28.260999,77.100604,FRC0,102,102,373,373,1,False,1.0
2026-08-22T11:27:55.672877+00:00,grid_9,grid,,28.260999,77.301827,FRC4,31,31,1991,1991,1,False,1.0
2026-08-22T11:27:55.672877+00:00,grid_10,grid,,28.260999,77.503049,FRC4,36,36,2091,2091,1,False,1.0
2026-08-22T11:27:55.672877+00:00,grid_11,grid,,28.260999,77.704272,FRC4,55,55,1336,1336,1,False,1.0
2026-08-22T11:27:55.672877+00:00,grid_12,grid,,28.422696,76.698159,FRC4,30,30,1054,1054,1,False,1.0
2026-08-22T11:27:55.672877+00:00,grid_13,grid,,28.422696,76.899382,FRC3,45,48,1120,1050,0.836679,False,0.938
2026-08-22T11:27:55.672877+00:00,grid_14,grid,,28.422696,77.100604,FRC3,32,40,1508,1206,1,False,0.8
2026-08-22T11:27:55.672877+00:00,grid_15,grid,,28.422696,77.301827,FRC3,21,30,1674,1172,0.970893,False,0.7
2026-08-22T11:27:55.672877+00:00,grid_16,grid,,28.422696,77.503049,FRC0,92,92,469,469,1,False,1.0
2026-08-22T11:27:55.672877+00:00,grid_17,grid,,28.422696,77.704272,FRC3,56,56,1244,1244,1,False,1.0
2026-08-22T11:27:55.672877+00:00,grid_18,grid,,28.584392,76.698159,FRC4,34,34,770,770,1,False,1.0
2026-08-22T11:27:55.672877+00:00,grid_19,grid,,28.584392,76.899382,FRC7,40,40,1295,1295,1,False,1.0
2026-08-22T11:27:55.672877+00:00,grid_20,grid,,28.584392,77.100604,FRC6,32,38,1381,1163,0.998922,False,0.842
2026-08-22T11:27:55.672877+00:00,grid_21,grid,,28.584392,77.301827,FRC2,35,50,1387,971,1,False,0.7
2026-08-22T11:27:55.672877+00:00,grid_22,grid,,28.584392,77.503049,FRC3,30,42,2032,1451,0.95835,False,0.714
2026-08-22T11:27:55.672877+00:00,grid_23,grid,,28.584392,77.704272,FRC4,43,43,1750,1750,1,False,1.0
2026-08-22T11:27:55.672877+00:00,grid_24,grid,,28.746089,76.698159,FRC4,47,47,1650,1650,1,False,1.0
2026-08-22T11:27:55.672877+00:00,grid_25,grid,,28.746089,76.899382,FRC4,42,42,737,737,1,False,1.0
2026-08-22T11:27:55.672877+00:00,grid_26,grid,,28.746089,77.100604,FRC3,26,33,1935,1524,0.98171,False,0.788
2026-08-22T11:27:55.672877+00:00,grid_27,grid,,28.746089,77.301827,FRC3,28,28,1127,1127,1,False,1.0
2026-08-22T11:27:55.672877+00:00,grid_28,grid,,28.746089,77.503049,FRC2,38,48,1692,1339,0.984243,False,0.792
2026-08-22T11:27:55.672877+00:00,grid_29,grid,,28.746089,77.704272,FRC3,49,49,1563,1563,1,False,1.0
2026-08-22T11:27:55.672877+00:00,grid_30,grid,,28.907786,76.698159,FRC2,46,46,1593,1593,1,False,1.0
2026-08-22T11:27:55.672877+00:00,grid_31,grid,,28.907786,76.899382,FRC4,44,44,1286,1286,1,False,1.0
2026-08-22T11:27:55.672877+00:00,grid_32,grid,,28.907786,77.100604,FRC1,61,61,147,147,1,False,1.0
2026-08-22T11:27:55.672877+00:00,grid_33,grid,,28.907786,77.301827,FRC2,59,70,1237,1043,0.959365,False,0.843
2026-08-22T11:27:55.672877+00:00,grid_34,grid,,28.907786,77.503049,FRC4,46,46,1067,1067,1,False,1.0
2026-08-22T11:27:55.672877+00:00,grid_35,grid,,28.907786,77.704272,FRC2,42,49,1724,1477,0.783224,False,0.857
2026-08-22T11:27:55.672877+00:00,city_Delhi,city_center,Delhi,28.7041,77.1025,FRC2,16,30,1322,705,0.995864,False,0.533
2026-08-22T11:27:55.672877+00:00,city_Faridabad,city_center,Faridabad,28.4089,77.3178,FRC4,23,33,526,366,0.98,False,0.697
2026-08-22T11:27:55.672877+00:00,city_Ghaziabad,city_center,Ghaziabad,28.6692,77.4538,FRC4,31,38,1230,1004,0.976148,False,0.816
2026-08-22T11:27:55.672877+00:00,city_Gurgaon,city_center,Gurgaon,28.4595,77.0266,FRC4,44,49,1874,1683,0.998632,False,0.898
2026-08-22T11:27:55.672877+00:00,city_Noida,city_center,Noida,28.5355,77.391,FRC3,26,30,2891,2505,0.984325,False,0.867
2026-08-22T11:27:55.672877+00:00,hotspot_Anand_Vihar,hotspot,Anand Vihar,28.6469,77.3152,FRC3,32,40,814,651,1,False,0.8
2026-08-22T11:27:55.672877+00:00,hotspot_Rohini,hotspot,Rohini,28.7495,77.0565,FRC2,27,38,1673,1188,1,False,0.711
2026-08-22T11:58:40.063245+00:00,grid_0,grid,,28.099302,76.698159,FRC4,31,31,1306,1306,1,False,1.0
2026-08-22T11:58:40.063245+00:00,grid_1,grid,,28.099302,76.899382,FRC4,35,35,1597,1597,1,False,1.0
2026-08-22T11:58:40.063245+00:00,grid_2,grid,,28.099302,77.100604,FRC4,42,42,626,626,1,False,1.0
2026-08-22T11:58:40.063245+00:00,grid_3,grid,,28.099302,77.301827,FRC0,71,80,910,808,0.941719,False,0.887
2026-08-22T11:58:40.063245+00:00,grid_4,grid,,28.099302,77.503049,FRC2,46,46,1777,1777,1,False,1.0
2026-08-22T11:58:40.063245+00:00,grid_5,grid,,28.099302,77.704272,FRC4,54,54,1057,1057,1,False,1.0
2026-08-22T11:58:40.063245+00:00,grid_6,grid,,28.260999,76.698159,FRC3,44,44,1293,1293,1,False,1.0
2026-08-22T11:58:40.063245+00:00,grid_7,grid,,28.260999,76.899382,FRC3,43,43,1183,1183,1,False,1.0
2026-08-22T11:58:40.063245+00:00,grid_8,grid,,28.260999,77.100604,FRC0,102,102,373,373,1,False,1.0
2026-08-22T11:58:40.063245+00:00,grid_9,grid,,28.260999,77.301827,FRC4,31,31,1991,1991,1,False,1.0
2026-08-22T11:58:40.063245+00:00,grid_10,grid,,28.260999,77.503049,FRC4,36,36,2091,2091,1,False,1.0
2026-08-22T11:58:40.063245+00:00,grid_11,grid,,28.260999,77.704272,FRC4,55,55,1336,1336,1,False,1.0
2026-08-22T11:58:40.063245+00:00,grid_12,grid,,28.422696,76.698159,FRC4,30,30,1054,1054,1,False,1.0
2026-08-22T11:58:40.063245+00:00,grid_13,grid,,28.422696,76.899382,FRC3,48,48,1050,1050,1,False,1.0
2026-08-22T11:58:40.063245+00:00,grid_14,grid,,28.422696,77.100604,FRC3,31,40,1557,1206,1,False,0.775
2026-08-22T11:58:40.063245+00:00,grid_15,grid,,28.422696,77.301827,FRC3,22,30,1598,1172,0.982999,False,0.733
2026-08-22T11:58:40.063245+00:00,grid_16,grid,,28.422696,77.503049,FRC0,92,92,469,469,1,False,1.0
2026-08-22T11:58:40.063245+00:00,grid_17,grid,,28.422696,77.704272,FRC3,56,56,1244,1244,1,False,1.0
2026-08-22T11:58:40.063245+00:00,grid_18,grid,,28.584392,76.698159,FRC4,34,34,770,770,1,False,1.0
2026-08-22T11:58:40.063245+00:00,grid_19,grid,,28.584392,76.899382,FRC7,40,40,1295,1295,1,False,1.0
2026-08-22T11:58:40.063245+00:00,grid_20,grid,,28.584392,77.100604,FRC6,31,37,1426,1194,0.999482,False,0.838
2026-08-22T11:58:40.063245+00:00,grid_21,grid,,28.584392,77.301827,FRC2,38,49,1277,990,1,False,0.776
2026-08-22T11:58:40.063245+00:00,grid_22,grid,,28.584392,77.503049,FRC3,29,42,2102,1451,0.975344,False,0.69
2026-08-22T11:58:40.063245+00:00,grid_23,grid,,28.584392,77.704272,FRC4,43,43,1750,1750,1,False,1.0
2026-08-22T11:58:40.063245+00:00,grid_24,grid,,28.746089,76.698159,FRC4,47,47,1650,1650,1,False,1.0
2026-08-22T11:58:40.063245+00:00,grid_25,grid,,28.746089,76.899382,FRC4,42,42,737,737,1,False,1.0
2026-08-22T11:58:40.063245+00:00,grid_26,grid,,28.746089,77.100604,FRC3,24,33,2096,1524,0.983155,False,0.727
2026-08-22T11:58:40.063245+00:00,grid_27,grid,,28.746089,77.301827,FRC3,28,28,1127,1127,1,False,1.0
2026-08-22T11:58:40.063245+00:00,grid_28,grid,,28.746089,77.503049,FRC2,38,48,1692,1339,0.991998,False,0.792
2026-08-22T11:58:40.063245+00:00,grid_29,grid,,28.746089,77.704272,FRC3,49,49,1563,1563,1,False,1.0
2026-08-22T11:58:40.063245+00:00,grid_30,grid,,28.907786,76.698159,FRC2,46,46,1593,1593,1,False,1.0
2026-08-22T11:58:40.063245+00:00,grid_31,grid,,28.907786,76.899382,FRC4,44,44,1286,1286,1,False,1.0
2026-08-22T11:58:40.063245+00:00,grid_32,grid,,28.907786,77.100604,FRC1,37,60,243,150,0.95,False,0.617
2026-08-22T11:58:40.063245+00:00,grid_33,grid,,28.907786,77.301827,FRC2,69,69,1058,1058,1,False,1.0
2026-08-22T11:58:40.063245+00:00,grid_34,grid,,28.907786,77.503049,FRC4,46,46,1067,1067,1,False,1.0
2026-08-22T11:58:40.063245+00:00,grid_35,grid,,28.907786,77.704272,FRC2,44,49,1645,1477,0.740625,False,0.898
2026-08-22T11:58:40.063245+00:00,city_Delhi,city_center,Delhi,28.7041,77.1025,FRC2,17,29,1244,729,0.993579,False,0.586
2026-08-22T11:58:40.063245+00:00,city_Faridabad,city_center,Faridabad,28.4089,77.3178,FRC4,25,33,484,366,0.98,False,0.758
2026-08-22T11:58:40.063245+00:00,city_Ghaziabad,city_center,Ghaziabad,28.6692,77.4538,FRC4,30,37,1271,1031,0.991508,False,0.811
2026-08-22T11:58:40.063245+00:00,city_Gurgaon,city_center,Gurgaon,28.4595,77.0266,FRC4,42,49,1963,1683,1,False,0.857
2026-08-22T11:58:40.063245+00:00,city_Noida,city_center,Noida,28.5355,77.391,FRC3,24,30,3132,2505,0.983755,False,0.8
2026-08-22T11:58:40.063245+00:00,hotspot_Anand_Vihar,hotspot,Anand Vihar,28.6469,77.3152,FRC3,33,41,790,636,1,False,0.805
2026-08-22T11:58:40.063245+00:00,hotspot_Rohini,hotspot,Rohini,28.7495,77.0565,FRC2,27,38,1673,1188,1,False,0.711
2026-08-22T12:29:45.878054+00:00,grid_0,grid,,28.099302,76.698159,FRC4,31,31,1306,1306,1,False,1.0
2026-08-22T12:29:45.878054+00:00,grid_1,grid,,28.099302,76.899382,FRC4,35,35,1597,1597,1,False,1.0
2026-08-22T12:29:45.878054+00:00,grid_2,grid,,28.099302,77.100604,FRC4,42,42,626,626,1,False,1.0
2026-08-22T12:29:45.878054+00:00,grid_3,grid,,28.099302,77.301827,FRC0,68,80,950,808,0.899847,False,0.85
2026-08-22T12:29:45.878054+00:00,grid_4,grid,,28.099302,77.503049,FRC2,46,46,1777,1777,1,False,1.0
2026-08-22T12:29:45.878054+00:00,grid_5,grid,,28.099302,77.704272,FRC4,54,54,1057,1057,1,False,1.0
2026-08-22T12:29:45.878054+00:00,grid_6,grid,,28.260999,76.698159,FRC3,44,44,1293,1293,1,False,1.0
2026-08-22T12:29:45.878054+00:00,grid_7,grid,,28.260999,76.899382,FRC3,43,43,1183,1183,1,False,1.0
2026-08-22T12:29:45.878054+00:00,grid_8,grid,,28.260999,77.100604,FRC0,102,102,373,373,1,False,1.0
2026-08-22T12:29:45.878054+00:00,grid_9,grid,,28.260999,77.301827,FRC4,31,31,1991,1991,1,False,1.0
2026-08-22T12:29:45.878054+00:00,grid_10,grid,,28.260999,77.503049,FRC4,36,36,2091,2091,1,False,1.0
2026-08-22T12:29:45.878054+00:00,grid_11,grid,,28.260999,77.704272,FRC4,55,55,1336,1336,1,False,1.0
2026-08-22T12:29:45.878054+00:00,grid_12,grid,,28.422696,76.698159,FRC4,30,30,1054,1054,1,False,1.0
2026-08-22T12:29:45.878054+00:00,grid_13,grid,,28.422696,76.899382,FRC3,44,48,1146,1050,0.914443,False,0.917
2026-08-22T12:29:45.878054+00:00,grid_14,grid,,28.422696,77.100604,FRC3,30,40,1609,1206,1,False,0.75
2026-08-22T12:29:45.878054+00:00,grid_15,grid,,28.422696,77.301827,FRC3,20,30,1758,1172,0.979047,False,0.667
2026-08-22T12:29:45.878054+00:00,grid_16,grid,,28.422696,77.503049,FRC0,92,92,469,469,1,False,1.0
2026-08-22T12:29:45.878054+00:00,grid_17,grid,,28.422696,77.704272,FRC3,56,56,1244,1244,1,False,1.0
2026-08-22T12:29:45.878054+00:00,grid_18,grid,,28.584392,76.698159,FRC4,34,34,770,770,1,False,1.0
2026-08-22T12:29:45.878054+00:00,grid_19,grid,,28.584392,76.899382,FRC7,40,40,1295,1295,1,False,1.0
2026-08-22T12:29:45.878054+00:00,grid_20,grid,,28.584392,77.100604,FRC6,32,37,1381,1194,1,False,0.865
2026-08-22T12:29:45.878054+00:00,grid_21,grid,,28.584392,77.301827,FRC2,39,49,1245,990,0.999666,False,0.796
2026-08-22T12:29:45.878054+00:00,grid_22,grid,,28.584392,77.503049,FRC3,29,42,2102,1451,0.966931,False,0.69
2026-08-22T12:29:45.878054+00:00,grid_23,grid,,28.584392,77.704272,FRC4,43,43,1750,1750,1,False,1.0
2026-08-22T12:29:45.878054+00:00,grid_24,grid,,28.746089,76.698159,FRC4,47,47,1650,1650,1,False,1.0
2026-08-22T12:29:45.878054+00:00,grid_25,grid,,28.746089,76.899382,FRC4,42,42,737,737,1,False,1.0
2026-08-22T12:29:45.878054+00:00,grid_26,grid,,28.746089,77.100604,FRC3,23,33,2187,1524,0.973257,False,0.697
2026-08-22T12:29:45.878054+00:00,grid_27,grid,,28.746089,77.301827,FRC3,28,28,1127,1127,1,False,1.0
2026-08-22T12:29:45.878054+00:00,grid_28,grid,,28.746089,77.503049,FRC2,37,48,1738,1339,0.985108,False,0.771
2026-08-22T12:29:45.878054+00:00,grid_29,grid,,28.746089,77.704272,FRC3,49,49,1563,1563,1,False,1.0
2026-08-22T12:29:45.878054+00:00,grid_30,grid,,28.907786,76.698159,FRC2,46,46,1593,1593,1,False,1.0
2026-08-22T12:29:45.878054+00:00,grid_31,grid,,28.907786,76.899382,FRC4,44,44,1286,1286,1,False,1.0
2026-08-22T12:29:45.878054+00:00,grid_32,grid,,28.907786,77.100604,FRC1,61,61,147,147,1,False,1.0
2026-08-22T12:29:45.878054+00:00,grid_33,grid,,28.907786,77.301827,FRC2,69,69,1058,1058,1,False,1.0
2026-08-22T12:29:45.878054+00:00,grid_34,grid,,28.907786,77.503049,FRC4,46,46,1067,1067,1,False,1.0
2026-08-22T12:29:45.878054+00:00,grid_35,grid,,28.907786,77.704272,FRC2,42,49,1724,1477,0.653833,False,0.857
2026-08-22T12:29:45.878054+00:00,city_Delhi,city_center,Delhi,28.7041,77.1025,FRC2,17,29,1244,729,0.997664,False,0.586
2026-08-22T12:29:45.878054+00:00,city_Faridabad,city_center,Faridabad,28.4089,77.3178,FRC4,23,33,526,366,0.978037,False,0.697
2026-08-22T12:29:45.878054+00:00,city_Ghaziabad,city_center,Ghaziabad,28.6692,77.4538,FRC4,30,37,1271,1031,0.995448,False,0.811
2026-08-22T12:29:45.878054+00:00,city_Gurgaon,city_center,Gurgaon,28.4595,77.0266,FRC4,43,50,1918,1649,0.99863,False,0.86
2026-08-22T12:29:45.878054+00:00,city_Noida,city_center,Noida,28.5355,77.391,FRC3,23,31,3268,2425,0.977631,False,0.742
2026-08-22T12:29:45.878054+00:00,hotspot_Anand_Vihar,hotspot,Anand Vihar,28.6469,77.3152,FRC3,32,40,814,651,1,False,0.8
2026-08-22T12:29:45.878054+00:00,hotspot_Rohini,hotspot,Rohini,28.7495,77.0565,FRC2,26,38,1737,1188,0.99873,False,0.684
2026-08-22T12:37:18.597400+00:00,grid_0,grid,,28.099302,76.698159,FRC4,31,31,1306,1306,1,False,1.0
2026-08-22T12:37:18.597400+00:00,grid_1,grid,,28.099302,76.899382,FRC4,35,35,1597,1597,1,False,1.0
2026-08-22T12:37:18.597400+00:00,grid_2,grid,,28.099302,77.100604,FRC4,42,42,626,626,1,False,1.0
2026-08-22T12:37:18.597400+00:00,grid_3,grid,,28.099302,77.301827,FRC0,67,80,964,808,0.849683,False,0.838
2026-08-22T12:37:18.597400+00:00,grid_4,grid,,28.099302,77.503049,FRC2,46,46,1777,1777,1,False,1.0
2026-08-22T12:37:18.597400+00:00,grid_5,grid,,28.099302,77.704272,FRC4,54,54,1057,1057,1,False,1.0
2026-08-22T12:37:18.597400+00:00,grid_6,grid,,28.260999,76.698159,FRC3,44,44,1293,1293,1,False,1.0
2026-08-22T12:37:18.597400+00:00,grid_7,grid,,28.260999,76.899382,FRC3,43,43,1183,1183,1,False,1.0
2026-08-22T12:37:18.597400+00:00,grid_8,grid,,28.260999,77.100604,FRC0,102,102,373,373,1,False,1.0
2026-08-22T12:37:18.597400+00:00,grid_9,grid,,28.260999,77.301827,FRC4,31,31,1991,1991,1,False,1.0
2026-08-22T12:37:18.597400+00:00,grid_10,grid,,28.260999,77.503049,FRC4,36,36,2091,2091,1,False,1.0
2026-08-22T12:37:18.597400+00:00,grid_11,grid,,28.260999,77.704272,FRC4,55,55,1336,1336,1,False,1.0
2026-08-22T12:37:18.597400+00:00,grid_12,grid,,28.422696,76.698159,FRC4,30,30,1054,1054,1,False,1.0
2026-08-22T12:37:18.597400+00:00,grid_13,grid,,28.422696,76.899382,FRC3,43,48,1173,1050,0.897365,False,0.896
2026-08-22T12:37:18.597400+00:00,grid_14,grid,,28.422696,77.100604,FRC3,30,40,1609,1206,1,False,0.75
2026-08-22T12:37:18.597400+00:00,grid_15,grid,,28.422696,77.301827,FRC3,21,30,1674,1172,0.974556,False,0.7
2026-08-22T12:37:18.597400+00:00,grid_16,grid,,28.422696,77.503049,FRC0,92,92,469,469,1,False,1.0
2026-08-22T12:37:18.597400+00:00,grid_17,grid,,28.422696,77.704272,FRC3,56,56,1244,1244,1,False,1.0
2026-08-22T12:37:18.597400+00:00,grid_18,grid,,28.584392,76.698159,FRC4,34,34,770,770,1,False,1.0
2026-08-22T12:37:18.597400+00:00,grid_19,grid,,28.584392,76.899382,FRC7,40,40,1295,1295,1,False,1.0
2026-08-22T12:37:18.597400+00:00,grid_20,grid,,28.584392,77.100604,FRC6,32,38,1381,1163,1,False,0.842
2026-08-22T12:37:18.597400+00:00,grid_21,grid,,28.584392,77.301827,FRC2,39,49,1245,990,0.999333,False,0.796
2026-08-22T12:37:18.597400+00:00,grid_22,grid,,28.584392,77.503049,FRC3,29,42,2102,1451,0.969244,False,0.69
2026-08-22T12:37:18.597400+00:00,grid_23,grid,,28.584392,77.704272,FRC4,43,43,1750,1750,1,False,1.0
2026-08-22T12:37:18.597400+00:00,grid_24,grid,,28.746089,76.698159,FRC4,47,47,1650,1650,1,False,1.0
2026-08-22T12:37:18.597400+00:00,grid_25,grid,,28.746089,76.899382,FRC4,42,42,737,737,1,False,1.0
2026-08-22T12:37:18.597400+00:00,grid_26,grid,,28.746089,77.100604,FRC3,23,33,2187,1524,0.974381,False,0.697
2026-08-22T12:37:18.597400+00:00,grid_27,grid,,28.746089,77.301827,FRC3,23,28,1372,1127,0.978798,False,0.821
2026-08-22T12:37:18.597400+00:00,grid_28,grid,,28.746089,77.503049,FRC2,38,48,1692,1339,0.982296,False,0.792
2026-08-22T12:37:18.597400+00:00,grid_29,grid,,28.746089,77.704272,FRC3,49,49,1563,1563,1,False,1.0
2026-08-22T12:37:18.597400+00:00,grid_30,grid,,28.907786,76.698159,FRC2,46,46,1593,1593,1,False,1.0
2026-08-22T12:37:18.597400+00:00,grid_31,grid,,28.907786,76.899382,FRC4,44,44,1286,1286,1,False,1.0
2026-08-22T12:37:18.597400+00:00,grid_32,grid,,28.907786,77.100604,FRC1,61,61,147,147,1,False,1.0
2026-08-22T12:37:18.597400+00:00,grid_33,grid,,28.907786,77.301827,FRC2,69,69,1058,1058,1,False,1.0
2026-08-22T12:37:18.597400+00:00,grid_34,grid,,28.907786,77.503049,FRC4,46,46,1067,1067,1,False,1.0
2026-08-22T12:37:18.597400+00:00,grid_35,grid,,28.907786,77.704272,FRC2,42,49,1724,1477,0.673336,False,0.857
2026-08-22T12:37:18.597400+00:00,city_Delhi,city_center,Delhi,28.7041,77.1025,FRC2,18,30,1175,705,0.997096,False,0.6
2026-08-22T12:37:18.597400+00:00,city_Faridabad,city_center,Faridabad,28.4089,77.3178,FRC4,21,33,576,366,0.983672,False,0.636
2026-08-22T12:37:18.597400+00:00,city_Ghaziabad,city_center,Ghaziabad,28.6692,77.4538,FRC4,29,37,1315,1031,0.99519,False,0.784
2026-08-22T12:37:18.597400+00:00,city_Gurgaon,city_center,Gurgaon,28.4595,77.0266,FRC4,41,49,2011,1683,0.99863,False,0.837
2026-08-22T12:37:18.597400+00:00,city_Noida,city_center,Noida,28.5355,77.391,FRC3,24,31,3132,2425,0.979055,False,0.774
2026-08-22T12:37:18.597400+00:00,hotspot_Anand_Vihar,hotspot,Anand Vihar,28.6469,77.3152,FRC3,32,40,814,651,1,False,0.8
2026-08-22T12:37:18.597400+00:00,hotspot_Rohini,hotspot,Rohini,28.7495,77.0565,FRC2,25,38,1806,1188,1,False,0.658
2026-08-22T18:49:12.508929+00:00,grid_0,grid,,28.099302,76.698159,FRC4,31,31,1306,1306,1,False,1.0
2026-08-22T18:49:12.508929+00:00,grid_1,grid,,28.099302,76.899382,FRC4,35,35,1597,1597,1,False,1.0
2026-08-22T18:49:12.508929+00:00,grid_2,grid,,28.099302,77.100604,FRC4,42,42,626,626,1,False,1.0
2026-08-22T18:49:12.508929+00:00,grid_3,grid,,28.099302,77.301827,FRC0,80,80,808,808,1,False,1.0
2026-08-22T18:49:12.508929+00:00,grid_4,grid,,28.099302,77.503049,FRC2,46,46,1777,1777,1,False,1.0
2026-08-22T18:49:12.508929+00:00,grid_5,grid,,28.099302,77.704272,FRC4,54,54,1057,1057,1,False,1.0
2026-08-22T18:49:12.508929+00:00,grid_6,grid,,28.260999,76.698159,FRC3,44,44,1293,1293,1,False,1.0
2026-08-22T18:49:12.508929+00:00,grid_7,grid,,28.260999,76.899382,FRC3,43,43,1183,1183,1,False,1.0
2026-08-22T18:49:12.508929+00:00,grid_8,grid,,28.260999,77.100604,FRC0,102,102,373,373,1,False,1.0
2026-08-22T18:49:12.508929+00:00,grid_9,grid,,28.260999,77.301827,FRC4,31,31,1991,1991,1,False,1.0
2026-08-22T18:49:12.508929+00:00,grid_10,grid,,28.260999,77.503049,FRC4,36,36,2091,2091,1,False,1.0
2026-08-22T18:49:12.508929+00:00,grid_11,grid,,28.260999,77.704272,FRC4,55,55,1336,1336,1,False,1.0
2026-08-22T18:49:12.508929+00:00,grid_12,grid,,28.422696,76.698159,FRC4,30,30,1054,1054,1,False,1.0
2026-08-22T18:49:12.508929+00:00,grid_13,grid,,28.422696,76.899382,FRC3,48,48,1050,1050,1,False,1.0
2026-08-22T18:49:12.508929+00:00,grid_14,grid,,28.422696,77.100604,FRC3,39,39,1237,1237,1,False,1.0
2026-08-22T18:49:12.508929+00:00,grid_15,grid,,28.422696,77.301827,FRC3,30,30,1172,1172,1,False,1.0
2026-08-22T18:49:12.508929+00:00,grid_16,grid,,28.422696,77.503049,FRC0,92,92,469,469,1,False,1.0
2026-08-22T18:49:12.508929+00:00,grid_17,grid,,28.422696,77.704272,FRC3,56,56,1244,1244,1,False,1.0
2026-08-22T18:49:12.508929+00:00,grid_18,grid,,28.584392,76.698159,FRC4,34,34,770,770,1,False,1.0
2026-08-22T18:49:12.508929+00:00,grid_19,grid,,28.584392,76.899382,FRC7,40,40,1295,1295,1,False,1.0
2026-08-22T18:49:12.508929+00:00,grid_20,grid,,28.584392,77.100604,FRC6,37,37,1194,1194,1,False,1.0
2026-08-22T18:49:12.508929+00:00,grid_21,grid,,28.584392,77.301827,FRC2,49,49,990,990,1,False,1.0
2026-08-22T18:49:12.508929+00:00,grid_22,grid,,28.584392,77.503049,FRC3,41,41,1487,1487,1,False,1.0
2026-08-22T18:49:12.508929+00:00,grid_23,grid,,28.584392,77.704272,FRC4,43,43,1750,1750,1,False,1.0
2026-08-22T18:49:12.508929+00:00,grid_24,grid,,28.746089,76.698159,FRC4,47,47,1650,1650,1,False,1.0
2026-08-22T18:49:12.508929+00:00,grid_25,grid,,28.746089,76.899382,FRC4,42,42,737,737,1,False,1.0
2026-08-22T18:49:12.508929+00:00,grid_26,grid,,28.746089,77.100604,FRC3,32,32,1572,1572,1,False,1.0
2026-08-22T18:49:12.508929+00:00,grid_27,grid,,28.746089,77.301827,FRC3,28,28,1127,1127,1,False,1.0
2026-08-22T18:49:12.508929+00:00,grid_28,grid,,28.746089,77.503049,FRC2,49,49,1312,1312,1,False,1.0
2026-08-22T18:49:12.508929+00:00,grid_29,grid,,28.746089,77.704272,FRC3,49,49,1563,1563,1,False,1.0
2026-08-22T18:49:12.508929+00:00,grid_30,grid,,28.907786,76.698159,FRC2,46,46,1593,1593,1,False,1.0
2026-08-22T18:49:12.508929+00:00,grid_31,grid,,28.907786,76.899382,FRC4,44,44,1286,1286,1,False,1.0
2026-08-22T18:49:12.508929+00:00,grid_32,grid,,28.907786,77.100604,FRC1,61,61,147,147,1,False,1.0
2026-08-22T18:49:12.508929+00:00,grid_33,grid,,28.907786,77.301827,FRC2,69,69,1058,1058,1,False,1.0
2026-08-22T18:49:12.508929+00:00,grid_34,grid,,28.907786,77.503049,FRC4,46,46,1067,1067,1,False,1.0
2026-08-22T18:49:12.508929+00:00,grid_35,grid,,28.907786,77.704272,FRC2,49,49,1477,1477,1,False,1.0
2026-08-22T18:49:12.508929+00:00,city_Delhi,city_center,Delhi,28.7041,77.1025,FRC2,26,30,813,705,0.973535,False,0.867
2026-08-22T18:49:12.508929+00:00,city_Faridabad,city_center,Faridabad,28.4089,77.3178,FRC4,34,34,355,355,1,False,1.0
2026-08-22T18:49:12.508929+00:00,city_Ghaziabad,city_center,Ghaziabad,28.6692,77.4538,FRC4,37,37,1031,1031,1,False,1.0
2026-08-22T18:49:12.508929+00:00,city_Gurgaon,city_center,Gurgaon,28.4595,77.0266,FRC4,49,49,1683,1683,1,False,1.0
2026-08-22T18:49:12.508929+00:00,city_Noida,city_center,Noida,28.5355,77.391,FRC3,28,29,2684,2592,0.949721,True,0.966
2026-08-22T18:49:12.508929+00:00,hotspot_Anand_Vihar,hotspot,Anand Vihar,28.6469,77.3152,FRC3,40,40,651,651,1,False,1.0
2026-08-22T18:49:12.508929+00:00,hotspot_Rohini,hotspot,Rohini,28.7495,77.0565,FRC2,38,38,1188,1188,1,False,1.0
2026-08-22T19:06:19.090371+00:00,grid_0,grid,,28.099302,76.698159,FRC4,31,31,1306,1306,1,False,1.0
2026-08-22T19:06:19.090371+00:00,grid_1,grid,,28.099302,76.899382,FRC4,35,35,1597,1597,1,False,1.0
2026-08-22T19:06:19.090371+00:00,grid_2,grid,,28.099302,77.100604,FRC4,42,42,626,626,1,False,1.0
2026-08-22T19:06:19.090371+00:00,grid_3,grid,,28.099302,77.301827,FRC0,80,80,808,808,1,False,1.0
2026-08-22T19:06:19.090371+00:00,grid_4,grid,,28.099302,77.503049,FRC2,46,46,1777,1777,1,False,1.0
2026-08-22T19:06:19.090371+00:00,grid_5,grid,,28.099302,77.704272,FRC4,54,54,1057,1057,1,False,1.0
2026-08-22T19:06:19.090371+00:00,grid_6,grid,,28.260999,76.698159,FRC3,44,44,1293,1293,1,False,1.0
2026-08-22T19:06:19.090371+00:00,grid_7,grid,,28.260999,76.899382,FRC3,43,43,1183,1183,1,False,1.0
2026-08-22T19:06:19.090371+00:00,grid_8,grid,,28.260999,77.100604,FRC0,102,102,373,373,1,False,1.0
2026-08-22T19:06:19.090371+00:00,grid_9,grid,,28.260999,77.301827,FRC4,31,31,1991,1991,1,False,1.0
2026-08-22T19:06:19.090371+00:00,grid_10,grid,,28.260999,77.503049,FRC4,36,36,2091,2091,1,False,1.0
2026-08-22T19:06:19.090371+00:00,grid_11,grid,,28.260999,77.704272,FRC4,55,55,1336,1336,1,False,1.0
2026-08-22T19:06:19.090371+00:00,grid_12,grid,,28.422696,76.698159,FRC4,30,30,1054,1054,1,False,1.0
2026-08-22T19:06:19.090371+00:00,grid_13,grid,,28.422696,76.899382,FRC3,48,48,1050,1050,1,False,1.0
2026-08-22T19:06:19.090371+00:00,grid_14,grid,,28.422696,77.100604,FRC3,39,39,1237,1237,1,False,1.0
2026-08-22T19:06:19.090371+00:00,grid_15,grid,,28.422696,77.301827,FRC3,30,30,1172,1172,1,False,1.0
2026-08-22T19:06:19.090371+00:00,grid_16,grid,,28.422696,77.503049,FRC0,92,92,469,469,1,False,1.0
2026-08-22T19:06:19.090371+00:00,grid_17,grid,,28.422696,77.704272,FRC3,56,56,1244,1244,1,False,1.0
2026-08-22T19:06:19.090371+00:00,grid_18,grid,,28.584392,76.698159,FRC4,34,34,770,770,1,False,1.0
2026-08-22T19:06:19.090371+00:00,grid_19,grid,,28.584392,76.899382,FRC7,40,40,1295,1295,1,False,1.0
2026-08-22T19:06:19.090371+00:00,grid_20,grid,,28.584392,77.100604,FRC6,37,37,1194,1194,1,False,1.0
2026-08-22T19:06:19.090371+00:00,grid_21,grid,,28.584392,77.301827,FRC2,49,49,990,990,1,False,1.0
2026-08-22T19:06:19.090371+00:00,grid_22,grid,,28.584392,77.503049,FRC3,41,41,1487,1487,1,False,1.0
2026-08-22T19:06:19.090371+00:00,grid_23,grid,,28.584392,77.704272,FRC4,43,43,1750,1750,1,False,1.0
2026-08-22T19:06:19.090371+00:00,grid_24,grid,,28.746089,76.698159,FRC4,47,47,1650,1650,1,False,1.0
2026-08-22T19:06:19.090371+00:00,grid_25,grid,,28.746089,76.899382,FRC4,42,42,737,737,1,False,1.0
2026-08-22T19:06:19.090371+00:00,grid_26,grid,,28.746089,77.100604,FRC3,32,32,1572,1572,1,False,1.0
2026-08-22T19:06:19.090371+00:00,grid_27,grid,,28.746089,77.301827,FRC3,28,28,1127,1127,1,False,1.0
2026-08-22T19:06:19.090371+00:00,grid_28,grid,,28.746089,77.503049,FRC2,49,49,1312,1312,1,False,1.0
2026-08-22T19:06:19.090371+00:00,grid_29,grid,,28.746089,77.704272,FRC3,49,49,1563,1563,1,False,1.0
2026-08-22T19:06:19.090371+00:00,grid_30,grid,,28.907786,76.698159,FRC2,46,46,1593,1593,1,False,1.0
2026-08-22T19:06:19.090371+00:00,grid_31,grid,,28.907786,76.899382,FRC4,44,44,1286,1286,1,False,1.0
2026-08-22T19:06:19.090371+00:00,grid_32,grid,,28.907786,77.100604,FRC1,61,61,147,147,1,False,1.0
2026-08-22T19:06:19.090371+00:00,grid_33,grid,,28.907786,77.301827,FRC2,69,69,1058,1058,1,False,1.0
2026-08-22T19:06:19.090371+00:00,grid_34,grid,,28.907786,77.503049,FRC4,46,46,1067,1067,1,False,1.0
2026-08-22T19:06:19.090371+00:00,grid_35,grid,,28.907786,77.704272,FRC2,49,49,1477,1477,1,False,1.0
2026-08-22T19:06:19.090371+00:00,city_Delhi,city_center,Delhi,28.7041,77.1025,FRC2,30,30,705,705,1,False,1.0
2026-08-22T19:06:19.090371+00:00,city_Faridabad,city_center,Faridabad,28.4089,77.3178,FRC4,34,34,355,355,1,False,1.0
2026-08-22T19:06:19.090371+00:00,city_Ghaziabad,city_center,Ghaziabad,28.6692,77.4538,FRC4,37,37,1031,1031,1,False,1.0
2026-08-22T19:06:19.090371+00:00,city_Gurgaon,city_center,Gurgaon,28.4595,77.0266,FRC4,49,49,1683,1683,1,False,1.0
2026-08-22T19:06:19.090371+00:00,city_Noida,city_center,Noida,28.5355,77.391,FRC3,28,30,2684,2505,0.943101,True,0.933
2026-08-22T19:06:19.090371+00:00,hotspot_Anand_Vihar,hotspot,Anand Vihar,28.6469,77.3152,FRC3,40,40,651,651,1,False,1.0
2026-08-22T19:06:19.090371+00:00,hotspot_Rohini,hotspot,Rohini,28.7495,77.0565,FRC2,38,38,1188,1188,1,False,1.0
2026-08-22T19:37:37.340613+00:00,grid_0,grid,,28.099302,76.698159,FRC4,31,31,1306,1306,1,False,1.0
2026-08-22T19:37:37.340613+00:00,grid_1,grid,,28.099302,76.899382,FRC4,35,35,1597,1597,1,False,1.0
2026-08-22T19:37:37.340613+00:00,grid_2,grid,,28.099302,77.100604,FRC4,42,42,626,626,1,False,1.0
2026-08-22T19:37:37.340613+00:00,grid_3,grid,,28.099302,77.301827,FRC0,68,80,950,808,0.908051,False,0.85
2026-08-22T19:37:37.340613+00:00,grid_4,grid,,28.099302,77.503049,FRC2,46,46,1777,1777,1,False,1.0
2026-08-22T19:37:37.340613+00:00,grid_5,grid,,28.099302,77.704272,FRC4,54,54,1057,1057,1,False,1.0
2026-08-22T19:37:37.340613+00:00,grid_6,grid,,28.260999,76.698159,FRC3,44,44,1293,1293,1,False,1.0
2026-08-22T19:37:37.340613+00:00,grid_7,grid,,28.260999,76.899382,FRC3,43,43,1183,1183,1,False,1.0
2026-08-22T19:37:37.340613+00:00,grid_8,grid,,28.260999,77.100604,FRC0,102,102,373,373,1,False,1.0
2026-08-22T19:37:37.340613+00:00,grid_9,grid,,28.260999,77.301827,FRC4,31,31,1991,1991,1,False,1.0
2026-08-22T19:37:37.340613+00:00,grid_10,grid,,28.260999,77.503049,FRC4,36,36,2091,2091,1,False,1.0
2026-08-22T19:37:37.340613+00:00,grid_11,grid,,28.260999,77.704272,FRC4,55,55,1336,1336,1,False,1.0
2026-08-22T19:37:37.340613+00:00,grid_12,grid,,28.422696,76.698159,FRC4,30,30,1054,1054,1,False,1.0
2026-08-22T19:37:37.340613+00:00,grid_13,grid,,28.422696,76.899382,FRC3,48,48,1050,1050,1,False,1.0
2026-08-22T19:37:37.340613+00:00,grid_14,grid,,28.422696,77.100604,FRC3,39,39,1237,1237,1,False,1.0
2026-08-22T19:37:37.340613+00:00,grid_15,grid,,28.422696,77.301827,FRC3,30,30,1172,1172,1,False,1.0
2026-08-22T19:37:37.340613+00:00,grid_16,grid,,28.422696,77.503049,FRC0,72,90,600,480,0.979089,False,0.8
2026-08-22T19:37:37.340613+00:00,grid_17,grid,,28.422696,77.704272,FRC3,56,56,1244,1244,1,False,1.0
2026-08-22T19:37:37.340613+00:00,grid_18,grid,,28.584392,76.698159,FRC4,34,34,770,770,1,False,1.0
2026-08-22T19:37:37.340613+00:00,grid_19,grid,,28.584392,76.899382,FRC7,40,40,1295,1295,1,False,1.0
2026-08-22T19:37:37.340613+00:00,grid_20,grid,,28.584392,77.100604,FRC6,37,37,1194,1194,1,False,1.0
2026-08-22T19:37:37.340613+00:00,grid_21,grid,,28.584392,77.301827,FRC2,49,49,990,990,1,False,1.0
2026-08-22T19:37:37.340613+00:00,grid_22,grid,,28.584392,77.503049,FRC3,41,41,1487,1487,1,False,1.0
2026-08-22T19:37:37.340613+00:00,grid_23,grid,,28.584392,77.704272,FRC4,43,43,1750,1750,1,False,1.0
2026-08-22T19:37:37.340613+00:00,grid_24,grid,,28.746089,76.698159,FRC4,47,47,1650,1650,1,False,1.0
2026-08-22T19:37:37.340613+00:00,grid_25,grid,,28.746089,76.899382,FRC4,42,42,737,737,1,False,1.0
2026-08-22T19:37:37.340613+00:00,grid_26,grid,,28.746089,77.100604,FRC3,32,32,1572,1572,1,False,1.0
2026-08-22T19:37:37.340613+00:00,grid_27,grid,,28.746089,77.301827,FRC3,28,28,1127,1127,1,False,1.0
2026-08-22T19:37:37.340613+00:00,grid_28,grid,,28.746089,77.503049,FRC2,49,49,1312,1312,1,False,1.0
2026-08-22T19:37:37.340613+00:00,grid_29,grid,,28.746089,77.704272,FRC3,49,49,1563,1563,1,False,1.0
2026-08-22T19:37:37.340613+00:00,grid_30,grid,,28.907786,76.698159,FRC2,46,46,1593,1593,1,False,1.0
2026-08-22T19:37:37.340613+00:00,grid_31,grid,,28.907786,76.899382,FRC4,44,44,1286,1286,1,False,1.0
2026-08-22T19:37:37.340613+00:00,grid_32,grid,,28.907786,77.100604,FRC1,61,61,147,147,1,False,1.0
2026-08-22T19:37:37.340613+00:00,grid_33,grid,,28.907786,77.301827,FRC2,69,69,1058,1058,1,False,1.0
2026-08-22T19:37:37.340613+00:00,grid_34,grid,,28.907786,77.503049,FRC4,46,46,1067,1067,1,False,1.0
2026-08-22T19:37:37.340613+00:00,grid_35,grid,,28.907786,77.704272,FRC2,49,49,1477,1477,1,False,1.0
2026-08-22T19:37:37.340613+00:00,city_Delhi,city_center,Delhi,28.7041,77.1025,FRC2,30,30,705,705,1,False,1.0
2026-08-22T19:37:37.340613+00:00,city_Faridabad,city_center,Faridabad,28.4089,77.3178,FRC4,34,34,355,355,1,False,1.0
2026-08-22T19:37:37.340613+00:00,city_Ghaziabad,city_center,Ghaziabad,28.6692,77.4538,FRC4,37,37,1031,1031,1,False,1.0
2026-08-22T19:37:37.340613+00:00,city_Gurgaon,city_center,Gurgaon,28.4595,77.0266,FRC4,49,49,1683,1683,1,False,1.0
2026-08-22T19:37:37.340613+00:00,city_Noida,city_center,Noida,28.5355,77.391,FRC3,27,30,2784,2505,0.93925,True,0.9
2026-08-22T19:37:37.340613+00:00,hotspot_Anand_Vihar,hotspot,Anand Vihar,28.6469,77.3152,FRC3,40,40,651,651,1,False,1.0
2026-08-22T19:37:37.340613+00:00,hotspot_Rohini,hotspot,Rohini,28.7495,77.0565,FRC2,38,38,1188,1188,1,False,1.0
2026-08-22T20:09:48.823854+00:00,grid_0,grid,,28.099302,76.698159,FRC4,31,31,1306,1306,1,False,1.0
2026-08-22T20:09:48.823854+00:00,grid_1,grid,,28.099302,76.899382,FRC4,35,35,1597,1597,1,False,1.0
2026-08-22T20:09:48.823854+00:00,grid_2,grid,,28.099302,77.100604,FRC4,42,42,626,626,1,False,1.0
2026-08-22T20:09:48.823854+00:00,grid_3,grid,,28.099302,77.301827,FRC0,80,80,808,808,1,False,1.0
2026-08-22T20:09:48.823854+00:00,grid_4,grid,,28.099302,77.503049,FRC2,46,46,1777,1777,1,False,1.0
2026-08-22T20:09:48.823854+00:00,grid_5,grid,,28.099302,77.704272,FRC4,54,54,1057,1057,1,False,1.0
2026-08-22T20:09:48.823854+00:00,grid_6,grid,,28.260999,76.698159,FRC3,44,44,1293,1293,1,False,1.0
2026-08-22T20:09:48.823854+00:00,grid_7,grid,,28.260999,76.899382,FRC3,43,43,1183,1183,1,False,1.0
2026-08-22T20:09:48.823854+00:00,grid_8,grid,,28.260999,77.100604,FRC0,102,102,373,373,1,False,1.0
2026-08-22T20:09:48.823854+00:00,grid_9,grid,,28.260999,77.301827,FRC4,31,31,1991,1991,1,False,1.0
2026-08-22T20:09:48.823854+00:00,grid_10,grid,,28.260999,77.503049,FRC4,36,36,2091,2091,1,False,1.0
2026-08-22T20:09:48.823854+00:00,grid_11,grid,,28.260999,77.704272,FRC4,55,55,1336,1336,1,False,1.0
2026-08-22T20:09:48.823854+00:00,grid_12,grid,,28.422696,76.698159,FRC4,30,30,1054,1054,1,False,1.0
2026-08-22T20:09:48.823854+00:00,grid_13,grid,,28.422696,76.899382,FRC3,48,48,1050,1050,1,False,1.0
2026-08-22T20:09:48.823854+00:00,grid_14,grid,,28.422696,77.100604,FRC3,39,39,1237,1237,1,False,1.0
2026-08-22T20:09:48.823854+00:00,grid_15,grid,,28.422696,77.301827,FRC3,30,30,1172,1172,1,False,1.0
2026-08-22T20:09:48.823854+00:00,grid_16,grid,,28.422696,77.503049,FRC0,74,91,584,475,0.904075,False,0.813
2026-08-22T20:09:48.823854+00:00,grid_17,grid,,28.422696,77.704272,FRC3,56,56,1244,1244,1,False,1.0
2026-08-22T20:09:48.823854+00:00,grid_18,grid,,28.584392,76.698159,FRC4,34,34,770,770,1,False,1.0
2026-08-22T20:09:48.823854+00:00,grid_19,grid,,28.584392,76.899382,FRC7,40,40,1295,1295,1,False,1.0
2026-08-22T20:09:48.823854+00:00,grid_20,grid,,28.584392,77.100604,FRC6,37,37,1194,1194,1,False,1.0
2026-08-22T20:09:48.823854+00:00,grid_21,grid,,28.584392,77.301827,FRC2,49,49,990,990,1,False,1.0
2026-08-22T20:09:48.823854+00:00,grid_22,grid,,28.584392,77.503049,FRC3,41,41,1487,1487,1,False,1.0
2026-08-22T20:09:48.823854+00:00,grid_23,grid,,28.584392,77.704272,FRC4,43,43,1750,1750,1,False,1.0
2026-08-22T20:09:48.823854+00:00,grid_24,grid,,28.746089,76.698159,FRC4,47,47,1650,1650,1,False,1.0
2026-08-22T20:09:48.823854+00:00,grid_25,grid,,28.746089,76.899382,FRC4,42,42,737,737,1,False,1.0
2026-08-22T20:09:48.823854+00:00,grid_26,grid,,28.746089,77.100604,FRC3,32,32,1572,1572,1,False,1.0
2026-08-22T20:09:48.823854+00:00,grid_27,grid,,28.746089,77.301827,FRC3,28,28,1127,1127,1,False,1.0
2026-08-22T20:09:48.823854+00:00,grid_28,grid,,28.746089,77.503049,FRC2,49,49,1312,1312,1,False,1.0
2026-08-22T20:09:48.823854+00:00,grid_29,grid,,28.746089,77.704272,FRC3,49,49,1563,1563,1,False,1.0
2026-08-22T20:09:48.823854+00:00,grid_30,grid,,28.907786,76.698159,FRC2,46,46,1593,1593,1,False,1.0
2026-08-22T20:09:48.823854+00:00,grid_31,grid,,28.907786,76.899382,FRC4,44,44,1286,1286,1,False,1.0
2026-08-22T20:09:48.823854+00:00,grid_32,grid,,28.907786,77.100604,FRC1,49,61,183,147,0.581483,False,0.803
2026-08-22T20:09:48.823854+00:00,grid_33,grid,,28.907786,77.301827,FRC2,69,69,1058,1058,1,False,1.0
2026-08-22T20:09:48.823854+00:00,grid_34,grid,,28.907786,77.503049,FRC4,46,46,1067,1067,1,False,1.0
2026-08-22T20:09:48.823854+00:00,grid_35,grid,,28.907786,77.704272,FRC2,49,49,1477,1477,1,False,1.0
2026-08-22T20:09:48.823854+00:00,city_Delhi,city_center,Delhi,28.7041,77.1025,FRC2,30,30,705,705,1,False,1.0
2026-08-22T20:09:48.823854+00:00,city_Faridabad,city_center,Faridabad,28.4089,77.3178,FRC4,34,34,355,355,1,False,1.0
2026-08-22T20:09:48.823854+00:00,city_Ghaziabad,city_center,Ghaziabad,28.6692,77.4538,FRC4,37,37,1031,1031,1,False,1.0
2026-08-22T20:09:48.823854+00:00,city_Gurgaon,city_center,Gurgaon,28.4595,77.0266,FRC4,49,49,1683,1683,1,False,1.0
2026-08-22T20:09:48.823854+00:00,city_Noida,city_center,Noida,28.5355,77.391,FRC3,28,29,2684,2592,0.87667,True,0.966
2026-08-22T20:09:48.823854+00:00,hotspot_Anand_Vihar,hotspot,Anand Vihar,28.6469,77.3152,FRC3,40,40,651,651,1,False,1.0
2026-08-22T20:09:48.823854+00:00,hotspot_Rohini,hotspot,Rohini,28.7495,77.0565,FRC2,38,38,1188,1188,1,False,1.0
2026-08-22T20:52:32.456187+00:00,grid_0,grid,,28.099302,76.698159,FRC4,31,31,1306,1306,1,False,1.0
2026-08-22T20:52:32.456187+00:00,grid_1,grid,,28.099302,76.899382,FRC4,35,35,1597,1597,1,False,1.0
2026-08-22T20:52:32.456187+00:00,grid_2,grid,,28.099302,77.100604,FRC4,42,42,626,626,1,False,1.0
2026-08-22T20:52:32.456187+00:00,grid_3,grid,,28.099302,77.301827,FRC0,80,80,808,808,1,False,1.0
2026-08-22T20:52:32.456187+00:00,grid_4,grid,,28.099302,77.503049,FRC2,46,46,1777,1777,1,False,1.0
2026-08-22T20:52:32.456187+00:00,grid_5,grid,,28.099302,77.704272,FRC4,54,54,1057,1057,1,False,1.0
2026-08-22T20:52:32.456187+00:00,grid_6,grid,,28.260999,76.698159,FRC3,44,44,1293,1293,1,False,1.0
2026-08-22T20:52:32.456187+00:00,grid_7,grid,,28.260999,76.899382,FRC3,43,43,1183,1183,1,False,1.0
2026-08-22T20:52:32.456187+00:00,grid_8,grid,,28.260999,77.100604,FRC0,102,102,373,373,1,False,1.0
2026-08-22T20:52:32.456187+00:00,grid_9,grid,,28.260999,77.301827,FRC4,31,31,1991,1991,1,False,1.0
2026-08-22T20:52:32.456187+00:00,grid_10,grid,,28.260999,77.503049,FRC4,36,36,2091,2091,1,False,1.0
2026-08-22T20:52:32.456187+00:00,grid_11,grid,,28.260999,77.704272,FRC4,55,55,1336,1336,1,False,1.0
2026-08-22T20:52:32.456187+00:00,grid_12,grid,,28.422696,76.698159,FRC4,30,30,1054,1054,1,False,1.0
2026-08-22T20:52:32.456187+00:00,grid_13,grid,,28.422696,76.899382,FRC3,48,48,1050,1050,1,False,1.0
2026-08-22T20:52:32.456187+00:00,grid_14,grid,,28.422696,77.100604,FRC3,39,39,1237,1237,1,False,1.0
2026-08-22T20:52:32.456187+00:00,grid_15,grid,,28.422696,77.301827,FRC3,30,30,1172,1172,1,False,1.0
2026-08-22T20:52:32.456187+00:00,grid_16,grid,,28.422696,77.503049,FRC0,92,92,469,469,1,False,1.0
2026-08-22T20:52:32.456187+00:00,grid_17,grid,,28.422696,77.704272,FRC3,56,56,1244,1244,1,False,1.0
2026-08-22T20:52:32.456187+00:00,grid_18,grid,,28.584392,76.698159,FRC4,34,34,770,770,1,False,1.0
2026-08-22T20:52:32.456187+00:00,grid_19,grid,,28.584392,76.899382,FRC7,40,40,1295,1295,1,False,1.0
2026-08-22T20:52:32.456187+00:00,grid_20,grid,,28.584392,77.100604,FRC6,37,37,1194,1194,1,False,1.0
2026-08-22T20:52:32.456187+00:00,grid_21,grid,,28.584392,77.301827,FRC2,49,49,990,990,1,False,1.0
2026-08-22T20:52:32.456187+00:00,grid_22,grid,,28.584392,77.503049,FRC3,41,41,1487,1487,1,False,1.0
2026-08-22T20:52:32.456187+00:00,grid_23,grid,,28.584392,77.704272,FRC4,43,43,1750,1750,1,False,1.0
2026-08-22T20:52:32.456187+00:00,grid_24,grid,,28.746089,76.698159,FRC4,47,47,1650,1650,1,False,1.0
2026-08-22T20:52:32.456187+00:00,grid_25,grid,,28.746089,76.899382,FRC4,42,42,737,737,1,False,1.0
2026-08-22T20:52:32.456187+00:00,grid_26,grid,,28.746089,77.100604,FRC3,32,32,1572,1572,1,False,1.0
2026-08-22T20:52:32.456187+00:00,grid_27,grid,,28.746089,77.301827,FRC3,28,28,1127,1127,1,False,1.0
2026-08-22T20:52:32.456187+00:00,grid_28,grid,,28.746089,77.503049,FRC2,49,49,1312,1312,1,False,1.0
2026-08-22T20:52:32.456187+00:00,grid_29,grid,,28.746089,77.704272,FRC3,49,49,1563,1563,1,False,1.0
2026-08-22T20:52:32.456187+00:00,grid_30,grid,,28.907786,76.698159,FRC2,46,46,1593,1593,1,False,1.0
2026-08-22T20:52:32.456187+00:00,grid_31,grid,,28.907786,76.899382,FRC4,44,44,1286,1286,1,False,1.0
2026-08-22T20:52:32.456187+00:00,grid_32,grid,,28.907786,77.100604,FRC1,61,61,147,147,1,False,1.0
2026-08-22T20:52:32.456187+00:00,grid_33,grid,,28.907786,77.301827,FRC2,69,69,1058,1058,1,False,1.0
2026-08-22T20:52:32.456187+00:00,grid_34,grid,,28.907786,77.503049,FRC4,46,46,1067,1067,1,False,1.0
2026-08-22T20:52:32.456187+00:00,grid_35,grid,,28.907786,77.704272,FRC2,49,49,1477,1477,1,False,1.0
2026-08-22T20:52:32.456187+00:00,city_Delhi,city_center,Delhi,28.7041,77.1025,FRC2,30,30,705,705,1,False,1.0
2026-08-22T20:52:32.456187+00:00,city_Faridabad,city_center,Faridabad,28.4089,77.3178,FRC4,34,34,355,355,1,False,1.0
2026-08-22T20:52:32.456187+00:00,city_Ghaziabad,city_center,Ghaziabad,28.6692,77.4538,FRC4,37,37,1031,1031,1,False,1.0
2026-08-22T20:52:32.456187+00:00,city_Gurgaon,city_center,Gurgaon,28.4595,77.0266,FRC4,49,49,1683,1683,1,False,1.0
2026-08-22T20:52:32.456187+00:00,city_Noida,city_center,Noida,28.5355,77.391,FRC3,28,30,2684,2505,0.862088,True,0.933
2026-08-22T20:52:32.456187+00:00,hotspot_Anand_Vihar,hotspot,Anand Vihar,28.6469,77.3152,FRC3,40,40,651,651,1,False,1.0
2026-08-22T20:52:32.456187+00:00,hotspot_Rohini,hotspot,Rohini,28.7495,77.0565,FRC2,38,38,1188,1188,1,False,1.0
2026-08-22T21:23:21.454027+00:00,grid_0,grid,,28.099302,76.698159,FRC4,31,31,1306,1306,1,False,1.0
2026-08-22T21:23:21.454027+00:00,grid_1,grid,,28.099302,76.899382,FRC4,35,35,1597,1597,1,False,1.0
2026-08-22T21:23:21.454027+00:00,grid_2,grid,,28.099302,77.100604,FRC4,42,42,626,626,1,False,1.0
2026-08-22T21:23:21.454027+00:00,grid_3,grid,,28.099302,77.301827,FRC0,80,80,808,808,1,False,1.0
2026-08-22T21:23:21.454027+00:00,grid_4,grid,,28.099302,77.503049,FRC2,46,46,1777,1777,1,False,1.0
2026-08-22T21:23:21.454027+00:00,grid_5,grid,,28.099302,77.704272,FRC4,54,54,1057,1057,1,False,1.0
2026-08-22T21:23:21.454027+00:00,grid_6,grid,,28.260999,76.698159,FRC3,44,44,1293,1293,1,False,1.0
2026-08-22T21:23:21.454027+00:00,grid_7,grid,,28.260999,76.899382,FRC3,43,43,1183,1183,1,False,1.0
2026-08-22T21:23:21.454027+00:00,grid_8,grid,,28.260999,77.100604,FRC0,102,102,373,373,1,False,1.0
2026-08-22T21:23:21.454027+00:00,grid_9,grid,,28.260999,77.301827,FRC4,31,31,1991,1991,1,False,1.0
2026-08-22T21:23:21.454027+00:00,grid_10,grid,,28.260999,77.503049,FRC4,36,36,2091,2091,1,False,1.0
2026-08-22T21:23:21.454027+00:00,grid_11,grid,,28.260999,77.704272,FRC4,55,55,1336,1336,1,False,1.0
2026-08-22T21:23:21.454027+00:00,grid_12,grid,,28.422696,76.698159,FRC4,30,30,1054,1054,1,False,1.0
2026-08-22T21:23:21.454027+00:00,grid_13,grid,,28.422696,76.899382,FRC3,48,48,1050,1050,1,False,1.0
2026-08-22T21:23:21.454027+00:00,grid_14,grid,,28.422696,77.100604,FRC3,39,39,1237,1237,1,False,1.0
2026-08-22T21:23:21.454027+00:00,grid_15,grid,,28.422696,77.301827,FRC3,30,30,1172,1172,1,False,1.0
2026-08-22T21:23:21.454027+00:00,grid_16,grid,,28.422696,77.503049,FRC0,92,92,469,469,1,False,1.0
2026-08-22T21:23:21.454027+00:00,grid_17,grid,,28.422696,77.704272,FRC3,56,56,1244,1244,1,False,1.0
2026-08-22T21:23:21.454027+00:00,grid_18,grid,,28.584392,76.698159,FRC4,34,34,770,770,1,False,1.0
2026-08-22T21:23:21.454027+00:00,grid_19,grid,,28.584392,76.899382,FRC7,40,40,1295,1295,1,False,1.0
2026-08-22T21:23:21.454027+00:00,grid_20,grid,,28.584392,77.100604,FRC6,37,37,1194,1194,1,False,1.0
2026-08-22T21:23:21.454027+00:00,grid_21,grid,,28.584392,77.301827,FRC2,49,49,990,990,1,False,1.0
2026-08-22T21:23:21.454027+00:00,grid_22,grid,,28.584392,77.503049,FRC3,41,41,1487,1487,1,False,1.0
2026-08-22T21:23:21.454027+00:00,grid_23,grid,,28.584392,77.704272,FRC4,43,43,1750,1750,1,False,1.0
2026-08-22T21:23:21.454027+00:00,grid_24,grid,,28.746089,76.698159,FRC4,47,47,1650,1650,1,False,1.0
2026-08-22T21:23:21.454027+00:00,grid_25,grid,,28.746089,76.899382,FRC4,42,42,737,737,1,False,1.0
2026-08-22T21:23:21.454027+00:00,grid_26,grid,,28.746089,77.100604,FRC3,32,32,1572,1572,1,False,1.0
2026-08-22T21:23:21.454027+00:00,grid_27,grid,,28.746089,77.301827,FRC3,28,28,1127,1127,1,False,1.0
2026-08-22T21:23:21.454027+00:00,grid_28,grid,,28.746089,77.503049,FRC2,49,49,1312,1312,1,False,1.0
2026-08-22T21:23:21.454027+00:00,grid_29,grid,,28.746089,77.704272,FRC3,49,49,1563,1563,1,False,1.0
2026-08-22T21:23:21.454027+00:00,grid_30,grid,,28.907786,76.698159,FRC2,46,46,1593,1593,1,False,1.0
2026-08-22T21:23:21.454027+00:00,grid_31,grid,,28.907786,76.899382,FRC4,44,44,1286,1286,1,False,1.0
2026-08-22T21:23:21.454027+00:00,grid_32,grid,,28.907786,77.100604,FRC1,49,60,183,150,0.81,False,0.817
2026-08-22T21:23:21.454027+00:00,grid_33,grid,,28.907786,77.301827,FRC2,69,69,1058,1058,1,False,1.0
2026-08-22T21:23:21.454027+00:00,grid_34,grid,,28.907786,77.503049,FRC4,46,46,1067,1067,1,False,1.0
2026-08-22T21:23:21.454027+00:00,grid_35,grid,,28.907786,77.704272,FRC2,49,49,1477,1477,1,False,1.0
2026-08-22T21:23:21.454027+00:00,city_Delhi,city_center,Delhi,28.7041,77.1025,FRC2,30,30,705,705,1,False,1.0
2026-08-22T21:23:21.454027+00:00,city_Faridabad,city_center,Faridabad,28.4089,77.3178,FRC4,34,34,355,355,1,False,1.0
2026-08-22T21:23:21.454027+00:00,city_Ghaziabad,city_center,Ghaziabad,28.6692,77.4538,FRC4,37,37,1031,1031,1,False,1.0
2026-08-22T21:23:21.454027+00:00,city_Gurgaon,city_center,Gurgaon,28.4595,77.0266,FRC4,49,49,1683,1683,1,False,1.0
2026-08-22T21:23:21.454027+00:00,city_Noida,city_center,Noida,28.5355,77.391,FRC3,29,29,2592,2592,0.755463,True,1.0
2026-08-22T21:23:21.454027+00:00,hotspot_Anand_Vihar,hotspot,Anand Vihar,28.6469,77.3152,FRC3,40,40,651,651,1,False,1.0
2026-08-22T21:23:21.454027+00:00,hotspot_Rohini,hotspot,Rohini,28.7495,77.0565,FRC2,38,38,1188,1188,1,False,1.0
2026-08-22T21:55:07.712952+00:00,grid_0,grid,,28.099302,76.698159,FRC4,31,31,1306,1306,1,False,1.0
2026-08-22T21:55:07.712952+00:00,grid_1,grid,,28.099302,76.899382,FRC4,35,35,1597,1597,1,False,1.0
2026-08-22T21:55:07.712952+00:00,grid_2,grid,,28.099302,77.100604,FRC4,42,42,626,626,1,False,1.0
2026-08-22T21:55:07.712952+00:00,grid_3,grid,,28.099302,77.301827,FRC0,80,80,808,808,1,False,1.0
2026-08-22T21:55:07.712952+00:00,grid_4,grid,,28.099302,77.503049,FRC2,46,46,1777,1777,1,False,1.0
2026-08-22T21:55:07.712952+00:00,grid_5,grid,,28.099302,77.704272,FRC4,54,54,1057,1057,1,False,1.0
2026-08-22T21:55:07.712952+00:00,grid_6,grid,,28.260999,76.698159,FRC3,44,44,1293,1293,1,False,1.0
2026-08-22T21:55:07.712952+00:00,grid_7,grid,,28.260999,76.899382,FRC3,43,43,1183,1183,1,False,1.0
2026-08-22T21:55:07.712952+00:00,grid_8,grid,,28.260999,77.100604,FRC0,102,102,373,373,1,False,1.0
2026-08-22T21:55:07.712952+00:00,grid_9,grid,,28.260999,77.301827,FRC4,31,31,1991,1991,1,False,1.0
2026-08-22T21:55:07.712952+00:00,grid_10,grid,,28.260999,77.503049,FRC4,36,36,2091,2091,1,False,1.0
2026-08-22T21:55:07.712952+00:00,grid_11,grid,,28.260999,77.704272,FRC4,55,55,1336,1336,1,False,1.0
2026-08-22T21:55:07.712952+00:00,grid_12,grid,,28.422696,76.698159,FRC4,30,30,1054,1054,1,False,1.0
2026-08-22T21:55:07.712952+00:00,grid_13,grid,,28.422696,76.899382,FRC3,48,48,1050,1050,1,False,1.0
2026-08-22T21:55:07.712952+00:00,grid_14,grid,,28.422696,77.100604,FRC3,39,39,1237,1237,1,False,1.0
2026-08-22T21:55:07.712952+00:00,grid_15,grid,,28.422696,77.301827,FRC3,30,30,1172,1172,1,False,1.0
2026-08-22T21:55:07.712952+00:00,grid_16,grid,,28.422696,77.503049,FRC0,92,92,469,469,1,False,1.0
2026-08-22T21:55:07.712952+00:00,grid_17,grid,,28.422696,77.704272,FRC3,56,56,1244,1244,1,False,1.0
2026-08-22T21:55:07.712952+00:00,grid_18,grid,,28.584392,76.698159,FRC4,34,34,770,770,1,False,1.0
2026-08-22T21:55:07.712952+00:00,grid_19,grid,,28.584392,76.899382,FRC7,40,40,1295,1295,1,False,1.0
2026-08-22T21:55:07.712952+00:00,grid_20,grid,,28.584392,77.100604,FRC6,37,37,1194,1194,1,False,1.0
2026-08-22T21:55:07.712952+00:00,grid_21,grid,,28.584392,77.301827,FRC2,49,49,990,990,1,False,1.0
2026-08-22T21:55:07.712952+00:00,grid_22,grid,,28.584392,77.503049,FRC3,41,41,1487,1487,1,False,1.0
2026-08-22T21:55:07.712952+00:00,grid_23,grid,,28.584392,77.704272,FRC4,43,43,1750,1750,1,False,1.0
2026-08-22T21:55:07.712952+00:00,grid_24,grid,,28.746089,76.698159,FRC4,47,47,1650,1650,1,False,1.0
2026-08-22T21:55:07.712952+00:00,grid_25,grid,,28.746089,76.899382,FRC4,42,42,737,737,1,False,1.0
2026-08-22T21:55:07.712952+00:00,grid_26,grid,,28.746089,77.100604,FRC3,32,32,1572,1572,1,False,1.0
2026-08-22T21:55:07.712952+00:00,grid_27,grid,,28.746089,77.301827,FRC3,28,28,1127,1127,1,False,1.0
2026-08-22T21:55:07.712952+00:00,grid_28,grid,,28.746089,77.503049,FRC2,49,49,1312,1312,1,False,1.0
2026-08-22T21:55:07.712952+00:00,grid_29,grid,,28.746089,77.704272,FRC3,49,49,1563,1563,1,False,1.0
2026-08-22T21:55:07.712952+00:00,grid_30,grid,,28.907786,76.698159,FRC2,46,46,1593,1593,1,False,1.0
2026-08-22T21:55:07.712952+00:00,grid_31,grid,,28.907786,76.899382,FRC4,44,44,1286,1286,1,False,1.0
2026-08-22T21:55:07.712952+00:00,grid_32,grid,,28.907786,77.100604,FRC1,61,61,147,147,1,False,1.0
2026-08-22T21:55:07.712952+00:00,grid_33,grid,,28.907786,77.301827,FRC2,69,69,1058,1058,1,False,1.0
2026-08-22T21:55:07.712952+00:00,grid_34,grid,,28.907786,77.503049,FRC4,46,46,1067,1067,1,False,1.0
2026-08-22T21:55:07.712952+00:00,grid_35,grid,,28.907786,77.704272,FRC2,49,49,1477,1477,1,False,1.0
2026-08-22T21:55:07.712952+00:00,city_Delhi,city_center,Delhi,28.7041,77.1025,FRC2,30,30,705,705,1,False,1.0
2026-08-22T21:55:07.712952+00:00,city_Faridabad,city_center,Faridabad,28.4089,77.3178,FRC4,34,34,355,355,1,False,1.0
2026-08-22T21:55:07.712952+00:00,city_Ghaziabad,city_center,Ghaziabad,28.6692,77.4538,FRC4,37,37,1031,1031,1,False,1.0
2026-08-22T21:55:07.712952+00:00,city_Gurgaon,city_center,Gurgaon,28.4595,77.0266,FRC4,49,49,1683,1683,1,False,1.0
2026-08-22T21:55:07.712952+00:00,city_Noida,city_center,Noida,28.5355,77.391,FRC3,29,29,2592,2592,0.764742,True,1.0
2026-08-22T21:55:07.712952+00:00,hotspot_Anand_Vihar,hotspot,Anand Vihar,28.6469,77.3152,FRC3,40,40,651,651,1,False,1.0
2026-08-22T21:55:07.712952+00:00,hotspot_Rohini,hotspot,Rohini,28.7495,77.0565,FRC2,38,38,1188,1188,1,False,1.0
2026-08-22T22:13:34.282923+00:00,grid_0,grid,,28.099302,76.698159,FRC4,31,31,1306,1306,1,False,1.0
2026-08-22T22:13:34.282923+00:00,grid_1,grid,,28.099302,76.899382,FRC4,35,35,1597,1597,1,False,1.0
2026-08-22T22:13:34.282923+00:00,grid_2,grid,,28.099302,77.100604,FRC4,42,42,626,626,1,False,1.0
2026-08-22T22:13:34.282923+00:00,grid_3,grid,,28.099302,77.301827,FRC0,80,80,808,808,1,False,1.0
2026-08-22T22:13:34.282923+00:00,grid_4,grid,,28.099302,77.503049,FRC2,46,46,1777,1777,1,False,1.0
2026-08-22T22:13:34.282923+00:00,grid_5,grid,,28.099302,77.704272,FRC4,54,54,1057,1057,1,False,1.0
2026-08-22T22:13:34.282923+00:00,grid_6,grid,,28.260999,76.698159,FRC3,44,44,1293,1293,1,False,1.0
2026-08-22T22:13:34.282923+00:00,grid_7,grid,,28.260999,76.899382,FRC3,43,43,1183,1183,1,False,1.0
2026-08-22T22:13:34.282923+00:00,grid_8,grid,,28.260999,77.100604,FRC0,102,102,373,373,1,False,1.0
2026-08-22T22:13:34.282923+00:00,grid_9,grid,,28.260999,77.301827,FRC4,31,31,1991,1991,1,False,1.0
2026-08-22T22:13:34.282923+00:00,grid_10,grid,,28.260999,77.503049,FRC4,36,36,2091,2091,1,False,1.0
2026-08-22T22:13:34.282923+00:00,grid_11,grid,,28.260999,77.704272,FRC4,55,55,1336,1336,1,False,1.0
2026-08-22T22:13:34.282923+00:00,grid_12,grid,,28.422696,76.698159,FRC4,30,30,1054,1054,1,False,1.0
2026-08-22T22:13:34.282923+00:00,grid_13,grid,,28.422696,76.899382,FRC3,48,48,1050,1050,1,False,1.0
2026-08-22T22:13:34.282923+00:00,grid_14,grid,,28.422696,77.100604,FRC3,39,39,1237,1237,1,False,1.0
2026-08-22T22:13:34.282923+00:00,grid_15,grid,,28.422696,77.301827,FRC3,30,30,1172,1172,1,False,1.0
2026-08-22T22:13:34.282923+00:00,grid_16,grid,,28.422696,77.503049,FRC0,92,92,469,469,1,False,1.0
2026-08-22T22:13:34.282923+00:00,grid_17,grid,,28.422696,77.704272,FRC3,56,56,1244,1244,1,False,1.0
2026-08-22T22:13:34.282923+00:00,grid_18,grid,,28.584392,76.698159,FRC4,34,34,770,770,1,False,1.0
2026-08-22T22:13:34.282923+00:00,grid_19,grid,,28.584392,76.899382,FRC7,40,40,1295,1295,1,False,1.0
2026-08-22T22:13:34.282923+00:00,grid_20,grid,,28.584392,77.100604,FRC6,37,37,1194,1194,1,False,1.0
2026-08-22T22:13:34.282923+00:00,grid_21,grid,,28.584392,77.301827,FRC2,49,49,990,990,1,False,1.0
2026-08-22T22:13:34.282923+00:00,grid_22,grid,,28.584392,77.503049,FRC3,41,41,1487,1487,1,False,1.0
2026-08-22T22:13:34.282923+00:00,grid_23,grid,,28.584392,77.704272,FRC4,43,43,1750,1750,1,False,1.0
2026-08-22T22:13:34.282923+00:00,grid_24,grid,,28.746089,76.698159,FRC4,47,47,1650,1650,1,False,1.0
2026-08-22T22:13:34.282923+00:00,grid_25,grid,,28.746089,76.899382,FRC4,42,42,737,737,1,False,1.0
2026-08-22T22:13:34.282923+00:00,grid_26,grid,,28.746089,77.100604,FRC3,32,32,1572,1572,1,False,1.0
2026-08-22T22:13:34.282923+00:00,grid_27,grid,,28.746089,77.301827,FRC3,28,28,1127,1127,1,False,1.0
2026-08-22T22:13:34.282923+00:00,grid_28,grid,,28.746089,77.503049,FRC2,49,49,1312,1312,1,False,1.0
2026-08-22T22:13:34.282923+00:00,grid_29,grid,,28.746089,77.704272,FRC3,49,49,1563,1563,1,False,1.0
2026-08-22T22:13:34.282923+00:00,grid_30,grid,,28.907786,76.698159,FRC2,46,46,1593,1593,1,False,1.0
2026-08-22T22:13:34.282923+00:00,grid_31,grid,,28.907786,76.899382,FRC4,44,44,1286,1286,1,False,1.0
2026-08-22T22:13:34.282923+00:00,grid_32,grid,,28.907786,77.100604,FRC1,61,61,147,147,1,False,1.0
2026-08-22T22:13:34.282923+00:00,grid_33,grid,,28.907786,77.301827,FRC2,69,69,1058,1058,1,False,1.0
2026-08-22T22:13:34.282923+00:00,grid_34,grid,,28.907786,77.503049,FRC4,46,46,1067,1067,1,False,1.0
2026-08-22T22:13:34.282923+00:00,grid_35,grid,,28.907786,77.704272,FRC2,49,49,1477,1477,1,False,1.0
2026-08-22T22:13:34.282923+00:00,city_Delhi,city_center,Delhi,28.7041,77.1025,FRC2,30,30,705,705,1,False,1.0
2026-08-22T22:13:34.282923+00:00,city_Faridabad,city_center,Faridabad,28.4089,77.3178,FRC4,34,34,355,355,1,False,1.0
2026-08-22T22:13:34.282923+00:00,city_Ghaziabad,city_center,Ghaziabad,28.6692,77.4538,FRC4,37,37,1031,1031,1,False,1.0
2026-08-22T22:13:34.282923+00:00,city_Gurgaon,city_center,Gurgaon,28.4595,77.0266,FRC4,49,49,1683,1683,1,False,1.0
2026-08-22T22:13:34.282923+00:00,city_Noida,city_center,Noida,28.5355,77.391,FRC3,29,29,2592,2592,0.777482,True,1.0
2026-08-22T22:13:34.282923+00:00,hotspot_Anand_Vihar,hotspot,Anand Vihar,28.6469,77.3152,FRC3,40,40,651,651,1,False,1.0
2026-08-22T22:13:34.282923+00:00,hotspot_Rohini,hotspot,Rohini,28.7495,77.0565,FRC2,38,38,1188,1188,1,False,1.0
2026-08-23T07:26:57.515226+00:00,grid_0,grid,,28.099302,76.698159,FRC4,31,31,1306,1306,1,False,1.0
2026-08-23T07:26:57.515226+00:00,grid_1,grid,,28.099302,76.899382,FRC4,35,35,1597,1597,1,False,1.0
2026-08-23T07:26:57.515226+00:00,grid_2,grid,,28.099302,77.100604,FRC4,42,42,626,626,1,False,1.0
2026-08-23T07:26:57.515226+00:00,grid_3,grid,,28.099302,77.301827,FRC0,74,80,873,808,0.912098,False,0.925
2026-08-23T07:26:57.515226+00:00,grid_4,grid,,28.099302,77.503049,FRC2,46,46,1777,1777,1,False,1.0
2026-08-23T07:26:57.515226+00:00,grid_5,grid,,28.099302,77.704272,FRC4,54,54,1057,1057,1,False,1.0
2026-08-23T07:26:57.515226+00:00,grid_6,grid,,28.260999,76.698159,FRC3,44,44,1293,1293,1,False,1.0
2026-08-23T07:26:57.515226+00:00,grid_7,grid,,28.260999,76.899382,FRC3,43,43,1183,1183,1,False,1.0
2026-08-23T07:26:57.515226+00:00,grid_8,grid,,28.260999,77.100604,FRC0,102,102,373,373,1,False,1.0
2026-08-23T07:26:57.515226+00:00,grid_9,grid,,28.260999,77.301827,FRC4,31,31,1991,1991,1,False,1.0
2026-08-23T07:26:57.515226+00:00,grid_10,grid,,28.260999,77.503049,FRC4,36,36,2091,2091,1,False,1.0
2026-08-23T07:26:57.515226+00:00,grid_11,grid,,28.260999,77.704272,FRC4,55,55,1336,1336,1,False,1.0
2026-08-23T07:26:57.515226+00:00,grid_12,grid,,28.422696,76.698159,FRC4,30,30,1054,1054,1,False,1.0
2026-08-23T07:26:57.515226+00:00,grid_13,grid,,28.422696,76.899382,FRC3,48,48,1050,1050,1,False,1.0
2026-08-23T07:26:57.515226+00:00,grid_14,grid,,28.422696,77.100604,FRC3,35,39,1379,1237,1,False,0.897
2026-08-23T07:26:57.515226+00:00,grid_15,grid,,28.422696,77.301827,FRC3,24,30,1465,1172,0.979003,False,0.8
2026-08-23T07:26:57.515226+00:00,grid_16,grid,,28.422696,77.503049,FRC0,92,92,469,469,1,False,1.0
2026-08-23T07:26:57.515226+00:00,grid_17,grid,,28.422696,77.704272,FRC3,56,56,1244,1244,1,False,1.0
2026-08-23T07:26:57.515226+00:00,grid_18,grid,,28.584392,76.698159,FRC4,34,34,770,770,1,False,1.0
2026-08-23T07:26:57.515226+00:00,grid_19,grid,,28.584392,76.899382,FRC7,40,40,1295,1295,1,False,1.0
2026-08-23T07:26:57.515226+00:00,grid_20,grid,,28.584392,77.100604,FRC6,31,37,1426,1194,0.999204,False,0.838
2026-08-23T07:26:57.515226+00:00,grid_21,grid,,28.584392,77.301827,FRC2,49,49,990,990,1,False,1.0
2026-08-23T07:26:57.515226+00:00,grid_22,grid,,28.584392,77.503049,FRC3,27,42,2258,1451,0.972121,False,0.643
2026-08-23T07:26:57.515226+00:00,grid_23,grid,,28.584392,77.704272,FRC4,43,43,1750,1750,1,False,1.0
2026-08-23T07:26:57.515226+00:00,grid_24,grid,,28.746089,76.698159,FRC4,47,47,1650,1650,1,False,1.0
2026-08-23T07:26:57.515226+00:00,grid_25,grid,,28.746089,76.899382,FRC4,42,42,737,737,1,False,1.0
2026-08-23T07:26:57.515226+00:00,grid_26,grid,,28.746089,77.100604,FRC3,25,33,2012,1524,0.982614,False,0.758
2026-08-23T07:26:57.515226+00:00,grid_27,grid,,28.746089,77.301827,FRC3,22,28,1434,1127,0.976178,False,0.786
2026-08-23T07:26:57.515226+00:00,grid_28,grid,,28.746089,77.503049,FRC2,37,48,1738,1339,0.992714,False,0.771
2026-08-23T07:26:57.515226+00:00,grid_29,grid,,28.746089,77.704272,FRC3,49,49,1563,1563,1,False,1.0
2026-08-23T07:26:57.515226+00:00,grid_30,grid,,28.907786,76.698159,FRC2,46,46,1593,1593,1,False,1.0
2026-08-23T07:26:57.515226+00:00,grid_31,grid,,28.907786,76.899382,FRC4,44,44,1286,1286,1,False,1.0
2026-08-23T07:26:57.515226+00:00,grid_32,grid,,28.907786,77.100604,FRC1,61,61,147,147,1,False,1.0
2026-08-23T07:26:57.515226+00:00,grid_33,grid,,28.907786,77.301827,FRC2,52,69,1404,1058,0.965993,False,0.754
2026-08-23T07:26:57.515226+00:00,grid_34,grid,,28.907786,77.503049,FRC4,41,46,1198,1067,0.554351,False,0.891
2026-08-23T07:26:57.515226+00:00,grid_35,grid,,28.907786,77.704272,FRC2,49,49,1477,1477,1,False,1.0
2026-08-23T07:26:57.515226+00:00,city_Delhi,city_center,Delhi,28.7041,77.1025,FRC2,17,29,1244,729,0.993419,False,0.586
2026-08-23T07:26:57.515226+00:00,city_Faridabad,city_center,Faridabad,28.4089,77.3178,FRC4,25,34,484,355,0.97,False,0.735
2026-08-23T07:26:57.515226+00:00,city_Ghaziabad,city_center,Ghaziabad,28.6692,77.4538,FRC4,31,37,1230,1031,0.991071,False,0.838
2026-08-23T07:26:57.515226+00:00,city_Gurgaon,city_center,Gurgaon,28.4595,77.0266,FRC4,44,49,1874,1683,0.998633,False,0.898
2026-08-23T07:26:57.515226+00:00,city_Noida,city_center,Noida,28.5355,77.391,FRC3,23,29,3268,2592,0.968516,True,0.793
2026-08-23T07:26:57.515226+00:00,hotspot_Anand_Vihar,hotspot,Anand Vihar,28.6469,77.3152,FRC3,40,40,651,651,1,False,1.0
2026-08-23T07:26:57.515226+00:00,hotspot_Rohini,hotspot,Rohini,28.7495,77.0565,FRC2,28,38,1613,1188,1,False,0.737
2026-08-23T08:19:17.419793+00:00,grid_0,grid,,28.099302,76.698159,FRC4,31,31,1306,1306,1,False,1.0
2026-08-23T08:19:17.419793+00:00,grid_1,grid,,28.099302,76.899382,FRC4,35,35,1597,1597,1,False,1.0
2026-08-23T08:19:17.419793+00:00,grid_2,grid,,28.099302,77.100604,FRC4,42,42,626,626,1,False,1.0
2026-08-23T08:19:17.419793+00:00,grid_3,grid,,28.099302,77.301827,FRC0,80,80,808,808,1,False,1.0
2026-08-23T08:19:17.419793+00:00,grid_4,grid,,28.099302,77.503049,FRC2,46,46,1777,1777,1,False,1.0
2026-08-23T08:19:17.419793+00:00,grid_5,grid,,28.099302,77.704272,FRC4,54,54,1057,1057,1,False,1.0
2026-08-23T08:19:17.419793+00:00,grid_6,grid,,28.260999,76.698159,FRC3,44,44,1293,1293,1,False,1.0
2026-08-23T08:19:17.419793+00:00,grid_7,grid,,28.260999,76.899382,FRC3,43,43,1183,1183,1,False,1.0
2026-08-23T08:19:17.419793+00:00,grid_8,grid,,28.260999,77.100604,FRC0,102,102,373,373,1,False,1.0
2026-08-23T08:19:17.419793+00:00,grid_9,grid,,28.260999,77.301827,FRC4,31,31,1991,1991,1,False,1.0
2026-08-23T08:19:17.419793+00:00,grid_10,grid,,28.260999,77.503049,FRC4,36,36,2091,2091,1,False,1.0
2026-08-23T08:19:17.419793+00:00,grid_11,grid,,28.260999,77.704272,FRC4,55,55,1336,1336,1,False,1.0
2026-08-23T08:19:17.419793+00:00,grid_12,grid,,28.422696,76.698159,FRC4,30,30,1054,1054,1,False,1.0
2026-08-23T08:19:17.419793+00:00,grid_13,grid,,28.422696,76.899382,FRC3,44,48,1146,1050,0.901452,True,0.917
2026-08-23T08:19:17.419793+00:00,grid_14,grid,,28.422696,77.100604,FRC3,36,40,1340,1206,1,False,0.9
2026-08-23T08:19:17.419793+00:00,grid_15,grid,,28.422696,77.301827,FRC3,24,30,1465,1172,0.973958,False,0.8
2026-08-23T08:19:17.419793+00:00,grid_16,grid,,28.422696,77.503049,FRC0,92,92,469,469,1,False,1.0
2026-08-23T08:19:17.419793+00:00,grid_17,grid,,28.422696,77.704272,FRC3,56,56,1244,1244,1,False,1.0
2026-08-23T08:19:17.419793+00:00,grid_18,grid,,28.584392,76.698159,FRC4,34,34,770,770,1,False,1.0
2026-08-23T08:19:17.419793+00:00,grid_19,grid,,28.584392,76.899382,FRC7,40,40,1295,1295,1,False,1.0
2026-08-23T08:19:17.419793+00:00,grid_20,grid,,28.584392,77.100604,FRC6,32,37,1381,1194,0.998922,False,0.865
2026-08-23T08:19:17.419793+00:00,grid_21,grid,,28.584392,77.301827,FRC2,49,49,990,990,1,False,1.0
2026-08-23T08:19:17.419793+00:00,grid_22,grid,,28.584392,77.503049,FRC3,27,42,2258,1451,0.954139,False,0.643
2026-08-23T08:19:17.419793+00:00,grid_23,grid,,28.584392,77.704272,FRC4,43,43,1750,1750,1,False,1.0
2026-08-23T08:19:17.419793+00:00,grid_24,grid,,28.746089,76.698159,FRC4,47,47,1650,1650,1,False,1.0
2026-08-23T08:19:17.419793+00:00,grid_25,grid,,28.746089,76.899382,FRC4,42,42,737,737,1,False,1.0
2026-08-23T08:19:17.419793+00:00,grid_26,grid,,28.746089,77.100604,FRC3,24,32,2096,1572,0.976431,False,0.75
2026-08-23T08:19:17.419793+00:00,grid_27,grid,,28.746089,77.301827,FRC3,21,28,1503,1127,0.97026,False,0.75
2026-08-23T08:19:17.419793+00:00,grid_28,grid,,28.746089,77.503049,FRC2,37,48,1738,1339,0.9898,False,0.771
2026-08-23T08:19:17.419793+00:00,grid_29,grid,,28.746089,77.704272,FRC3,49,49,1563,1563,1,False,1.0
2026-08-23T08:19:17.419793+00:00,grid_30,grid,,28.907786,76.698159,FRC2,46,46,1593,1593,1,False,1.0
2026-08-23T08:19:17.419793+00:00,grid_31,grid,,28.907786,76.899382,FRC4,44,44,1286,1286,1,False,1.0
2026-08-23T08:19:17.419793+00:00,grid_32,grid,,28.907786,77.100604,FRC1,61,61,147,147,1,False,1.0
2026-08-23T08:19:17.419793+00:00,grid_33,grid,,28.907786,77.301827,FRC2,69,69,1058,1058,1,False,1.0
2026-08-23T08:19:17.419793+00:00,grid_34,grid,,28.907786,77.503049,FRC4,44,46,1116,1067,0.530627,False,0.957
2026-08-23T08:19:17.419793+00:00,grid_35,grid,,28.907786,77.704272,FRC2,49,49,1477,1477,1,False,1.0
2026-08-23T08:19:17.419793+00:00,city_Delhi,city_center,Delhi,28.7041,77.1025,FRC2,17,29,1244,729,0.997671,False,0.586
2026-08-23T08:19:17.419793+00:00,city_Faridabad,city_center,Faridabad,28.4089,77.3178,FRC4,25,33,484,366,0.98,False,0.758
2026-08-23T08:19:17.419793+00:00,city_Ghaziabad,city_center,Ghaziabad,28.6692,77.4538,FRC4,31,37,1230,1031,0.983037,False,0.838
2026-08-23T08:19:17.419793+00:00,city_Gurgaon,city_center,Gurgaon,28.4595,77.0266,FRC4,43,49,1918,1683,0.997267,False,0.878
2026-08-23T08:19:17.419793+00:00,city_Noida,city_center,Noida,28.5355,77.391,FRC3,23,31,3268,2425,0.974399,False,0.742
2026-08-23T08:19:17.419793+00:00,hotspot_Anand_Vihar,hotspot,Anand Vihar,28.6469,77.3152,FRC3,36,40,724,651,1,False,0.9
2026-08-23T08:19:17.419793+00:00,hotspot_Rohini,hotspot,Rohini,28.7495,77.0565,FRC2,28,38,1613,1188,1,False,0.737
2026-08-23T08:50:29.929170+00:00,grid_0,grid,,28.099302,76.698159,FRC4,31,31,1306,1306,1,False,1.0
2026-08-23T08:50:29.929170+00:00,grid_1,grid,,28.099302,76.899382,FRC4,35,35,1597,1597,1,False,1.0
2026-08-23T08:50:29.929170+00:00,grid_2,grid,,28.099302,77.100604,FRC4,42,42,626,626,1,False,1.0
2026-08-23T08:50:29.929170+00:00,grid_3,grid,,28.099302,77.301827,FRC0,80,80,808,808,1,False,1.0
2026-08-23T08:50:29.929170+00:00,grid_4,grid,,28.099302,77.503049,FRC2,46,46,1777,1777,1,False,1.0
2026-08-23T08:50:29.929170+00:00,grid_5,grid,,28.099302,77.704272,FRC4,54,54,1057,1057,1,False,1.0
2026-08-23T08:50:29.929170+00:00,grid_6,grid,,28.260999,76.698159,FRC3,44,44,1293,1293,1,False,1.0
2026-08-23T08:50:29.929170+00:00,grid_7,grid,,28.260999,76.899382,FRC3,43,43,1183,1183,1,False,1.0
2026-08-23T08:50:29.929170+00:00,grid_8,grid,,28.260999,77.100604,FRC0,102,102,373,373,1,False,1.0
2026-08-23T08:50:29.929170+00:00,grid_9,grid,,28.260999,77.301827,FRC4,31,31,1991,1991,1,False,1.0
2026-08-23T08:50:29.929170+00:00,grid_10,grid,,28.260999,77.503049,FRC4,36,36,2091,2091,1,False,1.0
2026-08-23T08:50:29.929170+00:00,grid_11,grid,,28.260999,77.704272,FRC4,45,55,1633,1336,0.609941,False,0.818
2026-08-23T08:50:29.929170+00:00,grid_12,grid,,28.422696,76.698159,FRC4,30,30,1054,1054,1,False,1.0
2026-08-23T08:50:29.929170+00:00,grid_13,grid,,28.422696,76.899382,FRC3,43,48,1173,1050,0.875234,False,0.896
2026-08-23T08:50:29.929170+00:00,grid_14,grid,,28.422696,77.100604,FRC3,36,40,1340,1206,1,False,0.9
2026-08-23T08:50:29.929170+00:00,grid_15,grid,,28.422696,77.301827,FRC3,25,30,1406,1172,0.975638,False,0.833
2026-08-23T08:50:29.929170+00:00,grid_16,grid,,28.422696,77.503049,FRC0,92,92,469,469,1,False,1.0
2026-08-23T08:50:29.929170+00:00,grid_17,grid,,28.422696,77.704272,FRC3,56,56,1244,1244,1,False,1.0
2026-08-23T08:50:29.929170+00:00,grid_18,grid,,28.584392,76.698159,FRC4,34,34,770,770,1,False,1.0
2026-08-23T08:50:29.929170+00:00,grid_19,grid,,28.584392,76.899382,FRC7,40,40,1295,1295,1,False,1.0
2026-08-23T08:50:29.929170+00:00,grid_20,grid,,28.584392,77.100604,FRC6,31,37,1426,1194,1,False,0.838
2026-08-23T08:50:29.929170+00:00,grid_21,grid,,28.584392,77.301827,FRC2,49,49,990,990,1,False,1.0
2026-08-23T08:50:29.929170+00:00,grid_22,grid,,28.584392,77.503049,FRC3,28,43,2177,1417,0.959173,False,0.651
2026-08-23T08:50:29.929170+00:00,grid_23,grid,,28.584392,77.704272,FRC4,43,43,1750,1750,1,False,1.0
2026-08-23T08:50:29.929170+00:00,grid_24,grid,,28.746089,76.698159,FRC4,47,47,1650,1650,1,False,1.0
2026-08-23T08:50:29.929170+00:00,grid_25,grid,,28.746089,76.899382,FRC4,42,42,737,737,1,False,1.0
2026-08-23T08:50:29.929170+00:00,grid_26,grid,,28.746089,77.100604,FRC3,27,32,1863,1572,0.972861,False,0.844
2026-08-23T08:50:29.929170+00:00,grid_27,grid,,28.746089,77.301827,FRC3,22,28,1434,1127,0.93896,False,0.786
2026-08-23T08:50:29.929170+00:00,grid_28,grid,,28.746089,77.503049,FRC2,37,48,1738,1339,0.993319,False,0.771
2026-08-23T08:50:29.929170+00:00,grid_29,grid,,28.746089,77.704272,FRC3,49,49,1563,1563,1,False,1.0
2026-08-23T08:50:29.929170+00:00,grid_30,grid,,28.907786,76.698159,FRC2,46,46,1593,1593,1,False,1.0
2026-08-23T08:50:29.929170+00:00,grid_31,grid,,28.907786,76.899382,FRC4,44,44,1286,1286,1,False,1.0
2026-08-23T08:50:29.929170+00:00,grid_32,grid,,28.907786,77.100604,FRC1,61,61,147,147,1,False,1.0
2026-08-23T08:50:29.929170+00:00,grid_33,grid,,28.907786,77.301827,FRC2,69,69,1058,1058,1,False,1.0
2026-08-23T08:50:29.929170+00:00,grid_34,grid,,28.907786,77.503049,FRC4,46,46,1067,1067,1,False,1.0
2026-08-23T08:50:29.929170+00:00,grid_35,grid,,28.907786,77.704272,FRC2,49,49,1477,1477,1,False,1.0
2026-08-23T08:50:29.929170+00:00,city_Delhi,city_center,Delhi,28.7041,77.1025,FRC2,18,29,1175,729,0.991474,False,0.621
2026-08-23T08:50:29.929170+00:00,city_Faridabad,city_center,Faridabad,28.4089,77.3178,FRC4,24,34,504,355,0.98,False,0.706
2026-08-23T08:50:29.929170+00:00,city_Ghaziabad,city_center,Ghaziabad,28.6692,77.4538,FRC4,31,37,1230,1031,0.987753,False,0.838
2026-08-23T08:50:29.929170+00:00,city_Gurgaon,city_center,Gurgaon,28.4595,77.0266,FRC4,44,49,1874,1683,0.998634,False,0.898
2026-08-23T08:50:29.929170+00:00,city_Noida,city_center,Noida,28.5355,77.391,FRC3,23,30,3268,2505,0.968126,False,0.767
2026-08-23T08:50:29.929170+00:00,hotspot_Anand_Vihar,hotspot,Anand Vihar,28.6469,77.3152,FRC3,40,40,651,651,1,False,1.0
2026-08-23T08:50:29.929170+00:00,hotspot_Rohini,hotspot,Rohini,28.7495,77.0565,FRC2,28,38,1613,1188,0.999123,False,0.737
2026-08-23T09:21:29.446015+00:00,grid_0,grid,,28.099302,76.698159,FRC4,31,31,1306,1306,1,False,1.0
2026-08-23T09:21:29.446015+00:00,grid_1,grid,,28.099302,76.899382,FRC4,35,35,1597,1597,1,False,1.0
2026-08-23T09:21:29.446015+00:00,grid_2,grid,,28.099302,77.100604,FRC4,42,42,626,626,1,False,1.0
2026-08-23T09:21:29.446015+00:00,grid_3,grid,,28.099302,77.301827,FRC0,80,80,808,808,1,False,1.0
2026-08-23T09:21:29.446015+00:00,grid_4,grid,,28.099302,77.503049,FRC2,41,47,1994,1739,0.719697,False,0.872
2026-08-23T09:21:29.446015+00:00,grid_5,grid,,28.099302,77.704272,FRC4,52,53,1097,1077,0.50391,False,0.981
2026-08-23T09:21:29.446015+00:00,grid_6,grid,,28.260999,76.698159,FRC3,44,44,1293,1293,1,False,1.0
2026-08-23T09:21:29.446015+00:00,grid_7,grid,,28.260999,76.899382,FRC3,43,43,1183,1183,1,False,1.0
2026-08-23T09:21:29.446015+00:00,grid_8,grid,,28.260999,77.100604,FRC0,102,102,373,373,1,False,1.0
2026-08-23T09:21:29.446015+00:00,grid_9,grid,,28.260999,77.301827,FRC4,31,31,1991,1991,1,False,1.0
2026-08-23T09:21:29.446015+00:00,grid_10,grid,,28.260999,77.503049,FRC4,36,36,2091,2091,1,False,1.0
2026-08-23T09:21:29.446015+00:00,grid_11,grid,,28.260999,77.704272,FRC4,55,55,1336,1336,1,False,1.0
2026-08-23T09:21:29.446015+00:00,grid_12,grid,,28.422696,76.698159,FRC4,30,30,1054,1054,1,False,1.0
2026-08-23T09:21:29.446015+00:00,grid_13,grid,,28.422696,76.899382,FRC3,48,48,1050,1050,1,False,1.0
2026-08-23T09:21:29.446015+00:00,grid_14,grid,,28.422696,77.100604,FRC3,35,39,1379,1237,1,False,0.897
2026-08-23T09:21:29.446015+00:00,grid_15,grid,,28.422696,77.301827,FRC3,23,30,1529,1172,0.98031,False,0.767
2026-08-23T09:21:29.446015+00:00,grid_16,grid,,28.422696,77.503049,FRC0,92,92,469,469,1,False,1.0
2026-08-23T09:21:29.446015+00:00,grid_17,grid,,28.422696,77.704272,FRC3,56,56,1244,1244,1,False,1.0
2026-08-23T09:21:29.446015+00:00,grid_18,grid,,28.584392,76.698159,FRC4,34,34,770,770,1,False,1.0
2026-08-23T09:21:29.446015+00:00,grid_19,grid,,28.584392,76.899382,FRC7,40,40,1295,1295,1,False,1.0
2026-08-23T09:21:29.446015+00:00,grid_20,grid,,28.584392,77.100604,FRC6,30,37,1473,1194,0.998407,False,0.811
2026-08-23T09:21:29.446015+00:00,grid_21,grid,,28.584392,77.301827,FRC2,42,48,1156,1011,1,False,0.875
2026-08-23T09:21:29.446015+00:00,grid_22,grid,,28.584392,77.503049,FRC3,28,42,2177,1451,0.913722,False,0.667
2026-08-23T09:21:29.446015+00:00,grid_23,grid,,28.584392,77.704272,FRC4,43,43,1750,1750,1,False,1.0
2026-08-23T09:21:29.446015+00:00,grid_24,grid,,28.746089,76.698159,FRC4,47,47,1650,1650,1,False,1.0
2026-08-23T09:21:29.446015+00:00,grid_25,grid,,28.746089,76.899382,FRC4,42,42,737,737,1,False,1.0
2026-08-23T09:21:29.446015+00:00,grid_26,grid,,28.746089,77.100604,FRC3,25,32,2012,1572,0.963248,False,0.781
2026-08-23T09:21:29.446015+00:00,grid_27,grid,,28.746089,77.301827,FRC3,28,28,1127,1127,1,False,1.0
2026-08-23T09:21:29.446015+00:00,grid_28,grid,,28.746089,77.503049,FRC2,37,49,1738,1312,0.98897,False,0.755
2026-08-23T09:21:29.446015+00:00,grid_29,grid,,28.746089,77.704272,FRC3,49,49,1563,1563,1,False,1.0
2026-08-23T09:21:29.446015+00:00,grid_30,grid,,28.907786,76.698159,FRC2,46,46,1593,1593,1,False,1.0
2026-08-23T09:21:29.446015+00:00,grid_31,grid,,28.907786,76.899382,FRC4,44,44,1286,1286,1,False,1.0
2026-08-23T09:21:29.446015+00:00,grid_32,grid,,28.907786,77.100604,FRC1,61,61,147,147,1,False,1.0
2026-08-23T09:21:29.446015+00:00,grid_33,grid,,28.907786,77.301827,FRC2,69,69,1058,1058,1,False,1.0
2026-08-23T09:21:29.446015+00:00,grid_34,grid,,28.907786,77.503049,FRC4,46,46,1067,1067,1,False,1.0
2026-08-23T09:21:29.446015+00:00,grid_35,grid,,28.907786,77.704272,FRC2,49,49,1477,1477,1,False,1.0
2026-08-23T09:21:29.446015+00:00,city_Delhi,city_center,Delhi,28.7041,77.1025,FRC2,19,29,1113,729,0.996223,False,0.655
2026-08-23T09:21:29.446015+00:00,city_Faridabad,city_center,Faridabad,28.4089,77.3178,FRC4,26,33,465,366,0.97,False,0.788
2026-08-23T09:21:29.446015+00:00,city_Ghaziabad,city_center,Ghaziabad,28.6692,77.4538,FRC4,30,37,1271,1031,0.993653,False,0.811
2026-08-23T09:21:29.446015+00:00,city_Gurgaon,city_center,Gurgaon,28.4595,77.0266,FRC4,43,49,1918,1683,0.998634,False,0.878
2026-08-23T09:21:29.446015+00:00,city_Noida,city_center,Noida,28.5355,77.391,FRC3,25,31,3007,2425,0.97879,False,0.806
2026-08-23T09:21:29.446015+00:00,hotspot_Anand_Vihar,hotspot,Anand Vihar,28.6469,77.3152,FRC3,40,40,651,651,1,False,1.0
2026-08-23T09:21:29.446015+00:00,hotspot_Rohini,hotspot,Rohini,28.7495,77.0565,FRC2,30,38,1505,1188,0.99967,False,0.789
2026-08-23T09:52:43.521358+00:00,grid_0,grid,,28.099302,76.698159,FRC4,31,31,1306,1306,1,False,1.0
2026-08-23T09:52:43.521358+00:00,grid_1,grid,,28.099302,76.899382,FRC4,35,35,1597,1597,1,False,1.0
2026-08-23T09:52:43.521358+00:00,grid_2,grid,,28.099302,77.100604,FRC4,42,42,626,626,1,False,1.0
2026-08-23T09:52:43.521358+00:00,grid_3,grid,,28.099302,77.301827,FRC0,80,80,808,808,1,False,1.0
2026-08-23T09:52:43.521358+00:00,grid_4,grid,,28.099302,77.503049,FRC2,46,46,1777,1777,1,False,1.0
2026-08-23T09:52:43.521358+00:00,grid_5,grid,,28.099302,77.704272,FRC4,54,54,1057,1057,1,False,1.0
2026-08-23T09:52:43.521358+00:00,grid_6,grid,,28.260999,76.698159,FRC3,44,44,1293,1293,1,False,1.0
2026-08-23T09:52:43.521358+00:00,grid_7,grid,,28.260999,76.899382,FRC3,43,43,1183,1183,1,False,1.0
2026-08-23T09:52:43.521358+00:00,grid_8,grid,,28.260999,77.100604,FRC0,102,102,373,373,1,False,1.0
2026-08-23T09:52:43.521358+00:00,grid_9,grid,,28.260999,77.301827,FRC4,31,31,1991,1991,1,False,1.0
2026-08-23T09:52:43.521358+00:00,grid_10,grid,,28.260999,77.503049,FRC4,36,36,2091,2091,1,False,1.0
2026-08-23T09:52:43.521358+00:00,grid_11,grid,,28.260999,77.704272,FRC4,55,55,1336,1336,1,False,1.0
2026-08-23T09:52:43.521358+00:00,grid_12,grid,,28.422696,76.698159,FRC4,30,30,1054,1054,1,False,1.0
2026-08-23T09:52:43.521358+00:00,grid_13,grid,,28.422696,76.899382,FRC3,48,48,1050,1050,1,False,1.0
2026-08-23T09:52:43.521358+00:00,grid_14,grid,,28.422696,77.100604,FRC3,39,39,1237,1237,1,False,1.0
2026-08-23T09:52:43.521358+00:00,grid_15,grid,,28.422696,77.301827,FRC3,25,30,1406,1172,0.971766,False,0.833
2026-08-23T09:52:43.521358+00:00,grid_16,grid,,28.422696,77.503049,FRC0,92,92,469,469,1,False,1.0
2026-08-23T09:52:43.521358+00:00,grid_17,grid,,28.422696,77.704272,FRC3,56,56,1244,1244,1,False,1.0
2026-08-23T09:52:43.521358+00:00,grid_18,grid,,28.584392,76.698159,FRC4,34,34,770,770,1,False,1.0
2026-08-23T09:52:43.521358+00:00,grid_19,grid,,28.584392,76.899382,FRC7,40,40,1295,1295,1,False,1.0
2026-08-23T09:52:43.521358+00:00,grid_20,grid,,28.584392,77.100604,FRC6,37,37,1194,1194,1,False,1.0
2026-08-23T09:52:43.521358+00:00,grid_21,grid,,28.584392,77.301827,FRC2,49,49,990,990,1,False,1.0
2026-08-23T09:52:43.521358+00:00,grid_22,grid,,28.584392,77.503049,FRC3,29,42,2102,1451,0.919282,False,0.69
2026-08-23T09:52:43.521358+00:00,grid_23,grid,,28.584392,77.704272,FRC4,43,43,1750,1750,1,False,1.0
2026-08-23T09:52:43.521358+00:00,grid_24,grid,,28.746089,76.698159,FRC4,47,47,1650,1650,1,False,1.0
2026-08-23T09:52:43.521358+00:00,grid_25,grid,,28.746089,76.899382,FRC4,42,42,737,737,1,False,1.0
2026-08-23T09:52:43.521358+00:00,grid_26,grid,,28.746089,77.100604,FRC3,25,32,2012,1572,0.975153,False,0.781
2026-08-23T09:52:43.521358+00:00,grid_27,grid,,28.746089,77.301827,FRC3,22,28,1434,1127,0.942012,False,0.786
2026-08-23T09:52:43.521358+00:00,grid_28,grid,,28.746089,77.503049,FRC2,40,49,1607,1312,0.996466,False,0.816
2026-08-23T09:52:43.521358+00:00,grid_29,grid,,28.746089,77.704272,FRC3,49,49,1563,1563,1,False,1.0
2026-08-23T09:52:43.521358+00:00,grid_30,grid,,28.907786,76.698159,FRC2,46,46,1593,1593,1,False,1.0
2026-08-23T09:52:43.521358+00:00,grid_31,grid,,28.907786,76.899382,FRC4,44,44,1286,1286,1,False,1.0
2026-08-23T09:52:43.521358+00:00,grid_32,grid,,28.907786,77.100604,FRC1,61,61,147,147,1,False,1.0
2026-08-23T09:52:43.521358+00:00,grid_33,grid,,28.907786,77.301827,FRC2,61,70,1196,1043,0.962591,False,0.871
2026-08-23T09:52:43.521358+00:00,grid_34,grid,,28.907786,77.503049,FRC4,46,46,1067,1067,1,False,1.0
2026-08-23T09:52:43.521358+00:00,grid_35,grid,,28.907786,77.704272,FRC2,44,49,1645,1477,0.610644,False,0.898
2026-08-23T09:52:43.521358+00:00,city_Delhi,city_center,Delhi,28.7041,77.1025,FRC2,18,29,1175,729,0.991744,False,0.621
2026-08-23T09:52:43.521358+00:00,city_Faridabad,city_center,Faridabad,28.4089,77.3178,FRC4,27,33,448,366,0.958049,False,0.818
2026-08-23T09:52:43.521358+00:00,city_Ghaziabad,city_center,Ghaziabad,28.6692,77.4538,FRC4,31,37,1230,1031,0.976555,False,0.838
2026-08-23T09:52:43.521358+00:00,city_Gurgaon,city_center,Gurgaon,28.4595,77.0266,FRC4,46,49,1793,1683,0.997261,False,0.939
2026-08-23T09:52:43.521358+00:00,city_Noida,city_center,Noida,28.5355,77.391,FRC3,24,30,3132,2505,0.972598,False,0.8
2026-08-23T09:52:43.521358+00:00,hotspot_Anand_Vihar,hotspot,Anand Vihar,28.6469,77.3152,FRC3,40,40,651,651,1,False,1.0
2026-08-23T09:52:43.521358+00:00,hotspot_Rohini,hotspot,Rohini,28.7495,77.0565,FRC2,30,38,1505,1188,1,False,0.789
2026-08-23T10:24:55.769025+00:00,grid_0,grid,,28.099302,76.698159,FRC4,31,31,1306,1306,1,False,1.0
2026-08-23T10:24:55.769025+00:00,grid_1,grid,,28.099302,76.899382,FRC4,35,35,1597,1597,1,False,1.0
2026-08-23T10:24:55.769025+00:00,grid_2,grid,,28.099302,77.100604,FRC4,42,42,626,626,1,False,1.0
2026-08-23T10:24:55.769025+00:00,grid_3,grid,,28.099302,77.301827,FRC0,80,80,808,808,1,False,1.0
2026-08-23T10:24:55.769025+00:00,grid_4,grid,,28.099302,77.503049,FRC2,46,46,1777,1777,1,False,1.0
2026-08-23T10:24:55.769025+00:00,grid_5,grid,,28.099302,77.704272,FRC4,54,54,1057,1057,1,False,1.0
2026-08-23T10:24:55.769025+00:00,grid_6,grid,,28.260999,76.698159,FRC3,44,44,1293,1293,1,False,1.0
2026-08-23T10:24:55.769025+00:00,grid_7,grid,,28.260999,76.899382,FRC3,43,43,1183,1183,1,False,1.0
2026-08-23T10:24:55.769025+00:00,grid_8,grid,,28.260999,77.100604,FRC0,102,102,373,373,1,False,1.0
2026-08-23T10:24:55.769025+00:00,grid_9,grid,,28.260999,77.301827,FRC4,31,31,1991,1991,1,False,1.0
2026-08-23T10:24:55.769025+00:00,grid_10,grid,,28.260999,77.503049,FRC4,36,36,2091,2091,1,False,1.0
2026-08-23T10:24:55.769025+00:00,grid_11,grid,,28.260999,77.704272,FRC4,55,55,1336,1336,1,False,1.0
2026-08-23T10:24:55.769025+00:00,grid_12,grid,,28.422696,76.698159,FRC4,30,30,1054,1054,1,False,1.0
2026-08-23T10:24:55.769025+00:00,grid_13,grid,,28.422696,76.899382,FRC3,48,48,1050,1050,1,False,1.0
2026-08-23T10:24:55.769025+00:00,grid_14,grid,,28.422696,77.100604,FRC3,35,40,1379,1206,1,False,0.875
2026-08-23T10:24:55.769025+00:00,grid_15,grid,,28.422696,77.301827,FRC3,25,30,1406,1172,0.975096,False,0.833
2026-08-23T10:24:55.769025+00:00,grid_16,grid,,28.422696,77.503049,FRC0,92,92,469,469,1,False,1.0
2026-08-23T10:24:55.769025+00:00,grid_17,grid,,28.422696,77.704272,FRC3,56,56,1244,1244,1,False,1.0
2026-08-23T10:24:55.769025+00:00,grid_18,grid,,28.584392,76.698159,FRC4,34,34,770,770,1,False,1.0
2026-08-23T10:24:55.769025+00:00,grid_19,grid,,28.584392,76.899382,FRC7,40,40,1295,1295,1,False,1.0
2026-08-23T10:24:55.769025+00:00,grid_20,grid,,28.584392,77.100604,FRC6,32,37,1381,1194,0.999204,False,0.865
2026-08-23T10:24:55.769025+00:00,grid_21,grid,,28.584392,77.301827,FRC2,42,49,1156,990,0.999333,False,0.857
2026-08-23T10:24:55.769025+00:00,grid_22,grid,,28.584392,77.503049,FRC3,31,43,1966,1417,0.957422,False,0.721
2026-08-23T10:24:55.769025+00:00,grid_23,grid,,28.584392,77.704272,FRC4,37,42,2034,1792,0.770818,False,0.881
2026-08-23T10:24:55.769025+00:00,grid_24,grid,,28.746089,76.698159,FRC4,47,47,1650,1650,1,False,1.0
2026-08-23T10:24:55.769025+00:00,grid_25,grid,,28.746089,76.899382,FRC4,42,42,737,737,1,False,1.0
2026-08-23T10:24:55.769025+00:00,grid_26,grid,,28.746089,77.100604,FRC3,26,33,1935,1524,0.974833,False,0.788
2026-08-23T10:24:55.769025+00:00,grid_27,grid,,28.746089,77.301827,FRC3,22,28,1434,1127,0.968406,False,0.786
2026-08-23T10:24:55.769025+00:00,grid_28,grid,,28.746089,77.503049,FRC2,36,48,1786,1339,0.992313,False,0.75
2026-08-23T10:24:55.769025+00:00,grid_29,grid,,28.746089,77.704272,FRC3,49,49,1563,1563,1,False,1.0
2026-08-23T10:24:55.769025+00:00,grid_30,grid,,28.907786,76.698159,FRC2,46,46,1593,1593,1,False,1.0
2026-08-23T10:24:55.769025+00:00,grid_31,grid,,28.907786,76.899382,FRC4,44,44,1286,1286,1,False,1.0
2026-08-23T10:24:55.769025+00:00,grid_32,grid,,28.907786,77.100604,FRC1,61,61,147,147,1,False,1.0
2026-08-23T10:24:55.769025+00:00,grid_33,grid,,28.907786,77.301827,FRC2,69,69,1058,1058,1,False,1.0
2026-08-23T10:24:55.769025+00:00,grid_34,grid,,28.907786,77.503049,FRC4,46,46,1067,1067,1,False,1.0
2026-08-23T10:24:55.769025+00:00,grid_35,grid,,28.907786,77.704272,FRC2,49,49,1477,1477,1,False,1.0
2026-08-23T10:24:55.769025+00:00,city_Delhi,city_center,Delhi,28.7041,77.1025,FRC2,18,29,1175,729,0.995246,False,0.621
2026-08-23T10:24:55.769025+00:00,city_Faridabad,city_center,Faridabad,28.4089,77.3178,FRC4,34,34,355,355,1,False,1.0
2026-08-23T10:24:55.769025+00:00,city_Ghaziabad,city_center,Ghaziabad,28.6692,77.4538,FRC4,37,37,1031,1031,1,False,1.0
2026-08-23T10:24:55.769025+00:00,city_Gurgaon,city_center,Gurgaon,28.4595,77.0266,FRC4,45,49,1832,1683,0.998492,False,0.918
2026-08-23T10:24:55.769025+00:00,city_Noida,city_center,Noida,28.5355,77.391,FRC3,26,31,2891,2425,0.974887,False,0.839
2026-08-23T10:24:55.769025+00:00,hotspot_Anand_Vihar,hotspot,Anand Vihar,28.6469,77.3152,FRC3,40,40,651,651,1,False,1.0
2026-08-23T10:24:55.769025+00:00,hotspot_Rohini,hotspot,Rohini,28.7495,77.0565,FRC2,28,38,1613,1188,1,False,0.737
2026-08-23T10:56:23.783901+00:00,grid_0,grid,,28.099302,76.698159,FRC4,31,31,1306,1306,1,False,1.0
2026-08-23T10:56:23.783901+00:00,grid_1,grid,,28.099302,76.899382,FRC4,35,35,1597,1597,1,False,1.0
2026-08-23T10:56:23.783901+00:00,grid_2,grid,,28.099302,77.100604,FRC4,42,42,626,626,1,False,1.0
2026-08-23T10:56:23.783901+00:00,grid_3,grid,,28.099302,77.301827,FRC0,74,80,873,808,0.918265,False,0.925
2026-08-23T10:56:23.783901+00:00,grid_4,grid,,28.099302,77.503049,FRC2,40,46,2044,1777,0.743108,False,0.87
2026-08-23T10:56:23.783901+00:00,grid_5,grid,,28.099302,77.704272,FRC4,54,54,1057,1057,1,False,1.0
2026-08-23T10:56:23.783901+00:00,grid_6,grid,,28.260999,76.698159,FRC3,44,44,1293,1293,1,False,1.0
2026-08-23T10:56:23.783901+00:00,grid_7,grid,,28.260999,76.899382,FRC3,43,43,1183,1183,1,False,1.0
2026-08-23T10:56:23.783901+00:00,grid_8,grid,,28.260999,77.100604,FRC0,102,102,373,373,1,False,1.0
2026-08-23T10:56:23.783901+00:00,grid_9,grid,,28.260999,77.301827,FRC4,31,31,1991,1991,1,False,1.0
2026-08-23T10:56:23.783901+00:00,grid_10,grid,,28.260999,77.503049,FRC4,36,36,2091,2091,1,False,1.0
2026-08-23T10:56:23.783901+00:00,grid_11,grid,,28.260999,77.704272,FRC4,55,55,1336,1336,1,False,1.0
2026-08-23T10:56:23.783901+00:00,grid_12,grid,,28.422696,76.698159,FRC4,30,30,1054,1054,1,False,1.0
2026-08-23T10:56:23.783901+00:00,grid_13,grid,,28.422696,76.899382,FRC3,46,49,1096,1029,0.81901,False,0.939
2026-08-23T10:56:23.783901+00:00,grid_14,grid,,28.422696,77.100604,FRC3,32,40,1508,1206,1,False,0.8
2026-08-23T10:56:23.783901+00:00,grid_15,grid,,28.422696,77.301827,FRC3,24,30,1465,1172,0.972878,False,0.8
2026-08-23T10:56:23.783901+00:00,grid_16,grid,,28.422696,77.503049,FRC0,92,92,469,469,1,False,1.0
2026-08-23T10:56:23.783901+00:00,grid_17,grid,,28.422696,77.704272,FRC3,56,56,1244,1244,1,False,1.0
2026-08-23T10:56:23.783901+00:00,grid_18,grid,,28.584392,76.698159,FRC4,34,34,770,770,1,False,1.0
2026-08-23T10:56:23.783901+00:00,grid_19,grid,,28.584392,76.899382,FRC7,40,40,1295,1295,1,False,1.0
2026-08-23T10:56:23.783901+00:00,grid_20,grid,,28.584392,77.100604,FRC6,32,37,1381,1194,0.999204,False,0.865
2026-08-23T10:56:23.783901+00:00,grid_21,grid,,28.584392,77.301827,FRC2,39,50,1245,971,0.999666,False,0.78
2026-08-23T10:56:23.783901+00:00,grid_22,grid,,28.584392,77.503049,FRC3,27,42,2258,1451,0.944152,False,0.643
2026-08-23T10:56:23.783901+00:00,grid_23,grid,,28.584392,77.704272,FRC4,43,43,1750,1750,1,False,1.0
2026-08-23T10:56:23.783901+00:00,grid_24,grid,,28.746089,76.698159,FRC4,47,47,1650,1650,1,False,1.0
2026-08-23T10:56:23.783901+00:00,grid_25,grid,,28.746089,76.899382,FRC4,42,42,737,737,1,False,1.0
2026-08-23T10:56:23.783901+00:00,grid_26,grid,,28.746089,77.100604,FRC3,25,33,2012,1524,0.956524,False,0.758
2026-08-23T10:56:23.783901+00:00,grid_27,grid,,28.746089,77.301827,FRC3,22,27,1434,1169,0.941506,False,0.815
2026-08-23T10:56:23.783901+00:00,grid_28,grid,,28.746089,77.503049,FRC2,39,48,1648,1339,0.985026,False,0.812
2026-08-23T10:56:23.783901+00:00,grid_29,grid,,28.746089,77.704272,FRC3,49,49,1563,1563,1,False,1.0
2026-08-23T10:56:23.783901+00:00,grid_30,grid,,28.907786,76.698159,FRC2,46,46,1593,1593,1,False,1.0
2026-08-23T10:56:23.783901+00:00,grid_31,grid,,28.907786,76.899382,FRC4,44,44,1286,1286,1,False,1.0
2026-08-23T10:56:23.783901+00:00,grid_32,grid,,28.907786,77.100604,FRC1,61,61,147,147,1,False,1.0
2026-08-23T10:56:23.783901+00:00,grid_33,grid,,28.907786,77.301827,FRC2,69,69,1058,1058,1,False,1.0
2026-08-23T10:56:23.783901+00:00,grid_34,grid,,28.907786,77.503049,FRC4,46,46,1067,1067,1,False,1.0
2026-08-23T10:56:23.783901+00:00,grid_35,grid,,28.907786,77.704272,FRC2,49,49,1477,1477,1,False,1.0
2026-08-23T10:56:23.783901+00:00,city_Delhi,city_center,Delhi,28.7041,77.1025,FRC2,18,29,1175,729,0.996602,False,0.621
2026-08-23T10:56:23.783901+00:00,city_Faridabad,city_center,Faridabad,28.4089,77.3178,FRC4,34,34,355,355,1,False,1.0
2026-08-23T10:56:23.783901+00:00,city_Ghaziabad,city_center,Ghaziabad,28.6692,77.4538,FRC4,31,38,1230,1004,0.982198,False,0.816
2026-08-23T10:56:23.783901+00:00,city_Gurgaon,city_center,Gurgaon,28.4595,77.0266,FRC4,44,50,1874,1649,0.998632,False,0.88
2026-08-23T10:56:23.783901+00:00,city_Noida,city_center,Noida,28.5355,77.391,FRC3,24,31,3132,2425,0.970392,False,0.774
2026-08-23T10:56:23.783901+00:00,hotspot_Anand_Vihar,hotspot,Anand Vihar,28.6469,77.3152,FRC3,34,40,766,651,1,False,0.85
2026-08-23T10:56:23.783901+00:00,hotspot_Rohini,hotspot,Rohini,28.7495,77.0565,FRC2,30,38,1505,1188,1,False,0.789
2026-08-23T11:27:25.147728+00:00,grid_0,grid,,28.099302,76.698159,FRC4,31,31,1306,1306,1,False,1.0
2026-08-23T11:27:25.147728+00:00,grid_1,grid,,28.099302,76.899382,FRC4,35,35,1597,1597,1,False,1.0
2026-08-23T11:27:25.147728+00:00,grid_2,grid,,28.099302,77.100604,FRC4,42,42,626,626,1,False,1.0
2026-08-23T11:27:25.147728+00:00,grid_3,grid,,28.099302,77.301827,FRC0,71,80,910,808,0.923538,False,0.887
2026-08-23T11:27:25.147728+00:00,grid_4,grid,,28.099302,77.503049,FRC2,46,46,1777,1777,1,False,1.0
2026-08-23T11:27:25.147728+00:00,grid_5,grid,,28.099302,77.704272,FRC4,54,54,1057,1057,1,False,1.0
2026-08-23T11:27:25.147728+00:00,grid_6,grid,,28.260999,76.698159,FRC3,44,44,1293,1293,1,False,1.0
2026-08-23T11:27:25.147728+00:00,grid_7,grid,,28.260999,76.899382,FRC3,43,43,1183,1183,1,False,1.0
2026-08-23T11:27:25.147728+00:00,grid_8,grid,,28.260999,77.100604,FRC0,102,102,373,373,1,False,1.0
2026-08-23T11:27:25.147728+00:00,grid_9,grid,,28.260999,77.301827,FRC4,31,31,1991,1991,1,False,1.0
2026-08-23T11:27:25.147728+00:00,grid_10,grid,,28.260999,77.503049,FRC4,36,36,2091,2091,1,False,1.0
2026-08-23T11:27:25.147728+00:00,grid_11,grid,,28.260999,77.704272,FRC4,55,55,1336,1336,1,False,1.0
2026-08-23T11:27:25.147728+00:00,grid_12,grid,,28.422696,76.698159,FRC4,30,30,1054,1054,1,False,1.0
2026-08-23T11:27:25.147728+00:00,grid_13,grid,,28.422696,76.899382,FRC3,48,48,1050,1050,1,False,1.0
2026-08-23T11:27:25.147728+00:00,grid_14,grid,,28.422696,77.100604,FRC3,35,39,1379,1237,1,False,0.897
2026-08-23T11:27:25.147728+00:00,grid_15,grid,,28.422696,77.301827,FRC3,24,30,1465,1172,0.98243,False,0.8
2026-08-23T11:27:25.147728+00:00,grid_16,grid,,28.422696,77.503049,FRC0,92,92,469,469,1,False,1.0
2026-08-23T11:27:25.147728+00:00,grid_17,grid,,28.422696,77.704272,FRC3,56,56,1244,1244,1,False,1.0
2026-08-23T11:27:25.147728+00:00,grid_18,grid,,28.584392,76.698159,FRC4,34,34,770,770,1,False,1.0
2026-08-23T11:27:25.147728+00:00,grid_19,grid,,28.584392,76.899382,FRC7,40,40,1295,1295,1,False,1.0
2026-08-23T11:27:25.147728+00:00,grid_20,grid,,28.584392,77.100604,FRC6,30,38,1473,1163,0.998924,False,0.789
2026-08-23T11:27:25.147728+00:00,grid_21,grid,,28.584392,77.301827,FRC2,41,50,1184,971,0.999666,False,0.82
2026-08-23T11:27:25.147728+00:00,grid_22,grid,,28.584392,77.503049,FRC3,27,42,2258,1451,0.943723,False,0.643
2026-08-23T11:27:25.147728+00:00,grid_23,grid,,28.584392,77.704272,FRC4,43,43,1750,1750,1,False,1.0
2026-08-23T11:27:25.147728+00:00,grid_24,grid,,28.746089,76.698159,FRC4,47,47,1650,1650,1,False,1.0
2026-08-23T11:27:25.147728+00:00,grid_25,grid,,28.746089,76.899382,FRC4,42,42,737,737,1,False,1.0
2026-08-23T11:27:25.147728+00:00,grid_26,grid,,28.746089,77.100604,FRC3,26,32,1935,1572,0.968677,False,0.812
2026-08-23T11:27:25.147728+00:00,grid_27,grid,,28.746089,77.301827,FRC3,23,28,1372,1127,0.976546,False,0.821
2026-08-23T11:27:25.147728+00:00,grid_28,grid,,28.746089,77.503049,FRC2,38,49,1692,1312,0.984383,False,0.776
2026-08-23T11:27:25.147728+00:00,grid_29,grid,,28.746089,77.704272,FRC3,49,49,1563,1563,1,False,1.0
2026-08-23T11:27:25.147728+00:00,grid_30,grid,,28.907786,76.698159,FRC2,46,46,1593,1593,1,False,1.0
2026-08-23T11:27:25.147728+00:00,grid_31,grid,,28.907786,76.899382,FRC4,44,44,1286,1286,1,False,1.0
2026-08-23T11:27:25.147728+00:00,grid_32,grid,,28.907786,77.100604,FRC1,61,61,147,147,1,False,1.0
2026-08-23T11:27:25.147728+00:00,grid_33,grid,,28.907786,77.301827,FRC2,69,69,1058,1058,1,False,1.0
2026-08-23T11:27:25.147728+00:00,grid_34,grid,,28.907786,77.503049,FRC4,46,46,1067,1067,1,False,1.0
2026-08-23T11:27:25.147728+00:00,grid_35,grid,,28.907786,77.704272,FRC2,42,49,1724,1477,0.693594,False,0.857
2026-08-23T11:27:25.147728+00:00,city_Delhi,city_center,Delhi,28.7041,77.1025,FRC2,18,29,1175,729,0.993074,False,0.621
2026-08-23T11:27:25.147728+00:00,city_Faridabad,city_center,Faridabad,28.4089,77.3178,FRC4,24,34,504,355,0.98,False,0.706
2026-08-23T11:27:25.147728+00:00,city_Ghaziabad,city_center,Ghaziabad,28.6692,77.4538,FRC4,31,37,1230,1031,0.983657,False,0.838
2026-08-23T11:27:25.147728+00:00,city_Gurgaon,city_center,Gurgaon,28.4595,77.0266,FRC4,43,49,1918,1683,0.998464,False,0.878
2026-08-23T11:27:25.147728+00:00,city_Noida,city_center,Noida,28.5355,77.391,FRC3,24,31,3132,2425,0.969049,False,0.774
2026-08-23T11:27:25.147728+00:00,hotspot_Anand_Vihar,hotspot,Anand Vihar,28.6469,77.3152,FRC3,40,40,651,651,1,False,1.0
2026-08-23T11:27:25.147728+00:00,hotspot_Rohini,hotspot,Rohini,28.7495,77.0565,FRC2,29,38,1557,1188,1,False,0.763
2026-08-23T11:58:10.852876+00:00,grid_0,grid,,28.099302,76.698159,FRC4,31,31,1306,1306,1,False,1.0
2026-08-23T11:58:10.852876+00:00,grid_1,grid,,28.099302,76.899382,FRC4,35,35,1597,1597,1,False,1.0
2026-08-23T11:58:10.852876+00:00,grid_2,grid,,28.099302,77.100604,FRC4,42,42,626,626,1,False,1.0
2026-08-23T11:58:10.852876+00:00,grid_3,grid,,28.099302,77.301827,FRC0,80,80,808,808,1,False,1.0
2026-08-23T11:58:10.852876+00:00,grid_4,grid,,28.099302,77.503049,FRC2,46,46,1777,1777,1,False,1.0
2026-08-23T11:58:10.852876+00:00,grid_5,grid,,28.099302,77.704272,FRC4,50,53,1141,1077,0.521573,False,0.943
2026-08-23T11:58:10.852876+00:00,grid_6,grid,,28.260999,76.698159,FRC3,44,44,1293,1293,1,False,1.0
2026-08-23T11:58:10.852876+00:00,grid_7,grid,,28.260999,76.899382,FRC3,43,43,1183,1183,1,False,1.0
2026-08-23T11:58:10.852876+00:00,grid_8,grid,,28.260999,77.100604,FRC0,102,102,373,373,1,False,1.0
2026-08-23T11:58:10.852876+00:00,grid_9,grid,,28.260999,77.301827,FRC4,31,31,1991,1991,1,False,1.0
2026-08-23T11:58:10.852876+00:00,grid_10,grid,,28.260999,77.503049,FRC4,36,36,2091,2091,1,False,1.0
2026-08-23T11:58:10.852876+00:00,grid_11,grid,,28.260999,77.704272,FRC4,55,55,1336,1336,1,False,1.0
2026-08-23T11:58:10.852876+00:00,grid_12,grid,,28.422696,76.698159,FRC4,30,30,1054,1054,1,False,1.0
2026-08-23T11:58:10.852876+00:00,grid_13,grid,,28.422696,76.899382,FRC3,48,48,1050,1050,1,False,1.0
2026-08-23T11:58:10.852876+00:00,grid_14,grid,,28.422696,77.100604,FRC3,39,39,1237,1237,1,False,1.0
2026-08-23T11:58:10.852876+00:00,grid_15,grid,,28.422696,77.301827,FRC3,23,30,1529,1172,0.963427,False,0.767
2026-08-23T11:58:10.852876+00:00,grid_16,grid,,28.422696,77.503049,FRC0,92,92,469,469,1,False,1.0
2026-08-23T11:58:10.852876+00:00,grid_17,grid,,28.422696,77.704272,FRC3,56,56,1244,1244,1,False,1.0
2026-08-23T11:58:10.852876+00:00,grid_18,grid,,28.584392,76.698159,FRC4,34,34,770,770,1,False,1.0
2026-08-23T11:58:10.852876+00:00,grid_19,grid,,28.584392,76.899382,FRC7,40,40,1295,1295,1,False,1.0
2026-08-23T11:58:10.852876+00:00,grid_20,grid,,28.584392,77.100604,FRC6,37,37,1194,1194,1,False,1.0
2026-08-23T11:58:10.852876+00:00,grid_21,grid,,28.584392,77.301827,FRC2,39,49,1245,990,0.999666,False,0.796
2026-08-23T11:58:10.852876+00:00,grid_22,grid,,28.584392,77.503049,FRC3,27,42,2258,1451,0.957815,False,0.643
2026-08-23T11:58:10.852876+00:00,grid_23,grid,,28.584392,77.704272,FRC4,43,43,1750,1750,1,False,1.0
2026-08-23T11:58:10.852876+00:00,grid_24,grid,,28.746089,76.698159,FRC4,47,47,1650,1650,1,False,1.0
2026-08-23T11:58:10.852876+00:00,grid_25,grid,,28.746089,76.899382,FRC4,42,42,737,737,1,False,1.0
2026-08-23T11:58:10.852876+00:00,grid_26,grid,,28.746089,77.100604,FRC3,25,32,2012,1572,0.948852,False,0.781
2026-08-23T11:58:10.852876+00:00,grid_27,grid,,28.746089,77.301827,FRC3,22,28,1434,1127,0.958572,False,0.786
2026-08-23T11:58:10.852876+00:00,grid_28,grid,,28.746089,77.503049,FRC2,38,49,1692,1312,0.986968,False,0.776
2026-08-23T11:58:10.852876+00:00,grid_29,grid,,28.746089,77.704272,FRC3,49,49,1563,1563,1,False,1.0
2026-08-23T11:58:10.852876+00:00,grid_30,grid,,28.907786,76.698159,FRC2,46,46,1593,1593,1,False,1.0
2026-08-23T11:58:10.852876+00:00,grid_31,grid,,28.907786,76.899382,FRC4,44,44,1286,1286,1,False,1.0
2026-08-23T11:58:10.852876+00:00,grid_32,grid,,28.907786,77.100604,FRC1,61,61,147,147,1,False,1.0
2026-08-23T11:58:10.852876+00:00,grid_33,grid,,28.907786,77.301827,FRC2,69,69,1058,1058,1,False,1.0
2026-08-23T11:58:10.852876+00:00,grid_34,grid,,28.907786,77.503049,FRC4,46,46,1067,1067,1,False,1.0
2026-08-23T11:58:10.852876+00:00,grid_35,grid,,28.907786,77.704272,FRC2,44,49,1645,1477,0.693556,False,0.898
2026-08-23T11:58:10.852876+00:00,city_Delhi,city_center,Delhi,28.7041,77.1025,FRC2,17,29,1244,729,0.993096,False,0.586
2026-08-23T11:58:10.852876+00:00,city_Faridabad,city_center,Faridabad,28.4089,77.3178,FRC4,34,34,355,355,1,False,1.0
2026-08-23T11:58:10.852876+00:00,city_Ghaziabad,city_center,Ghaziabad,28.6692,77.4538,FRC4,30,38,1271,1004,0.987572,False,0.789
2026-08-23T11:58:10.852876+00:00,city_Gurgaon,city_center,Gurgaon,28.4595,77.0266,FRC4,45,49,1832,1683,0.995898,False,0.918
2026-08-23T11:58:10.852876+00:00,city_Noida,city_center,Noida,28.5355,77.391,FRC3,25,31,3007,2425,0.980668,False,0.806
2026-08-23T11:58:10.852876+00:00,hotspot_Anand_Vihar,hotspot,Anand Vihar,28.6469,77.3152,FRC3,36,40,724,651,1,False,0.9
2026-08-23T11:58:10.852876+00:00,hotspot_Rohini,hotspot,Rohini,28.7495,77.0565,FRC2,28,38,1613,1188,1,False,0.737
2026-08-23T12:29:15.951485+00:00,grid_0,grid,,28.099302,76.698159,FRC4,31,31,1306,1306,1,False,1.0
2026-08-23T12:29:15.951485+00:00,grid_1,grid,,28.099302,76.899382,FRC4,35,35,1597,1597,1,False,1.0
2026-08-23T12:29:15.951485+00:00,grid_2,grid,,28.099302,77.100604,FRC4,42,42,626,626,1,False,1.0
2026-08-23T12:29:15.951485+00:00,grid_3,grid,,28.099302,77.301827,FRC0,80,80,808,808,1,False,1.0
2026-08-23T12:29:15.951485+00:00,grid_4,grid,,28.099302,77.503049,FRC2,46,46,1777,1777,1,False,1.0
2026-08-23T12:29:15.951485+00:00,grid_5,grid,,28.099302,77.704272,FRC4,54,54,1057,1057,1,False,1.0
2026-08-23T12:29:15.951485+00:00,grid_6,grid,,28.260999,76.698159,FRC3,44,44,1293,1293,1,False,1.0
2026-08-23T12:29:15.951485+00:00,grid_7,grid,,28.260999,76.899382,FRC3,43,43,1183,1183,1,False,1.0
2026-08-23T12:29:15.951485+00:00,grid_8,grid,,28.260999,77.100604,FRC0,102,102,373,373,1,False,1.0
2026-08-23T12:29:15.951485+00:00,grid_9,grid,,28.260999,77.301827,FRC4,31,31,1991,1991,1,False,1.0
2026-08-23T12:29:15.951485+00:00,grid_10,grid,,28.260999,77.503049,FRC4,36,36,2091,2091,1,False,1.0
2026-08-23T12:29:15.951485+00:00,grid_11,grid,,28.260999,77.704272,FRC4,55,55,1336,1336,1,False,1.0
2026-08-23T12:29:15.951485+00:00,grid_12,grid,,28.422696,76.698159,FRC4,30,30,1054,1054,1,False,1.0
2026-08-23T12:29:15.951485+00:00,grid_13,grid,,28.422696,76.899382,FRC3,48,48,1050,1050,1,False,1.0
2026-08-23T12:29:15.951485+00:00,grid_14,grid,,28.422696,77.100604,FRC3,32,40,1508,1206,1,False,0.8
2026-08-23T12:29:15.951485+00:00,grid_15,grid,,28.422696,77.301827,FRC3,22,30,1598,1172,0.965003,False,0.733
2026-08-23T12:29:15.951485+00:00,grid_16,grid,,28.422696,77.503049,FRC0,92,92,469,469,1,False,1.0
2026-08-23T12:29:15.951485+00:00,grid_17,grid,,28.422696,77.704272,FRC3,56,56,1244,1244,1,False,1.0
2026-08-23T12:29:15.951485+00:00,grid_18,grid,,28.584392,76.698159,FRC4,34,34,770,770,1,False,1.0
2026-08-23T12:29:15.951485+00:00,grid_19,grid,,28.584392,76.899382,FRC7,40,40,1295,1295,1,False,1.0
2026-08-23T12:29:15.951485+00:00,grid_20,grid,,28.584392,77.100604,FRC6,32,37,1381,1194,0.998408,False,0.865
2026-08-23T12:29:15.951485+00:00,grid_21,grid,,28.584392,77.301827,FRC2,40,50,1213,971,1,False,0.8
2026-08-23T12:29:15.951485+00:00,grid_22,grid,,28.584392,77.503049,FRC3,28,42,2177,1451,0.947606,False,0.667
2026-08-23T12:29:15.951485+00:00,grid_23,grid,,28.584392,77.704272,FRC4,43,43,1750,1750,1,False,1.0
2026-08-23T12:29:15.951485+00:00,grid_24,grid,,28.746089,76.698159,FRC4,47,47,1650,1650,1,False,1.0
2026-08-23T12:29:15.951485+00:00,grid_25,grid,,28.746089,76.899382,FRC4,36,42,860,737,0.565224,False,0.857
2026-08-23T12:29:15.951485+00:00,grid_26,grid,,28.746089,77.100604,FRC3,24,32,2096,1572,0.960368,False,0.75
2026-08-23T12:29:15.951485+00:00,grid_27,grid,,28.746089,77.301827,FRC3,28,28,1127,1127,1,False,1.0
2026-08-23T12:29:15.951485+00:00,grid_28,grid,,28.746089,77.503049,FRC2,35,48,1837,1339,0.973383,False,0.729
2026-08-23T12:29:15.951485+00:00,grid_29,grid,,28.746089,77.704272,FRC3,49,49,1563,1563,1,False,1.0
2026-08-23T12:29:15.951485+00:00,grid_30,grid,,28.907786,76.698159,FRC2,46,46,1593,1593,1,False,1.0
2026-08-23T12:29:15.951485+00:00,grid_31,grid,,28.907786,76.899382,FRC4,44,44,1286,1286,1,False,1.0
2026-08-23T12:29:15.951485+00:00,grid_32,grid,,28.907786,77.100604,FRC1,49,61,183,147,0.963741,False,0.803
2026-08-23T12:29:15.951485+00:00,grid_33,grid,,28.907786,77.301827,FRC2,69,69,1058,1058,1,False,1.0
2026-08-23T12:29:15.951485+00:00,grid_34,grid,,28.907786,77.503049,FRC4,46,46,1067,1067,1,False,1.0
2026-08-23T12:29:15.951485+00:00,grid_35,grid,,28.907786,77.704272,FRC2,41,49,1766,1477,0.638995,False,0.837
2026-08-23T12:29:15.951485+00:00,city_Delhi,city_center,Delhi,28.7041,77.1025,FRC2,16,29,1322,729,0.981474,False,0.552
2026-08-23T12:29:15.951485+00:00,city_Faridabad,city_center,Faridabad,28.4089,77.3178,FRC4,20,33,605,366,0.97216,False,0.606
2026-08-23T12:29:15.951485+00:00,city_Ghaziabad,city_center,Ghaziabad,28.6692,77.4538,FRC4,29,37,1315,1031,0.984096,False,0.784
2026-08-23T12:29:15.951485+00:00,city_Gurgaon,city_center,Gurgaon,28.4595,77.0266,FRC4,44,49,1874,1683,0.997266,False,0.898
2026-08-23T12:29:15.951485+00:00,city_Noida,city_center,Noida,28.5355,77.391,FRC3,23,31,3268,2425,0.964579,False,0.742
2026-08-23T12:29:15.951485+00:00,hotspot_Anand_Vihar,hotspot,Anand Vihar,28.6469,77.3152,FRC3,33,39,790,668,1,False,0.846
2026-08-23T12:29:15.951485+00:00,hotspot_Rohini,hotspot,Rohini,28.7495,77.0565,FRC2,27,37,1673,1220,1,False,0.73
2026-08-23T13:20:57.124292+00:00,grid_0,grid,,28.099302,76.698159,FRC4,31,31,1306,1306,1,False,1.0
2026-08-23T13:20:57.124292+00:00,grid_1,grid,,28.099302,76.899382,FRC4,35,35,1597,1597,1,False,1.0
2026-08-23T13:20:57.124292+00:00,grid_2,grid,,28.099302,77.100604,FRC4,42,42,626,626,1,False,1.0
2026-08-23T13:20:57.124292+00:00,grid_3,grid,,28.099302,77.301827,FRC0,80,80,808,808,1,False,1.0
2026-08-23T13:20:57.124292+00:00,grid_4,grid,,28.099302,77.503049,FRC2,46,46,1777,1777,1,False,1.0
2026-08-23T13:20:57.124292+00:00,grid_5,grid,,28.099302,77.704272,FRC4,54,54,1057,1057,1,False,1.0
2026-08-23T13:20:57.124292+00:00,grid_6,grid,,28.260999,76.698159,FRC3,44,44,1293,1293,1,False,1.0
2026-08-23T13:20:57.124292+00:00,grid_7,grid,,28.260999,76.899382,FRC3,43,43,1183,1183,1,False,1.0
2026-08-23T13:20:57.124292+00:00,grid_8,grid,,28.260999,77.100604,FRC0,102,102,373,373,1,False,1.0
2026-08-23T13:20:57.124292+00:00,grid_9,grid,,28.260999,77.301827,FRC4,31,31,1991,1991,1,False,1.0
2026-08-23T13:20:57.124292+00:00,grid_10,grid,,28.260999,77.503049,FRC4,36,36,2091,2091,1,False,1.0
2026-08-23T13:20:57.124292+00:00,grid_11,grid,,28.260999,77.704272,FRC4,55,55,1336,1336,1,False,1.0
2026-08-23T13:20:57.124292+00:00,grid_12,grid,,28.422696,76.698159,FRC4,30,30,1054,1054,1,False,1.0
2026-08-23T13:20:57.124292+00:00,grid_13,grid,,28.422696,76.899382,FRC3,44,48,1146,1050,0.947087,False,0.917
2026-08-23T13:20:57.124292+00:00,grid_14,grid,,28.422696,77.100604,FRC3,33,39,1462,1237,1,False,0.846
2026-08-23T13:20:57.124292+00:00,grid_15,grid,,28.422696,77.301827,FRC3,23,30,1529,1172,0.969198,False,0.767
2026-08-23T13:20:57.124292+00:00,grid_16,grid,,28.422696,77.503049,FRC0,92,92,469,469,1,False,1.0
2026-08-23T13:20:57.124292+00:00,grid_17,grid,,28.422696,77.704272,FRC3,56,56,1244,1244,1,False,1.0
2026-08-23T13:20:57.124292+00:00,grid_18,grid,,28.584392,76.698159,FRC4,34,34,770,770,1,False,1.0
2026-08-23T13:20:57.124292+00:00,grid_19,grid,,28.584392,76.899382,FRC7,40,40,1295,1295,1,False,1.0
2026-08-23T13:20:57.124292+00:00,grid_20,grid,,28.584392,77.100604,FRC6,33,37,1339,1194,0.999726,False,0.892
2026-08-23T13:20:57.124292+00:00,grid_21,grid,,28.584392,77.301827,FRC2,42,50,1156,971,1,False,0.84
2026-08-23T13:20:57.124292+00:00,grid_22,grid,,28.584392,77.503049,FRC3,25,42,2438,1451,0.982494,False,0.595
2026-08-23T13:20:57.124292+00:00,grid_23,grid,,28.584392,77.704272,FRC4,43,43,1750,1750,1,False,1.0
2026-08-23T13:20:57.124292+00:00,grid_24,grid,,28.746089,76.698159,FRC4,47,47,1650,1650,1,False,1.0
2026-08-23T13:20:57.124292+00:00,grid_25,grid,,28.746089,76.899382,FRC4,42,42,737,737,1,False,1.0
2026-08-23T13:20:57.124292+00:00,grid_26,grid,,28.746089,77.100604,FRC3,24,33,2096,1524,0.964792,False,0.727
2026-08-23T13:20:57.124292+00:00,grid_27,grid,,28.746089,77.301827,FRC3,21,28,1503,1127,0.957113,False,0.75
2026-08-23T13:20:57.124292+00:00,grid_28,grid,,28.746089,77.503049,FRC2,36,48,1786,1339,0.98727,False,0.75
2026-08-23T13:20:57.124292+00:00,grid_29,grid,,28.746089,77.704272,FRC3,40,49,1915,1563,0.617365,False,0.816
2026-08-23T13:20:57.124292+00:00,grid_30,grid,,28.907786,76.698159,FRC2,46,46,1593,1593,1,False,1.0
2026-08-23T13:20:57.124292+00:00,grid_31,grid,,28.907786,76.899382,FRC4,44,44,1286,1286,1,False,1.0
2026-08-23T13:20:57.124292+00:00,grid_32,grid,,28.907786,77.100604,FRC1,61,61,147,147,1,False,1.0
2026-08-23T13:20:57.124292+00:00,grid_33,grid,,28.907786,77.301827,FRC2,69,69,1058,1058,1,False,1.0
2026-08-23T13:20:57.124292+00:00,grid_34,grid,,28.907786,77.503049,FRC4,40,46,1228,1067,0.633059,False,0.87
2026-08-23T13:20:57.124292+00:00,grid_35,grid,,28.907786,77.704272,FRC2,43,49,1684,1477,0.739835,False,0.878
2026-08-23T13:20:57.124292+00:00,city_Delhi,city_center,Delhi,28.7041,77.1025,FRC2,15,29,1410,729,0.987987,False,0.517
2026-08-23T13:20:57.124292+00:00,city_Faridabad,city_center,Faridabad,28.4089,77.3178,FRC4,26,33,465,366,0.97034,False,0.788
2026-08-23T13:20:57.124292+00:00,city_Ghaziabad,city_center,Ghaziabad,28.6692,77.4538,FRC4,28,38,1362,1004,0.989599,False,0.737
2026-08-23T13:20:57.124292+00:00,city_Gurgaon,city_center,Gurgaon,28.4595,77.0266,FRC4,42,49,1963,1683,0.99712,False,0.857
2026-08-23T13:20:57.124292+00:00,city_Noida,city_center,Noida,28.5355,77.391,FRC3,23,31,3268,2425,0.963379,False,0.742
2026-08-23T13:20:57.124292+00:00,hotspot_Anand_Vihar,hotspot,Anand Vihar,28.6469,77.3152,FRC3,40,40,651,651,1,False,1.0
2026-08-23T13:20:57.124292+00:00,hotspot_Rohini,hotspot,Rohini,28.7495,77.0565,FRC2,28,38,1613,1188,1,False,0.737
2026-08-23T13:44:35.107951+00:00,grid_0,grid,,28.099302,76.698159,FRC4,31,31,1306,1306,1,False,1.0
2026-08-23T13:44:35.107951+00:00,grid_1,grid,,28.099302,76.899382,FRC4,35,35,1597,1597,1,False,1.0
2026-08-23T13:44:35.107951+00:00,grid_2,grid,,28.099302,77.100604,FRC4,42,42,626,626,1,False,1.0
2026-08-23T13:44:35.107951+00:00,grid_3,grid,,28.099302,77.301827,FRC0,75,80,861,808,0.939777,False,0.938
2026-08-23T13:44:35.107951+00:00,grid_4,grid,,28.099302,77.503049,FRC2,46,46,1777,1777,1,False,1.0
2026-08-23T13:44:35.107951+00:00,grid_5,grid,,28.099302,77.704272,FRC4,54,54,1057,1057,1,False,1.0
2026-08-23T13:44:35.107951+00:00,grid_6,grid,,28.260999,76.698159,FRC3,44,44,1293,1293,1,False,1.0
2026-08-23T13:44:35.107951+00:00,grid_7,grid,,28.260999,76.899382,FRC3,43,43,1183,1183,1,False,1.0
2026-08-23T13:44:35.107951+00:00,grid_8,grid,,28.260999,77.100604,FRC0,102,102,373,373,1,False,1.0
2026-08-23T13:44:35.107951+00:00,grid_9,grid,,28.260999,77.301827,FRC4,31,31,1991,1991,1,False,1.0
2026-08-23T13:44:35.107951+00:00,grid_10,grid,,28.260999,77.503049,FRC4,36,36,2091,2091,1,False,1.0
2026-08-23T13:44:35.107951+00:00,grid_11,grid,,28.260999,77.704272,FRC4,45,55,1633,1336,0.58465,False,0.818
2026-08-23T13:44:35.107951+00:00,grid_12,grid,,28.422696,76.698159,FRC4,30,30,1054,1054,1,False,1.0
2026-08-23T13:44:35.107951+00:00,grid_13,grid,,28.422696,76.899382,FRC3,43,48,1173,1050,0.901151,False,0.896
2026-08-23T13:44:35.107951+00:00,grid_14,grid,,28.422696,77.100604,FRC3,33,40,1462,1206,1,False,0.825
2026-08-23T13:44:35.107951+00:00,grid_15,grid,,28.422696,77.301827,FRC3,22,30,1598,1172,0.965052,False,0.733
2026-08-23T13:44:35.107951+00:00,grid_16,grid,,28.422696,77.503049,FRC0,92,92,469,469,1,False,1.0
2026-08-23T13:44:35.107951+00:00,grid_17,grid,,28.422696,77.704272,FRC3,56,56,1244,1244,1,False,1.0
2026-08-23T13:44:35.107951+00:00,grid_18,grid,,28.584392,76.698159,FRC4,34,34,770,770,1,False,1.0
2026-08-23T13:44:35.107951+00:00,grid_19,grid,,28.584392,76.899382,FRC7,40,40,1295,1295,1,False,1.0
2026-08-23T13:44:35.107951+00:00,grid_20,grid,,28.584392,77.100604,FRC6,30,37,1473,1194,0.998977,False,0.811
2026-08-23T13:44:35.107951+00:00,grid_21,grid,,28.584392,77.301827,FRC2,39,49,1245,990,0.999666,False,0.796
2026-08-23T13:44:35.107951+00:00,grid_22,grid,,28.584392,77.503049,FRC3,25,42,2438,1451,0.947884,False,0.595
2026-08-23T13:44:35.107951+00:00,grid_23,grid,,28.584392,77.704272,FRC4,43,43,1750,1750,1,False,1.0
2026-08-23T13:44:35.107951+00:00,grid_24,grid,,28.746089,76.698159,FRC4,47,47,1650,1650,1,False,1.0
2026-08-23T13:44:35.107951+00:00,grid_25,grid,,28.746089,76.899382,FRC4,42,42,737,737,1,False,1.0
2026-08-23T13:44:35.107951+00:00,grid_26,grid,,28.746089,77.100604,FRC3,24,33,2096,1524,0.973246,False,0.727
2026-08-23T13:44:35.107951+00:00,grid_27,grid,,28.746089,77.301827,FRC3,21,28,1503,1127,0.980976,False,0.75
2026-08-23T13:44:35.107951+00:00,grid_28,grid,,28.746089,77.503049,FRC2,37,49,1738,1312,0.985704,False,0.755
2026-08-23T13:44:35.107951+00:00,grid_29,grid,,28.746089,77.704272,FRC3,49,49,1563,1563,1,False,1.0
2026-08-23T13:44:35.107951+00:00,grid_30,grid,,28.907786,76.698159,FRC2,46,46,1593,1593,1,False,1.0
2026-08-23T13:44:35.107951+00:00,grid_31,grid,,28.907786,76.899382,FRC4,44,44,1286,1286,1,False,1.0
2026-08-23T13:44:35.107951+00:00,grid_32,grid,,28.907786,77.100604,FRC1,37,60,243,150,0.92,False,0.617
2026-08-23T13:44:35.107951+00:00,grid_33,grid,,28.907786,77.301827,FRC2,69,69,1058,1058,1,False,1.0
2026-08-23T13:44:35.107951+00:00,grid_34,grid,,28.907786,77.503049,FRC4,46,46,1067,1067,1,False,1.0
2026-08-23T13:44:35.107951+00:00,grid_35,grid,,28.907786,77.704272,FRC2,41,49,1766,1477,0.646811,False,0.837
2026-08-23T13:44:35.107951+00:00,city_Delhi,city_center,Delhi,28.7041,77.1025,FRC2,15,29,1410,729,0.986663,False,0.517
2026-08-23T13:44:35.107951+00:00,city_Faridabad,city_center,Faridabad,28.4089,77.3178,FRC4,22,33,550,366,0.976658,False,0.667
2026-08-23T13:44:35.107951+00:00,city_Ghaziabad,city_center,Ghaziabad,28.6692,77.4538,FRC4,26,38,1467,1004,0.992893,False,0.684
2026-08-23T13:44:35.107951+00:00,city_Gurgaon,city_center,Gurgaon,28.4595,77.0266,FRC4,41,49,2011,1683,0.998632,False,0.837
2026-08-23T13:44:35.107951+00:00,city_Noida,city_center,Noida,28.5355,77.391,FRC3,22,31,3417,2425,0.976031,False,0.71
2026-08-23T13:44:35.107951+00:00,hotspot_Anand_Vihar,hotspot,Anand Vihar,28.6469,77.3152,FRC3,34,40,766,651,1,False,0.85
2026-08-23T13:44:35.107951+00:00,hotspot_Rohini,hotspot,Rohini,28.7495,77.0565,FRC2,26,38,1737,1188,1,False,0.684
2026-08-23T14:16:07.869668+00:00,grid_0,grid,,28.099302,76.698159,FRC4,31,31,1306,1306,1,False,1.0
2026-08-23T14:16:07.869668+00:00,grid_1,grid,,28.099302,76.899382,FRC4,35,35,1597,1597,1,False,1.0
2026-08-23T14:16:07.869668+00:00,grid_2,grid,,28.099302,77.100604,FRC4,42,42,626,626,1,False,1.0
2026-08-23T14:16:07.869668+00:00,grid_3,grid,,28.099302,77.301827,FRC0,73,80,885,808,0.933512,False,0.912
2026-08-23T14:16:07.869668+00:00,grid_4,grid,,28.099302,77.503049,FRC2,39,46,2096,1777,0.574813,False,0.848
2026-08-23T14:16:07.869668+00:00,grid_5,grid,,28.099302,77.704272,FRC4,54,54,1057,1057,1,False,1.0
2026-08-23T14:16:07.869668+00:00,grid_6,grid,,28.260999,76.698159,FRC3,44,44,1293,1293,1,False,1.0
2026-08-23T14:16:07.869668+00:00,grid_7,grid,,28.260999,76.899382,FRC3,43,43,1183,1183,1,False,1.0
2026-08-23T14:16:07.869668+00:00,grid_8,grid,,28.260999,77.100604,FRC0,102,102,373,373,1,False,1.0
2026-08-23T14:16:07.869668+00:00,grid_9,grid,,28.260999,77.301827,FRC4,31,31,1991,1991,1,False,1.0
2026-08-23T14:16:07.869668+00:00,grid_10,grid,,28.260999,77.503049,FRC4,36,36,2091,2091,1,False,1.0
2026-08-23T14:16:07.869668+00:00,grid_11,grid,,28.260999,77.704272,FRC4,55,55,1336,1336,1,False,1.0
2026-08-23T14:16:07.869668+00:00,grid_12,grid,,28.422696,76.698159,FRC4,30,30,1054,1054,1,False,1.0
2026-08-23T14:16:07.869668+00:00,grid_13,grid,,28.422696,76.899382,FRC3,43,48,1173,1050,0.850707,False,0.896
2026-08-23T14:16:07.869668+00:00,grid_14,grid,,28.422696,77.100604,FRC3,32,40,1508,1206,1,False,0.8
2026-08-23T14:16:07.869668+00:00,grid_15,grid,,28.422696,77.301827,FRC3,20,30,1758,1172,0.966465,False,0.667
2026-08-23T14:16:07.869668+00:00,grid_16,grid,,28.422696,77.503049,FRC0,92,92,469,469,1,False,1.0
2026-08-23T14:16:07.869668+00:00,grid_17,grid,,28.422696,77.704272,FRC3,56,56,1244,1244,1,False,1.0
2026-08-23T14:16:07.869668+00:00,grid_18,grid,,28.584392,76.698159,FRC4,34,34,770,770,1,False,1.0
2026-08-23T14:16:07.869668+00:00,grid_19,grid,,28.584392,76.899382,FRC7,40,40,1295,1295,1,False,1.0
2026-08-23T14:16:07.869668+00:00,grid_20,grid,,28.584392,77.100604,FRC6,31,37,1426,1194,1,False,0.838
2026-08-23T14:16:07.869668+00:00,grid_21,grid,,28.584392,77.301827,FRC2,42,49,1156,990,1,False,0.857
2026-08-23T14:16:07.869668+00:00,grid_22,grid,,28.584392,77.503049,FRC3,26,42,2345,1451,0.972892,False,0.619
2026-08-23T14:16:07.869668+00:00,grid_23,grid,,28.584392,77.704272,FRC4,43,43,1750,1750,1,False,1.0
2026-08-23T14:16:07.869668+00:00,grid_24,grid,,28.746089,76.698159,FRC4,47,47,1650,1650,1,False,1.0
2026-08-23T14:16:07.869668+00:00,grid_25,grid,,28.746089,76.899382,FRC4,42,42,737,737,1,False,1.0
2026-08-23T14:16:07.869668+00:00,grid_26,grid,,28.746089,77.100604,FRC3,23,32,2187,1572,0.953725,False,0.719
2026-08-23T14:16:07.869668+00:00,grid_27,grid,,28.746089,77.301827,FRC3,23,28,1372,1127,0.957866,False,0.821
2026-08-23T14:16:07.869668+00:00,grid_28,grid,,28.746089,77.503049,FRC2,34,49,1891,1312,0.980031,False,0.694
2026-08-23T14:16:07.869668+00:00,grid_29,grid,,28.746089,77.704272,FRC3,49,49,1563,1563,1,False,1.0
2026-08-23T14:16:07.869668+00:00,grid_30,grid,,28.907786,76.698159,FRC2,46,46,1593,1593,1,False,1.0
2026-08-23T14:16:07.869668+00:00,grid_31,grid,,28.907786,76.899382,FRC4,44,44,1286,1286,1,False,1.0
2026-08-23T14:16:07.869668+00:00,grid_32,grid,,28.907786,77.100604,FRC1,43,60,209,150,0.92,False,0.717
2026-08-23T14:16:07.869668+00:00,grid_33,grid,,28.907786,77.301827,FRC2,58,70,1258,1043,0.983885,False,0.829
2026-08-23T14:16:07.869668+00:00,grid_34,grid,,28.907786,77.503049,FRC4,38,46,1292,1067,0.608222,False,0.826
2026-08-23T14:16:07.869668+00:00,grid_35,grid,,28.907786,77.704272,FRC2,41,49,1766,1477,0.758144,False,0.837
2026-08-23T14:16:07.869668+00:00,city_Delhi,city_center,Delhi,28.7041,77.1025,FRC2,16,29,1322,729,0.981342,False,0.552
2026-08-23T14:16:07.869668+00:00,city_Faridabad,city_center,Faridabad,28.4089,77.3178,FRC4,22,34,550,355,0.99,False,0.647
2026-08-23T14:16:07.869668+00:00,city_Ghaziabad,city_center,Ghaziabad,28.6692,77.4538,FRC4,27,38,1413,1004,0.994049,False,0.711
2026-08-23T14:16:07.869668+00:00,city_Gurgaon,city_center,Gurgaon,28.4595,77.0266,FRC4,41,49,2011,1683,0.998632,False,0.837
2026-08-23T14:16:07.869668+00:00,city_Noida,city_center,Noida,28.5355,77.391,FRC3,22,30,3417,2505,0.978946,False,0.733
2026-08-23T14:16:07.869668+00:00,hotspot_Anand_Vihar,hotspot,Anand Vihar,28.6469,77.3152,FRC3,32,40,814,651,1,False,0.8
2026-08-23T14:16:07.869668+00:00,hotspot_Rohini,hotspot,Rohini,28.7495,77.0565,FRC2,25,38,1806,1188,0.997487,False,0.658
2026-08-23T14:25:06.539592+00:00,grid_0,grid,,28.099302,76.698159,FRC4,31,31,1306,1306,1,False,1.0
2026-08-23T14:25:06.539592+00:00,grid_1,grid,,28.099302,76.899382,FRC4,35,35,1597,1597,1,False,1.0
2026-08-23T14:25:06.539592+00:00,grid_2,grid,,28.099302,77.100604,FRC4,42,42,626,626,1,False,1.0
2026-08-23T14:25:06.539592+00:00,grid_3,grid,,28.099302,77.301827,FRC0,80,80,808,808,1,False,1.0
2026-08-23T14:25:06.539592+00:00,grid_4,grid,,28.099302,77.503049,FRC2,46,46,1777,1777,1,False,1.0
2026-08-23T14:25:06.539592+00:00,grid_5,grid,,28.099302,77.704272,FRC4,54,54,1057,1057,1,False,1.0
2026-08-23T14:25:06.539592+00:00,grid_6,grid,,28.260999,76.698159,FRC3,44,44,1293,1293,1,False,1.0
2026-08-23T14:25:06.539592+00:00,grid_7,grid,,28.260999,76.899382,FRC3,43,43,1183,1183,1,False,1.0
2026-08-23T14:25:06.539592+00:00,grid_8,grid,,28.260999,77.100604,FRC0,102,102,373,373,1,False,1.0
2026-08-23T14:25:06.539592+00:00,grid_9,grid,,28.260999,77.301827,FRC4,31,31,1991,1991,1,False,1.0
2026-08-23T14:25:06.539592+00:00,grid_10,grid,,28.260999,77.503049,FRC4,36,36,2091,2091,1,False,1.0
2026-08-23T14:25:06.539592+00:00,grid_11,grid,,28.260999,77.704272,FRC4,55,55,1336,1336,1,False,1.0
2026-08-23T14:25:06.539592+00:00,grid_12,grid,,28.422696,76.698159,FRC4,30,30,1054,1054,1,False,1.0
2026-08-23T14:25:06.539592+00:00,grid_13,grid,,28.422696,76.899382,FRC3,42,48,1201,1050,0.818186,False,0.875
2026-08-23T14:25:06.539592+00:00,grid_14,grid,,28.422696,77.100604,FRC3,33,40,1462,1206,1,False,0.825
2026-08-23T14:25:06.539592+00:00,grid_15,grid,,28.422696,77.301827,FRC3,22,30,1598,1172,0.965221,False,0.733
2026-08-23T14:25:06.539592+00:00,grid_16,grid,,28.422696,77.503049,FRC0,92,92,469,469,1,False,1.0
2026-08-23T14:25:06.539592+00:00,grid_17,grid,,28.422696,77.704272,FRC3,56,56,1244,1244,1,False,1.0
2026-08-23T14:25:06.539592+00:00,grid_18,grid,,28.584392,76.698159,FRC4,34,34,770,770,1,False,1.0
2026-08-23T14:25:06.539592+00:00,grid_19,grid,,28.584392,76.899382,FRC7,40,40,1295,1295,1,False,1.0
2026-08-23T14:25:06.539592+00:00,grid_20,grid,,28.584392,77.100604,FRC6,31,37,1426,1194,0.999202,False,0.838
2026-08-23T14:25:06.539592+00:00,grid_21,grid,,28.584392,77.301827,FRC2,40,50,1213,971,1,False,0.8
2026-08-23T14:25:06.539592+00:00,grid_22,grid,,28.584392,77.503049,FRC3,26,42,2345,1451,0.980494,False,0.619
2026-08-23T14:25:06.539592+00:00,grid_23,grid,,28.584392,77.704272,FRC4,43,43,1750,1750,1,False,1.0
2026-08-23T14:25:06.539592+00:00,grid_24,grid,,28.746089,76.698159,FRC4,47,47,1650,1650,1,False,1.0
2026-08-23T14:25:06.539592+00:00,grid_25,grid,,28.746089,76.899382,FRC4,42,42,737,737,1,False,1.0
2026-08-23T14:25:06.539592+00:00,grid_26,grid,,28.746089,77.100604,FRC3,23,33,2187,1524,0.958944,False,0.697
2026-08-23T14:25:06.539592+00:00,grid_27,grid,,28.746089,77.301827,FRC3,22,28,1434,1127,0.942089,False,0.786
2026-08-23T14:25:06.539592+00:00,grid_28,grid,,28.746089,77.503049,FRC2,35,48,1837,1339,0.977624,False,0.729
2026-08-23T14:25:06.539592+00:00,grid_29,grid,,28.746089,77.704272,FRC3,49,49,1563,1563,1,False,1.0
2026-08-23T14:25:06.539592+00:00,grid_30,grid,,28.907786,76.698159,FRC2,46,46,1593,1593,1,False,1.0
2026-08-23T14:25:06.539592+00:00,grid_31,grid,,28.907786,76.899382,FRC4,44,44,1286,1286,1,False,1.0
2026-08-23T14:25:06.539592+00:00,grid_32,grid,,28.907786,77.100604,FRC1,44,61,204,147,0.89,False,0.721
2026-08-23T14:25:06.539592+00:00,grid_33,grid,,28.907786,77.301827,FRC2,69,69,1058,1058,1,False,1.0
2026-08-23T14:25:06.539592+00:00,grid_34,grid,,28.907786,77.503049,FRC4,39,46,1259,1067,0.562902,False,0.848
2026-08-23T14:25:06.539592+00:00,grid_35,grid,,28.907786,77.704272,FRC2,40,48,1810,1508,0.800509,False,0.833
2026-08-23T14:25:06.539592+00:00,city_Delhi,city_center,Delhi,28.7041,77.1025,FRC2,15,29,1410,729,0.9842,False,0.517
2026-08-23T14:25:06.539592+00:00,city_Faridabad,city_center,Faridabad,28.4089,77.3178,FRC4,22,34,550,355,0.991184,False,0.647
2026-08-23T14:25:06.539592+00:00,city_Ghaziabad,city_center,Ghaziabad,28.6692,77.4538,FRC4,27,37,1413,1031,0.99233,False,0.73
2026-08-23T14:25:06.539592+00:00,city_Gurgaon,city_center,Gurgaon,28.4595,77.0266,FRC4,42,49,1963,1683,0.997262,False,0.857
2026-08-23T14:25:06.539592+00:00,city_Noida,city_center,Noida,28.5355,77.391,FRC3,22,30,3417,2505,0.977905,False,0.733
2026-08-23T14:25:06.539592+00:00,hotspot_Anand_Vihar,hotspot,Anand Vihar,28.6469,77.3152,FRC3,33,40,790,651,1,False,0.825
2026-08-23T14:25:06.539592+00:00,hotspot_Rohini,hotspot,Rohini,28.7495,77.0565,FRC2,24,38,1882,1188,1,False,0.632
2026-08-23T14:48:26.939637+00:00,grid_0,grid,,28.099302,76.698159,FRC4,31,31,1306,1306,1,False,1.0
2026-08-23T14:48:26.939637+00:00,grid_1,grid,,28.099302,76.899382,FRC4,35,35,1597,1597,1,False,1.0
2026-08-23T14:48:26.939637+00:00,grid_2,grid,,28.099302,77.100604,FRC4,42,42,626,626,1,False,1.0
2026-08-23T14:48:26.939637+00:00,grid_3,grid,,28.099302,77.301827,FRC0,80,80,808,808,1,False,1.0
2026-08-23T14:48:26.939637+00:00,grid_4,grid,,28.099302,77.503049,FRC2,46,46,1777,1777,1,False,1.0
2026-08-23T14:48:26.939637+00:00,grid_5,grid,,28.099302,77.704272,FRC4,54,54,1057,1057,1,False,1.0
2026-08-23T14:48:26.939637+00:00,grid_6,grid,,28.260999,76.698159,FRC3,44,44,1293,1293,1,False,1.0
2026-08-23T14:48:26.939637+00:00,grid_7,grid,,28.260999,76.899382,FRC3,43,43,1183,1183,1,False,1.0
2026-08-23T14:48:26.939637+00:00,grid_8,grid,,28.260999,77.100604,FRC0,102,102,373,373,1,False,1.0
2026-08-23T14:48:26.939637+00:00,grid_9,grid,,28.260999,77.301827,FRC4,31,31,1991,1991,1,False,1.0
2026-08-23T14:48:26.939637+00:00,grid_10,grid,,28.260999,77.503049,FRC4,36,36,2091,2091,1,False,1.0
2026-08-23T14:48:26.939637+00:00,grid_11,grid,,28.260999,77.704272,FRC4,55,55,1336,1336,1,False,1.0
2026-08-23T14:48:26.939637+00:00,grid_12,grid,,28.422696,76.698159,FRC4,30,30,1054,1054,1,False,1.0
2026-08-23T14:48:26.939637+00:00,grid_13,grid,,28.422696,76.899382,FRC3,48,48,1050,1050,1,False,1.0
2026-08-23T14:48:26.939637+00:00,grid_14,grid,,28.422696,77.100604,FRC3,33,40,1462,1206,1,False,0.825
2026-08-23T14:48:26.939637+00:00,grid_15,grid,,28.422696,77.301827,FRC3,20,30,1758,1172,0.966443,False,0.667
2026-08-23T14:48:26.939637+00:00,grid_16,grid,,28.422696,77.503049,FRC0,92,92,469,469,1,False,1.0
2026-08-23T14:48:26.939637+00:00,grid_17,grid,,28.422696,77.704272,FRC3,56,56,1244,1244,1,False,1.0
2026-08-23T14:48:26.939637+00:00,grid_18,grid,,28.584392,76.698159,FRC4,34,34,770,770,1,False,1.0
2026-08-23T14:48:26.939637+00:00,grid_19,grid,,28.584392,76.899382,FRC7,40,40,1295,1295,1,False,1.0
2026-08-23T14:48:26.939637+00:00,grid_20,grid,,28.584392,77.100604,FRC6,31,38,1426,1163,0.998832,False,0.816
2026-08-23T14:48:26.939637+00:00,grid_21,grid,,28.584392,77.301827,FRC2,42,49,1156,990,0.999666,False,0.857
2026-08-23T14:48:26.939637+00:00,grid_22,grid,,28.584392,77.503049,FRC3,24,42,2540,1451,0.990263,False,0.571
2026-08-23T14:48:26.939637+00:00,grid_23,grid,,28.584392,77.704272,FRC4,43,43,1750,1750,1,False,1.0
2026-08-23T14:48:26.939637+00:00,grid_24,grid,,28.746089,76.698159,FRC4,47,47,1650,1650,1,False,1.0
2026-08-23T14:48:26.939637+00:00,grid_25,grid,,28.746089,76.899382,FRC4,42,42,737,737,1,False,1.0
2026-08-23T14:48:26.939637+00:00,grid_26,grid,,28.746089,77.100604,FRC3,23,33,2187,1524,0.959785,False,0.697
2026-08-23T14:48:26.939637+00:00,grid_27,grid,,28.746089,77.301827,FRC3,21,28,1503,1127,0.931982,False,0.75
2026-08-23T14:48:26.939637+00:00,grid_28,grid,,28.746089,77.503049,FRC2,34,48,1891,1339,0.980981,False,0.708
2026-08-23T14:48:26.939637+00:00,grid_29,grid,,28.746089,77.704272,FRC3,49,49,1563,1563,1,False,1.0
2026-08-23T14:48:26.939637+00:00,grid_30,grid,,28.907786,76.698159,FRC2,46,46,1593,1593,1,False,1.0
2026-08-23T14:48:26.939637+00:00,grid_31,grid,,28.907786,76.899382,FRC4,44,44,1286,1286,1,False,1.0
2026-08-23T14:48:26.939637+00:00,grid_32,grid,,28.907786,77.100604,FRC1,61,61,147,147,1,False,1.0
2026-08-23T14:48:26.939637+00:00,grid_33,grid,,28.907786,77.301827,FRC2,58,69,1258,1058,0.953003,False,0.841
2026-08-23T14:48:26.939637+00:00,grid_34,grid,,28.907786,77.503049,FRC4,46,46,1067,1067,1,False,1.0
2026-08-23T14:48:26.939637+00:00,grid_35,grid,,28.907786,77.704272,FRC2,43,49,1684,1477,0.782648,False,0.878
2026-08-23T14:48:26.939637+00:00,city_Delhi,city_center,Delhi,28.7041,77.1025,FRC2,17,29,1244,729,0.98997,False,0.586
2026-08-23T14:48:26.939637+00:00,city_Faridabad,city_center,Faridabad,28.4089,77.3178,FRC4,25,34,484,355,0.950191,False,0.735
2026-08-23T14:48:26.939637+00:00,city_Ghaziabad,city_center,Ghaziabad,28.6692,77.4538,FRC4,26,38,1467,1004,0.990927,False,0.684
2026-08-23T14:48:26.939637+00:00,city_Gurgaon,city_center,Gurgaon,28.4595,77.0266,FRC4,40,49,2062,1683,0.998124,False,0.816
2026-08-23T14:48:26.939637+00:00,city_Noida,city_center,Noida,28.5355,77.391,FRC3,22,30,3417,2505,0.967465,False,0.733
2026-08-23T14:48:26.939637+00:00,hotspot_Anand_Vihar,hotspot,Anand Vihar,28.6469,77.3152,FRC3,33,41,790,636,1,False,0.805
2026-08-23T14:48:26.939637+00:00,hotspot_Rohini,hotspot,Rohini,28.7495,77.0565,FRC2,26,38,1737,1188,1,False,0.684
2026-08-23T15:14:59.696112+00:00,grid_0,grid,,28.099302,76.698159,FRC4,31,31,1306,1306,1,False,1.0
2026-08-23T15:14:59.696112+00:00,grid_1,grid,,28.099302,76.899382,FRC4,35,35,1597,1597,1,False,1.0
2026-08-23T15:14:59.696112+00:00,grid_2,grid,,28.099302,77.100604,FRC4,36,41,730,641,0.517732,False,0.878
2026-08-23T15:14:59.696112+00:00,grid_3,grid,,28.099302,77.301827,FRC0,80,80,808,808,1,False,1.0
2026-08-23T15:14:59.696112+00:00,grid_4,grid,,28.099302,77.503049,FRC2,46,46,1777,1777,1,False,1.0
2026-08-23T15:14:59.696112+00:00,grid_5,grid,,28.099302,77.704272,FRC4,54,54,1057,1057,1,False,1.0
2026-08-23T15:14:59.696112+00:00,grid_6,grid,,28.260999,76.698159,FRC3,44,44,1293,1293,1,False,1.0
2026-08-23T15:14:59.696112+00:00,grid_7,grid,,28.260999,76.899382,FRC3,43,43,1183,1183,1,False,1.0
2026-08-23T15:14:59.696112+00:00,grid_8,grid,,28.260999,77.100604,FRC0,102,102,373,373,1,False,1.0
2026-08-23T15:14:59.696112+00:00,grid_9,grid,,28.260999,77.301827,FRC4,31,31,1991,1991,1,False,1.0
2026-08-23T15:14:59.696112+00:00,grid_10,grid,,28.260999,77.503049,FRC4,36,36,2091,2091,1,False,1.0
2026-08-23T15:14:59.696112+00:00,grid_11,grid,,28.260999,77.704272,FRC4,55,55,1336,1336,1,False,1.0
2026-08-23T15:14:59.696112+00:00,grid_12,grid,,28.422696,76.698159,FRC4,30,30,1054,1054,1,False,1.0
2026-08-23T15:14:59.696112+00:00,grid_13,grid,,28.422696,76.899382,FRC3,48,48,1050,1050,1,False,1.0
2026-08-23T15:14:59.696112+00:00,grid_14,grid,,28.422696,77.100604,FRC3,39,39,1237,1237,1,False,1.0
2026-08-23T15:14:59.696112+00:00,grid_15,grid,,28.422696,77.301827,FRC3,24,30,1465,1172,0.964594,False,0.8
2026-08-23T15:14:59.696112+00:00,grid_16,grid,,28.422696,77.503049,FRC0,92,92,469,469,1,False,1.0
2026-08-23T15:14:59.696112+00:00,grid_17,grid,,28.422696,77.704272,FRC3,56,56,1244,1244,1,False,1.0
2026-08-23T15:14:59.696112+00:00,grid_18,grid,,28.584392,76.698159,FRC4,34,34,770,770,1,False,1.0
2026-08-23T15:14:59.696112+00:00,grid_19,grid,,28.584392,76.899382,FRC7,40,40,1295,1295,1,False,1.0
2026-08-23T15:14:59.696112+00:00,grid_20,grid,,28.584392,77.100604,FRC6,33,37,1339,1194,0.998923,False,0.892
2026-08-23T15:14:59.696112+00:00,grid_21,grid,,28.584392,77.301827,FRC2,39,49,1245,990,0.999666,False,0.796
2026-08-23T15:14:59.696112+00:00,grid_22,grid,,28.584392,77.503049,FRC3,27,42,2258,1451,0.991378,False,0.643
2026-08-23T15:14:59.696112+00:00,grid_23,grid,,28.584392,77.704272,FRC4,43,43,1750,1750,1,False,1.0
2026-08-23T15:14:59.696112+00:00,grid_24,grid,,28.746089,76.698159,FRC4,47,47,1650,1650,1,False,1.0
2026-08-23T15:14:59.696112+00:00,grid_25,grid,,28.746089,76.899382,FRC4,42,42,737,737,1,False,1.0
2026-08-23T15:14:59.696112+00:00,grid_26,grid,,28.746089,77.100604,FRC3,26,32,1935,1572,0.878299,False,0.812
2026-08-23T15:14:59.696112+00:00,grid_27,grid,,28.746089,77.301827,FRC3,23,28,1372,1127,0.93036,False,0.821
2026-08-23T15:14:59.696112+00:00,grid_28,grid,,28.746089,77.503049,FRC2,38,48,1692,1339,0.986469,False,0.792
2026-08-23T15:14:59.696112+00:00,grid_29,grid,,28.746089,77.704272,FRC3,49,49,1563,1563,1,False,1.0
2026-08-23T15:14:59.696112+00:00,grid_30,grid,,28.907786,76.698159,FRC2,46,46,1593,1593,1,False,1.0
2026-08-23T15:14:59.696112+00:00,grid_31,grid,,28.907786,76.899382,FRC4,44,44,1286,1286,1,False,1.0
2026-08-23T15:14:59.696112+00:00,grid_32,grid,,28.907786,77.100604,FRC1,45,60,200,150,0.95037,False,0.75
2026-08-23T15:14:59.696112+00:00,grid_33,grid,,28.907786,77.301827,FRC2,69,69,1058,1058,1,False,1.0
2026-08-23T15:14:59.696112+00:00,grid_34,grid,,28.907786,77.503049,FRC4,46,46,1067,1067,1,False,1.0
2026-08-23T15:14:59.696112+00:00,grid_35,grid,,28.907786,77.704272,FRC2,44,49,1645,1477,0.659753,False,0.898
2026-08-23T15:14:59.696112+00:00,city_Delhi,city_center,Delhi,28.7041,77.1025,FRC2,19,29,1113,729,0.991318,False,0.655
2026-08-23T15:14:59.696112+00:00,city_Faridabad,city_center,Faridabad,28.4089,77.3178,FRC4,24,33,504,366,0.945586,False,0.727
2026-08-23T15:14:59.696112+00:00,city_Ghaziabad,city_center,Ghaziabad,28.6692,77.4538,FRC4,28,37,1362,1031,0.988047,False,0.757
2026-08-23T15:14:59.696112+00:00,city_Gurgaon,city_center,Gurgaon,28.4595,77.0266,FRC4,49,49,1683,1683,1,False,1.0
2026-08-23T15:14:59.696112+00:00,city_Noida,city_center,Noida,28.5355,77.391,FRC3,23,29,3268,2592,0.969493,True,0.793
2026-08-23T15:14:59.696112+00:00,hotspot_Anand_Vihar,hotspot,Anand Vihar,28.6469,77.3152,FRC3,40,40,651,651,1,False,1.0
2026-08-23T15:14:59.696112+00:00,hotspot_Rohini,hotspot,Rohini,28.7495,77.0565,FRC2,26,38,1737,1188,0.997662,False,0.684
2026-08-23T15:45:42.332822+00:00,grid_0,grid,,28.099302,76.698159,FRC4,31,31,1306,1306,1,False,1.0
2026-08-23T15:45:42.332822+00:00,grid_1,grid,,28.099302,76.899382,FRC4,35,35,1597,1597,1,False,1.0
2026-08-23T15:45:42.332822+00:00,grid_2,grid,,28.099302,77.100604,FRC4,42,42,626,626,1,False,1.0
2026-08-23T15:45:42.332822+00:00,grid_3,grid,,28.099302,77.301827,FRC0,69,80,936,808,0.730298,False,0.863
2026-08-23T15:45:42.332822+00:00,grid_4,grid,,28.099302,77.503049,FRC2,46,46,1777,1777,1,False,1.0
2026-08-23T15:45:42.332822+00:00,grid_5,grid,,28.099302,77.704272,FRC4,54,54,1057,1057,1,False,1.0
2026-08-23T15:45:42.332822+00:00,grid_6,grid,,28.260999,76.698159,FRC3,44,44,1293,1293,1,False,1.0
2026-08-23T15:45:42.332822+00:00,grid_7,grid,,28.260999,76.899382,FRC3,43,43,1183,1183,1,False,1.0
2026-08-23T15:45:42.332822+00:00,grid_8,grid,,28.260999,77.100604,FRC0,102,102,373,373,1,False,1.0
2026-08-23T15:45:42.332822+00:00,grid_9,grid,,28.260999,77.301827,FRC4,31,31,1991,1991,1,False,1.0
2026-08-23T15:45:42.332822+00:00,grid_10,grid,,28.260999,77.503049,FRC4,36,36,2091,2091,1,False,1.0
2026-08-23T15:45:42.332822+00:00,grid_11,grid,,28.260999,77.704272,FRC4,55,55,1336,1336,1,False,1.0
2026-08-23T15:45:42.332822+00:00,grid_12,grid,,28.422696,76.698159,FRC4,30,30,1054,1054,1,False,1.0
2026-08-23T15:45:42.332822+00:00,grid_13,grid,,28.422696,76.899382,FRC3,48,48,1050,1050,1,False,1.0
2026-08-23T15:45:42.332822+00:00,grid_14,grid,,28.422696,77.100604,FRC3,39,39,1237,1237,1,False,1.0
2026-08-23T15:45:42.332822+00:00,grid_15,grid,,28.422696,77.301827,FRC3,25,30,1406,1172,0.950808,False,0.833
2026-08-23T15:45:42.332822+00:00,grid_16,grid,,28.422696,77.503049,FRC0,92,92,469,469,1,False,1.0
2026-08-23T15:45:42.332822+00:00,grid_17,grid,,28.422696,77.704272,FRC3,56,56,1244,1244,1,False,1.0
2026-08-23T15:45:42.332822+00:00,grid_18,grid,,28.584392,76.698159,FRC4,34,34,770,770,1,False,1.0
2026-08-23T15:45:42.332822+00:00,grid_19,grid,,28.584392,76.899382,FRC7,40,40,1295,1295,1,False,1.0
2026-08-23T15:45:42.332822+00:00,grid_20,grid,,28.584392,77.100604,FRC6,37,37,1194,1194,1,False,1.0
2026-08-23T15:45:42.332822+00:00,grid_21,grid,,28.584392,77.301827,FRC2,40,49,1213,990,1,False,0.816
2026-08-23T15:45:42.332822+00:00,grid_22,grid,,28.584392,77.503049,FRC3,29,41,2102,1487,0.985084,False,0.707
2026-08-23T15:45:42.332822+00:00,grid_23,grid,,28.584392,77.704272,FRC4,43,43,1750,1750,1,False,1.0
2026-08-23T15:45:42.332822+00:00,grid_24,grid,,28.746089,76.698159,FRC4,47,47,1650,1650,1,False,1.0
2026-08-23T15:45:42.332822+00:00,grid_25,grid,,28.746089,76.899382,FRC4,42,42,737,737,1,False,1.0
2026-08-23T15:45:42.332822+00:00,grid_26,grid,,28.746089,77.100604,FRC3,25,32,2012,1572,0.952324,False,0.781
2026-08-23T15:45:42.332822+00:00,grid_27,grid,,28.746089,77.301827,FRC3,28,28,1127,1127,1,False,1.0
2026-08-23T15:45:42.332822+00:00,grid_28,grid,,28.746089,77.503049,FRC2,37,49,1738,1312,0.983988,False,0.755
2026-08-23T15:45:42.332822+00:00,grid_29,grid,,28.746089,77.704272,FRC3,49,49,1563,1563,1,False,1.0
2026-08-23T15:45:42.332822+00:00,grid_30,grid,,28.907786,76.698159,FRC2,46,46,1593,1593,1,False,1.0
2026-08-23T15:45:42.332822+00:00,grid_31,grid,,28.907786,76.899382,FRC4,44,44,1286,1286,1,False,1.0
2026-08-23T15:45:42.332822+00:00,grid_32,grid,,28.907786,77.100604,FRC1,61,61,147,147,1,False,1.0
2026-08-23T15:45:42.332822+00:00,grid_33,grid,,28.907786,77.301827,FRC2,69,69,1058,1058,1,False,1.0
2026-08-23T15:45:42.332822+00:00,grid_34,grid,,28.907786,77.503049,FRC4,46,46,1067,1067,1,False,1.0
2026-08-23T15:45:42.332822+00:00,grid_35,grid,,28.907786,77.704272,FRC2,43,49,1684,1477,0.706464,False,0.878
2026-08-23T15:45:42.332822+00:00,city_Delhi,city_center,Delhi,28.7041,77.1025,FRC2,19,28,1113,755,0.989463,False,0.679
2026-08-23T15:45:42.332822+00:00,city_Faridabad,city_center,Faridabad,28.4089,77.3178,FRC4,23,33,526,366,0.97,False,0.697
2026-08-23T15:45:42.332822+00:00,city_Ghaziabad,city_center,Ghaziabad,28.6692,77.4538,FRC4,31,37,1230,1031,0.986025,False,0.838
2026-08-23T15:45:42.332822+00:00,city_Gurgaon,city_center,Gurgaon,28.4595,77.0266,FRC4,43,49,1918,1683,0.995901,False,0.878
2026-08-23T15:45:42.332822+00:00,city_Noida,city_center,Noida,28.5355,77.391,FRC3,24,29,3132,2592,0.971629,True,0.828
2026-08-23T15:45:42.332822+00:00,hotspot_Anand_Vihar,hotspot,Anand Vihar,28.6469,77.3152,FRC3,34,40,766,651,1,False,0.85
2026-08-23T15:45:42.332822+00:00,hotspot_Rohini,hotspot,Rohini,28.7495,77.0565,FRC2,27,37,1673,1220,0.997261,False,0.73
2026-08-23T16:16:32.815355+00:00,grid_0,grid,,28.099302,76.698159,FRC4,31,31,1306,1306,1,False,1.0
2026-08-23T16:16:32.815355+00:00,grid_1,grid,,28.099302,76.899382,FRC4,35,35,1597,1597,1,False,1.0
2026-08-23T16:16:32.815355+00:00,grid_2,grid,,28.099302,77.100604,FRC4,42,42,626,626,1,False,1.0
2026-08-23T16:16:32.815355+00:00,grid_3,grid,,28.099302,77.301827,FRC0,80,80,808,808,1,False,1.0
2026-08-23T16:16:32.815355+00:00,grid_4,grid,,28.099302,77.503049,FRC2,46,46,1777,1777,1,False,1.0
2026-08-23T16:16:32.815355+00:00,grid_5,grid,,28.099302,77.704272,FRC4,54,54,1057,1057,1,False,1.0
2026-08-23T16:16:32.815355+00:00,grid_6,grid,,28.260999,76.698159,FRC3,44,44,1293,1293,1,False,1.0
2026-08-23T16:16:32.815355+00:00,grid_7,grid,,28.260999,76.899382,FRC3,43,43,1183,1183,1,False,1.0
2026-08-23T16:16:32.815355+00:00,grid_8,grid,,28.260999,77.100604,FRC0,102,102,373,373,1,False,1.0
2026-08-23T16:16:32.815355+00:00,grid_9,grid,,28.260999,77.301827,FRC4,31,31,1991,1991,1,False,1.0
2026-08-23T16:16:32.815355+00:00,grid_10,grid,,28.260999,77.503049,FRC4,36,36,2091,2091,1,False,1.0
2026-08-23T16:16:32.815355+00:00,grid_11,grid,,28.260999,77.704272,FRC4,55,55,1336,1336,1,False,1.0
2026-08-23T16:16:32.815355+00:00,grid_12,grid,,28.422696,76.698159,FRC4,30,30,1054,1054,1,False,1.0
2026-08-23T16:16:32.815355+00:00,grid_13,grid,,28.422696,76.899382,FRC3,48,48,1050,1050,1,False,1.0
2026-08-23T16:16:32.815355+00:00,grid_14,grid,,28.422696,77.100604,FRC3,39,39,1237,1237,1,False,1.0
2026-08-23T16:16:32.815355+00:00,grid_15,grid,,28.422696,77.301827,FRC3,25,30,1406,1172,0.943118,False,0.833
2026-08-23T16:16:32.815355+00:00,grid_16,grid,,28.422696,77.503049,FRC0,92,92,469,469,1,False,1.0
2026-08-23T16:16:32.815355+00:00,grid_17,grid,,28.422696,77.704272,FRC3,56,56,1244,1244,1,False,1.0
2026-08-23T16:16:32.815355+00:00,grid_18,grid,,28.584392,76.698159,FRC4,34,34,770,770,1,False,1.0
2026-08-23T16:16:32.815355+00:00,grid_19,grid,,28.584392,76.899382,FRC7,40,40,1295,1295,1,False,1.0
2026-08-23T16:16:32.815355+00:00,grid_20,grid,,28.584392,77.100604,FRC6,37,37,1194,1194,1,False,1.0
2026-08-23T16:16:32.815355+00:00,grid_21,grid,,28.584392,77.301827,FRC2,44,49,1103,990,0.999666,False,0.898
2026-08-23T16:16:32.815355+00:00,grid_22,grid,,28.584392,77.503049,FRC3,31,42,1966,1451,0.98028,False,0.738
2026-08-23T16:16:32.815355+00:00,grid_23,grid,,28.584392,77.704272,FRC4,43,43,1750,1750,1,False,1.0
2026-08-23T16:16:32.815355+00:00,grid_24,grid,,28.746089,76.698159,FRC4,47,47,1650,1650,1,False,1.0
2026-08-23T16:16:32.815355+00:00,grid_25,grid,,28.746089,76.899382,FRC4,42,42,737,737,1,False,1.0
2026-08-23T16:16:32.815355+00:00,grid_26,grid,,28.746089,77.100604,FRC3,25,33,2012,1524,0.959215,False,0.758
2026-08-23T16:16:32.815355+00:00,grid_27,grid,,28.746089,77.301827,FRC3,24,28,1315,1127,0.91493,False,0.857
2026-08-23T16:16:32.815355+00:00,grid_28,grid,,28.746089,77.503049,FRC2,39,49,1648,1312,0.969971,False,0.796
2026-08-23T16:16:32.815355+00:00,grid_29,grid,,28.746089,77.704272,FRC3,49,49,1563,1563,1,False,1.0
2026-08-23T16:16:32.815355+00:00,grid_30,grid,,28.907786,76.698159,FRC2,46,46,1593,1593,1,False,1.0
2026-08-23T16:16:32.815355+00:00,grid_31,grid,,28.907786,76.899382,FRC4,44,44,1286,1286,1,False,1.0
2026-08-23T16:16:32.815355+00:00,grid_32,grid,,28.907786,77.100604,FRC1,61,61,147,147,1,False,1.0
2026-08-23T16:16:32.815355+00:00,grid_33,grid,,28.907786,77.301827,FRC2,54,69,1352,1058,0.930406,False,0.783
2026-08-23T16:16:32.815355+00:00,grid_34,grid,,28.907786,77.503049,FRC4,46,46,1067,1067,1,False,1.0
2026-08-23T16:16:32.815355+00:00,grid_35,grid,,28.907786,77.704272,FRC2,43,49,1684,1477,0.762423,False,0.878
2026-08-23T16:16:32.815355+00:00,city_Delhi,city_center,Delhi,28.7041,77.1025,FRC2,21,29,1007,729,0.974542,False,0.724
2026-08-23T16:16:32.815355+00:00,city_Faridabad,city_center,Faridabad,28.4089,77.3178,FRC4,34,34,355,355,1,False,1.0
2026-08-23T16:16:32.815355+00:00,city_Ghaziabad,city_center,Ghaziabad,28.6692,77.4538,FRC4,31,37,1230,1031,0.9774,False,0.838
2026-08-23T16:16:32.815355+00:00,city_Gurgaon,city_center,Gurgaon,28.4595,77.0266,FRC4,49,49,1683,1683,1,False,1.0
2026-08-23T16:16:32.815355+00:00,city_Noida,city_center,Noida,28.5355,77.391,FRC3,26,29,2891,2592,0.971129,True,0.897
2026-08-23T16:16:32.815355+00:00,hotspot_Anand_Vihar,hotspot,Anand Vihar,28.6469,77.3152,FRC3,35,40,745,651,1,False,0.875
2026-08-23T16:16:32.815355+00:00,hotspot_Rohini,hotspot,Rohini,28.7495,77.0565,FRC2,30,37,1505,1220,1,False,0.811
2026-08-23T16:49:54.570580+00:00,grid_0,grid,,28.099302,76.698159,FRC4,31,31,1306,1306,1,False,1.0
2026-08-23T16:49:54.570580+00:00,grid_1,grid,,28.099302,76.899382,FRC4,35,35,1597,1597,1,False,1.0
2026-08-23T16:49:54.570580+00:00,grid_2,grid,,28.099302,77.100604,FRC4,42,42,626,626,1,False,1.0
2026-08-23T16:49:54.570580+00:00,grid_3,grid,,28.099302,77.301827,FRC0,80,80,808,808,1,False,1.0
2026-08-23T16:49:54.570580+00:00,grid_4,grid,,28.099302,77.503049,FRC2,46,46,1777,1777,1,False,1.0
2026-08-23T16:49:54.570580+00:00,grid_5,grid,,28.099302,77.704272,FRC4,54,54,1057,1057,1,False,1.0
2026-08-23T16:49:54.570580+00:00,grid_6,grid,,28.260999,76.698159,FRC3,44,44,1293,1293,1,False,1.0
2026-08-23T16:49:54.570580+00:00,grid_7,grid,,28.260999,76.899382,FRC3,43,43,1183,1183,1,False,1.0
2026-08-23T16:49:54.570580+00:00,grid_8,grid,,28.260999,77.100604,FRC0,102,102,373,373,1,False,1.0
2026-08-23T16:49:54.570580+00:00,grid_9,grid,,28.260999,77.301827,FRC4,31,31,1991,1991,1,False,1.0
2026-08-23T16:49:54.570580+00:00,grid_10,grid,,28.260999,77.503049,FRC4,36,36,2091,2091,1,False,1.0
2026-08-23T16:49:54.570580+00:00,grid_11,grid,,28.260999,77.704272,FRC4,55,55,1336,1336,1,False,1.0
2026-08-23T16:49:54.570580+00:00,grid_12,grid,,28.422696,76.698159,FRC4,30,30,1054,1054,1,False,1.0
2026-08-23T16:49:54.570580+00:00,grid_13,grid,,28.422696,76.899382,FRC3,48,48,1050,1050,1,False,1.0
2026-08-23T16:49:54.570580+00:00,grid_14,grid,,28.422696,77.100604,FRC3,39,39,1237,1237,1,False,1.0
2026-08-23T16:49:54.570580+00:00,grid_15,grid,,28.422696,77.301827,FRC3,30,30,1172,1172,1,False,1.0
2026-08-23T16:49:54.570580+00:00,grid_16,grid,,28.422696,77.503049,FRC0,92,92,469,469,1,False,1.0
2026-08-23T16:49:54.570580+00:00,grid_17,grid,,28.422696,77.704272,FRC3,56,56,1244,1244,1,False,1.0
2026-08-23T16:49:54.570580+00:00,grid_18,grid,,28.584392,76.698159,FRC4,34,34,770,770,1,False,1.0
2026-08-23T16:49:54.570580+00:00,grid_19,grid,,28.584392,76.899382,FRC7,40,40,1295,1295,1,False,1.0
2026-08-23T16:49:54.570580+00:00,grid_20,grid,,28.584392,77.100604,FRC6,37,37,1194,1194,1,False,1.0
2026-08-23T16:49:54.570580+00:00,grid_21,grid,,28.584392,77.301827,FRC2,49,49,990,990,1,False,1.0
2026-08-23T16:49:54.570580+00:00,grid_22,grid,,28.584392,77.503049,FRC3,41,41,1487,1487,1,False,1.0
2026-08-23T16:49:54.570580+00:00,grid_23,grid,,28.584392,77.704272,FRC4,43,43,1750,1750,1,False,1.0
2026-08-23T16:49:54.570580+00:00,grid_24,grid,,28.746089,76.698159,FRC4,47,47,1650,1650,1,False,1.0
2026-08-23T16:49:54.570580+00:00,grid_25,grid,,28.746089,76.899382,FRC4,42,42,737,737,1,False,1.0
2026-08-23T16:49:54.570580+00:00,grid_26,grid,,28.746089,77.100604,FRC3,32,32,1572,1572,1,False,1.0
2026-08-23T16:49:54.570580+00:00,grid_27,grid,,28.746089,77.301827,FRC3,24,27,1315,1169,0.952972,False,0.889
2026-08-23T16:49:54.570580+00:00,grid_28,grid,,28.746089,77.503049,FRC2,49,49,1312,1312,1,False,1.0
2026-08-23T16:49:54.570580+00:00,grid_29,grid,,28.746089,77.704272,FRC3,49,49,1563,1563,1,False,1.0
2026-08-23T16:49:54.570580+00:00,grid_30,grid,,28.907786,76.698159,FRC2,46,46,1593,1593,1,False,1.0
2026-08-23T16:49:54.570580+00:00,grid_31,grid,,28.907786,76.899382,FRC4,44,44,1286,1286,1,False,1.0
2026-08-23T16:49:54.570580+00:00,grid_32,grid,,28.907786,77.100604,FRC1,61,61,147,147,1,False,1.0
2026-08-23T16:49:54.570580+00:00,grid_33,grid,,28.907786,77.301827,FRC2,58,70,1258,1043,0.932998,False,0.829
2026-08-23T16:49:54.570580+00:00,grid_34,grid,,28.907786,77.503049,FRC4,46,46,1067,1067,1,False,1.0
2026-08-23T16:49:54.570580+00:00,grid_35,grid,,28.907786,77.704272,FRC2,49,49,1477,1477,1,False,1.0
2026-08-23T16:49:54.570580+00:00,city_Delhi,city_center,Delhi,28.7041,77.1025,FRC2,20,29,1058,729,0.99397,False,0.69
2026-08-23T16:49:54.570580+00:00,city_Faridabad,city_center,Faridabad,28.4089,77.3178,FRC4,26,33,465,366,0.903831,False,0.788
2026-08-23T16:49:54.570580+00:00,city_Ghaziabad,city_center,Ghaziabad,28.6692,77.4538,FRC4,37,37,1031,1031,1,False,1.0
2026-08-23T16:49:54.570580+00:00,city_Gurgaon,city_center,Gurgaon,28.4595,77.0266,FRC4,49,49,1683,1683,1,False,1.0
2026-08-23T16:49:54.570580+00:00,city_Noida,city_center,Noida,28.5355,77.391,FRC3,26,29,2891,2592,0.976615,True,0.897
2026-08-23T16:49:54.570580+00:00,hotspot_Anand_Vihar,hotspot,Anand Vihar,28.6469,77.3152,FRC3,40,40,651,651,1,False,1.0
2026-08-23T16:49:54.570580+00:00,hotspot_Rohini,hotspot,Rohini,28.7495,77.0565,FRC2,32,38,1411,1188,0.997492,False,0.842
2026-08-23T17:14:58.974085+00:00,grid_0,grid,,28.099302,76.698159,FRC4,31,31,1306,1306,1,False,1.0
2026-08-23T17:14:58.974085+00:00,grid_1,grid,,28.099302,76.899382,FRC4,35,35,1597,1597,1,False,1.0
2026-08-23T17:14:58.974085+00:00,grid_2,grid,,28.099302,77.100604,FRC4,42,42,626,626,1,False,1.0
2026-08-23T17:14:58.974085+00:00,grid_3,grid,,28.099302,77.301827,FRC0,80,80,808,808,1,False,1.0
2026-08-23T17:14:58.974085+00:00,grid_4,grid,,28.099302,77.503049,FRC2,46,46,1777,1777,1,False,1.0
2026-08-23T17:14:58.974085+00:00,grid_5,grid,,28.099302,77.704272,FRC4,54,54,1057,1057,1,False,1.0
2026-08-23T17:14:58.974085+00:00,grid_6,grid,,28.260999,76.698159,FRC3,44,44,1293,1293,1,False,1.0
2026-08-23T17:14:58.974085+00:00,grid_7,grid,,28.260999,76.899382,FRC3,43,43,1183,1183,1,False,1.0
2026-08-23T17:14:58.974085+00:00,grid_8,grid,,28.260999,77.100604,FRC0,102,102,373,373,1,False,1.0
2026-08-23T17:14:58.974085+00:00,grid_9,grid,,28.260999,77.301827,FRC4,31,31,1991,1991,1,False,1.0
2026-08-23T17:14:58.974085+00:00,grid_10,grid,,28.260999,77.503049,FRC4,36,36,2091,2091,1,False,1.0
2026-08-23T17:14:58.974085+00:00,grid_11,grid,,28.260999,77.704272,FRC4,55,55,1336,1336,1,False,1.0
2026-08-23T17:14:58.974085+00:00,grid_12,grid,,28.422696,76.698159,FRC4,30,30,1054,1054,1,False,1.0
2026-08-23T17:14:58.974085+00:00,grid_13,grid,,28.422696,76.899382,FRC3,48,48,1050,1050,1,False,1.0
2026-08-23T17:14:58.974085+00:00,grid_14,grid,,28.422696,77.100604,FRC3,39,39,1237,1237,1,False,1.0
2026-08-23T17:14:58.974085+00:00,grid_15,grid,,28.422696,77.301827,FRC3,30,30,1172,1172,1,False,1.0
2026-08-23T17:14:58.974085+00:00,grid_16,grid,,28.422696,77.503049,FRC0,92,92,469,469,1,False,1.0
2026-08-23T17:14:58.974085+00:00,grid_17,grid,,28.422696,77.704272,FRC3,56,56,1244,1244,1,False,1.0
2026-08-23T17:14:58.974085+00:00,grid_18,grid,,28.584392,76.698159,FRC4,34,34,770,770,1,False,1.0
2026-08-23T17:14:58.974085+00:00,grid_19,grid,,28.584392,76.899382,FRC7,40,40,1295,1295,1,False,1.0
2026-08-23T17:14:58.974085+00:00,grid_20,grid,,28.584392,77.100604,FRC6,37,37,1194,1194,1,False,1.0
2026-08-23T17:14:58.974085+00:00,grid_21,grid,,28.584392,77.301827,FRC2,49,49,990,990,1,False,1.0
2026-08-23T17:14:58.974085+00:00,grid_22,grid,,28.584392,77.503049,FRC3,41,41,1487,1487,1,False,1.0
2026-08-23T17:14:58.974085+00:00,grid_23,grid,,28.584392,77.704272,FRC4,43,43,1750,1750,1,False,1.0
2026-08-23T17:14:58.974085+00:00,grid_24,grid,,28.746089,76.698159,FRC4,47,47,1650,1650,1,False,1.0
2026-08-23T17:14:58.974085+00:00,grid_25,grid,,28.746089,76.899382,FRC4,42,42,737,737,1,False,1.0
2026-08-23T17:14:58.974085+00:00,grid_26,grid,,28.746089,77.100604,FRC3,32,32,1572,1572,1,False,1.0
2026-08-23T17:14:58.974085+00:00,grid_27,grid,,28.746089,77.301827,FRC3,28,28,1127,1127,1,False,1.0
2026-08-23T17:14:58.974085+00:00,grid_28,grid,,28.746089,77.503049,FRC2,49,49,1312,1312,1,False,1.0
2026-08-23T17:14:58.974085+00:00,grid_29,grid,,28.746089,77.704272,FRC3,49,49,1563,1563,1,False,1.0
2026-08-23T17:14:58.974085+00:00,grid_30,grid,,28.907786,76.698159,FRC2,46,46,1593,1593,1,False,1.0
2026-08-23T17:14:58.974085+00:00,grid_31,grid,,28.907786,76.899382,FRC4,44,44,1286,1286,1,False,1.0
2026-08-23T17:14:58.974085+00:00,grid_32,grid,,28.907786,77.100604,FRC1,61,61,147,147,1,False,1.0
2026-08-23T17:14:58.974085+00:00,grid_33,grid,,28.907786,77.301827,FRC2,69,69,1058,1058,1,False,1.0
2026-08-23T17:14:58.974085+00:00,grid_34,grid,,28.907786,77.503049,FRC4,46,46,1067,1067,1,False,1.0
2026-08-23T17:14:58.974085+00:00,grid_35,grid,,28.907786,77.704272,FRC2,49,49,1477,1477,1,False,1.0
2026-08-23T17:14:58.974085+00:00,city_Delhi,city_center,Delhi,28.7041,77.1025,FRC2,24,29,881,729,0.983038,False,0.828
2026-08-23T17:14:58.974085+00:00,city_Faridabad,city_center,Faridabad,28.4089,77.3178,FRC4,25,32,484,378,0.954512,False,0.781
2026-08-23T17:14:58.974085+00:00,city_Ghaziabad,city_center,Ghaziabad,28.6692,77.4538,FRC4,37,37,1031,1031,1,False,1.0
2026-08-23T17:14:58.974085+00:00,city_Gurgaon,city_center,Gurgaon,28.4595,77.0266,FRC4,49,49,1683,1683,1,False,1.0
2026-08-23T17:14:58.974085+00:00,city_Noida,city_center,Noida,28.5355,77.391,FRC3,26,30,2891,2505,0.953322,True,0.867
2026-08-23T17:14:58.974085+00:00,hotspot_Anand_Vihar,hotspot,Anand Vihar,28.6469,77.3152,FRC3,40,40,651,651,1,False,1.0
2026-08-23T17:14:58.974085+00:00,hotspot_Rohini,hotspot,Rohini,28.7495,77.0565,FRC2,38,38,1188,1188,1,False,1.0
2026-08-23T17:43:38.913601+00:00,grid_0,grid,,28.099302,76.698159,FRC4,31,31,1306,1306,1,False,1.0
2026-08-23T17:43:38.913601+00:00,grid_1,grid,,28.099302,76.899382,FRC4,35,35,1597,1597,1,False,1.0
2026-08-23T17:43:38.913601+00:00,grid_2,grid,,28.099302,77.100604,FRC4,42,42,626,626,1,False,1.0
2026-08-23T17:43:38.913601+00:00,grid_3,grid,,28.099302,77.301827,FRC0,80,80,808,808,1,False,1.0
2026-08-23T17:43:38.913601+00:00,grid_4,grid,,28.099302,77.503049,FRC2,46,46,1777,1777,1,False,1.0
2026-08-23T17:43:38.913601+00:00,grid_5,grid,,28.099302,77.704272,FRC4,54,54,1057,1057,1,False,1.0
2026-08-23T17:43:38.913601+00:00,grid_6,grid,,28.260999,76.698159,FRC3,44,44,1293,1293,1,False,1.0
2026-08-23T17:43:38.913601+00:00,grid_7,grid,,28.260999,76.899382,FRC3,43,43,1183,1183,1,False,1.0
2026-08-23T17:43:38.913601+00:00,grid_8,grid,,28.260999,77.100604,FRC0,102,102,373,373,1,False,1.0
2026-08-23T17:43:38.913601+00:00,grid_9,grid,,28.260999,77.301827,FRC4,31,31,1991,1991,1,False,1.0
2026-08-23T17:43:38.913601+00:00,grid_10,grid,,28.260999,77.503049,FRC4,36,36,2091,2091,1,False,1.0
2026-08-23T17:43:38.913601+00:00,grid_11,grid,,28.260999,77.704272,FRC4,55,55,1336,1336,1,False,1.0
2026-08-23T17:43:38.913601+00:00,grid_12,grid,,28.422696,76.698159,FRC4,30,30,1054,1054,1,False,1.0
2026-08-23T17:43:38.913601+00:00,grid_13,grid,,28.422696,76.899382,FRC3,48,48,1050,1050,1,False,1.0
2026-08-23T17:43:38.913601+00:00,grid_14,grid,,28.422696,77.100604,FRC3,39,39,1237,1237,1,False,1.0
2026-08-23T17:43:38.913601+00:00,grid_15,grid,,28.422696,77.301827,FRC3,30,30,1172,1172,1,False,1.0
2026-08-23T17:43:38.913601+00:00,grid_16,grid,,28.422696,77.503049,FRC0,92,92,469,469,1,False,1.0
2026-08-23T17:43:38.913601+00:00,grid_17,grid,,28.422696,77.704272,FRC3,56,56,1244,1244,1,False,1.0
2026-08-23T17:43:38.913601+00:00,grid_18,grid,,28.584392,76.698159,FRC4,34,34,770,770,1,False,1.0
2026-08-23T17:43:38.913601+00:00,grid_19,grid,,28.584392,76.899382,FRC7,40,40,1295,1295,1,False,1.0
2026-08-23T17:43:38.913601+00:00,grid_20,grid,,28.584392,77.100604,FRC6,37,37,1194,1194,1,False,1.0
2026-08-23T17:43:38.913601+00:00,grid_21,grid,,28.584392,77.301827,FRC2,49,49,990,990,1,False,1.0
2026-08-23T17:43:38.913601+00:00,grid_22,grid,,28.584392,77.503049,FRC3,41,41,1487,1487,1,False,1.0
2026-08-23T17:43:38.913601+00:00,grid_23,grid,,28.584392,77.704272,FRC4,43,43,1750,1750,1,False,1.0
2026-08-23T17:43:38.913601+00:00,grid_24,grid,,28.746089,76.698159,FRC4,47,47,1650,1650,1,False,1.0
2026-08-23T17:43:38.913601+00:00,grid_25,grid,,28.746089,76.899382,FRC4,42,42,737,737,1,False,1.0
2026-08-23T17:43:38.913601+00:00,grid_26,grid,,28.746089,77.100604,FRC3,32,32,1572,1572,1,False,1.0
2026-08-23T17:43:38.913601+00:00,grid_27,grid,,28.746089,77.301827,FRC3,28,28,1127,1127,1,False,1.0
2026-08-23T17:43:38.913601+00:00,grid_28,grid,,28.746089,77.503049,FRC2,49,49,1312,1312,1,False,1.0
2026-08-23T17:43:38.913601+00:00,grid_29,grid,,28.746089,77.704272,FRC3,49,49,1563,1563,1,False,1.0
2026-08-23T17:43:38.913601+00:00,grid_30,grid,,28.907786,76.698159,FRC2,46,46,1593,1593,1,False,1.0
2026-08-23T17:43:38.913601+00:00,grid_31,grid,,28.907786,76.899382,FRC4,44,44,1286,1286,1,False,1.0
2026-08-23T17:43:38.913601+00:00,grid_32,grid,,28.907786,77.100604,FRC1,61,61,147,147,1,False,1.0
2026-08-23T17:43:38.913601+00:00,grid_33,grid,,28.907786,77.301827,FRC2,58,69,1258,1058,0.926106,False,0.841
2026-08-23T17:43:38.913601+00:00,grid_34,grid,,28.907786,77.503049,FRC4,46,46,1067,1067,1,False,1.0
2026-08-23T17:43:38.913601+00:00,grid_35,grid,,28.907786,77.704272,FRC2,49,49,1477,1477,1,False,1.0
2026-08-23T17:43:38.913601+00:00,city_Delhi,city_center,Delhi,28.7041,77.1025,FRC2,30,30,705,705,1,False,1.0
2026-08-23T17:43:38.913601+00:00,city_Faridabad,city_center,Faridabad,28.4089,77.3178,FRC4,34,34,355,355,1,False,1.0
2026-08-23T17:43:38.913601+00:00,city_Ghaziabad,city_center,Ghaziabad,28.6692,77.4538,FRC4,37,37,1031,1031,1,False,1.0
2026-08-23T17:43:38.913601+00:00,city_Gurgaon,city_center,Gurgaon,28.4595,77.0266,FRC4,49,49,1683,1683,1,False,1.0
2026-08-23T17:43:38.913601+00:00,city_Noida,city_center,Noida,28.5355,77.391,FRC3,27,29,2784,2592,0.953419,True,0.931
2026-08-23T17:43:38.913601+00:00,hotspot_Anand_Vihar,hotspot,Anand Vihar,28.6469,77.3152,FRC3,40,40,651,651,1,False,1.0
2026-08-23T17:43:38.913601+00:00,hotspot_Rohini,hotspot,Rohini,28.7495,77.0565,FRC2,38,38,1188,1188,1,False,1.0
2026-08-23T18:18:47.886899+00:00,grid_0,grid,,28.099302,76.698159,FRC4,31,31,1306,1306,1,False,1.0
2026-08-23T18:18:47.886899+00:00,grid_1,grid,,28.099302,76.899382,FRC4,35,35,1597,1597,1,False,1.0
2026-08-23T18:18:47.886899+00:00,grid_2,grid,,28.099302,77.100604,FRC4,42,42,626,626,1,False,1.0
2026-08-23T18:18:47.886899+00:00,grid_3,grid,,28.099302,77.301827,FRC0,80,80,808,808,1,False,1.0
2026-08-23T18:18:47.886899+00:00,grid_4,grid,,28.099302,77.503049,FRC2,46,46,1777,1777,1,False,1.0
2026-08-23T18:18:47.886899+00:00,grid_5,grid,,28.099302,77.704272,FRC4,54,54,1057,1057,1,False,1.0
2026-08-23T18:18:47.886899+00:00,grid_6,grid,,28.260999,76.698159,FRC3,44,44,1293,1293,1,False,1.0
2026-08-23T18:18:47.886899+00:00,grid_7,grid,,28.260999,76.899382,FRC3,43,43,1183,1183,1,False,1.0
2026-08-23T18:18:47.886899+00:00,grid_8,grid,,28.260999,77.100604,FRC0,102,102,373,373,1,False,1.0
2026-08-23T18:18:47.886899+00:00,grid_9,grid,,28.260999,77.301827,FRC4,31,31,1991,1991,1,False,1.0
2026-08-23T18:18:47.886899+00:00,grid_10,grid,,28.260999,77.503049,FRC4,36,36,2091,2091,1,False,1.0
2026-08-23T18:18:47.886899+00:00,grid_11,grid,,28.260999,77.704272,FRC4,55,55,1336,1336,1,False,1.0
2026-08-23T18:18:47.886899+00:00,grid_12,grid,,28.422696,76.698159,FRC4,30,30,1054,1054,1,False,1.0
2026-08-23T18:18:47.886899+00:00,grid_13,grid,,28.422696,76.899382,FRC3,48,48,1050,1050,1,False,1.0
2026-08-23T18:18:47.886899+00:00,grid_14,grid,,28.422696,77.100604,FRC3,39,39,1237,1237,1,False,1.0
2026-08-23T18:18:47.886899+00:00,grid_15,grid,,28.422696,77.301827,FRC3,30,30,1172,1172,1,False,1.0
2026-08-23T18:18:47.886899+00:00,grid_16,grid,,28.422696,77.503049,FRC0,92,92,469,469,1,False,1.0
2026-08-23T18:18:47.886899+00:00,grid_17,grid,,28.422696,77.704272,FRC3,56,56,1244,1244,1,False,1.0
2026-08-23T18:18:47.886899+00:00,grid_18,grid,,28.584392,76.698159,FRC4,34,34,770,770,1,False,1.0
2026-08-23T18:18:47.886899+00:00,grid_19,grid,,28.584392,76.899382,FRC7,40,40,1295,1295,1,False,1.0
2026-08-23T18:18:47.886899+00:00,grid_20,grid,,28.584392,77.100604,FRC6,37,37,1194,1194,1,False,1.0
2026-08-23T18:18:47.886899+00:00,grid_21,grid,,28.584392,77.301827,FRC2,49,49,990,990,1,False,1.0
2026-08-23T18:18:47.886899+00:00,grid_22,grid,,28.584392,77.503049,FRC3,39,42,1563,1451,0.865789,False,0.929
2026-08-23T18:18:47.886899+00:00,grid_23,grid,,28.584392,77.704272,FRC4,43,43,1750,1750,1,False,1.0
2026-08-23T18:18:47.886899+00:00,grid_24,grid,,28.746089,76.698159,FRC4,47,47,1650,1650,1,False,1.0
2026-08-23T18:18:47.886899+00:00,grid_25,grid,,28.746089,76.899382,FRC4,42,42,737,737,1,False,1.0
2026-08-23T18:18:47.886899+00:00,grid_26,grid,,28.746089,77.100604,FRC3,32,32,1572,1572,1,False,1.0
2026-08-23T18:18:47.886899+00:00,grid_27,grid,,28.746089,77.301827,FRC3,28,28,1127,1127,1,False,1.0
2026-08-23T18:18:47.886899+00:00,grid_28,grid,,28.746089,77.503049,FRC2,49,49,1312,1312,1,False,1.0
2026-08-23T18:18:47.886899+00:00,grid_29,grid,,28.746089,77.704272,FRC3,49,49,1563,1563,1,False,1.0
2026-08-23T18:18:47.886899+00:00,grid_30,grid,,28.907786,76.698159,FRC2,46,46,1593,1593,1,False,1.0
2026-08-23T18:18:47.886899+00:00,grid_31,grid,,28.907786,76.899382,FRC4,44,44,1286,1286,1,False,1.0
2026-08-23T18:18:47.886899+00:00,grid_32,grid,,28.907786,77.100604,FRC1,61,61,147,147,1,False,1.0
2026-08-23T18:18:47.886899+00:00,grid_33,grid,,28.907786,77.301827,FRC2,69,69,1058,1058,1,False,1.0
2026-08-23T18:18:47.886899+00:00,grid_34,grid,,28.907786,77.503049,FRC4,46,46,1067,1067,1,False,1.0
2026-08-23T18:18:47.886899+00:00,grid_35,grid,,28.907786,77.704272,FRC2,49,49,1477,1477,1,False,1.0
2026-08-23T18:18:47.886899+00:00,city_Delhi,city_center,Delhi,28.7041,77.1025,FRC2,30,30,705,705,1,False,1.0
2026-08-23T18:18:47.886899+00:00,city_Faridabad,city_center,Faridabad,28.4089,77.3178,FRC4,34,34,355,355,1,False,1.0
2026-08-23T18:18:47.886899+00:00,city_Ghaziabad,city_center,Ghaziabad,28.6692,77.4538,FRC4,37,37,1031,1031,1,False,1.0
2026-08-23T18:18:47.886899+00:00,city_Gurgaon,city_center,Gurgaon,28.4595,77.0266,FRC4,49,49,1683,1683,1,False,1.0
2026-08-23T18:18:47.886899+00:00,city_Noida,city_center,Noida,28.5355,77.391,FRC3,27,29,2784,2592,0.967418,True,0.931
2026-08-23T18:18:47.886899+00:00,hotspot_Anand_Vihar,hotspot,Anand Vihar,28.6469,77.3152,FRC3,40,40,651,651,1,False,1.0
2026-08-23T18:18:47.886899+00:00,hotspot_Rohini,hotspot,Rohini,28.7495,77.0565,FRC2,38,38,1188,1188,1,False,1.0
2026-08-23T18:56:09.935173+00:00,grid_0,grid,,28.099302,76.698159,FRC4,31,31,1306,1306,1,False,1.0
2026-08-23T18:56:09.935173+00:00,grid_1,grid,,28.099302,76.899382,FRC4,35,35,1597,1597,1,False,1.0
2026-08-23T18:56:09.935173+00:00,grid_2,grid,,28.099302,77.100604,FRC4,42,42,626,626,1,False,1.0
2026-08-23T18:56:09.935173+00:00,grid_3,grid,,28.099302,77.301827,FRC0,80,80,808,808,1,False,1.0
2026-08-23T18:56:09.935173+00:00,grid_4,grid,,28.099302,77.503049,FRC2,46,46,1777,1777,1,False,1.0
2026-08-23T18:56:09.935173+00:00,grid_5,grid,,28.099302,77.704272,FRC4,54,54,1057,1057,1,False,1.0
2026-08-23T18:56:09.935173+00:00,grid_6,grid,,28.260999,76.698159,FRC3,44,44,1293,1293,1,False,1.0
2026-08-23T18:56:09.935173+00:00,grid_7,grid,,28.260999,76.899382,FRC3,43,43,1183,1183,1,False,1.0
2026-08-23T18:56:09.935173+00:00,grid_8,grid,,28.260999,77.100604,FRC0,102,102,373,373,1,False,1.0
2026-08-23T18:56:09.935173+00:00,grid_9,grid,,28.260999,77.301827,FRC4,31,31,1991,1991,1,False,1.0
2026-08-23T18:56:09.935173+00:00,grid_10,grid,,28.260999,77.503049,FRC4,36,36,2091,2091,1,False,1.0
2026-08-23T18:56:09.935173+00:00,grid_11,grid,,28.260999,77.704272,FRC4,55,55,1336,1336,1,False,1.0
2026-08-23T18:56:09.935173+00:00,grid_12,grid,,28.422696,76.698159,FRC4,30,30,1054,1054,1,False,1.0
2026-08-23T18:56:09.935173+00:00,grid_13,grid,,28.422696,76.899382,FRC3,48,48,1050,1050,1,False,1.0
2026-08-23T18:56:09.935173+00:00,grid_14,grid,,28.422696,77.100604,FRC3,39,39,1237,1237,1,False,1.0
2026-08-23T18:56:09.935173+00:00,grid_15,grid,,28.422696,77.301827,FRC3,30,30,1172,1172,1,False,1.0
2026-08-23T18:56:09.935173+00:00,grid_16,grid,,28.422696,77.503049,FRC0,71,90,608,480,0.979371,False,0.789
2026-08-23T18:56:09.935173+00:00,grid_17,grid,,28.422696,77.704272,FRC3,56,56,1244,1244,1,False,1.0
2026-08-23T18:56:09.935173+00:00,grid_18,grid,,28.584392,76.698159,FRC4,34,34,770,770,1,False,1.0
2026-08-23T18:56:09.935173+00:00,grid_19,grid,,28.584392,76.899382,FRC7,40,40,1295,1295,1,False,1.0
2026-08-23T18:56:09.935173+00:00,grid_20,grid,,28.584392,77.100604,FRC6,37,37,1194,1194,1,False,1.0
2026-08-23T18:56:09.935173+00:00,grid_21,grid,,28.584392,77.301827,FRC2,49,49,990,990,1,False,1.0
2026-08-23T18:56:09.935173+00:00,grid_22,grid,,28.584392,77.503049,FRC3,41,41,1487,1487,1,False,1.0
2026-08-23T18:56:09.935173+00:00,grid_23,grid,,28.584392,77.704272,FRC4,43,43,1750,1750,1,False,1.0
2026-08-23T18:56:09.935173+00:00,grid_24,grid,,28.746089,76.698159,FRC4,47,47,1650,1650,1,False,1.0
2026-08-23T18:56:09.935173+00:00,grid_25,grid,,28.746089,76.899382,FRC4,42,42,737,737,1,False,1.0
2026-08-23T18:56:09.935173+00:00,grid_26,grid,,28.746089,77.100604,FRC3,32,32,1572,1572,1,False,1.0
2026-08-23T18:56:09.935173+00:00,grid_27,grid,,28.746089,77.301827,FRC3,28,28,1127,1127,1,False,1.0
2026-08-23T18:56:09.935173+00:00,grid_28,grid,,28.746089,77.503049,FRC2,49,49,1312,1312,1,False,1.0
2026-08-23T18:56:09.935173+00:00,grid_29,grid,,28.746089,77.704272,FRC3,49,49,1563,1563,1,False,1.0
2026-08-23T18:56:09.935173+00:00,grid_30,grid,,28.907786,76.698159,FRC2,46,46,1593,1593,1,False,1.0
2026-08-23T18:56:09.935173+00:00,grid_31,grid,,28.907786,76.899382,FRC4,44,44,1286,1286,1,False,1.0
2026-08-23T18:56:09.935173+00:00,grid_32,grid,,28.907786,77.100604,FRC1,61,61,147,147,1,False,1.0
2026-08-23T18:56:09.935173+00:00,grid_33,grid,,28.907786,77.301827,FRC2,69,69,1058,1058,1,False,1.0
2026-08-23T18:56:09.935173+00:00,grid_34,grid,,28.907786,77.503049,FRC4,46,46,1067,1067,1,False,1.0
2026-08-23T18:56:09.935173+00:00,grid_35,grid,,28.907786,77.704272,FRC2,49,49,1477,1477,1,False,1.0
2026-08-23T18:56:09.935173+00:00,city_Delhi,city_center,Delhi,28.7041,77.1025,FRC2,30,30,705,705,1,False,1.0
2026-08-23T18:56:09.935173+00:00,city_Faridabad,city_center,Faridabad,28.4089,77.3178,FRC4,34,34,355,355,1,False,1.0
2026-08-23T18:56:09.935173+00:00,city_Ghaziabad,city_center,Ghaziabad,28.6692,77.4538,FRC4,37,37,1031,1031,1,False,1.0
2026-08-23T18:56:09.935173+00:00,city_Gurgaon,city_center,Gurgaon,28.4595,77.0266,FRC4,49,49,1683,1683,1,False,1.0
2026-08-23T18:56:09.935173+00:00,city_Noida,city_center,Noida,28.5355,77.391,FRC3,27,29,2784,2592,0.953461,True,0.931
2026-08-23T18:56:09.935173+00:00,hotspot_Anand_Vihar,hotspot,Anand Vihar,28.6469,77.3152,FRC3,40,40,651,651,1,False,1.0
2026-08-23T18:56:09.935173+00:00,hotspot_Rohini,hotspot,Rohini,28.7495,77.0565,FRC2,38,38,1188,1188,1,False,1.0
2026-08-23T19:17:32.164636+00:00,grid_0,grid,,28.099302,76.698159,FRC4,31,31,1306,1306,1,False,1.0
2026-08-23T19:17:32.164636+00:00,grid_1,grid,,28.099302,76.899382,FRC4,35,35,1597,1597,1,False,1.0
2026-08-23T19:17:32.164636+00:00,grid_2,grid,,28.099302,77.100604,FRC4,42,42,626,626,1,False,1.0
2026-08-23T19:17:32.164636+00:00,grid_3,grid,,28.099302,77.301827,FRC0,80,80,808,808,1,False,1.0
2026-08-23T19:17:32.164636+00:00,grid_4,grid,,28.099302,77.503049,FRC2,46,46,1777,1777,1,False,1.0
2026-08-23T19:17:32.164636+00:00,grid_5,grid,,28.099302,77.704272,FRC4,54,54,1057,1057,1,False,1.0
2026-08-23T19:17:32.164636+00:00,grid_6,grid,,28.260999,76.698159,FRC3,44,44,1293,1293,1,False,1.0
2026-08-23T19:17:32.164636+00:00,grid_7,grid,,28.260999,76.899382,FRC3,43,43,1183,1183,1,False,1.0
2026-08-23T19:17:32.164636+00:00,grid_8,grid,,28.260999,77.100604,FRC0,102,102,373,373,1,False,1.0
2026-08-23T19:17:32.164636+00:00,grid_9,grid,,28.260999,77.301827,FRC4,31,31,1991,1991,1,False,1.0
2026-08-23T19:17:32.164636+00:00,grid_10,grid,,28.260999,77.503049,FRC4,36,36,2091,2091,1,False,1.0
2026-08-23T19:17:32.164636+00:00,grid_11,grid,,28.260999,77.704272,FRC4,55,55,1336,1336,1,False,1.0
2026-08-23T19:17:32.164636+00:00,grid_12,grid,,28.422696,76.698159,FRC4,30,30,1054,1054,1,False,1.0
2026-08-23T19:17:32.164636+00:00,grid_13,grid,,28.422696,76.899382,FRC3,48,48,1050,1050,1,False,1.0
2026-08-23T19:17:32.164636+00:00,grid_14,grid,,28.422696,77.100604,FRC3,39,39,1237,1237,1,False,1.0
2026-08-23T19:17:32.164636+00:00,grid_15,grid,,28.422696,77.301827,FRC3,30,30,1172,1172,1,False,1.0
2026-08-23T19:17:32.164636+00:00,grid_16,grid,,28.422696,77.503049,FRC0,92,92,469,469,1,False,1.0
2026-08-23T19:17:32.164636+00:00,grid_17,grid,,28.422696,77.704272,FRC3,56,56,1244,1244,1,False,1.0
2026-08-23T19:17:32.164636+00:00,grid_18,grid,,28.584392,76.698159,FRC4,34,34,770,770,1,False,1.0
2026-08-23T19:17:32.164636+00:00,grid_19,grid,,28.584392,76.899382,FRC7,40,40,1295,1295,1,False,1.0
2026-08-23T19:17:32.164636+00:00,grid_20,grid,,28.584392,77.100604,FRC6,37,37,1194,1194,1,False,1.0
2026-08-23T19:17:32.164636+00:00,grid_21,grid,,28.584392,77.301827,FRC2,49,49,990,990,1,False,1.0
2026-08-23T19:17:32.164636+00:00,grid_22,grid,,28.584392,77.503049,FRC3,41,41,1487,1487,1,False,1.0
2026-08-23T19:17:32.164636+00:00,grid_23,grid,,28.584392,77.704272,FRC4,43,43,1750,1750,1,False,1.0
2026-08-23T19:17:32.164636+00:00,grid_24,grid,,28.746089,76.698159,FRC4,47,47,1650,1650,1,False,1.0
2026-08-23T19:17:32.164636+00:00,grid_25,grid,,28.746089,76.899382,FRC4,42,42,737,737,1,False,1.0
2026-08-23T19:17:32.164636+00:00,grid_26,grid,,28.746089,77.100604,FRC3,32,32,1572,1572,1,False,1.0
2026-08-23T19:17:32.164636+00:00,grid_27,grid,,28.746089,77.301827,FRC3,28,28,1127,1127,1,False,1.0
2026-08-23T19:17:32.164636+00:00,grid_28,grid,,28.746089,77.503049,FRC2,49,49,1312,1312,1,False,1.0
2026-08-23T19:17:32.164636+00:00,grid_29,grid,,28.746089,77.704272,FRC3,49,49,1563,1563,1,False,1.0
2026-08-23T19:17:32.164636+00:00,grid_30,grid,,28.907786,76.698159,FRC2,46,46,1593,1593,1,False,1.0
2026-08-23T19:17:32.164636+00:00,grid_31,grid,,28.907786,76.899382,FRC4,44,44,1286,1286,1,False,1.0
2026-08-23T19:17:32.164636+00:00,grid_32,grid,,28.907786,77.100604,FRC1,61,61,147,147,1,False,1.0
2026-08-23T19:17:32.164636+00:00,grid_33,grid,,28.907786,77.301827,FRC2,69,69,1058,1058,1,False,1.0
2026-08-23T19:17:32.164636+00:00,grid_34,grid,,28.907786,77.503049,FRC4,46,46,1067,1067,1,False,1.0
2026-08-23T19:17:32.164636+00:00,grid_35,grid,,28.907786,77.704272,FRC2,49,49,1477,1477,1,False,1.0
2026-08-23T19:17:32.164636+00:00,city_Delhi,city_center,Delhi,28.7041,77.1025,FRC2,30,30,705,705,1,False,1.0
2026-08-23T19:17:32.164636+00:00,city_Faridabad,city_center,Faridabad,28.4089,77.3178,FRC4,34,34,355,355,1,False,1.0
2026-08-23T19:17:32.164636+00:00,city_Ghaziabad,city_center,Ghaziabad,28.6692,77.4538,FRC4,37,37,1031,1031,1,False,1.0
2026-08-23T19:17:32.164636+00:00,city_Gurgaon,city_center,Gurgaon,28.4595,77.0266,FRC4,49,49,1683,1683,1,False,1.0
2026-08-23T19:17:32.164636+00:00,city_Noida,city_center,Noida,28.5355,77.391,FRC3,29,29,2592,2592,0.926401,True,1.0
2026-08-23T19:17:32.164636+00:00,hotspot_Anand_Vihar,hotspot,Anand Vihar,28.6469,77.3152,FRC3,40,40,651,651,1,False,1.0
2026-08-23T19:17:32.164636+00:00,hotspot_Rohini,hotspot,Rohini,28.7495,77.0565,FRC2,38,38,1188,1188,1,False,1.0
2026-08-23T19:44:00.957602+00:00,grid_0,grid,,28.099302,76.698159,FRC4,31,31,1306,1306,1,False,1.0
2026-08-23T19:44:00.957602+00:00,grid_1,grid,,28.099302,76.899382,FRC4,35,35,1597,1597,1,False,1.0
2026-08-23T19:44:00.957602+00:00,grid_2,grid,,28.099302,77.100604,FRC4,42,42,626,626,1,False,1.0
2026-08-23T19:44:00.957602+00:00,grid_3,grid,,28.099302,77.301827,FRC0,80,80,808,808,1,False,1.0
2026-08-23T19:44:00.957602+00:00,grid_4,grid,,28.099302,77.503049,FRC2,46,46,1777,1777,1,False,1.0
2026-08-23T19:44:00.957602+00:00,grid_5,grid,,28.099302,77.704272,FRC4,54,54,1057,1057,1,False,1.0
2026-08-23T19:44:00.957602+00:00,grid_6,grid,,28.260999,76.698159,FRC3,44,44,1293,1293,1,False,1.0
2026-08-23T19:44:00.957602+00:00,grid_7,grid,,28.260999,76.899382,FRC3,43,43,1183,1183,1,False,1.0
2026-08-23T19:44:00.957602+00:00,grid_8,grid,,28.260999,77.100604,FRC0,102,102,373,373,1,False,1.0
2026-08-23T19:44:00.957602+00:00,grid_9,grid,,28.260999,77.301827,FRC4,31,31,1991,1991,1,False,1.0
2026-08-23T19:44:00.957602+00:00,grid_10,grid,,28.260999,77.503049,FRC4,36,36,2091,2091,1,False,1.0
2026-08-23T19:44:00.957602+00:00,grid_11,grid,,28.260999,77.704272,FRC4,55,55,1336,1336,1,False,1.0
2026-08-23T19:44:00.957602+00:00,grid_12,grid,,28.422696,76.698159,FRC4,30,30,1054,1054,1,False,1.0
2026-08-23T19:44:00.957602+00:00,grid_13,grid,,28.422696,76.899382,FRC3,48,48,1050,1050,1,False,1.0
2026-08-23T19:44:00.957602+00:00,grid_14,grid,,28.422696,77.100604,FRC3,39,39,1237,1237,1,False,1.0
2026-08-23T19:44:00.957602+00:00,grid_15,grid,,28.422696,77.301827,FRC3,30,30,1172,1172,1,False,1.0
2026-08-23T19:44:00.957602+00:00,grid_16,grid,,28.422696,77.503049,FRC0,73,92,592,469,0.94,False,0.793
2026-08-23T19:44:00.957602+00:00,grid_17,grid,,28.422696,77.704272,FRC3,56,56,1244,1244,1,False,1.0
2026-08-23T19:44:00.957602+00:00,grid_18,grid,,28.584392,76.698159,FRC4,34,34,770,770,1,False,1.0
2026-08-23T19:44:00.957602+00:00,grid_19,grid,,28.584392,76.899382,FRC7,40,40,1295,1295,1,False,1.0
2026-08-23T19:44:00.957602+00:00,grid_20,grid,,28.584392,77.100604,FRC6,37,37,1194,1194,1,False,1.0
2026-08-23T19:44:00.957602+00:00,grid_21,grid,,28.584392,77.301827,FRC2,49,49,990,990,1,False,1.0
2026-08-23T19:44:00.957602+00:00,grid_22,grid,,28.584392,77.503049,FRC3,41,41,1487,1487,1,False,1.0
2026-08-23T19:44:00.957602+00:00,grid_23,grid,,28.584392,77.704272,FRC4,43,43,1750,1750,1,False,1.0
2026-08-23T19:44:00.957602+00:00,grid_24,grid,,28.746089,76.698159,FRC4,47,47,1650,1650,1,False,1.0
2026-08-23T19:44:00.957602+00:00,grid_25,grid,,28.746089,76.899382,FRC4,42,42,737,737,1,False,1.0
2026-08-23T19:44:00.957602+00:00,grid_26,grid,,28.746089,77.100604,FRC3,32,32,1572,1572,1,False,1.0
2026-08-23T19:44:00.957602+00:00,grid_27,grid,,28.746089,77.301827,FRC3,28,28,1127,1127,1,False,1.0
2026-08-23T19:44:00.957602+00:00,grid_28,grid,,28.746089,77.503049,FRC2,49,49,1312,1312,1,False,1.0
2026-08-23T19:44:00.957602+00:00,grid_29,grid,,28.746089,77.704272,FRC3,49,49,1563,1563,1,False,1.0
2026-08-23T19:44:00.957602+00:00,grid_30,grid,,28.907786,76.698159,FRC2,46,46,1593,1593,1,False,1.0
2026-08-23T19:44:00.957602+00:00,grid_31,grid,,28.907786,76.899382,FRC4,44,44,1286,1286,1,False,1.0
2026-08-23T19:44:00.957602+00:00,grid_32,grid,,28.907786,77.100604,FRC1,61,61,147,147,1,False,1.0
2026-08-23T19:44:00.957602+00:00,grid_33,grid,,28.907786,77.301827,FRC2,69,69,1058,1058,1,False,1.0
2026-08-23T19:44:00.957602+00:00,grid_34,grid,,28.907786,77.503049,FRC4,46,46,1067,1067,1,False,1.0
2026-08-23T19:44:00.957602+00:00,grid_35,grid,,28.907786,77.704272,FRC2,49,49,1477,1477,1,False,1.0
2026-08-23T19:44:00.957602+00:00,city_Delhi,city_center,Delhi,28.7041,77.1025,FRC2,30,30,705,705,1,False,1.0
2026-08-23T19:44:00.957602+00:00,city_Faridabad,city_center,Faridabad,28.4089,77.3178,FRC4,34,34,355,355,1,False,1.0
2026-08-23T19:44:00.957602+00:00,city_Ghaziabad,city_center,Ghaziabad,28.6692,77.4538,FRC4,37,37,1031,1031,1,False,1.0
2026-08-23T19:44:00.957602+00:00,city_Gurgaon,city_center,Gurgaon,28.4595,77.0266,FRC4,49,49,1683,1683,1,False,1.0
2026-08-23T19:44:00.957602+00:00,city_Noida,city_center,Noida,28.5355,77.391,FRC3,29,30,2592,2505,0.918182,True,0.967
2026-08-23T19:44:00.957602+00:00,hotspot_Anand_Vihar,hotspot,Anand Vihar,28.6469,77.3152,FRC3,40,40,651,651,1,False,1.0
2026-08-23T19:44:00.957602+00:00,hotspot_Rohini,hotspot,Rohini,28.7495,77.0565,FRC2,38,38,1188,1188,1,False,1.0
2026-08-23T20:14:28.099595+00:00,grid_0,grid,,28.099302,76.698159,FRC4,31,31,1306,1306,1,False,1.0
2026-08-23T20:14:28.099595+00:00,grid_1,grid,,28.099302,76.899382,FRC4,35,35,1597,1597,1,False,1.0
2026-08-23T20:14:28.099595+00:00,grid_2,grid,,28.099302,77.100604,FRC4,42,42,626,626,1,False,1.0
2026-08-23T20:14:28.099595+00:00,grid_3,grid,,28.099302,77.301827,FRC0,80,80,808,808,1,False,1.0
2026-08-23T20:14:28.099595+00:00,grid_4,grid,,28.099302,77.503049,FRC2,46,46,1777,1777,1,False,1.0
2026-08-23T20:14:28.099595+00:00,grid_5,grid,,28.099302,77.704272,FRC4,54,54,1057,1057,1,False,1.0
2026-08-23T20:14:28.099595+00:00,grid_6,grid,,28.260999,76.698159,FRC3,44,44,1293,1293,1,False,1.0
2026-08-23T20:14:28.099595+00:00,grid_7,grid,,28.260999,76.899382,FRC3,43,43,1183,1183,1,False,1.0
2026-08-23T20:14:28.099595+00:00,grid_8,grid,,28.260999,77.100604,FRC0,102,102,373,373,1,False,1.0
2026-08-23T20:14:28.099595+00:00,grid_9,grid,,28.260999,77.301827,FRC4,31,31,1991,1991,1,False,1.0
2026-08-23T20:14:28.099595+00:00,grid_10,grid,,28.260999,77.503049,FRC4,36,36,2091,2091,1,False,1.0
2026-08-23T20:14:28.099595+00:00,grid_11,grid,,28.260999,77.704272,FRC4,55,55,1336,1336,1,False,1.0
2026-08-23T20:14:28.099595+00:00,grid_12,grid,,28.422696,76.698159,FRC4,30,30,1054,1054,1,False,1.0
2026-08-23T20:14:28.099595+00:00,grid_13,grid,,28.422696,76.899382,FRC3,48,48,1050,1050,1,False,1.0
2026-08-23T20:14:28.099595+00:00,grid_14,grid,,28.422696,77.100604,FRC3,39,39,1237,1237,1,False,1.0
2026-08-23T20:14:28.099595+00:00,grid_15,grid,,28.422696,77.301827,FRC3,30,30,1172,1172,1,False,1.0
2026-08-23T20:14:28.099595+00:00,grid_16,grid,,28.422696,77.503049,FRC0,92,92,469,469,1,False,1.0
2026-08-23T20:14:28.099595+00:00,grid_17,grid,,28.422696,77.704272,FRC3,56,56,1244,1244,1,False,1.0
2026-08-23T20:14:28.099595+00:00,grid_18,grid,,28.584392,76.698159,FRC4,34,34,770,770,1,False,1.0
2026-08-23T20:14:28.099595+00:00,grid_19,grid,,28.584392,76.899382,FRC7,40,40,1295,1295,1,False,1.0
2026-08-23T20:14:28.099595+00:00,grid_20,grid,,28.584392,77.100604,FRC6,37,37,1194,1194,1,False,1.0
2026-08-23T20:14:28.099595+00:00,grid_21,grid,,28.584392,77.301827,FRC2,49,49,990,990,1,False,1.0
2026-08-23T20:14:28.099595+00:00,grid_22,grid,,28.584392,77.503049,FRC3,41,41,1487,1487,1,False,1.0
2026-08-23T20:14:28.099595+00:00,grid_23,grid,,28.584392,77.704272,FRC4,43,43,1750,1750,1,False,1.0
2026-08-23T20:14:28.099595+00:00,grid_24,grid,,28.746089,76.698159,FRC4,47,47,1650,1650,1,False,1.0
2026-08-23T20:14:28.099595+00:00,grid_25,grid,,28.746089,76.899382,FRC4,42,42,737,737,1,False,1.0
2026-08-23T20:14:28.099595+00:00,grid_26,grid,,28.746089,77.100604,FRC3,32,32,1572,1572,1,False,1.0
2026-08-23T20:14:28.099595+00:00,grid_27,grid,,28.746089,77.301827,FRC3,28,28,1127,1127,1,False,1.0
2026-08-23T20:14:28.099595+00:00,grid_28,grid,,28.746089,77.503049,FRC2,49,49,1312,1312,1,False,1.0
2026-08-23T20:14:28.099595+00:00,grid_29,grid,,28.746089,77.704272,FRC3,49,49,1563,1563,1,False,1.0
2026-08-23T20:14:28.099595+00:00,grid_30,grid,,28.907786,76.698159,FRC2,46,46,1593,1593,1,False,1.0
2026-08-23T20:14:28.099595+00:00,grid_31,grid,,28.907786,76.899382,FRC4,44,44,1286,1286,1,False,1.0
2026-08-23T20:14:28.099595+00:00,grid_32,grid,,28.907786,77.100604,FRC1,61,61,147,147,1,False,1.0
2026-08-23T20:14:28.099595+00:00,grid_33,grid,,28.907786,77.301827,FRC2,69,69,1058,1058,1,False,1.0
2026-08-23T20:14:28.099595+00:00,grid_34,grid,,28.907786,77.503049,FRC4,46,46,1067,1067,1,False,1.0
2026-08-23T20:14:28.099595+00:00,grid_35,grid,,28.907786,77.704272,FRC2,49,49,1477,1477,1,False,1.0
2026-08-23T20:14:28.099595+00:00,city_Delhi,city_center,Delhi,28.7041,77.1025,FRC2,30,30,705,705,1,False,1.0
2026-08-23T20:14:28.099595+00:00,city_Faridabad,city_center,Faridabad,28.4089,77.3178,FRC4,34,34,355,355,1,False,1.0
2026-08-23T20:14:28.099595+00:00,city_Ghaziabad,city_center,Ghaziabad,28.6692,77.4538,FRC4,37,37,1031,1031,1,False,1.0
2026-08-23T20:14:28.099595+00:00,city_Gurgaon,city_center,Gurgaon,28.4595,77.0266,FRC4,49,49,1683,1683,1,False,1.0
2026-08-23T20:14:28.099595+00:00,city_Noida,city_center,Noida,28.5355,77.391,FRC3,27,29,2784,2592,0.856653,True,0.931
2026-08-23T20:14:28.099595+00:00,hotspot_Anand_Vihar,hotspot,Anand Vihar,28.6469,77.3152,FRC3,40,40,651,651,1,False,1.0
2026-08-23T20:14:28.099595+00:00,hotspot_Rohini,hotspot,Rohini,28.7495,77.0565,FRC2,38,38,1188,1188,1,False,1.0
2026-08-23T20:47:20.946801+00:00,grid_0,grid,,28.099302,76.698159,FRC4,31,31,1306,1306,1,False,1.0
2026-08-23T20:47:20.946801+00:00,grid_1,grid,,28.099302,76.899382,FRC4,35,35,1597,1597,1,False,1.0
2026-08-23T20:47:20.946801+00:00,grid_2,grid,,28.099302,77.100604,FRC4,42,42,626,626,1,False,1.0
2026-08-23T20:47:20.946801+00:00,grid_3,grid,,28.099302,77.301827,FRC0,80,80,808,808,1,False,1.0
2026-08-23T20:47:20.946801+00:00,grid_4,grid,,28.099302,77.503049,FRC2,46,46,1777,1777,1,False,1.0
2026-08-23T20:47:20.946801+00:00,grid_5,grid,,28.099302,77.704272,FRC4,54,54,1057,1057,1,False,1.0
2026-08-23T20:47:20.946801+00:00,grid_6,grid,,28.260999,76.698159,FRC3,44,44,1293,1293,1,False,1.0
2026-08-23T20:47:20.946801+00:00,grid_7,grid,,28.260999,76.899382,FRC3,43,43,1183,1183,1,False,1.0
2026-08-23T20:47:20.946801+00:00,grid_8,grid,,28.260999,77.100604,FRC0,102,102,373,373,1,False,1.0
2026-08-23T20:47:20.946801+00:00,grid_9,grid,,28.260999,77.301827,FRC4,31,31,1991,1991,1,False,1.0
2026-08-23T20:47:20.946801+00:00,grid_10,grid,,28.260999,77.503049,FRC4,36,36,2091,2091,1,False,1.0
2026-08-23T20:47:20.946801+00:00,grid_11,grid,,28.260999,77.704272,FRC4,55,55,1336,1336,1,False,1.0
2026-08-23T20:47:20.946801+00:00,grid_12,grid,,28.422696,76.698159,FRC4,30,30,1054,1054,1,False,1.0
2026-08-23T20:47:20.946801+00:00,grid_13,grid,,28.422696,76.899382,FRC3,48,48,1050,1050,1,False,1.0
2026-08-23T20:47:20.946801+00:00,grid_14,grid,,28.422696,77.100604,FRC3,39,39,1237,1237,1,False,1.0
2026-08-23T20:47:20.946801+00:00,grid_15,grid,,28.422696,77.301827,FRC3,30,30,1172,1172,1,False,1.0
2026-08-23T20:47:20.946801+00:00,grid_16,grid,,28.422696,77.503049,FRC0,92,92,469,469,1,False,1.0
2026-08-23T20:47:20.946801+00:00,grid_17,grid,,28.422696,77.704272,FRC3,56,56,1244,1244,1,False,1.0
2026-08-23T20:47:20.946801+00:00,grid_18,grid,,28.584392,76.698159,FRC4,34,34,770,770,1,False,1.0
2026-08-23T20:47:20.946801+00:00,grid_19,grid,,28.584392,76.899382,FRC7,40,40,1295,1295,1,False,1.0
2026-08-23T20:47:20.946801+00:00,grid_20,grid,,28.584392,77.100604,FRC6,37,37,1194,1194,1,False,1.0
2026-08-23T20:47:20.946801+00:00,grid_21,grid,,28.584392,77.301827,FRC2,49,49,990,990,1,False,1.0
2026-08-23T20:47:20.946801+00:00,grid_22,grid,,28.584392,77.503049,FRC3,41,41,1487,1487,1,False,1.0
2026-08-23T20:47:20.946801+00:00,grid_23,grid,,28.584392,77.704272,FRC4,43,43,1750,1750,1,False,1.0
2026-08-23T20:47:20.946801+00:00,grid_24,grid,,28.746089,76.698159,FRC4,47,47,1650,1650,1,False,1.0
2026-08-23T20:47:20.946801+00:00,grid_25,grid,,28.746089,76.899382,FRC4,42,42,737,737,1,False,1.0
2026-08-23T20:47:20.946801+00:00,grid_26,grid,,28.746089,77.100604,FRC3,32,32,1572,1572,1,False,1.0
2026-08-23T20:47:20.946801+00:00,grid_27,grid,,28.746089,77.301827,FRC3,28,28,1127,1127,1,False,1.0
2026-08-23T20:47:20.946801+00:00,grid_28,grid,,28.746089,77.503049,FRC2,49,49,1312,1312,1,False,1.0
2026-08-23T20:47:20.946801+00:00,grid_29,grid,,28.746089,77.704272,FRC3,49,49,1563,1563,1,False,1.0
2026-08-23T20:47:20.946801+00:00,grid_30,grid,,28.907786,76.698159,FRC2,46,46,1593,1593,1,False,1.0
2026-08-23T20:47:20.946801+00:00,grid_31,grid,,28.907786,76.899382,FRC4,44,44,1286,1286,1,False,1.0
2026-08-23T20:47:20.946801+00:00,grid_32,grid,,28.907786,77.100604,FRC1,61,61,147,147,1,False,1.0
2026-08-23T20:47:20.946801+00:00,grid_33,grid,,28.907786,77.301827,FRC2,69,69,1058,1058,1,False,1.0
2026-08-23T20:47:20.946801+00:00,grid_34,grid,,28.907786,77.503049,FRC4,46,46,1067,1067,1,False,1.0
2026-08-23T20:47:20.946801+00:00,grid_35,grid,,28.907786,77.704272,FRC2,49,49,1477,1477,1,False,1.0
2026-08-23T20:47:20.946801+00:00,city_Delhi,city_center,Delhi,28.7041,77.1025,FRC2,30,30,705,705,1,False,1.0
2026-08-23T20:47:20.946801+00:00,city_Faridabad,city_center,Faridabad,28.4089,77.3178,FRC4,34,34,355,355,1,False,1.0
2026-08-23T20:47:20.946801+00:00,city_Ghaziabad,city_center,Ghaziabad,28.6692,77.4538,FRC4,37,37,1031,1031,1,False,1.0
2026-08-23T20:47:20.946801+00:00,city_Gurgaon,city_center,Gurgaon,28.4595,77.0266,FRC4,49,49,1683,1683,1,False,1.0
2026-08-23T20:47:20.946801+00:00,city_Noida,city_center,Noida,28.5355,77.391,FRC3,28,29,2684,2592,0.853449,True,0.966
2026-08-23T20:47:20.946801+00:00,hotspot_Anand_Vihar,hotspot,Anand Vihar,28.6469,77.3152,FRC3,40,40,651,651,1,False,1.0
2026-08-23T20:47:20.946801+00:00,hotspot_Rohini,hotspot,Rohini,28.7495,77.0565,FRC2,38,38,1188,1188,1,False,1.0
2026-08-23T21:14:42.507486+00:00,grid_0,grid,,28.099302,76.698159,FRC4,31,31,1306,1306,1,False,1.0
2026-08-23T21:14:42.507486+00:00,grid_1,grid,,28.099302,76.899382,FRC4,35,35,1597,1597,1,False,1.0
2026-08-23T21:14:42.507486+00:00,grid_2,grid,,28.099302,77.100604,FRC4,42,42,626,626,1,False,1.0
2026-08-23T21:14:42.507486+00:00,grid_3,grid,,28.099302,77.301827,FRC0,80,80,808,808,1,False,1.0
2026-08-23T21:14:42.507486+00:00,grid_4,grid,,28.099302,77.503049,FRC2,46,46,1777,1777,1,False,1.0
2026-08-23T21:14:42.507486+00:00,grid_5,grid,,28.099302,77.704272,FRC4,54,54,1057,1057,1,False,1.0
2026-08-23T21:14:42.507486+00:00,grid_6,grid,,28.260999,76.698159,FRC3,44,44,1293,1293,1,False,1.0
2026-08-23T21:14:42.507486+00:00,grid_7,grid,,28.260999,76.899382,FRC3,43,43,1183,1183,1,False,1.0
2026-08-23T21:14:42.507486+00:00,grid_8,grid,,28.260999,77.100604,FRC0,102,102,373,373,1,False,1.0
2026-08-23T21:14:42.507486+00:00,grid_9,grid,,28.260999,77.301827,FRC4,31,31,1991,1991,1,False,1.0
2026-08-23T21:14:42.507486+00:00,grid_10,grid,,28.260999,77.503049,FRC4,36,36,2091,2091,1,False,1.0
2026-08-23T21:14:42.507486+00:00,grid_11,grid,,28.260999,77.704272,FRC4,55,55,1336,1336,1,False,1.0
2026-08-23T21:14:42.507486+00:00,grid_12,grid,,28.422696,76.698159,FRC4,30,30,1054,1054,1,False,1.0
2026-08-23T21:14:42.507486+00:00,grid_13,grid,,28.422696,76.899382,FRC3,48,48,1050,1050,1,False,1.0
2026-08-23T21:14:42.507486+00:00,grid_14,grid,,28.422696,77.100604,FRC3,39,39,1237,1237,1,False,1.0
2026-08-23T21:14:42.507486+00:00,grid_15,grid,,28.422696,77.301827,FRC3,30,30,1172,1172,1,False,1.0
2026-08-23T21:14:42.507486+00:00,grid_16,grid,,28.422696,77.503049,FRC0,82,92,527,469,0.92299,False,0.891
2026-08-23T21:14:42.507486+00:00,grid_17,grid,,28.422696,77.704272,FRC3,56,56,1244,1244,1,False,1.0
2026-08-23T21:14:42.507486+00:00,grid_18,grid,,28.584392,76.698159,FRC4,34,34,770,770,1,False,1.0
2026-08-23T21:14:42.507486+00:00,grid_19,grid,,28.584392,76.899382,FRC7,40,40,1295,1295,1,False,1.0
2026-08-23T21:14:42.507486+00:00,grid_20,grid,,28.584392,77.100604,FRC6,37,37,1194,1194,1,False,1.0
2026-08-23T21:14:42.507486+00:00,grid_21,grid,,28.584392,77.301827,FRC2,49,49,990,990,1,False,1.0
2026-08-23T21:14:42.507486+00:00,grid_22,grid,,28.584392,77.503049,FRC3,41,41,1487,1487,1,False,1.0
2026-08-23T21:14:42.507486+00:00,grid_23,grid,,28.584392,77.704272,FRC4,43,43,1750,1750,1,False,1.0
2026-08-23T21:14:42.507486+00:00,grid_24,grid,,28.746089,76.698159,FRC4,47,47,1650,1650,1,False,1.0
2026-08-23T21:14:42.507486+00:00,grid_25,grid,,28.746089,76.899382,FRC4,42,42,737,737,1,False,1.0
2026-08-23T21:14:42.507486+00:00,grid_26,grid,,28.746089,77.100604,FRC3,32,32,1572,1572,1,False,1.0
2026-08-23T21:14:42.507486+00:00,grid_27,grid,,28.746089,77.301827,FRC3,28,28,1127,1127,1,False,1.0
2026-08-23T21:14:42.507486+00:00,grid_28,grid,,28.746089,77.503049,FRC2,49,49,1312,1312,1,False,1.0
2026-08-23T21:14:42.507486+00:00,grid_29,grid,,28.746089,77.704272,FRC3,49,49,1563,1563,1,False,1.0
2026-08-23T21:14:42.507486+00:00,grid_30,grid,,28.907786,76.698159,FRC2,46,46,1593,1593,1,False,1.0
2026-08-23T21:14:42.507486+00:00,grid_31,grid,,28.907786,76.899382,FRC4,44,44,1286,1286,1,False,1.0
2026-08-23T21:14:42.507486+00:00,grid_32,grid,,28.907786,77.100604,FRC1,61,61,147,147,1,False,1.0
2026-08-23T21:14:42.507486+00:00,grid_33,grid,,28.907786,77.301827,FRC2,69,69,1058,1058,1,False,1.0
2026-08-23T21:14:42.507486+00:00,grid_34,grid,,28.907786,77.503049,FRC4,46,46,1067,1067,1,False,1.0
2026-08-23T21:14:42.507486+00:00,grid_35,grid,,28.907786,77.704272,FRC2,49,49,1477,1477,1,False,1.0
2026-08-23T21:14:42.507486+00:00,city_Delhi,city_center,Delhi,28.7041,77.1025,FRC2,30,30,705,705,1,False,1.0
2026-08-23T21:14:42.507486+00:00,city_Faridabad,city_center,Faridabad,28.4089,77.3178,FRC4,34,34,355,355,1,False,1.0
2026-08-23T21:14:42.507486+00:00,city_Ghaziabad,city_center,Ghaziabad,28.6692,77.4538,FRC4,37,37,1031,1031,1,False,1.0
2026-08-23T21:14:42.507486+00:00,city_Gurgaon,city_center,Gurgaon,28.4595,77.0266,FRC4,49,49,1683,1683,1,False,1.0
2026-08-23T21:14:42.507486+00:00,city_Noida,city_center,Noida,28.5355,77.391,FRC3,29,29,2592,2592,0.817118,True,1.0
2026-08-23T21:14:42.507486+00:00,hotspot_Anand_Vihar,hotspot,Anand Vihar,28.6469,77.3152,FRC3,40,40,651,651,1,False,1.0
2026-08-23T21:14:42.507486+00:00,hotspot_Rohini,hotspot,Rohini,28.7495,77.0565,FRC2,38,38,1188,1188,1,False,1.0
2026-08-23T21:44:14.823497+00:00,grid_0,grid,,28.099302,76.698159,FRC4,31,31,1306,1306,1,False,1.0
2026-08-23T21:44:14.823497+00:00,grid_1,grid,,28.099302,76.899382,FRC4,35,35,1597,1597,1,False,1.0
2026-08-23T21:44:14.823497+00:00,grid_2,grid,,28.099302,77.100604,FRC4,42,42,626,626,1,False,1.0
2026-08-23T21:44:14.823497+00:00,grid_3,grid,,28.099302,77.301827,FRC0,80,80,808,808,1,False,1.0
2026-08-23T21:44:14.823497+00:00,grid_4,grid,,28.099302,77.503049,FRC2,46,46,1777,1777,1,False,1.0
2026-08-23T21:44:14.823497+00:00,grid_5,grid,,28.099302,77.704272,FRC4,54,54,1057,1057,1,False,1.0
2026-08-23T21:44:14.823497+00:00,grid_6,grid,,28.260999,76.698159,FRC3,44,44,1293,1293,1,False,1.0
2026-08-23T21:44:14.823497+00:00,grid_7,grid,,28.260999,76.899382,FRC3,43,43,1183,1183,1,False,1.0
2026-08-23T21:44:14.823497+00:00,grid_8,grid,,28.260999,77.100604,FRC0,102,102,373,373,1,False,1.0
2026-08-23T21:44:14.823497+00:00,grid_9,grid,,28.260999,77.301827,FRC4,31,31,1991,1991,1,False,1.0
2026-08-23T21:44:14.823497+00:00,grid_10,grid,,28.260999,77.503049,FRC4,36,36,2091,2091,1,False,1.0
2026-08-23T21:44:14.823497+00:00,grid_11,grid,,28.260999,77.704272,FRC4,55,55,1336,1336,1,False,1.0
2026-08-23T21:44:14.823497+00:00,grid_12,grid,,28.422696,76.698159,FRC4,30,30,1054,1054,1,False,1.0
2026-08-23T21:44:14.823497+00:00,grid_13,grid,,28.422696,76.899382,FRC3,48,48,1050,1050,1,False,1.0
2026-08-23T21:44:14.823497+00:00,grid_14,grid,,28.422696,77.100604,FRC3,39,39,1237,1237,1,False,1.0
2026-08-23T21:44:14.823497+00:00,grid_15,grid,,28.422696,77.301827,FRC3,30,30,1172,1172,1,False,1.0
2026-08-23T21:44:14.823497+00:00,grid_16,grid,,28.422696,77.503049,FRC0,84,91,514,475,0.704766,False,0.923
2026-08-23T21:44:14.823497+00:00,grid_17,grid,,28.422696,77.704272,FRC3,56,56,1244,1244,1,False,1.0
2026-08-23T21:44:14.823497+00:00,grid_18,grid,,28.584392,76.698159,FRC4,34,34,770,770,1,False,1.0
2026-08-23T21:44:14.823497+00:00,grid_19,grid,,28.584392,76.899382,FRC7,40,40,1295,1295,1,False,1.0
2026-08-23T21:44:14.823497+00:00,grid_20,grid,,28.584392,77.100604,FRC6,37,37,1194,1194,1,False,1.0
2026-08-23T21:44:14.823497+00:00,grid_21,grid,,28.584392,77.301827,FRC2,49,49,990,990,1,False,1.0
2026-08-23T21:44:14.823497+00:00,grid_22,grid,,28.584392,77.503049,FRC3,41,41,1487,1487,1,False,1.0
2026-08-23T21:44:14.823497+00:00,grid_23,grid,,28.584392,77.704272,FRC4,43,43,1750,1750,1,False,1.0
2026-08-23T21:44:14.823497+00:00,grid_24,grid,,28.746089,76.698159,FRC4,47,47,1650,1650,1,False,1.0
2026-08-23T21:44:14.823497+00:00,grid_25,grid,,28.746089,76.899382,FRC4,42,42,737,737,1,False,1.0
2026-08-23T21:44:14.823497+00:00,grid_26,grid,,28.746089,77.100604,FRC3,32,32,1572,1572,1,False,1.0
2026-08-23T21:44:14.823497+00:00,grid_27,grid,,28.746089,77.301827,FRC3,28,28,1127,1127,1,False,1.0
2026-08-23T21:44:14.823497+00:00,grid_28,grid,,28.746089,77.503049,FRC2,49,49,1312,1312,1,False,1.0
2026-08-23T21:44:14.823497+00:00,grid_29,grid,,28.746089,77.704272,FRC3,49,49,1563,1563,1,False,1.0
2026-08-23T21:44:14.823497+00:00,grid_30,grid,,28.907786,76.698159,FRC2,46,46,1593,1593,1,False,1.0
2026-08-23T21:44:14.823497+00:00,grid_31,grid,,28.907786,76.899382,FRC4,44,44,1286,1286,1,False,1.0
2026-08-23T21:44:14.823497+00:00,grid_32,grid,,28.907786,77.100604,FRC1,61,61,147,147,1,False,1.0
2026-08-23T21:44:14.823497+00:00,grid_33,grid,,28.907786,77.301827,FRC2,69,69,1058,1058,1,False,1.0
2026-08-23T21:44:14.823497+00:00,grid_34,grid,,28.907786,77.503049,FRC4,46,46,1067,1067,1,False,1.0
2026-08-23T21:44:14.823497+00:00,grid_35,grid,,28.907786,77.704272,FRC2,49,49,1477,1477,1,False,1.0
2026-08-23T21:44:14.823497+00:00,city_Delhi,city_center,Delhi,28.7041,77.1025,FRC2,30,30,705,705,1,False,1.0
2026-08-23T21:44:14.823497+00:00,city_Faridabad,city_center,Faridabad,28.4089,77.3178,FRC4,34,34,355,355,1,False,1.0
2026-08-23T21:44:14.823497+00:00,city_Ghaziabad,city_center,Ghaziabad,28.6692,77.4538,FRC4,37,37,1031,1031,1,False,1.0
2026-08-23T21:44:14.823497+00:00,city_Gurgaon,city_center,Gurgaon,28.4595,77.0266,FRC4,49,49,1683,1683,1,False,1.0
2026-08-23T21:44:14.823497+00:00,city_Noida,city_center,Noida,28.5355,77.391,FRC3,29,29,2592,2592,0.72056,True,1.0
2026-08-23T21:44:14.823497+00:00,hotspot_Anand_Vihar,hotspot,Anand Vihar,28.6469,77.3152,FRC3,40,40,651,651,1,False,1.0
2026-08-23T21:44:14.823497+00:00,hotspot_Rohini,hotspot,Rohini,28.7495,77.0565,FRC2,38,38,1188,1188,1,False,1.0
2026-08-23T22:14:35.324259+00:00,grid_0,grid,,28.099302,76.698159,FRC4,31,31,1306,1306,1,False,1.0
2026-08-23T22:14:35.324259+00:00,grid_1,grid,,28.099302,76.899382,FRC4,35,35,1597,1597,1,False,1.0
2026-08-23T22:14:35.324259+00:00,grid_2,grid,,28.099302,77.100604,FRC4,42,42,626,626,1,False,1.0
2026-08-23T22:14:35.324259+00:00,grid_3,grid,,28.099302,77.301827,FRC0,80,80,808,808,1,False,1.0
2026-08-23T22:14:35.324259+00:00,grid_4,grid,,28.099302,77.503049,FRC2,46,46,1777,1777,1,False,1.0
2026-08-23T22:14:35.324259+00:00,grid_5,grid,,28.099302,77.704272,FRC4,54,54,1057,1057,1,False,1.0
2026-08-23T22:14:35.324259+00:00,grid_6,grid,,28.260999,76.698159,FRC3,44,44,1293,1293,1,False,1.0
2026-08-23T22:14:35.324259+00:00,grid_7,grid,,28.260999,76.899382,FRC3,43,43,1183,1183,1,False,1.0
2026-08-23T22:14:35.324259+00:00,grid_8,grid,,28.260999,77.100604,FRC0,102,102,373,373,1,False,1.0
2026-08-23T22:14:35.324259+00:00,grid_9,grid,,28.260999,77.301827,FRC4,31,31,1991,1991,1,False,1.0
2026-08-23T22:14:35.324259+00:00,grid_10,grid,,28.260999,77.503049,FRC4,36,36,2091,2091,1,False,1.0
2026-08-23T22:14:35.324259+00:00,grid_11,grid,,28.260999,77.704272,FRC4,55,55,1336,1336,1,False,1.0
2026-08-23T22:14:35.324259+00:00,grid_12,grid,,28.422696,76.698159,FRC4,30,30,1054,1054,1,False,1.0
2026-08-23T22:14:35.324259+00:00,grid_13,grid,,28.422696,76.899382,FRC3,48,48,1050,1050,1,False,1.0
2026-08-23T22:14:35.324259+00:00,grid_14,grid,,28.422696,77.100604,FRC3,39,39,1237,1237,1,False,1.0
2026-08-23T22:14:35.324259+00:00,grid_15,grid,,28.422696,77.301827,FRC3,30,30,1172,1172,1,False,1.0
2026-08-23T22:14:35.324259+00:00,grid_16,grid,,28.422696,77.503049,FRC0,77,92,561,469,0.826978,False,0.837
2026-08-23T22:14:35.324259+00:00,grid_17,grid,,28.422696,77.704272,FRC3,56,56,1244,1244,1,False,1.0
2026-08-23T22:14:35.324259+00:00,grid_18,grid,,28.584392,76.698159,FRC4,34,34,770,770,1,False,1.0
2026-08-23T22:14:35.324259+00:00,grid_19,grid,,28.584392,76.899382,FRC7,40,40,1295,1295,1,False,1.0
2026-08-23T22:14:35.324259+00:00,grid_20,grid,,28.584392,77.100604,FRC6,37,37,1194,1194,1,False,1.0
2026-08-23T22:14:35.324259+00:00,grid_21,grid,,28.584392,77.301827,FRC2,49,49,990,990,1,False,1.0
2026-08-23T22:14:35.324259+00:00,grid_22,grid,,28.584392,77.503049,FRC3,41,41,1487,1487,1,False,1.0
2026-08-23T22:14:35.324259+00:00,grid_23,grid,,28.584392,77.704272,FRC4,43,43,1750,1750,1,False,1.0
2026-08-23T22:14:35.324259+00:00,grid_24,grid,,28.746089,76.698159,FRC4,47,47,1650,1650,1,False,1.0
2026-08-23T22:14:35.324259+00:00,grid_25,grid,,28.746089,76.899382,FRC4,42,42,737,737,1,False,1.0
2026-08-23T22:14:35.324259+00:00,grid_26,grid,,28.746089,77.100604,FRC3,32,32,1572,1572,1,False,1.0
2026-08-23T22:14:35.324259+00:00,grid_27,grid,,28.746089,77.301827,FRC3,28,28,1127,1127,1,False,1.0
2026-08-23T22:14:35.324259+00:00,grid_28,grid,,28.746089,77.503049,FRC2,49,49,1312,1312,1,False,1.0
2026-08-23T22:14:35.324259+00:00,grid_29,grid,,28.746089,77.704272,FRC3,49,49,1563,1563,1,False,1.0
2026-08-23T22:14:35.324259+00:00,grid_30,grid,,28.907786,76.698159,FRC2,46,46,1593,1593,1,False,1.0
2026-08-23T22:14:35.324259+00:00,grid_31,grid,,28.907786,76.899382,FRC4,44,44,1286,1286,1,False,1.0
2026-08-23T22:14:35.324259+00:00,grid_32,grid,,28.907786,77.100604,FRC1,61,61,147,147,1,False,1.0
2026-08-23T22:14:35.324259+00:00,grid_33,grid,,28.907786,77.301827,FRC2,69,69,1058,1058,1,False,1.0
2026-08-23T22:14:35.324259+00:00,grid_34,grid,,28.907786,77.503049,FRC4,46,46,1067,1067,1,False,1.0
2026-08-23T22:14:35.324259+00:00,grid_35,grid,,28.907786,77.704272,FRC2,49,49,1477,1477,1,False,1.0
2026-08-23T22:14:35.324259+00:00,city_Delhi,city_center,Delhi,28.7041,77.1025,FRC2,30,30,705,705,1,False,1.0
2026-08-23T22:14:35.324259+00:00,city_Faridabad,city_center,Faridabad,28.4089,77.3178,FRC4,34,34,355,355,1,False,1.0
2026-08-23T22:14:35.324259+00:00,city_Ghaziabad,city_center,Ghaziabad,28.6692,77.4538,FRC4,37,37,1031,1031,1,False,1.0
2026-08-23T22:14:35.324259+00:00,city_Gurgaon,city_center,Gurgaon,28.4595,77.0266,FRC4,49,49,1683,1683,1,False,1.0
2026-08-23T22:14:35.324259+00:00,city_Noida,city_center,Noida,28.5355,77.391,FRC3,29,29,2592,2592,0.830642,True,1.0
2026-08-23T22:14:35.324259+00:00,hotspot_Anand_Vihar,hotspot,Anand Vihar,28.6469,77.3152,FRC3,40,40,651,651,1,False,1.0
2026-08-23T22:14:35.324259+00:00,hotspot_Rohini,hotspot,Rohini,28.7495,77.0565,FRC2,38,38,1188,1188,1,False,1.0
2026-08-23T22:46:39.902493+00:00,grid_0,grid,,28.099302,76.698159,FRC4,31,31,1306,1306,1,False,1.0
2026-08-23T22:46:39.902493+00:00,grid_1,grid,,28.099302,76.899382,FRC4,35,35,1597,1597,1,False,1.0
2026-08-23T22:46:39.902493+00:00,grid_2,grid,,28.099302,77.100604,FRC4,42,42,626,626,1,False,1.0
2026-08-23T22:46:39.902493+00:00,grid_3,grid,,28.099302,77.301827,FRC0,80,80,808,808,1,False,1.0
2026-08-23T22:46:39.902493+00:00,grid_4,grid,,28.099302,77.503049,FRC2,46,46,1777,1777,1,False,1.0
2026-08-23T22:46:39.902493+00:00,grid_5,grid,,28.099302,77.704272,FRC4,54,54,1057,1057,1,False,1.0
2026-08-23T22:46:39.902493+00:00,grid_6,grid,,28.260999,76.698159,FRC3,44,44,1293,1293,1,False,1.0
2026-08-23T22:46:39.902493+00:00,grid_7,grid,,28.260999,76.899382,FRC3,43,43,1183,1183,1,False,1.0
2026-08-23T22:46:39.902493+00:00,grid_8,grid,,28.260999,77.100604,FRC0,102,102,373,373,1,False,1.0
2026-08-23T22:46:39.902493+00:00,grid_9,grid,,28.260999,77.301827,FRC4,31,31,1991,1991,1,False,1.0
2026-08-23T22:46:39.902493+00:00,grid_10,grid,,28.260999,77.503049,FRC4,36,36,2091,2091,1,False,1.0
2026-08-23T22:46:39.902493+00:00,grid_11,grid,,28.260999,77.704272,FRC4,55,55,1336,1336,1,False,1.0
2026-08-23T22:46:39.902493+00:00,grid_12,grid,,28.422696,76.698159,FRC4,30,30,1054,1054,1,False,1.0
2026-08-23T22:46:39.902493+00:00,grid_13,grid,,28.422696,76.899382,FRC3,48,48,1050,1050,1,False,1.0
2026-08-23T22:46:39.902493+00:00,grid_14,grid,,28.422696,77.100604,FRC3,39,39,1237,1237,1,False,1.0
2026-08-23T22:46:39.902493+00:00,grid_15,grid,,28.422696,77.301827,FRC3,30,30,1172,1172,1,False,1.0
2026-08-23T22:46:39.902493+00:00,grid_16,grid,,28.422696,77.503049,FRC0,82,91,527,475,0.653052,False,0.901
2026-08-23T22:46:39.902493+00:00,grid_17,grid,,28.422696,77.704272,FRC3,56,56,1244,1244,1,False,1.0
2026-08-23T22:46:39.902493+00:00,grid_18,grid,,28.584392,76.698159,FRC4,34,34,770,770,1,False,1.0
2026-08-23T22:46:39.902493+00:00,grid_19,grid,,28.584392,76.899382,FRC7,40,40,1295,1295,1,False,1.0
2026-08-23T22:46:39.902493+00:00,grid_20,grid,,28.584392,77.100604,FRC6,37,37,1194,1194,1,False,1.0
2026-08-23T22:46:39.902493+00:00,grid_21,grid,,28.584392,77.301827,FRC2,49,49,990,990,1,False,1.0
2026-08-23T22:46:39.902493+00:00,grid_22,grid,,28.584392,77.503049,FRC3,41,41,1487,1487,1,False,1.0
2026-08-23T22:46:39.902493+00:00,grid_23,grid,,28.584392,77.704272,FRC4,43,43,1750,1750,1,False,1.0
2026-08-23T22:46:39.902493+00:00,grid_24,grid,,28.746089,76.698159,FRC4,47,47,1650,1650,1,False,1.0
2026-08-23T22:46:39.902493+00:00,grid_25,grid,,28.746089,76.899382,FRC4,42,42,737,737,1,False,1.0
2026-08-23T22:46:39.902493+00:00,grid_26,grid,,28.746089,77.100604,FRC3,32,32,1572,1572,1,False,1.0
2026-08-23T22:46:39.902493+00:00,grid_27,grid,,28.746089,77.301827,FRC3,28,28,1127,1127,1,False,1.0
2026-08-23T22:46:39.902493+00:00,grid_28,grid,,28.746089,77.503049,FRC2,49,49,1312,1312,1,False,1.0
2026-08-23T22:46:39.902493+00:00,grid_29,grid,,28.746089,77.704272,FRC3,49,49,1563,1563,1,False,1.0
2026-08-23T22:46:39.902493+00:00,grid_30,grid,,28.907786,76.698159,FRC2,46,46,1593,1593,1,False,1.0
2026-08-23T22:46:39.902493+00:00,grid_31,grid,,28.907786,76.899382,FRC4,44,44,1286,1286,1,False,1.0
2026-08-23T22:46:39.902493+00:00,grid_32,grid,,28.907786,77.100604,FRC1,61,61,147,147,1,False,1.0
2026-08-23T22:46:39.902493+00:00,grid_33,grid,,28.907786,77.301827,FRC2,69,69,1058,1058,1,False,1.0
2026-08-23T22:46:39.902493+00:00,grid_34,grid,,28.907786,77.503049,FRC4,46,46,1067,1067,1,False,1.0
2026-08-23T22:46:39.902493+00:00,grid_35,grid,,28.907786,77.704272,FRC2,49,49,1477,1477,1,False,1.0
2026-08-23T22:46:39.902493+00:00,city_Delhi,city_center,Delhi,28.7041,77.1025,FRC2,30,30,705,705,1,False,1.0
2026-08-23T22:46:39.902493+00:00,city_Faridabad,city_center,Faridabad,28.4089,77.3178,FRC4,34,34,355,355,1,False,1.0
2026-08-23T22:46:39.902493+00:00,city_Ghaziabad,city_center,Ghaziabad,28.6692,77.4538,FRC4,37,37,1031,1031,1,False,1.0
2026-08-23T22:46:39.902493+00:00,city_Gurgaon,city_center,Gurgaon,28.4595,77.0266,FRC4,49,49,1683,1683,1,False,1.0
2026-08-23T22:46:39.902493+00:00,city_Noida,city_center,Noida,28.5355,77.391,FRC3,28,29,2684,2592,0.80918,True,0.966
2026-08-23T22:46:39.902493+00:00,hotspot_Anand_Vihar,hotspot,Anand Vihar,28.6469,77.3152,FRC3,40,40,651,651,1,False,1.0
2026-08-23T22:46:39.902493+00:00,hotspot_Rohini,hotspot,Rohini,28.7495,77.0565,FRC2,38,38,1188,1188,1,False,1.0
2026-08-23T23:14:31.580381+00:00,grid_0,grid,,28.099302,76.698159,FRC4,31,31,1306,1306,1,False,1.0
2026-08-23T23:14:31.580381+00:00,grid_1,grid,,28.099302,76.899382,FRC4,35,35,1597,1597,1,False,1.0
2026-08-23T23:14:31.580381+00:00,grid_2,grid,,28.099302,77.100604,FRC4,42,42,626,626,1,False,1.0
2026-08-23T23:14:31.580381+00:00,grid_3,grid,,28.099302,77.301827,FRC0,80,80,808,808,1,False,1.0
2026-08-23T23:14:31.580381+00:00,grid_4,grid,,28.099302,77.503049,FRC2,46,46,1777,1777,1,False,1.0
2026-08-23T23:14:31.580381+00:00,grid_5,grid,,28.099302,77.704272,FRC4,54,54,1057,1057,1,False,1.0
2026-08-23T23:14:31.580381+00:00,grid_6,grid,,28.260999,76.698159,FRC3,44,44,1293,1293,1,False,1.0
2026-08-23T23:14:31.580381+00:00,grid_7,grid,,28.260999,76.899382,FRC3,43,43,1183,1183,1,False,1.0
2026-08-23T23:14:31.580381+00:00,grid_8,grid,,28.260999,77.100604,FRC0,102,102,373,373,1,False,1.0
2026-08-23T23:14:31.580381+00:00,grid_9,grid,,28.260999,77.301827,FRC4,31,31,1991,1991,1,False,1.0
2026-08-23T23:14:31.580381+00:00,grid_10,grid,,28.260999,77.503049,FRC4,36,36,2091,2091,1,False,1.0
2026-08-23T23:14:31.580381+00:00,grid_11,grid,,28.260999,77.704272,FRC4,55,55,1336,1336,1,False,1.0
2026-08-23T23:14:31.580381+00:00,grid_12,grid,,28.422696,76.698159,FRC4,30,30,1054,1054,1,False,1.0
2026-08-23T23:14:31.580381+00:00,grid_13,grid,,28.422696,76.899382,FRC3,48,48,1050,1050,1,False,1.0
2026-08-23T23:14:31.580381+00:00,grid_14,grid,,28.422696,77.100604,FRC3,39,39,1237,1237,1,False,1.0
2026-08-23T23:14:31.580381+00:00,grid_15,grid,,28.422696,77.301827,FRC3,30,30,1172,1172,1,False,1.0
2026-08-23T23:14:31.580381+00:00,grid_16,grid,,28.422696,77.503049,FRC0,92,92,469,469,1,False,1.0
2026-08-23T23:14:31.580381+00:00,grid_17,grid,,28.422696,77.704272,FRC3,56,56,1244,1244,1,False,1.0
2026-08-23T23:14:31.580381+00:00,grid_18,grid,,28.584392,76.698159,FRC4,34,34,770,770,1,False,1.0
2026-08-23T23:14:31.580381+00:00,grid_19,grid,,28.584392,76.899382,FRC7,40,40,1295,1295,1,False,1.0
2026-08-23T23:14:31.580381+00:00,grid_20,grid,,28.584392,77.100604,FRC6,37,37,1194,1194,1,False,1.0
2026-08-23T23:14:31.580381+00:00,grid_21,grid,,28.584392,77.301827,FRC2,49,49,990,990,1,False,1.0
2026-08-23T23:14:31.580381+00:00,grid_22,grid,,28.584392,77.503049,FRC3,41,41,1487,1487,1,False,1.0
2026-08-23T23:14:31.580381+00:00,grid_23,grid,,28.584392,77.704272,FRC4,43,43,1750,1750,1,False,1.0
2026-08-23T23:14:31.580381+00:00,grid_24,grid,,28.746089,76.698159,FRC4,47,47,1650,1650,1,False,1.0
2026-08-23T23:14:31.580381+00:00,grid_25,grid,,28.746089,76.899382,FRC4,42,42,737,737,1,False,1.0
2026-08-23T23:14:31.580381+00:00,grid_26,grid,,28.746089,77.100604,FRC3,32,32,1572,1572,1,False,1.0
2026-08-23T23:14:31.580381+00:00,grid_27,grid,,28.746089,77.301827,FRC3,28,28,1127,1127,1,False,1.0
2026-08-23T23:14:31.580381+00:00,grid_28,grid,,28.746089,77.503049,FRC2,49,49,1312,1312,1,False,1.0
2026-08-23T23:14:31.580381+00:00,grid_29,grid,,28.746089,77.704272,FRC3,49,49,1563,1563,1,False,1.0
2026-08-23T23:14:31.580381+00:00,grid_30,grid,,28.907786,76.698159,FRC2,46,46,1593,1593,1,False,1.0
2026-08-23T23:14:31.580381+00:00,grid_31,grid,,28.907786,76.899382,FRC4,44,44,1286,1286,1,False,1.0
2026-08-23T23:14:31.580381+00:00,grid_32,grid,,28.907786,77.100604,FRC1,61,61,147,147,1,False,1.0
2026-08-23T23:14:31.580381+00:00,grid_33,grid,,28.907786,77.301827,FRC2,69,69,1058,1058,1,False,1.0
2026-08-23T23:14:31.580381+00:00,grid_34,grid,,28.907786,77.503049,FRC4,46,46,1067,1067,1,False,1.0
2026-08-23T23:14:31.580381+00:00,grid_35,grid,,28.907786,77.704272,FRC2,49,49,1477,1477,1,False,1.0
2026-08-23T23:14:31.580381+00:00,city_Delhi,city_center,Delhi,28.7041,77.1025,FRC2,30,30,705,705,1,False,1.0
2026-08-23T23:14:31.580381+00:00,city_Faridabad,city_center,Faridabad,28.4089,77.3178,FRC4,34,34,355,355,1,False,1.0
2026-08-23T23:14:31.580381+00:00,city_Ghaziabad,city_center,Ghaziabad,28.6692,77.4538,FRC4,37,37,1031,1031,1,False,1.0
2026-08-23T23:14:31.580381+00:00,city_Gurgaon,city_center,Gurgaon,28.4595,77.0266,FRC4,49,49,1683,1683,1,False,1.0
2026-08-23T23:14:31.580381+00:00,city_Noida,city_center,Noida,28.5355,77.391,FRC3,28,29,2684,2592,0.823696,True,0.966
2026-08-23T23:14:31.580381+00:00,hotspot_Anand_Vihar,hotspot,Anand Vihar,28.6469,77.3152,FRC3,40,40,651,651,1,False,1.0
2026-08-23T23:14:31.580381+00:00,hotspot_Rohini,hotspot,Rohini,28.7495,77.0565,FRC2,38,38,1188,1188,1,False,1.0
2026-08-23T23:43:39.572401+00:00,grid_0,grid,,28.099302,76.698159,FRC4,31,31,1306,1306,1,False,1.0
2026-08-23T23:43:39.572401+00:00,grid_1,grid,,28.099302,76.899382,FRC4,35,35,1597,1597,1,False,1.0
2026-08-23T23:43:39.572401+00:00,grid_2,grid,,28.099302,77.100604,FRC4,42,42,626,626,1,False,1.0
2026-08-23T23:43:39.572401+00:00,grid_3,grid,,28.099302,77.301827,FRC0,80,80,808,808,1,False,1.0
2026-08-23T23:43:39.572401+00:00,grid_4,grid,,28.099302,77.503049,FRC2,46,46,1777,1777,1,False,1.0
2026-08-23T23:43:39.572401+00:00,grid_5,grid,,28.099302,77.704272,FRC4,54,54,1057,1057,1,False,1.0
2026-08-23T23:43:39.572401+00:00,grid_6,grid,,28.260999,76.698159,FRC3,44,44,1293,1293,1,False,1.0
2026-08-23T23:43:39.572401+00:00,grid_7,grid,,28.260999,76.899382,FRC3,43,43,1183,1183,1,False,1.0
2026-08-23T23:43:39.572401+00:00,grid_8,grid,,28.260999,77.100604,FRC0,102,102,373,373,1,False,1.0
2026-08-23T23:43:39.572401+00:00,grid_9,grid,,28.260999,77.301827,FRC4,31,31,1991,1991,1,False,1.0
2026-08-23T23:43:39.572401+00:00,grid_10,grid,,28.260999,77.503049,FRC4,36,36,2091,2091,1,False,1.0
2026-08-23T23:43:39.572401+00:00,grid_11,grid,,28.260999,77.704272,FRC4,55,55,1336,1336,1,False,1.0
2026-08-23T23:43:39.572401+00:00,grid_12,grid,,28.422696,76.698159,FRC4,30,30,1054,1054,1,False,1.0
2026-08-23T23:43:39.572401+00:00,grid_13,grid,,28.422696,76.899382,FRC3,48,48,1050,1050,1,False,1.0
2026-08-23T23:43:39.572401+00:00,grid_14,grid,,28.422696,77.100604,FRC3,39,39,1237,1237,1,False,1.0
2026-08-23T23:43:39.572401+00:00,grid_15,grid,,28.422696,77.301827,FRC3,30,30,1172,1172,1,False,1.0
2026-08-23T23:43:39.572401+00:00,grid_16,grid,,28.422696,77.503049,FRC0,83,91,520,475,0.955273,False,0.912
2026-08-23T23:43:39.572401+00:00,grid_17,grid,,28.422696,77.704272,FRC3,56,56,1244,1244,1,False,1.0
2026-08-23T23:43:39.572401+00:00,grid_18,grid,,28.584392,76.698159,FRC4,34,34,770,770,1,False,1.0
2026-08-23T23:43:39.572401+00:00,grid_19,grid,,28.584392,76.899382,FRC7,40,40,1295,1295,1,False,1.0
2026-08-23T23:43:39.572401+00:00,grid_20,grid,,28.584392,77.100604,FRC6,37,37,1194,1194,1,False,1.0
2026-08-23T23:43:39.572401+00:00,grid_21,grid,,28.584392,77.301827,FRC2,49,49,990,990,1,False,1.0
2026-08-23T23:43:39.572401+00:00,grid_22,grid,,28.584392,77.503049,FRC3,41,41,1487,1487,1,False,1.0
2026-08-23T23:43:39.572401+00:00,grid_23,grid,,28.584392,77.704272,FRC4,43,43,1750,1750,1,False,1.0
2026-08-23T23:43:39.572401+00:00,grid_24,grid,,28.746089,76.698159,FRC4,47,47,1650,1650,1,False,1.0
2026-08-23T23:43:39.572401+00:00,grid_25,grid,,28.746089,76.899382,FRC4,42,42,737,737,1,False,1.0
2026-08-23T23:43:39.572401+00:00,grid_26,grid,,28.746089,77.100604,FRC3,32,32,1572,1572,1,False,1.0
2026-08-23T23:43:39.572401+00:00,grid_27,grid,,28.746089,77.301827,FRC3,28,28,1127,1127,1,False,1.0
2026-08-23T23:43:39.572401+00:00,grid_28,grid,,28.746089,77.503049,FRC2,49,49,1312,1312,1,False,1.0
2026-08-23T23:43:39.572401+00:00,grid_29,grid,,28.746089,77.704272,FRC3,49,49,1563,1563,1,False,1.0
2026-08-23T23:43:39.572401+00:00,grid_30,grid,,28.907786,76.698159,FRC2,46,46,1593,1593,1,False,1.0
2026-08-23T23:43:39.572401+00:00,grid_31,grid,,28.907786,76.899382,FRC4,44,44,1286,1286,1,False,1.0
2026-08-23T23:43:39.572401+00:00,grid_32,grid,,28.907786,77.100604,FRC1,61,61,147,147,1,False,1.0
2026-08-23T23:43:39.572401+00:00,grid_33,grid,,28.907786,77.301827,FRC2,69,69,1058,1058,1,False,1.0
2026-08-23T23:43:39.572401+00:00,grid_34,grid,,28.907786,77.503049,FRC4,46,46,1067,1067,1,False,1.0
2026-08-23T23:43:39.572401+00:00,grid_35,grid,,28.907786,77.704272,FRC2,49,49,1477,1477,1,False,1.0
2026-08-23T23:43:39.572401+00:00,city_Delhi,city_center,Delhi,28.7041,77.1025,FRC2,30,30,705,705,1,False,1.0
2026-08-23T23:43:39.572401+00:00,city_Faridabad,city_center,Faridabad,28.4089,77.3178,FRC4,34,34,355,355,1,False,1.0
2026-08-23T23:43:39.572401+00:00,city_Ghaziabad,city_center,Ghaziabad,28.6692,77.4538,FRC4,37,37,1031,1031,1,False,1.0
2026-08-23T23:43:39.572401+00:00,city_Gurgaon,city_center,Gurgaon,28.4595,77.0266,FRC4,49,49,1683,1683,1,False,1.0
2026-08-23T23:43:39.572401+00:00,city_Noida,city_center,Noida,28.5355,77.391,FRC3,28,29,2684,2592,0.908604,True,0.966
2026-08-23T23:43:39.572401+00:00,hotspot_Anand_Vihar,hotspot,Anand Vihar,28.6469,77.3152,FRC3,40,40,651,651,1,False,1.0
2026-08-23T23:43:39.572401+00:00,hotspot_Rohini,hotspot,Rohini,28.7495,77.0565,FRC2,38,38,1188,1188,1,False,1.0
2026-08-24T00:47:25.929217+00:00,grid_0,grid,,28.099302,76.698159,FRC4,31,31,1306,1306,1,False,1.0
2026-08-24T00:47:25.929217+00:00,grid_1,grid,,28.099302,76.899382,FRC4,35,35,1597,1597,1,False,1.0
2026-08-24T00:47:25.929217+00:00,grid_2,grid,,28.099302,77.100604,FRC4,42,42,626,626,1,False,1.0
2026-08-24T00:47:25.929217+00:00,grid_3,grid,,28.099302,77.301827,FRC0,80,80,808,808,1,False,1.0
2026-08-24T00:47:25.929217+00:00,grid_4,grid,,28.099302,77.503049,FRC2,46,46,1777,1777,1,False,1.0
2026-08-24T00:47:25.929217+00:00,grid_5,grid,,28.099302,77.704272,FRC4,54,54,1057,1057,1,False,1.0
2026-08-24T00:47:25.929217+00:00,grid_6,grid,,28.260999,76.698159,FRC3,44,44,1293,1293,1,False,1.0
2026-08-24T00:47:25.929217+00:00,grid_7,grid,,28.260999,76.899382,FRC3,43,43,1183,1183,1,False,1.0
2026-08-24T00:47:25.929217+00:00,grid_8,grid,,28.260999,77.100604,FRC0,102,102,373,373,1,False,1.0
2026-08-24T00:47:25.929217+00:00,grid_9,grid,,28.260999,77.301827,FRC4,31,31,1991,1991,1,False,1.0
2026-08-24T00:47:25.929217+00:00,grid_10,grid,,28.260999,77.503049,FRC4,36,36,2091,2091,1,False,1.0
2026-08-24T00:47:25.929217+00:00,grid_11,grid,,28.260999,77.704272,FRC4,55,55,1336,1336,1,False,1.0
2026-08-24T00:47:25.929217+00:00,grid_12,grid,,28.422696,76.698159,FRC4,30,30,1054,1054,1,False,1.0
2026-08-24T00:47:25.929217+00:00,grid_13,grid,,28.422696,76.899382,FRC3,48,48,1050,1050,1,False,1.0
2026-08-24T00:47:25.929217+00:00,grid_14,grid,,28.422696,77.100604,FRC3,39,39,1237,1237,1,False,1.0
2026-08-24T00:47:25.929217+00:00,grid_15,grid,,28.422696,77.301827,FRC3,30,30,1172,1172,1,False,1.0
2026-08-24T00:47:25.929217+00:00,grid_16,grid,,28.422696,77.503049,FRC0,92,92,469,469,1,False,1.0
2026-08-24T00:47:25.929217+00:00,grid_17,grid,,28.422696,77.704272,FRC3,56,56,1244,1244,1,False,1.0
2026-08-24T00:47:25.929217+00:00,grid_18,grid,,28.584392,76.698159,FRC4,34,34,770,770,1,False,1.0
2026-08-24T00:47:25.929217+00:00,grid_19,grid,,28.584392,76.899382,FRC7,40,40,1295,1295,1,False,1.0
2026-08-24T00:47:25.929217+00:00,grid_20,grid,,28.584392,77.100604,FRC6,37,37,1194,1194,1,False,1.0
2026-08-24T00:47:25.929217+00:00,grid_21,grid,,28.584392,77.301827,FRC2,49,49,990,990,1,False,1.0
2026-08-24T00:47:25.929217+00:00,grid_22,grid,,28.584392,77.503049,FRC3,41,41,1487,1487,1,False,1.0
2026-08-24T00:47:25.929217+00:00,grid_23,grid,,28.584392,77.704272,FRC4,43,43,1750,1750,1,False,1.0
2026-08-24T00:47:25.929217+00:00,grid_24,grid,,28.746089,76.698159,FRC4,47,47,1650,1650,1,False,1.0
2026-08-24T00:47:25.929217+00:00,grid_25,grid,,28.746089,76.899382,FRC4,42,42,737,737,1,False,1.0
2026-08-24T00:47:25.929217+00:00,grid_26,grid,,28.746089,77.100604,FRC3,32,32,1572,1572,1,False,1.0
2026-08-24T00:47:25.929217+00:00,grid_27,grid,,28.746089,77.301827,FRC3,28,28,1127,1127,1,False,1.0
2026-08-24T00:47:25.929217+00:00,grid_28,grid,,28.746089,77.503049,FRC2,49,49,1312,1312,1,False,1.0
2026-08-24T00:47:25.929217+00:00,grid_29,grid,,28.746089,77.704272,FRC3,49,49,1563,1563,1,False,1.0
2026-08-24T00:47:25.929217+00:00,grid_30,grid,,28.907786,76.698159,FRC2,46,46,1593,1593,1,False,1.0
2026-08-24T00:47:25.929217+00:00,grid_31,grid,,28.907786,76.899382,FRC4,44,44,1286,1286,1,False,1.0
2026-08-24T00:47:25.929217+00:00,grid_32,grid,,28.907786,77.100604,FRC1,61,61,147,147,1,False,1.0
2026-08-24T00:47:25.929217+00:00,grid_33,grid,,28.907786,77.301827,FRC2,69,69,1058,1058,1,False,1.0
2026-08-24T00:47:25.929217+00:00,grid_34,grid,,28.907786,77.503049,FRC4,46,46,1067,1067,1,False,1.0
2026-08-24T00:47:25.929217+00:00,grid_35,grid,,28.907786,77.704272,FRC2,49,49,1477,1477,1,False,1.0
2026-08-24T00:47:25.929217+00:00,city_Delhi,city_center,Delhi,28.7041,77.1025,FRC2,30,30,705,705,1,False,1.0
2026-08-24T00:47:25.929217+00:00,city_Faridabad,city_center,Faridabad,28.4089,77.3178,FRC4,34,34,355,355,1,False,1.0
2026-08-24T00:47:25.929217+00:00,city_Ghaziabad,city_center,Ghaziabad,28.6692,77.4538,FRC4,37,37,1031,1031,1,False,1.0
2026-08-24T00:47:25.929217+00:00,city_Gurgaon,city_center,Gurgaon,28.4595,77.0266,FRC4,49,49,1683,1683,1,False,1.0
2026-08-24T00:47:25.929217+00:00,city_Noida,city_center,Noida,28.5355,77.391,FRC3,27,29,2784,2592,0.871931,True,0.931
2026-08-24T00:47:25.929217+00:00,hotspot_Anand_Vihar,hotspot,Anand Vihar,28.6469,77.3152,FRC3,40,40,651,651,1,False,1.0
2026-08-24T00:47:25.929217+00:00,hotspot_Rohini,hotspot,Rohini,28.7495,77.0565,FRC2,38,38,1188,1188,1,False,1.0
2026-08-24T02:19:22.079198+00:00,grid_0,grid,,28.099302,76.698159,FRC4,31,31,1306,1306,1,False,1.0
2026-08-24T02:19:22.079198+00:00,grid_1,grid,,28.099302,76.899382,FRC4,35,35,1597,1597,1,False,1.0
2026-08-24T02:19:22.079198+00:00,grid_2,grid,,28.099302,77.100604,FRC4,42,42,626,626,1,False,1.0
2026-08-24T02:19:22.079198+00:00,grid_3,grid,,28.099302,77.301827,FRC0,80,80,808,808,1,False,1.0
2026-08-24T02:19:22.079198+00:00,grid_4,grid,,28.099302,77.503049,FRC2,46,46,1777,1777,1,False,1.0
2026-08-24T02:19:22.079198+00:00,grid_5,grid,,28.099302,77.704272,FRC4,54,54,1057,1057,1,False,1.0
2026-08-24T02:19:22.079198+00:00,grid_6,grid,,28.260999,76.698159,FRC3,44,44,1293,1293,1,False,1.0
2026-08-24T02:19:22.079198+00:00,grid_7,grid,,28.260999,76.899382,FRC3,43,43,1183,1183,1,False,1.0
2026-08-24T02:19:22.079198+00:00,grid_8,grid,,28.260999,77.100604,FRC0,102,102,373,373,1,False,1.0
2026-08-24T02:19:22.079198+00:00,grid_9,grid,,28.260999,77.301827,FRC4,31,31,1991,1991,1,False,1.0
2026-08-24T02:19:22.079198+00:00,grid_10,grid,,28.260999,77.503049,FRC4,36,36,2091,2091,1,False,1.0
2026-08-24T02:19:22.079198+00:00,grid_11,grid,,28.260999,77.704272,FRC4,55,55,1336,1336,1,False,1.0
2026-08-24T02:19:22.079198+00:00,grid_12,grid,,28.422696,76.698159,FRC4,30,30,1054,1054,1,False,1.0
2026-08-24T02:19:22.079198+00:00,grid_13,grid,,28.422696,76.899382,FRC3,48,48,1050,1050,1,False,1.0
2026-08-24T02:19:22.079198+00:00,grid_14,grid,,28.422696,77.100604,FRC3,36,40,1340,1206,1,False,0.9
2026-08-24T02:19:22.079198+00:00,grid_15,grid,,28.422696,77.301827,FRC3,30,30,1172,1172,1,False,1.0
2026-08-24T02:19:22.079198+00:00,grid_16,grid,,28.422696,77.503049,FRC0,92,92,469,469,1,False,1.0
2026-08-24T02:19:22.079198+00:00,grid_17,grid,,28.422696,77.704272,FRC3,56,56,1244,1244,1,False,1.0
2026-08-24T02:19:22.079198+00:00,grid_18,grid,,28.584392,76.698159,FRC4,34,34,770,770,1,False,1.0
2026-08-24T02:19:22.079198+00:00,grid_19,grid,,28.584392,76.899382,FRC7,40,40,1295,1295,1,False,1.0
2026-08-24T02:19:22.079198+00:00,grid_20,grid,,28.584392,77.100604,FRC6,30,37,1473,1194,0.997291,False,0.811
2026-08-24T02:19:22.079198+00:00,grid_21,grid,,28.584392,77.301827,FRC2,49,49,990,990,1,False,1.0
2026-08-24T02:19:22.079198+00:00,grid_22,grid,,28.584392,77.503049,FRC3,32,42,1905,1451,0.970233,False,0.762
2026-08-24T02:19:22.079198+00:00,grid_23,grid,,28.584392,77.704272,FRC4,43,43,1750,1750,1,False,1.0
2026-08-24T02:19:22.079198+00:00,grid_24,grid,,28.746089,76.698159,FRC4,47,47,1650,1650,1,False,1.0
2026-08-24T02:19:22.079198+00:00,grid_25,grid,,28.746089,76.899382,FRC4,42,42,737,737,1,False,1.0
2026-08-24T02:19:22.079198+00:00,grid_26,grid,,28.746089,77.100604,FRC3,32,32,1572,1572,1,False,1.0
2026-08-24T02:19:22.079198+00:00,grid_27,grid,,28.746089,77.301827,FRC3,28,28,1127,1127,1,False,1.0
2026-08-24T02:19:22.079198+00:00,grid_28,grid,,28.746089,77.503049,FRC2,39,49,1648,1312,0.992735,False,0.796
2026-08-24T02:19:22.079198+00:00,grid_29,grid,,28.746089,77.704272,FRC3,49,49,1563,1563,1,False,1.0
2026-08-24T02:19:22.079198+00:00,grid_30,grid,,28.907786,76.698159,FRC2,46,46,1593,1593,1,False,1.0
2026-08-24T02:19:22.079198+00:00,grid_31,grid,,28.907786,76.899382,FRC4,44,44,1286,1286,1,False,1.0
2026-08-24T02:19:22.079198+00:00,grid_32,grid,,28.907786,77.100604,FRC1,61,61,147,147,1,False,1.0
2026-08-24T02:19:22.079198+00:00,grid_33,grid,,28.907786,77.301827,FRC2,69,69,1058,1058,1,False,1.0
2026-08-24T02:19:22.079198+00:00,grid_34,grid,,28.907786,77.503049,FRC4,46,46,1067,1067,1,False,1.0
2026-08-24T02:19:22.079198+00:00,grid_35,grid,,28.907786,77.704272,FRC2,49,49,1477,1477,1,False,1.0
2026-08-24T02:19:22.079198+00:00,city_Delhi,city_center,Delhi,28.7041,77.1025,FRC2,21,29,1007,729,0.988411,False,0.724
2026-08-24T02:19:22.079198+00:00,city_Faridabad,city_center,Faridabad,28.4089,77.3178,FRC4,26,34,465,355,0.91,False,0.765
2026-08-24T02:19:22.079198+00:00,city_Ghaziabad,city_center,Ghaziabad,28.6692,77.4538,FRC4,37,37,1031,1031,1,False,1.0
2026-08-24T02:19:22.079198+00:00,city_Gurgaon,city_center,Gurgaon,28.4595,77.0266,FRC4,49,49,1683,1683,1,False,1.0
2026-08-24T02:19:22.079198+00:00,city_Noida,city_center,Noida,28.5355,77.391,FRC3,24,30,3132,2505,0.952959,True,0.8
2026-08-24T02:19:22.079198+00:00,hotspot_Anand_Vihar,hotspot,Anand Vihar,28.6469,77.3152,FRC3,40,40,651,651,1,False,1.0
2026-08-24T02:19:22.079198+00:00,hotspot_Rohini,hotspot,Rohini,28.7495,77.0565,FRC2,38,38,1188,1188,1,False,1.0
2026-08-24T03:30:38.157459+00:00,grid_0,grid,,28.099302,76.698159,FRC4,31,31,1306,1306,1,False,1.0
2026-08-24T03:30:38.157459+00:00,grid_1,grid,,28.099302,76.899382,FRC4,35,35,1597,1597,1,False,1.0
2026-08-24T03:30:38.157459+00:00,grid_2,grid,,28.099302,77.100604,FRC4,42,42,626,626,1,False,1.0
2026-08-24T03:30:38.157459+00:00,grid_3,grid,,28.099302,77.301827,FRC0,80,80,808,808,1,False,1.0
2026-08-24T03:30:38.157459+00:00,grid_4,grid,,28.099302,77.503049,FRC2,46,46,1777,1777,1,False,1.0
2026-08-24T03:30:38.157459+00:00,grid_5,grid,,28.099302,77.704272,FRC4,54,54,1057,1057,1,False,1.0
2026-08-24T03:30:38.157459+00:00,grid_6,grid,,28.260999,76.698159,FRC3,44,44,1293,1293,1,False,1.0
2026-08-24T03:30:38.157459+00:00,grid_7,grid,,28.260999,76.899382,FRC3,43,43,1183,1183,1,False,1.0
2026-08-24T03:30:38.157459+00:00,grid_8,grid,,28.260999,77.100604,FRC0,102,102,373,373,1,False,1.0
2026-08-24T03:30:38.157459+00:00,grid_9,grid,,28.260999,77.301827,FRC4,31,31,1991,1991,1,False,1.0
2026-08-24T03:30:38.157459+00:00,grid_10,grid,,28.260999,77.503049,FRC4,36,36,2091,2091,1,False,1.0
2026-08-24T03:30:38.157459+00:00,grid_11,grid,,28.260999,77.704272,FRC4,55,55,1336,1336,1,False,1.0
2026-08-24T03:30:38.157459+00:00,grid_12,grid,,28.422696,76.698159,FRC4,30,30,1054,1054,1,False,1.0
2026-08-24T03:30:38.157459+00:00,grid_13,grid,,28.422696,76.899382,FRC3,43,48,1173,1050,0.874919,False,0.896
2026-08-24T03:30:38.157459+00:00,grid_14,grid,,28.422696,77.100604,FRC3,29,40,1664,1206,1,False,0.725
2026-08-24T03:30:38.157459+00:00,grid_15,grid,,28.422696,77.301827,FRC3,25,30,1406,1172,0.974868,False,0.833
2026-08-24T03:30:38.157459+00:00,grid_16,grid,,28.422696,77.503049,FRC0,92,92,469,469,1,False,1.0
2026-08-24T03:30:38.157459+00:00,grid_17,grid,,28.422696,77.704272,FRC3,56,56,1244,1244,1,False,1.0
2026-08-24T03:30:38.157459+00:00,grid_18,grid,,28.584392,76.698159,FRC4,34,34,770,770,1,False,1.0
2026-08-24T03:30:38.157459+00:00,grid_19,grid,,28.584392,76.899382,FRC7,40,40,1295,1295,1,False,1.0
2026-08-24T03:30:38.157459+00:00,grid_20,grid,,28.584392,77.100604,FRC6,26,37,1700,1194,0.996448,False,0.703
2026-08-24T03:30:38.157459+00:00,grid_21,grid,,28.584392,77.301827,FRC2,34,49,1428,990,0.999333,False,0.694
2026-08-24T03:30:38.157459+00:00,grid_22,grid,,28.584392,77.503049,FRC3,30,42,2032,1451,0.980781,False,0.714
2026-08-24T03:30:38.157459+00:00,grid_23,grid,,28.584392,77.704272,FRC4,43,43,1750,1750,1,False,1.0
2026-08-24T03:30:38.157459+00:00,grid_24,grid,,28.746089,76.698159,FRC4,47,47,1650,1650,1,False,1.0
2026-08-24T03:30:38.157459+00:00,grid_25,grid,,28.746089,76.899382,FRC4,42,42,737,737,1,False,1.0
2026-08-24T03:30:38.157459+00:00,grid_26,grid,,28.746089,77.100604,FRC3,24,33,2096,1524,0.975195,False,0.727
2026-08-24T03:30:38.157459+00:00,grid_27,grid,,28.746089,77.301827,FRC3,23,28,1372,1127,0.985716,False,0.821
2026-08-24T03:30:38.157459+00:00,grid_28,grid,,28.746089,77.503049,FRC2,34,48,1891,1339,0.99938,False,0.708
2026-08-24T03:30:38.157459+00:00,grid_29,grid,,28.746089,77.704272,FRC3,49,49,1563,1563,1,False,1.0
2026-08-24T03:30:38.157459+00:00,grid_30,grid,,28.907786,76.698159,FRC2,46,46,1593,1593,1,False,1.0
2026-08-24T03:30:38.157459+00:00,grid_31,grid,,28.907786,76.899382,FRC4,44,44,1286,1286,1,False,1.0
2026-08-24T03:30:38.157459+00:00,grid_32,grid,,28.907786,77.100604,FRC1,61,61,147,147,1,False,1.0
2026-08-24T03:30:38.157459+00:00,grid_33,grid,,28.907786,77.301827,FRC2,69,69,1058,1058,1,False,1.0
2026-08-24T03:30:38.157459+00:00,grid_34,grid,,28.907786,77.503049,FRC4,46,46,1067,1067,1,False,1.0
2026-08-24T03:30:38.157459+00:00,grid_35,grid,,28.907786,77.704272,FRC2,49,49,1477,1477,1,False,1.0
2026-08-24T03:30:38.157459+00:00,city_Delhi,city_center,Delhi,28.7041,77.1025,FRC2,20,29,1058,729,0.995791,False,0.69
2026-08-24T03:30:38.157459+00:00,city_Faridabad,city_center,Faridabad,28.4089,77.3178,FRC4,34,34,355,355,1,False,1.0
2026-08-24T03:30:38.157459+00:00,city_Ghaziabad,city_center,Ghaziabad,28.6692,77.4538,FRC4,30,37,1271,1031,0.968735,False,0.811
2026-08-24T03:30:38.157459+00:00,city_Gurgaon,city_center,Gurgaon,28.4595,77.0266,FRC4,45,50,1832,1649,0.999506,False,0.9
2026-08-24T03:30:38.157459+00:00,city_Noida,city_center,Noida,28.5355,77.391,FRC3,22,30,3417,2505,0.97427,True,0.733
2026-08-24T03:30:38.157459+00:00,hotspot_Anand_Vihar,hotspot,Anand Vihar,28.6469,77.3152,FRC3,40,40,651,651,1,False,1.0
2026-08-24T03:30:38.157459+00:00,hotspot_Rohini,hotspot,Rohini,28.7495,77.0565,FRC2,31,38,1457,1188,1,False,0.816
2026-08-24T04:22:52.767740+00:00,grid_0,grid,,28.099302,76.698159,FRC4,31,31,1306,1306,1,False,1.0
2026-08-24T04:22:52.767740+00:00,grid_1,grid,,28.099302,76.899382,FRC4,35,35,1597,1597,1,False,1.0
2026-08-24T04:22:52.767740+00:00,grid_2,grid,,28.099302,77.100604,FRC4,42,42,626,626,1,False,1.0
2026-08-24T04:22:52.767740+00:00,grid_3,grid,,28.099302,77.301827,FRC0,80,80,808,808,1,False,1.0
2026-08-24T04:22:52.767740+00:00,grid_4,grid,,28.099302,77.503049,FRC2,46,46,1777,1777,1,False,1.0
2026-08-24T04:22:52.767740+00:00,grid_5,grid,,28.099302,77.704272,FRC4,54,54,1057,1057,1,False,1.0
2026-08-24T04:22:52.767740+00:00,grid_6,grid,,28.260999,76.698159,FRC3,44,44,1293,1293,1,False,1.0
2026-08-24T04:22:52.767740+00:00,grid_7,grid,,28.260999,76.899382,FRC3,43,43,1183,1183,1,False,1.0
2026-08-24T04:22:52.767740+00:00,grid_8,grid,,28.260999,77.100604,FRC0,102,102,373,373,1,False,1.0
2026-08-24T04:22:52.767740+00:00,grid_9,grid,,28.260999,77.301827,FRC4,31,31,1991,1991,1,False,1.0
2026-08-24T04:22:52.767740+00:00,grid_10,grid,,28.260999,77.503049,FRC4,36,36,2091,2091,1,False,1.0
2026-08-24T04:22:52.767740+00:00,grid_11,grid,,28.260999,77.704272,FRC4,55,55,1336,1336,1,False,1.0
2026-08-24T04:22:52.767740+00:00,grid_12,grid,,28.422696,76.698159,FRC4,30,30,1054,1054,1,False,1.0
2026-08-24T04:22:52.767740+00:00,grid_13,grid,,28.422696,76.899382,FRC3,45,49,1120,1029,0.908345,False,0.918
2026-08-24T04:22:52.767740+00:00,grid_14,grid,,28.422696,77.100604,FRC3,28,41,1724,1177,1,False,0.683
2026-08-24T04:22:52.767740+00:00,grid_15,grid,,28.422696,77.301827,FRC3,30,30,1172,1172,1,False,1.0
2026-08-24T04:22:52.767740+00:00,grid_16,grid,,28.422696,77.503049,FRC0,92,92,469,469,1,False,1.0
2026-08-24T04:22:52.767740+00:00,grid_17,grid,,28.422696,77.704272,FRC3,56,56,1244,1244,1,False,1.0
2026-08-24T04:22:52.767740+00:00,grid_18,grid,,28.584392,76.698159,FRC4,34,34,770,770,1,False,1.0
2026-08-24T04:22:52.767740+00:00,grid_19,grid,,28.584392,76.899382,FRC7,40,40,1295,1295,1,False,1.0
2026-08-24T04:22:52.767740+00:00,grid_20,grid,,28.584392,77.100604,FRC6,28,37,1579,1194,1,False,0.757
2026-08-24T04:22:52.767740+00:00,grid_21,grid,,28.584392,77.301827,FRC2,32,49,1517,990,0.998999,False,0.653
2026-08-24T04:22:52.767740+00:00,grid_22,grid,,28.584392,77.503049,FRC3,29,43,2102,1417,0.987917,False,0.674
2026-08-24T04:22:52.767740+00:00,grid_23,grid,,28.584392,77.704272,FRC4,43,43,1750,1750,1,False,1.0
2026-08-24T04:22:52.767740+00:00,grid_24,grid,,28.746089,76.698159,FRC4,47,47,1650,1650,1,False,1.0
2026-08-24T04:22:52.767740+00:00,grid_25,grid,,28.746089,76.899382,FRC4,42,42,737,737,1,False,1.0
2026-08-24T04:22:52.767740+00:00,grid_26,grid,,28.746089,77.100604,FRC3,24,33,2096,1524,0.984722,False,0.727
2026-08-24T04:22:52.767740+00:00,grid_27,grid,,28.746089,77.301827,FRC3,24,28,1315,1127,0.978969,False,0.857
2026-08-24T04:22:52.767740+00:00,grid_28,grid,,28.746089,77.503049,FRC2,30,48,2143,1339,0.992241,False,0.625
2026-08-24T04:22:52.767740+00:00,grid_29,grid,,28.746089,77.704272,FRC3,49,49,1563,1563,1,False,1.0
2026-08-24T04:22:52.767740+00:00,grid_30,grid,,28.907786,76.698159,FRC2,46,46,1593,1593,1,False,1.0
2026-08-24T04:22:52.767740+00:00,grid_31,grid,,28.907786,76.899382,FRC4,44,44,1286,1286,1,False,1.0
2026-08-24T04:22:52.767740+00:00,grid_32,grid,,28.907786,77.100604,FRC1,61,61,147,147,1,False,1.0
2026-08-24T04:22:52.767740+00:00,grid_33,grid,,28.907786,77.301827,FRC2,69,69,1058,1058,1,False,1.0
2026-08-24T04:22:52.767740+00:00,grid_34,grid,,28.907786,77.503049,FRC4,39,46,1259,1067,0.604923,False,0.848
2026-08-24T04:22:52.767740+00:00,grid_35,grid,,28.907786,77.704272,FRC2,49,49,1477,1477,1,False,1.0
2026-08-24T04:22:52.767740+00:00,city_Delhi,city_center,Delhi,28.7041,77.1025,FRC2,19,29,1113,729,0.985043,False,0.655
2026-08-24T04:22:52.767740+00:00,city_Faridabad,city_center,Faridabad,28.4089,77.3178,FRC4,22,34,550,355,0.98,False,0.647
2026-08-24T04:22:52.767740+00:00,city_Ghaziabad,city_center,Ghaziabad,28.6692,77.4538,FRC4,32,37,1192,1031,0.986505,False,0.865
2026-08-24T04:22:52.767740+00:00,city_Gurgaon,city_center,Gurgaon,28.4595,77.0266,FRC4,44,49,1874,1683,0.998631,False,0.898
2026-08-24T04:22:52.767740+00:00,city_Noida,city_center,Noida,28.5355,77.391,FRC3,24,29,3132,2592,0.974467,True,0.828
2026-08-24T04:22:52.767740+00:00,hotspot_Anand_Vihar,hotspot,Anand Vihar,28.6469,77.3152,FRC3,40,40,651,651,1,False,1.0
2026-08-24T04:22:52.767740+00:00,hotspot_Rohini,hotspot,Rohini,28.7495,77.0565,FRC2,29,38,1557,1188,1,False,0.763
2026-08-24T05:10:33.170583+00:00,grid_0,grid,,28.099302,76.698159,FRC4,31,31,1306,1306,1,False,1.0
2026-08-24T05:10:33.170583+00:00,grid_1,grid,,28.099302,76.899382,FRC4,35,35,1597,1597,1,False,1.0
2026-08-24T05:10:33.170583+00:00,grid_2,grid,,28.099302,77.100604,FRC4,42,42,626,626,1,False,1.0
2026-08-24T05:10:33.170583+00:00,grid_3,grid,,28.099302,77.301827,FRC0,71,80,910,808,0.738445,False,0.887
2026-08-24T05:10:33.170583+00:00,grid_4,grid,,28.099302,77.503049,FRC2,46,46,1777,1777,1,False,1.0
2026-08-24T05:10:33.170583+00:00,grid_5,grid,,28.099302,77.704272,FRC4,54,54,1057,1057,1,False,1.0
2026-08-24T05:10:33.170583+00:00,grid_6,grid,,28.260999,76.698159,FRC3,44,44,1293,1293,1,False,1.0
2026-08-24T05:10:33.170583+00:00,grid_7,grid,,28.260999,76.899382,FRC3,43,43,1183,1183,1,False,1.0
2026-08-24T05:10:33.170583+00:00,grid_8,grid,,28.260999,77.100604,FRC0,102,102,373,373,1,False,1.0
2026-08-24T05:10:33.170583+00:00,grid_9,grid,,28.260999,77.301827,FRC4,31,31,1991,1991,1,False,1.0
2026-08-24T05:10:33.170583+00:00,grid_10,grid,,28.260999,77.503049,FRC4,36,36,2091,2091,1,False,1.0
2026-08-24T05:10:33.170583+00:00,grid_11,grid,,28.260999,77.704272,FRC4,55,55,1336,1336,1,False,1.0
2026-08-24T05:10:33.170583+00:00,grid_12,grid,,28.422696,76.698159,FRC4,30,30,1054,1054,1,False,1.0
2026-08-24T05:10:33.170583+00:00,grid_13,grid,,28.422696,76.899382,FRC3,42,48,1201,1050,0.855849,False,0.875
2026-08-24T05:10:33.170583+00:00,grid_14,grid,,28.422696,77.100604,FRC3,28,40,1724,1206,1,False,0.7
2026-08-24T05:10:33.170583+00:00,grid_15,grid,,28.422696,77.301827,FRC3,23,30,1529,1172,0.975363,False,0.767
2026-08-24T05:10:33.170583+00:00,grid_16,grid,,28.422696,77.503049,FRC0,92,92,469,469,1,False,1.0
2026-08-24T05:10:33.170583+00:00,grid_17,grid,,28.422696,77.704272,FRC3,56,56,1244,1244,1,False,1.0
2026-08-24T05:10:33.170583+00:00,grid_18,grid,,28.584392,76.698159,FRC4,34,34,770,770,1,False,1.0
2026-08-24T05:10:33.170583+00:00,grid_19,grid,,28.584392,76.899382,FRC7,40,40,1295,1295,1,False,1.0
2026-08-24T05:10:33.170583+00:00,grid_20,grid,,28.584392,77.100604,FRC6,29,37,1524,1194,0.999204,False,0.784
2026-08-24T05:10:33.170583+00:00,grid_21,grid,,28.584392,77.301827,FRC2,37,49,1312,990,0.999666,False,0.755
2026-08-24T05:10:33.170583+00:00,grid_22,grid,,28.584392,77.503049,FRC3,26,43,2345,1417,0.978152,False,0.605
2026-08-24T05:10:33.170583+00:00,grid_23,grid,,28.584392,77.704272,FRC4,43,43,1750,1750,1,False,1.0
2026-08-24T05:10:33.170583+00:00,grid_24,grid,,28.746089,76.698159,FRC4,47,47,1650,1650,1,False,1.0
2026-08-24T05:10:33.170583+00:00,grid_25,grid,,28.746089,76.899382,FRC4,42,42,737,737,1,False,1.0
2026-08-24T05:10:33.170583+00:00,grid_26,grid,,28.746089,77.100604,FRC3,25,32,2012,1572,0.981374,False,0.781
2026-08-24T05:10:33.170583+00:00,grid_27,grid,,28.746089,77.301827,FRC3,23,28,1372,1127,0.990015,False,0.821
2026-08-24T05:10:33.170583+00:00,grid_28,grid,,28.746089,77.503049,FRC2,32,48,2009,1339,0.995294,False,0.667
2026-08-24T05:10:33.170583+00:00,grid_29,grid,,28.746089,77.704272,FRC3,49,49,1563,1563,1,False,1.0
2026-08-24T05:10:33.170583+00:00,grid_30,grid,,28.907786,76.698159,FRC2,46,46,1593,1593,1,False,1.0
2026-08-24T05:10:33.170583+00:00,grid_31,grid,,28.907786,76.899382,FRC4,44,44,1286,1286,1,False,1.0
2026-08-24T05:10:33.170583+00:00,grid_32,grid,,28.907786,77.100604,FRC1,61,61,147,147,1,False,1.0
2026-08-24T05:10:33.170583+00:00,grid_33,grid,,28.907786,77.301827,FRC2,60,69,1216,1058,0.970396,False,0.87
2026-08-24T05:10:33.170583+00:00,grid_34,grid,,28.907786,77.503049,FRC4,41,46,1198,1067,0.593193,False,0.891
2026-08-24T05:10:33.170583+00:00,grid_35,grid,,28.907786,77.704272,FRC2,49,49,1477,1477,1,False,1.0
2026-08-24T05:10:33.170583+00:00,city_Delhi,city_center,Delhi,28.7041,77.1025,FRC2,18,29,1175,729,0.998635,False,0.621
2026-08-24T05:10:33.170583+00:00,city_Faridabad,city_center,Faridabad,28.4089,77.3178,FRC4,26,33,465,366,0.97,False,0.788
2026-08-24T05:10:33.170583+00:00,city_Ghaziabad,city_center,Ghaziabad,28.6692,77.4538,FRC4,30,37,1271,1031,0.987995,False,0.811
2026-08-24T05:10:33.170583+00:00,city_Gurgaon,city_center,Gurgaon,28.4595,77.0266,FRC4,42,49,1963,1683,0.998631,False,0.857
2026-08-24T05:10:33.170583+00:00,city_Noida,city_center,Noida,28.5355,77.391,FRC3,22,30,3417,2505,0.975288,True,0.733
2026-08-24T05:10:33.170583+00:00,hotspot_Anand_Vihar,hotspot,Anand Vihar,28.6469,77.3152,FRC3,40,40,651,651,1,False,1.0
2026-08-24T05:10:33.170583+00:00,hotspot_Rohini,hotspot,Rohini,28.7495,77.0565,FRC2,28,38,1613,1188,1,False,0.737
2026-08-24T06:01:58.826890+00:00,grid_0,grid,,28.099302,76.698159,FRC4,31,31,1306,1306,1,False,1.0
2026-08-24T06:01:58.826890+00:00,grid_1,grid,,28.099302,76.899382,FRC4,35,35,1597,1597,1,False,1.0
2026-08-24T06:01:58.826890+00:00,grid_2,grid,,28.099302,77.100604,FRC4,42,42,626,626,1,False,1.0
2026-08-24T06:01:58.826890+00:00,grid_3,grid,,28.099302,77.301827,FRC0,80,80,808,808,1,False,1.0
2026-08-24T06:01:58.826890+00:00,grid_4,grid,,28.099302,77.503049,FRC2,46,46,1777,1777,1,False,1.0
2026-08-24T06:01:58.826890+00:00,grid_5,grid,,28.099302,77.704272,FRC4,54,54,1057,1057,1,False,1.0
2026-08-24T06:01:58.826890+00:00,grid_6,grid,,28.260999,76.698159,FRC3,44,44,1293,1293,1,False,1.0
2026-08-24T06:01:58.826890+00:00,grid_7,grid,,28.260999,76.899382,FRC3,43,43,1183,1183,1,False,1.0
2026-08-24T06:01:58.826890+00:00,grid_8,grid,,28.260999,77.100604,FRC0,102,102,373,373,1,False,1.0
2026-08-24T06:01:58.826890+00:00,grid_9,grid,,28.260999,77.301827,FRC4,31,31,1991,1991,1,False,1.0
2026-08-24T06:01:58.826890+00:00,grid_10,grid,,28.260999,77.503049,FRC4,36,36,2091,2091,1,False,1.0
2026-08-24T06:01:58.826890+00:00,grid_11,grid,,28.260999,77.704272,FRC4,55,55,1336,1336,1,False,1.0
2026-08-24T06:01:58.826890+00:00,grid_12,grid,,28.422696,76.698159,FRC4,30,30,1054,1054,1,False,1.0
2026-08-24T06:01:58.826890+00:00,grid_13,grid,,28.422696,76.899382,FRC3,41,49,1230,1029,0.726209,False,0.837
2026-08-24T06:01:58.826890+00:00,grid_14,grid,,28.422696,77.100604,FRC3,30,40,1609,1206,1,False,0.75
2026-08-24T06:01:58.826890+00:00,grid_15,grid,,28.422696,77.301827,FRC3,22,30,1598,1172,0.986398,False,0.733
2026-08-24T06:01:58.826890+00:00,grid_16,grid,,28.422696,77.503049,FRC0,92,92,469,469,1,False,1.0
2026-08-24T06:01:58.826890+00:00,grid_17,grid,,28.422696,77.704272,FRC3,56,56,1244,1244,1,False,1.0
2026-08-24T06:01:58.826890+00:00,grid_18,grid,,28.584392,76.698159,FRC4,34,34,770,770,1,False,1.0
2026-08-24T06:01:58.826890+00:00,grid_19,grid,,28.584392,76.899382,FRC7,40,40,1295,1295,1,False,1.0
2026-08-24T06:01:58.826890+00:00,grid_20,grid,,28.584392,77.100604,FRC6,31,37,1426,1194,0.999205,False,0.838
2026-08-24T06:01:58.826890+00:00,grid_21,grid,,28.584392,77.301827,FRC2,35,49,1387,990,0.999333,False,0.714
2026-08-24T06:01:58.826890+00:00,grid_22,grid,,28.584392,77.503049,FRC3,25,42,2438,1451,0.978768,False,0.595
2026-08-24T06:01:58.826890+00:00,grid_23,grid,,28.584392,77.704272,FRC4,43,43,1750,1750,1,False,1.0
2026-08-24T06:01:58.826890+00:00,grid_24,grid,,28.746089,76.698159,FRC4,47,47,1650,1650,1,False,1.0
2026-08-24T06:01:58.826890+00:00,grid_25,grid,,28.746089,76.899382,FRC4,42,42,737,737,1,False,1.0
2026-08-24T06:01:58.826890+00:00,grid_26,grid,,28.746089,77.100604,FRC3,21,33,2396,1524,0.964014,False,0.636
2026-08-24T06:01:58.826890+00:00,grid_27,grid,,28.746089,77.301827,FRC3,21,28,1503,1127,0.978983,False,0.75
2026-08-24T06:01:58.826890+00:00,grid_28,grid,,28.746089,77.503049,FRC2,32,48,2009,1339,0.994314,False,0.667
2026-08-24T06:01:58.826890+00:00,grid_29,grid,,28.746089,77.704272,FRC3,49,49,1563,1563,1,False,1.0
2026-08-24T06:01:58.826890+00:00,grid_30,grid,,28.907786,76.698159,FRC2,46,46,1593,1593,1,False,1.0
2026-08-24T06:01:58.826890+00:00,grid_31,grid,,28.907786,76.899382,FRC4,44,44,1286,1286,1,False,1.0
2026-08-24T06:01:58.826890+00:00,grid_32,grid,,28.907786,77.100604,FRC1,43,61,209,147,0.97,False,0.705
2026-08-24T06:01:58.826890+00:00,grid_33,grid,,28.907786,77.301827,FRC2,57,69,1280,1058,0.962571,False,0.826
2026-08-24T06:01:58.826890+00:00,grid_34,grid,,28.907786,77.503049,FRC4,39,46,1259,1067,0.593785,False,0.848
2026-08-24T06:01:58.826890+00:00,grid_35,grid,,28.907786,77.704272,FRC2,49,49,1477,1477,1,False,1.0
2026-08-24T06:01:58.826890+00:00,city_Delhi,city_center,Delhi,28.7041,77.1025,FRC2,21,29,1007,729,0.994219,False,0.724
2026-08-24T06:01:58.826890+00:00,city_Faridabad,city_center,Faridabad,28.4089,77.3178,FRC4,20,33,605,366,0.986598,False,0.606
2026-08-24T06:01:58.826890+00:00,city_Ghaziabad,city_center,Ghaziabad,28.6692,77.4538,FRC4,29,37,1315,1031,0.974421,False,0.784
2026-08-24T06:01:58.826890+00:00,city_Gurgaon,city_center,Gurgaon,28.4595,77.0266,FRC4,41,50,2011,1649,0.997255,False,0.82
2026-08-24T06:01:58.826890+00:00,city_Noida,city_center,Noida,28.5355,77.391,FRC3,21,29,3579,2592,0.96932,True,0.724
2026-08-24T06:01:58.826890+00:00,hotspot_Anand_Vihar,hotspot,Anand Vihar,28.6469,77.3152,FRC3,34,40,766,651,1,False,0.85
2026-08-24T06:01:58.826890+00:00,hotspot_Rohini,hotspot,Rohini,28.7495,77.0565,FRC2,26,38,1737,1188,1,False,0.684
2026-08-24T07:35:51.726475+00:00,grid_0,grid,,28.099302,76.698159,FRC4,31,31,1306,1306,1,False,1.0
2026-08-24T07:35:51.726475+00:00,grid_1,grid,,28.099302,76.899382,FRC4,35,35,1597,1597,1,False,1.0
2026-08-24T07:35:51.726475+00:00,grid_2,grid,,28.099302,77.100604,FRC4,42,42,626,626,1,False,1.0
2026-08-24T07:35:51.726475+00:00,grid_3,grid,,28.099302,77.301827,FRC0,44,80,1469,808,0.545628,False,0.55
2026-08-24T07:35:51.726475+00:00,grid_4,grid,,28.099302,77.503049,FRC2,46,46,1777,1777,1,False,1.0
2026-08-24T07:35:51.726475+00:00,grid_5,grid,,28.099302,77.704272,FRC4,54,54,1057,1057,1,False,1.0
2026-08-24T07:35:51.726475+00:00,grid_6,grid,,28.260999,76.698159,FRC3,44,44,1293,1293,1,False,1.0
2026-08-24T07:35:51.726475+00:00,grid_7,grid,,28.260999,76.899382,FRC3,43,43,1183,1183,1,False,1.0
2026-08-24T07:35:51.726475+00:00,grid_8,grid,,28.260999,77.100604,FRC0,102,102,373,373,1,False,1.0
2026-08-24T07:35:51.726475+00:00,grid_9,grid,,28.260999,77.301827,FRC4,31,31,1991,1991,1,False,1.0
2026-08-24T07:35:51.726475+00:00,grid_10,grid,,28.260999,77.503049,FRC4,36,36,2091,2091,1,False,1.0
2026-08-24T07:35:51.726475+00:00,grid_11,grid,,28.260999,77.704272,FRC4,43,55,1709,1336,0.699244,False,0.782
2026-08-24T07:35:51.726475+00:00,grid_12,grid,,28.422696,76.698159,FRC4,30,30,1054,1054,1,False,1.0
2026-08-24T07:35:51.726475+00:00,grid_13,grid,,28.422696,76.899382,FRC3,48,48,1050,1050,1,False,1.0
2026-08-24T07:35:51.726475+00:00,grid_14,grid,,28.422696,77.100604,FRC3,27,40,1787,1206,0.998513,False,0.675
2026-08-24T07:35:51.726475+00:00,grid_15,grid,,28.422696,77.301827,FRC3,20,30,1758,1172,0.938116,False,0.667
2026-08-24T07:35:51.726475+00:00,grid_16,grid,,28.422696,77.503049,FRC0,92,92,469,469,1,False,1.0
2026-08-24T07:35:51.726475+00:00,grid_17,grid,,28.422696,77.704272,FRC3,56,56,1244,1244,1,False,1.0
2026-08-24T07:35:51.726475+00:00,grid_18,grid,,28.584392,76.698159,FRC4,34,34,770,770,1,False,1.0
2026-08-24T07:35:51.726475+00:00,grid_19,grid,,28.584392,76.899382,FRC7,40,40,1295,1295,1,False,1.0
2026-08-24T07:35:51.726475+00:00,grid_20,grid,,28.584392,77.100604,FRC6,29,37,1524,1194,0.994509,False,0.784
2026-08-24T07:35:51.726475+00:00,grid_21,grid,,28.584392,77.301827,FRC2,35,49,1387,990,0.999333,False,0.714
2026-08-24T07:35:51.726475+00:00,grid_22,grid,,28.584392,77.503049,FRC3,25,43,2438,1417,0.961612,False,0.581
2026-08-24T07:35:51.726475+00:00,grid_23,grid,,28.584392,77.704272,FRC4,37,44,2034,1710,0.641162,False,0.841
2026-08-24T07:35:51.726475+00:00,grid_24,grid,,28.746089,76.698159,FRC4,47,47,1650,1650,1,False,1.0
2026-08-24T07:35:51.726475+00:00,grid_25,grid,,28.746089,76.899382,FRC4,42,42,737,737,1,False,1.0
2026-08-24T07:35:51.726475+00:00,grid_26,grid,,28.746089,77.100604,FRC3,20,32,2515,1572,0.951574,False,0.625
2026-08-24T07:35:51.726475+00:00,grid_27,grid,,28.746089,77.301827,FRC3,19,28,1661,1127,0.942588,False,0.679
2026-08-24T07:35:51.726475+00:00,grid_28,grid,,28.746089,77.503049,FRC2,35,49,1837,1312,0.985043,False,0.714
2026-08-24T07:35:51.726475+00:00,grid_29,grid,,28.746089,77.704272,FRC3,49,49,1563,1563,1,False,1.0
2026-08-24T07:35:51.726475+00:00,grid_30,grid,,28.907786,76.698159,FRC2,46,46,1593,1593,1,False,1.0
2026-08-24T07:35:51.726475+00:00,grid_31,grid,,28.907786,76.899382,FRC4,44,44,1286,1286,1,False,1.0
2026-08-24T07:35:51.726475+00:00,grid_32,grid,,28.907786,77.100604,FRC1,61,61,147,147,1,False,1.0
2026-08-24T07:35:51.726475+00:00,grid_33,grid,,28.907786,77.301827,FRC2,53,69,1377,1058,0.963475,False,0.768
2026-08-24T07:35:51.726475+00:00,grid_34,grid,,28.907786,77.503049,FRC4,46,46,1067,1067,1,False,1.0
2026-08-24T07:35:51.726475+00:00,grid_35,grid,,28.907786,77.704272,FRC2,41,49,1766,1477,0.7468,False,0.837
2026-08-24T07:35:51.726475+00:00,city_Delhi,city_center,Delhi,28.7041,77.1025,FRC2,17,29,1244,729,0.971282,False,0.586
2026-08-24T07:35:51.726475+00:00,city_Faridabad,city_center,Faridabad,28.4089,77.3178,FRC4,22,33,550,366,0.966865,False,0.667
2026-08-24T07:35:51.726475+00:00,city_Ghaziabad,city_center,Ghaziabad,28.6692,77.4538,FRC4,29,37,1315,1031,0.982535,False,0.784
2026-08-24T07:35:51.726475+00:00,city_Gurgaon,city_center,Gurgaon,28.4595,77.0266,FRC4,34,49,2425,1683,0.989267,False,0.694
2026-08-24T07:35:51.726475+00:00,city_Noida,city_center,Noida,28.5355,77.391,FRC3,20,29,3758,2592,0.954703,True,0.69
2026-08-24T07:35:51.726475+00:00,hotspot_Anand_Vihar,hotspot,Anand Vihar,28.6469,77.3152,FRC3,33,40,790,651,1,False,0.825
2026-08-24T07:35:51.726475+00:00,hotspot_Rohini,hotspot,Rohini,28.7495,77.0565,FRC2,24,38,1882,1188,0.997886,False,0.632
2026-08-24T08:39:25.115793+00:00,grid_0,grid,,28.099302,76.698159,FRC4,31,31,1306,1306,1,False,1.0
2026-08-24T08:39:25.115793+00:00,grid_1,grid,,28.099302,76.899382,FRC4,35,35,1597,1597,1,False,1.0
2026-08-24T08:39:25.115793+00:00,grid_2,grid,,28.099302,77.100604,FRC4,42,42,626,626,1,False,1.0
2026-08-24T08:39:25.115793+00:00,grid_3,grid,,28.099302,77.301827,FRC0,73,79,885,818,0.80762,False,0.924
2026-08-24T08:39:25.115793+00:00,grid_4,grid,,28.099302,77.503049,FRC2,46,46,1777,1777,1,False,1.0
2026-08-24T08:39:25.115793+00:00,grid_5,grid,,28.099302,77.704272,FRC4,54,54,1057,1057,1,False,1.0
2026-08-24T08:39:25.115793+00:00,grid_6,grid,,28.260999,76.698159,FRC3,44,44,1293,1293,1,False,1.0
2026-08-24T08:39:25.115793+00:00,grid_7,grid,,28.260999,76.899382,FRC3,43,43,1183,1183,1,False,1.0
2026-08-24T08:39:25.115793+00:00,grid_8,grid,,28.260999,77.100604,FRC0,77,102,495,373,0.91,False,0.755
2026-08-24T08:39:25.115793+00:00,grid_9,grid,,28.260999,77.301827,FRC4,31,31,1991,1991,1,False,1.0
2026-08-24T08:39:25.115793+00:00,grid_10,grid,,28.260999,77.503049,FRC4,36,36,2091,2091,1,False,1.0
2026-08-24T08:39:25.115793+00:00,grid_11,grid,,28.260999,77.704272,FRC4,55,55,1336,1336,1,False,1.0
2026-08-24T08:39:25.115793+00:00,grid_12,grid,,28.422696,76.698159,FRC4,30,30,1054,1054,1,False,1.0
2026-08-24T08:39:25.115793+00:00,grid_13,grid,,28.422696,76.899382,FRC3,42,49,1201,1029,0.786239,False,0.857
2026-08-24T08:39:25.115793+00:00,grid_14,grid,,28.422696,77.100604,FRC3,29,40,1664,1206,0.999271,False,0.725
2026-08-24T08:39:25.115793+00:00,grid_15,grid,,28.422696,77.301827,FRC3,20,30,1758,1172,0.941191,False,0.667
2026-08-24T08:39:25.115793+00:00,grid_16,grid,,28.422696,77.503049,FRC0,92,92,469,469,1,False,1.0
2026-08-24T08:39:25.115793+00:00,grid_17,grid,,28.422696,77.704272,FRC3,56,56,1244,1244,1,False,1.0
2026-08-24T08:39:25.115793+00:00,grid_18,grid,,28.584392,76.698159,FRC4,34,34,770,770,1,False,1.0
2026-08-24T08:39:25.115793+00:00,grid_19,grid,,28.584392,76.899382,FRC7,40,40,1295,1295,1,False,1.0
2026-08-24T08:39:25.115793+00:00,grid_20,grid,,28.584392,77.100604,FRC6,30,37,1473,1194,0.982543,False,0.811
2026-08-24T08:39:25.115793+00:00,grid_21,grid,,28.584392,77.301827,FRC2,38,49,1277,990,0.999333,False,0.776
2026-08-24T08:39:25.115793+00:00,grid_22,grid,,28.584392,77.503049,FRC3,23,43,2650,1417,0.975486,False,0.535
2026-08-24T08:39:25.115793+00:00,grid_23,grid,,28.584392,77.704272,FRC4,37,42,2034,1792,0.592805,False,0.881
2026-08-24T08:39:25.115793+00:00,grid_24,grid,,28.746089,76.698159,FRC4,47,47,1650,1650,1,False,1.0
2026-08-24T08:39:25.115793+00:00,grid_25,grid,,28.746089,76.899382,FRC4,42,42,737,737,1,False,1.0
2026-08-24T08:39:25.115793+00:00,grid_26,grid,,28.746089,77.100604,FRC3,20,32,2515,1572,0.950551,False,0.625
2026-08-24T08:39:25.115793+00:00,grid_27,grid,,28.746089,77.301827,FRC3,21,28,1503,1127,0.941101,False,0.75
2026-08-24T08:39:25.115793+00:00,grid_28,grid,,28.746089,77.503049,FRC2,33,49,1948,1312,0.982512,False,0.673
2026-08-24T08:39:25.115793+00:00,grid_29,grid,,28.746089,77.704272,FRC3,49,49,1563,1563,1,False,1.0
2026-08-24T08:39:25.115793+00:00,grid_30,grid,,28.907786,76.698159,FRC2,46,46,1593,1593,1,False,1.0
2026-08-24T08:39:25.115793+00:00,grid_31,grid,,28.907786,76.899382,FRC4,44,44,1286,1286,1,False,1.0
2026-08-24T08:39:25.115793+00:00,grid_32,grid,,28.907786,77.100604,FRC1,41,61,219,147,0.944301,False,0.672
2026-08-24T08:39:25.115793+00:00,grid_33,grid,,28.907786,77.301827,FRC2,69,69,1058,1058,1,False,1.0
2026-08-24T08:39:25.115793+00:00,grid_34,grid,,28.907786,77.503049,FRC4,46,46,1067,1067,1,False,1.0
2026-08-24T08:39:25.115793+00:00,grid_35,grid,,28.907786,77.704272,FRC2,39,49,1856,1477,0.627873,False,0.796
2026-08-24T08:39:25.115793+00:00,city_Delhi,city_center,Delhi,28.7041,77.1025,FRC2,17,29,1244,729,0.97828,False,0.586
2026-08-24T08:39:25.115793+00:00,city_Faridabad,city_center,Faridabad,28.4089,77.3178,FRC4,23,34,526,355,0.96,False,0.676
2026-08-24T08:39:25.115793+00:00,city_Ghaziabad,city_center,Ghaziabad,28.6692,77.4538,FRC4,29,37,1315,1031,0.980674,False,0.784
2026-08-24T08:39:25.115793+00:00,city_Gurgaon,city_center,Gurgaon,28.4595,77.0266,FRC4,37,49,2229,1683,0.987184,False,0.755
2026-08-24T08:39:25.115793+00:00,city_Noida,city_center,Noida,28.5355,77.391,FRC3,22,29,3417,2592,0.959616,True,0.759
2026-08-24T08:39:25.115793+00:00,hotspot_Anand_Vihar,hotspot,Anand Vihar,28.6469,77.3152,FRC3,34,40,766,651,1,False,0.85
2026-08-24T08:39:25.115793+00:00,hotspot_Rohini,hotspot,Rohini,28.7495,77.0565,FRC2,24,38,1882,1188,0.996372,False,0.632
2026-08-24T09:39:04.159938+00:00,grid_0,grid,,28.099302,76.698159,FRC4,31,31,1306,1306,1,False,1.0
2026-08-24T09:39:04.159938+00:00,grid_1,grid,,28.099302,76.899382,FRC4,35,35,1597,1597,1,False,1.0
2026-08-24T09:39:04.159938+00:00,grid_2,grid,,28.099302,77.100604,FRC4,42,42,626,626,1,False,1.0
2026-08-24T09:39:04.159938+00:00,grid_3,grid,,28.099302,77.301827,FRC0,80,80,808,808,1,False,1.0
2026-08-24T09:39:04.159938+00:00,grid_4,grid,,28.099302,77.503049,FRC2,46,46,1777,1777,1,False,1.0
2026-08-24T09:39:04.159938+00:00,grid_5,grid,,28.099302,77.704272,FRC4,54,54,1057,1057,1,False,1.0
2026-08-24T09:39:04.159938+00:00,grid_6,grid,,28.260999,76.698159,FRC3,44,44,1293,1293,1,False,1.0
2026-08-24T09:39:04.159938+00:00,grid_7,grid,,28.260999,76.899382,FRC3,43,43,1183,1183,1,False,1.0
2026-08-24T09:39:04.159938+00:00,grid_8,grid,,28.260999,77.100604,FRC0,102,102,373,373,1,False,1.0
2026-08-24T09:39:04.159938+00:00,grid_9,grid,,28.260999,77.301827,FRC4,31,31,1991,1991,1,False,1.0
2026-08-24T09:39:04.159938+00:00,grid_10,grid,,28.260999,77.503049,FRC4,36,36,2091,2091,1,False,1.0
2026-08-24T09:39:04.159938+00:00,grid_11,grid,,28.260999,77.704272,FRC4,55,55,1336,1336,1,False,1.0
2026-08-24T09:39:04.159938+00:00,grid_12,grid,,28.422696,76.698159,FRC4,30,30,1054,1054,1,False,1.0
2026-08-24T09:39:04.159938+00:00,grid_13,grid,,28.422696,76.899382,FRC3,43,48,1173,1050,0.810473,False,0.896
2026-08-24T09:39:04.159938+00:00,grid_14,grid,,28.422696,77.100604,FRC3,31,40,1557,1206,1,False,0.775
2026-08-24T09:39:04.159938+00:00,grid_15,grid,,28.422696,77.301827,FRC3,19,30,1851,1172,0.929159,False,0.633
2026-08-24T09:39:04.159938+00:00,grid_16,grid,,28.422696,77.503049,FRC0,92,92,469,469,1,False,1.0
2026-08-24T09:39:04.159938+00:00,grid_17,grid,,28.422696,77.704272,FRC3,56,56,1244,1244,1,False,1.0
2026-08-24T09:39:04.159938+00:00,grid_18,grid,,28.584392,76.698159,FRC4,34,34,770,770,1,False,1.0
2026-08-24T09:39:04.159938+00:00,grid_19,grid,,28.584392,76.899382,FRC7,40,40,1295,1295,1,False,1.0
2026-08-24T09:39:04.159938+00:00,grid_20,grid,,28.584392,77.100604,FRC6,34,37,1300,1194,0.970419,False,0.919
2026-08-24T09:39:04.159938+00:00,grid_21,grid,,28.584392,77.301827,FRC2,40,49,1213,990,1,False,0.816
2026-08-24T09:39:04.159938+00:00,grid_22,grid,,28.584392,77.503049,FRC3,26,42,2345,1451,0.970824,False,0.619
2026-08-24T09:39:04.159938+00:00,grid_23,grid,,28.584392,77.704272,FRC4,43,43,1750,1750,1,False,1.0
2026-08-24T09:39:04.159938+00:00,grid_24,grid,,28.746089,76.698159,FRC4,47,47,1650,1650,1,False,1.0
2026-08-24T09:39:04.159938+00:00,grid_25,grid,,28.746089,76.899382,FRC4,42,42,737,737,1,False,1.0
2026-08-24T09:39:04.159938+00:00,grid_26,grid,,28.746089,77.100604,FRC3,23,32,2187,1572,0.957466,False,0.719
2026-08-24T09:39:04.159938+00:00,grid_27,grid,,28.746089,77.301827,FRC3,23,28,1372,1127,0.865945,False,0.821
2026-08-24T09:39:04.159938+00:00,grid_28,grid,,28.746089,77.503049,FRC2,33,49,1948,1312,0.986242,False,0.673
2026-08-24T09:39:04.159938+00:00,grid_29,grid,,28.746089,77.704272,FRC3,43,50,1781,1532,0.618859,False,0.86
2026-08-24T09:39:04.159938+00:00,grid_30,grid,,28.907786,76.698159,FRC2,46,46,1593,1593,1,False,1.0
2026-08-24T09:39:04.159938+00:00,grid_31,grid,,28.907786,76.899382,FRC4,44,44,1286,1286,1,False,1.0
2026-08-24T09:39:04.159938+00:00,grid_32,grid,,28.907786,77.100604,FRC1,35,60,257,150,0.917401,False,0.583
2026-08-24T09:39:04.159938+00:00,grid_33,grid,,28.907786,77.301827,FRC2,59,70,1237,1043,0.981205,False,0.843
2026-08-24T09:39:04.159938+00:00,grid_34,grid,,28.907786,77.503049,FRC4,46,46,1067,1067,1,False,1.0
2026-08-24T09:39:04.159938+00:00,grid_35,grid,,28.907786,77.704272,FRC2,43,49,1684,1477,0.793025,False,0.878
2026-08-24T09:39:04.159938+00:00,city_Delhi,city_center,Delhi,28.7041,77.1025,FRC2,17,30,1244,705,0.945321,False,0.567
2026-08-24T09:39:04.159938+00:00,city_Faridabad,city_center,Faridabad,28.4089,77.3178,FRC4,22,34,550,355,0.944867,False,0.647
2026-08-24T09:39:04.159938+00:00,city_Ghaziabad,city_center,Ghaziabad,28.6692,77.4538,FRC4,29,37,1315,1031,0.981287,False,0.784
2026-08-24T09:39:04.159938+00:00,city_Gurgaon,city_center,Gurgaon,28.4595,77.0266,FRC4,37,50,2229,1649,0.969045,False,0.74
2026-08-24T09:39:04.159938+00:00,city_Noida,city_center,Noida,28.5355,77.391,FRC3,22,29,3417,2592,0.963815,True,0.759
2026-08-24T09:39:04.159938+00:00,hotspot_Anand_Vihar,hotspot,Anand Vihar,28.6469,77.3152,FRC3,33,40,790,651,1,False,0.825
2026-08-24T09:39:04.159938+00:00,hotspot_Rohini,hotspot,Rohini,28.7495,77.0565,FRC2,26,38,1737,1188,0.997773,False,0.684
2026-08-24T10:30:50.242137+00:00,grid_0,grid,,28.099302,76.698159,FRC4,31,31,1306,1306,1,False,1.0
2026-08-24T10:30:50.242137+00:00,grid_1,grid,,28.099302,76.899382,FRC4,35,35,1597,1597,1,False,1.0
2026-08-24T10:30:50.242137+00:00,grid_2,grid,,28.099302,77.100604,FRC4,42,42,626,626,1,False,1.0
2026-08-24T10:30:50.242137+00:00,grid_3,grid,,28.099302,77.301827,FRC0,80,80,808,808,1,False,1.0
2026-08-24T10:30:50.242137+00:00,grid_4,grid,,28.099302,77.503049,FRC2,46,46,1777,1777,1,False,1.0
2026-08-24T10:30:50.242137+00:00,grid_5,grid,,28.099302,77.704272,FRC4,54,54,1057,1057,1,False,1.0
2026-08-24T10:30:50.242137+00:00,grid_6,grid,,28.260999,76.698159,FRC3,44,44,1293,1293,1,False,1.0
2026-08-24T10:30:50.242137+00:00,grid_7,grid,,28.260999,76.899382,FRC3,43,43,1183,1183,1,False,1.0
2026-08-24T10:30:50.242137+00:00,grid_8,grid,,28.260999,77.100604,FRC0,102,102,373,373,1,False,1.0
2026-08-24T10:30:50.242137+00:00,grid_9,grid,,28.260999,77.301827,FRC4,31,31,1991,1991,1,False,1.0
2026-08-24T10:30:50.242137+00:00,grid_10,grid,,28.260999,77.503049,FRC4,36,36,2091,2091,1,False,1.0
2026-08-24T10:30:50.242137+00:00,grid_11,grid,,28.260999,77.704272,FRC4,55,55,1336,1336,1,False,1.0
2026-08-24T10:30:50.242137+00:00,grid_12,grid,,28.422696,76.698159,FRC4,30,30,1054,1054,1,False,1.0
2026-08-24T10:30:50.242137+00:00,grid_13,grid,,28.422696,76.899382,FRC3,48,48,1050,1050,1,False,1.0
2026-08-24T10:30:50.242137+00:00,grid_14,grid,,28.422696,77.100604,FRC3,32,40,1508,1206,1,False,0.8
2026-08-24T10:30:50.242137+00:00,grid_15,grid,,28.422696,77.301827,FRC3,22,30,1598,1172,0.957161,False,0.733
2026-08-24T10:30:50.242137+00:00,grid_16,grid,,28.422696,77.503049,FRC0,92,92,469,469,1,False,1.0
2026-08-24T10:30:50.242137+00:00,grid_17,grid,,28.422696,77.704272,FRC3,56,56,1244,1244,1,False,1.0
2026-08-24T10:30:50.242137+00:00,grid_18,grid,,28.584392,76.698159,FRC4,34,34,770,770,1,False,1.0
2026-08-24T10:30:50.242137+00:00,grid_19,grid,,28.584392,76.899382,FRC7,40,40,1295,1295,1,False,1.0
2026-08-24T10:30:50.242137+00:00,grid_20,grid,,28.584392,77.100604,FRC6,30,37,1473,1194,0.990025,False,0.811
2026-08-24T10:30:50.242137+00:00,grid_21,grid,,28.584392,77.301827,FRC2,49,49,990,990,1,False,1.0
2026-08-24T10:30:50.242137+00:00,grid_22,grid,,28.584392,77.503049,FRC3,29,42,2102,1451,0.97142,False,0.69
2026-08-24T10:30:50.242137+00:00,grid_23,grid,,28.584392,77.704272,FRC4,43,43,1750,1750,1,False,1.0
2026-08-24T10:30:50.242137+00:00,grid_24,grid,,28.746089,76.698159,FRC4,47,47,1650,1650,1,False,1.0
2026-08-24T10:30:50.242137+00:00,grid_25,grid,,28.746089,76.899382,FRC4,42,42,737,737,1,False,1.0
2026-08-24T10:30:50.242137+00:00,grid_26,grid,,28.746089,77.100604,FRC3,23,33,2187,1524,0.931279,False,0.697
2026-08-24T10:30:50.242137+00:00,grid_27,grid,,28.746089,77.301827,FRC3,21,28,1503,1127,0.944518,False,0.75
2026-08-24T10:30:50.242137+00:00,grid_28,grid,,28.746089,77.503049,FRC2,36,48,1786,1339,0.980352,False,0.75
2026-08-24T10:30:50.242137+00:00,grid_29,grid,,28.746089,77.704272,FRC3,49,49,1563,1563,1,False,1.0
2026-08-24T10:30:50.242137+00:00,grid_30,grid,,28.907786,76.698159,FRC2,42,46,1745,1593,0.737617,False,0.913
2026-08-24T10:30:50.242137+00:00,grid_31,grid,,28.907786,76.899382,FRC4,44,44,1286,1286,1,False,1.0
2026-08-24T10:30:50.242137+00:00,grid_32,grid,,28.907786,77.100604,FRC1,33,60,272,150,0.952677,False,0.55
2026-08-24T10:30:50.242137+00:00,grid_33,grid,,28.907786,77.301827,FRC2,69,69,1058,1058,1,False,1.0
2026-08-24T10:30:50.242137+00:00,grid_34,grid,,28.907786,77.503049,FRC4,46,46,1067,1067,1,False,1.0
2026-08-24T10:30:50.242137+00:00,grid_35,grid,,28.907786,77.704272,FRC2,44,49,1645,1477,0.747938,False,0.898
2026-08-24T10:30:50.242137+00:00,city_Delhi,city_center,Delhi,28.7041,77.1025,FRC2,18,29,1175,729,0.97228,False,0.621
2026-08-24T10:30:50.242137+00:00,city_Faridabad,city_center,Faridabad,28.4089,77.3178,FRC4,23,34,526,355,0.954789,False,0.676
2026-08-24T10:30:50.242137+00:00,city_Ghaziabad,city_center,Ghaziabad,28.6692,77.4538,FRC4,30,38,1271,1004,0.987215,False,0.789
2026-08-24T10:30:50.242137+00:00,city_Gurgaon,city_center,Gurgaon,28.4595,77.0266,FRC4,36,49,2291,1683,0.975599,False,0.735
2026-08-24T10:30:50.242137+00:00,city_Noida,city_center,Noida,28.5355,77.391,FRC3,22,29,3417,2592,0.960097,True,0.759
2026-08-24T10:30:50.242137+00:00,hotspot_Anand_Vihar,hotspot,Anand Vihar,28.6469,77.3152,FRC3,35,40,745,651,1,False,0.875
2026-08-24T10:30:50.242137+00:00,hotspot_Rohini,hotspot,Rohini,28.7495,77.0565,FRC2,25,38,1806,1188,0.998518,False,0.658
2026-08-24T11:04:16.226727+00:00,grid_0,grid,,28.099302,76.698159,FRC4,31,31,1306,1306,1,False,1.0
2026-08-24T11:04:16.226727+00:00,grid_1,grid,,28.099302,76.899382,FRC4,35,35,1597,1597,1,False,1.0
2026-08-24T11:04:16.226727+00:00,grid_2,grid,,28.099302,77.100604,FRC4,42,42,626,626,1,False,1.0
2026-08-24T11:04:16.226727+00:00,grid_3,grid,,28.099302,77.301827,FRC0,68,80,950,808,0.839893,False,0.85
2026-08-24T11:04:16.226727+00:00,grid_4,grid,,28.099302,77.503049,FRC2,46,46,1777,1777,1,False,1.0
2026-08-24T11:04:16.226727+00:00,grid_5,grid,,28.099302,77.704272,FRC4,54,54,1057,1057,1,False,1.0
2026-08-24T11:04:16.226727+00:00,grid_6,grid,,28.260999,76.698159,FRC3,44,44,1293,1293,1,False,1.0
2026-08-24T11:04:16.226727+00:00,grid_7,grid,,28.260999,76.899382,FRC3,43,43,1183,1183,1,False,1.0
2026-08-24T11:04:16.226727+00:00,grid_8,grid,,28.260999,77.100604,FRC0,102,102,373,373,1,False,1.0
2026-08-24T11:04:16.226727+00:00,grid_9,grid,,28.260999,77.301827,FRC4,31,31,1991,1991,1,False,1.0
2026-08-24T11:04:16.226727+00:00,grid_10,grid,,28.260999,77.503049,FRC4,36,36,2091,2091,1,False,1.0
2026-08-24T11:04:16.226727+00:00,grid_11,grid,,28.260999,77.704272,FRC4,55,55,1336,1336,1,False,1.0
2026-08-24T11:04:16.226727+00:00,grid_12,grid,,28.422696,76.698159,FRC4,30,30,1054,1054,1,False,1.0
2026-08-24T11:04:16.226727+00:00,grid_13,grid,,28.422696,76.899382,FRC3,48,48,1050,1050,1,False,1.0
2026-08-24T11:04:16.226727+00:00,grid_14,grid,,28.422696,77.100604,FRC3,31,40,1557,1206,1,False,0.775
2026-08-24T11:04:16.226727+00:00,grid_15,grid,,28.422696,77.301827,FRC3,21,30,1674,1172,0.966085,False,0.7
2026-08-24T11:04:16.226727+00:00,grid_16,grid,,28.422696,77.503049,FRC0,92,92,469,469,1,False,1.0
2026-08-24T11:04:16.226727+00:00,grid_17,grid,,28.422696,77.704272,FRC3,56,56,1244,1244,1,False,1.0
2026-08-24T11:04:16.226727+00:00,grid_18,grid,,28.584392,76.698159,FRC4,34,34,770,770,1,False,1.0
2026-08-24T11:04:16.226727+00:00,grid_19,grid,,28.584392,76.899382,FRC7,40,40,1295,1295,1,False,1.0
2026-08-24T11:04:16.226727+00:00,grid_20,grid,,28.584392,77.100604,FRC6,30,37,1473,1194,0.994572,False,0.811
2026-08-24T11:04:16.226727+00:00,grid_21,grid,,28.584392,77.301827,FRC2,39,49,1245,990,0.999666,False,0.796
2026-08-24T11:04:16.226727+00:00,grid_22,grid,,28.584392,77.503049,FRC3,30,43,2032,1417,0.957049,False,0.698
2026-08-24T11:04:16.226727+00:00,grid_23,grid,,28.584392,77.704272,FRC4,43,43,1750,1750,1,False,1.0
2026-08-24T11:04:16.226727+00:00,grid_24,grid,,28.746089,76.698159,FRC4,47,47,1650,1650,1,False,1.0
2026-08-24T11:04:16.226727+00:00,grid_25,grid,,28.746089,76.899382,FRC4,42,42,737,737,1,False,1.0
2026-08-24T11:04:16.226727+00:00,grid_26,grid,,28.746089,77.100604,FRC3,25,33,2012,1524,0.952284,False,0.758
2026-08-24T11:04:16.226727+00:00,grid_27,grid,,28.746089,77.301827,FRC3,22,28,1434,1127,0.973625,False,0.786
2026-08-24T11:04:16.226727+00:00,grid_28,grid,,28.746089,77.503049,FRC2,39,48,1648,1339,0.990523,False,0.812
2026-08-24T11:04:16.226727+00:00,grid_29,grid,,28.746089,77.704272,FRC3,49,49,1563,1563,1,False,1.0
2026-08-24T11:04:16.226727+00:00,grid_30,grid,,28.907786,76.698159,FRC2,46,46,1593,1593,1,False,1.0
2026-08-24T11:04:16.226727+00:00,grid_31,grid,,28.907786,76.899382,FRC4,44,44,1286,1286,1,False,1.0
2026-08-24T11:04:16.226727+00:00,grid_32,grid,,28.907786,77.100604,FRC1,46,61,195,147,0.92,False,0.754
2026-08-24T11:04:16.226727+00:00,grid_33,grid,,28.907786,77.301827,FRC2,69,69,1058,1058,1,False,1.0
2026-08-24T11:04:16.226727+00:00,grid_34,grid,,28.907786,77.503049,FRC4,41,46,1198,1067,0.566502,False,0.891
2026-08-24T11:04:16.226727+00:00,grid_35,grid,,28.907786,77.704272,FRC2,42,49,1724,1477,0.782748,False,0.857
2026-08-24T11:04:16.226727+00:00,city_Delhi,city_center,Delhi,28.7041,77.1025,FRC2,17,30,1244,705,0.989474,False,0.567
2026-08-24T11:04:16.226727+00:00,city_Faridabad,city_center,Faridabad,28.4089,77.3178,FRC4,21,34,576,355,0.970595,False,0.618
2026-08-24T11:04:16.226727+00:00,city_Ghaziabad,city_center,Ghaziabad,28.6692,77.4538,FRC4,30,37,1271,1031,0.986242,False,0.811
2026-08-24T11:04:16.226727+00:00,city_Gurgaon,city_center,Gurgaon,28.4595,77.0266,FRC4,36,49,2291,1683,0.974984,False,0.735
2026-08-24T11:04:16.226727+00:00,city_Noida,city_center,Noida,28.5355,77.391,FRC3,22,30,3417,2505,0.964338,True,0.733
2026-08-24T11:04:16.226727+00:00,hotspot_Anand_Vihar,hotspot,Anand Vihar,28.6469,77.3152,FRC3,35,40,745,651,1,False,0.875
2026-08-24T11:04:16.226727+00:00,hotspot_Rohini,hotspot,Rohini,28.7495,77.0565,FRC2,27,38,1673,1188,1,False,0.711
2026-08-24T11:52:12.764542+00:00,grid_0,grid,,28.099302,76.698159,FRC4,31,31,1306,1306,1,False,1.0
2026-08-24T11:52:12.764542+00:00,grid_1,grid,,28.099302,76.899382,FRC4,35,35,1597,1597,1,False,1.0
2026-08-24T11:52:12.764542+00:00,grid_2,grid,,28.099302,77.100604,FRC4,42,42,626,626,1,False,1.0
2026-08-24T11:52:12.764542+00:00,grid_3,grid,,28.099302,77.301827,FRC0,80,80,808,808,1,False,1.0
2026-08-24T11:52:12.764542+00:00,grid_4,grid,,28.099302,77.503049,FRC2,41,47,1994,1739,0.586236,False,0.872
2026-08-24T11:52:12.764542+00:00,grid_5,grid,,28.099302,77.704272,FRC4,54,54,1057,1057,1,False,1.0
2026-08-24T11:52:12.764542+00:00,grid_6,grid,,28.260999,76.698159,FRC3,44,44,1293,1293,1,False,1.0
2026-08-24T11:52:12.764542+00:00,grid_7,grid,,28.260999,76.899382,FRC3,43,43,1183,1183,1,False,1.0
2026-08-24T11:52:12.764542+00:00,grid_8,grid,,28.260999,77.100604,FRC0,102,102,373,373,1,False,1.0
2026-08-24T11:52:12.764542+00:00,grid_9,grid,,28.260999,77.301827,FRC4,31,31,1991,1991,1,False,1.0
2026-08-24T11:52:12.764542+00:00,grid_10,grid,,28.260999,77.503049,FRC4,36,36,2091,2091,1,False,1.0
2026-08-24T11:52:12.764542+00:00,grid_11,grid,,28.260999,77.704272,FRC4,55,55,1336,1336,1,False,1.0
2026-08-24T11:52:12.764542+00:00,grid_12,grid,,28.422696,76.698159,FRC4,30,30,1054,1054,1,False,1.0
2026-08-24T11:52:12.764542+00:00,grid_13,grid,,28.422696,76.899382,FRC3,48,48,1050,1050,1,False,1.0
2026-08-24T11:52:12.764542+00:00,grid_14,grid,,28.422696,77.100604,FRC3,30,40,1609,1206,1,False,0.75
2026-08-24T11:52:12.764542+00:00,grid_15,grid,,28.422696,77.301827,FRC3,20,30,1758,1172,0.967547,False,0.667
2026-08-24T11:52:12.764542+00:00,grid_16,grid,,28.422696,77.503049,FRC0,92,92,469,469,1,False,1.0
2026-08-24T11:52:12.764542+00:00,grid_17,grid,,28.422696,77.704272,FRC3,56,56,1244,1244,1,False,1.0
2026-08-24T11:52:12.764542+00:00,grid_18,grid,,28.584392,76.698159,FRC4,34,34,770,770,1,False,1.0
2026-08-24T11:52:12.764542+00:00,grid_19,grid,,28.584392,76.899382,FRC7,40,40,1295,1295,1,False,1.0
2026-08-24T11:52:12.764542+00:00,grid_20,grid,,28.584392,77.100604,FRC6,32,37,1381,1194,0.998502,False,0.865
2026-08-24T11:52:12.764542+00:00,grid_21,grid,,28.584392,77.301827,FRC2,40,49,1213,990,0.999666,False,0.816
2026-08-24T11:52:12.764542+00:00,grid_22,grid,,28.584392,77.503049,FRC3,27,42,2258,1451,0.968206,False,0.643
2026-08-24T11:52:12.764542+00:00,grid_23,grid,,28.584392,77.704272,FRC4,43,43,1750,1750,1,False,1.0
2026-08-24T11:52:12.764542+00:00,grid_24,grid,,28.746089,76.698159,FRC4,47,47,1650,1650,1,False,1.0
2026-08-24T11:52:12.764542+00:00,grid_25,grid,,28.746089,76.899382,FRC4,42,42,737,737,1,False,1.0
2026-08-24T11:52:12.764542+00:00,grid_26,grid,,28.746089,77.100604,FRC3,23,33,2187,1524,0.971871,False,0.697
2026-08-24T11:52:12.764542+00:00,grid_27,grid,,28.746089,77.301827,FRC3,22,28,1434,1127,0.959656,False,0.786
2026-08-24T11:52:12.764542+00:00,grid_28,grid,,28.746089,77.503049,FRC2,35,48,1837,1339,0.98696,False,0.729
2026-08-24T11:52:12.764542+00:00,grid_29,grid,,28.746089,77.704272,FRC3,49,49,1563,1563,1,False,1.0
2026-08-24T11:52:12.764542+00:00,grid_30,grid,,28.907786,76.698159,FRC2,46,46,1593,1593,1,False,1.0
2026-08-24T11:52:12.764542+00:00,grid_31,grid,,28.907786,76.899382,FRC4,44,44,1286,1286,1,False,1.0
2026-08-24T11:52:12.764542+00:00,grid_32,grid,,28.907786,77.100604,FRC1,61,61,147,147,1,False,1.0
2026-08-24T11:52:12.764542+00:00,grid_33,grid,,28.907786,77.301827,FRC2,64,70,1140,1043,0.968054,False,0.914
2026-08-24T11:52:12.764542+00:00,grid_34,grid,,28.907786,77.503049,FRC4,46,46,1067,1067,1,False,1.0
2026-08-24T11:52:12.764542+00:00,grid_35,grid,,28.907786,77.704272,FRC2,43,49,1684,1477,0.749726,False,0.878
2026-08-24T11:52:12.764542+00:00,city_Delhi,city_center,Delhi,28.7041,77.1025,FRC2,20,29,1058,729,0.993508,False,0.69
2026-08-24T11:52:12.764542+00:00,city_Faridabad,city_center,Faridabad,28.4089,77.3178,FRC4,34,34,355,355,1,False,1.0
2026-08-24T11:52:12.764542+00:00,city_Ghaziabad,city_center,Ghaziabad,28.6692,77.4538,FRC4,31,37,1230,1031,0.978406,False,0.838
2026-08-24T11:52:12.764542+00:00,city_Gurgaon,city_center,Gurgaon,28.4595,77.0266,FRC4,36,50,2291,1649,0.986376,False,0.72
2026-08-24T11:52:12.764542+00:00,city_Noida,city_center,Noida,28.5355,77.391,FRC3,22,30,3417,2505,0.967377,True,0.733
2026-08-24T11:52:12.764542+00:00,hotspot_Anand_Vihar,hotspot,Anand Vihar,28.6469,77.3152,FRC3,32,40,814,651,1,False,0.8
2026-08-24T11:52:12.764542+00:00,hotspot_Rohini,hotspot,Rohini,28.7495,77.0565,FRC2,28,38,1613,1188,1,False,0.737
2026-08-24T12:31:59.241139+00:00,grid_0,grid,,28.099302,76.698159,FRC4,31,31,1306,1306,1,False,1.0
2026-08-24T12:31:59.241139+00:00,grid_1,grid,,28.099302,76.899382,FRC4,35,35,1597,1597,1,False,1.0
2026-08-24T12:31:59.241139+00:00,grid_2,grid,,28.099302,77.100604,FRC4,42,42,626,626,1,False,1.0
2026-08-24T12:31:59.241139+00:00,grid_3,grid,,28.099302,77.301827,FRC0,80,80,808,808,1,False,1.0
2026-08-24T12:31:59.241139+00:00,grid_4,grid,,28.099302,77.503049,FRC2,46,46,1777,1777,1,False,1.0
2026-08-24T12:31:59.241139+00:00,grid_5,grid,,28.099302,77.704272,FRC4,54,54,1057,1057,1,False,1.0
2026-08-24T12:31:59.241139+00:00,grid_6,grid,,28.260999,76.698159,FRC3,44,44,1293,1293,1,False,1.0
2026-08-24T12:31:59.241139+00:00,grid_7,grid,,28.260999,76.899382,FRC3,43,43,1183,1183,1,False,1.0
2026-08-24T12:31:59.241139+00:00,grid_8,grid,,28.260999,77.100604,FRC0,102,102,373,373,1,False,1.0
2026-08-24T12:31:59.241139+00:00,grid_9,grid,,28.260999,77.301827,FRC4,31,31,1991,1991,1,False,1.0
2026-08-24T12:31:59.241139+00:00,grid_10,grid,,28.260999,77.503049,FRC4,36,36,2091,2091,1,False,1.0
2026-08-24T12:31:59.241139+00:00,grid_11,grid,,28.260999,77.704272,FRC4,55,55,1336,1336,1,False,1.0
2026-08-24T12:31:59.241139+00:00,grid_12,grid,,28.422696,76.698159,FRC4,30,30,1054,1054,1,False,1.0
2026-08-24T12:31:59.241139+00:00,grid_13,grid,,28.422696,76.899382,FRC3,44,48,1146,1050,0.851906,True,0.917
2026-08-24T12:31:59.241139+00:00,grid_14,grid,,28.422696,77.100604,FRC3,32,40,1508,1206,1,False,0.8
2026-08-24T12:31:59.241139+00:00,grid_15,grid,,28.422696,77.301827,FRC3,19,30,1851,1172,0.962506,False,0.633
2026-08-24T12:31:59.241139+00:00,grid_16,grid,,28.422696,77.503049,FRC0,92,92,469,469,1,False,1.0
2026-08-24T12:31:59.241139+00:00,grid_17,grid,,28.422696,77.704272,FRC3,56,56,1244,1244,1,False,1.0
2026-08-24T12:31:59.241139+00:00,grid_18,grid,,28.584392,76.698159,FRC4,34,34,770,770,1,False,1.0
2026-08-24T12:31:59.241139+00:00,grid_19,grid,,28.584392,76.899382,FRC7,40,40,1295,1295,1,False,1.0
2026-08-24T12:31:59.241139+00:00,grid_20,grid,,28.584392,77.100604,FRC6,33,37,1339,1194,1,False,0.892
2026-08-24T12:31:59.241139+00:00,grid_21,grid,,28.584392,77.301827,FRC2,39,49,1245,990,0.999666,False,0.796
2026-08-24T12:31:59.241139+00:00,grid_22,grid,,28.584392,77.503049,FRC3,27,42,2258,1451,0.96691,False,0.643
2026-08-24T12:31:59.241139+00:00,grid_23,grid,,28.584392,77.704272,FRC4,43,43,1750,1750,1,False,1.0
2026-08-24T12:31:59.241139+00:00,grid_24,grid,,28.746089,76.698159,FRC4,47,47,1650,1650,1,False,1.0
2026-08-24T12:31:59.241139+00:00,grid_25,grid,,28.746089,76.899382,FRC4,42,42,737,737,1,False,1.0
2026-08-24T12:31:59.241139+00:00,grid_26,grid,,28.746089,77.100604,FRC3,23,33,2187,1524,0.9696,False,0.697
2026-08-24T12:31:59.241139+00:00,grid_27,grid,,28.746089,77.301827,FRC3,21,28,1503,1127,0.967698,False,0.75
2026-08-24T12:31:59.241139+00:00,grid_28,grid,,28.746089,77.503049,FRC2,35,47,1837,1368,0.991517,False,0.745
2026-08-24T12:31:59.241139+00:00,grid_29,grid,,28.746089,77.704272,FRC3,49,49,1563,1563,1,False,1.0
2026-08-24T12:31:59.241139+00:00,grid_30,grid,,28.907786,76.698159,FRC2,46,46,1593,1593,1,False,1.0
2026-08-24T12:31:59.241139+00:00,grid_31,grid,,28.907786,76.899382,FRC4,44,44,1286,1286,1,False,1.0
2026-08-24T12:31:59.241139+00:00,grid_32,grid,,28.907786,77.100604,FRC1,41,61,219,147,0.95,False,0.672
2026-08-24T12:31:59.241139+00:00,grid_33,grid,,28.907786,77.301827,FRC2,69,69,1058,1058,1,False,1.0
2026-08-24T12:31:59.241139+00:00,grid_34,grid,,28.907786,77.503049,FRC4,46,46,1067,1067,1,False,1.0
2026-08-24T12:31:59.241139+00:00,grid_35,grid,,28.907786,77.704272,FRC2,44,49,1645,1477,0.637285,False,0.898
2026-08-24T12:31:59.241139+00:00,city_Delhi,city_center,Delhi,28.7041,77.1025,FRC2,20,29,1058,729,0.995806,False,0.69
2026-08-24T12:31:59.241139+00:00,city_Faridabad,city_center,Faridabad,28.4089,77.3178,FRC4,21,33,576,366,0.968793,False,0.636
2026-08-24T12:31:59.241139+00:00,city_Ghaziabad,city_center,Ghaziabad,28.6692,77.4538,FRC4,30,37,1271,1031,0.991275,False,0.811
2026-08-24T12:31:59.241139+00:00,city_Gurgaon,city_center,Gurgaon,28.4595,77.0266,FRC4,33,50,2499,1649,0.988962,False,0.66
2026-08-24T12:31:59.241139+00:00,city_Noida,city_center,Noida,28.5355,77.391,FRC3,20,29,3758,2592,0.961345,True,0.69
2026-08-24T12:31:59.241139+00:00,hotspot_Anand_Vihar,hotspot,Anand Vihar,28.6469,77.3152,FRC3,31,41,841,636,1,False,0.756
2026-08-24T12:31:59.241139+00:00,hotspot_Rohini,hotspot,Rohini,28.7495,77.0565,FRC2,27,38,1673,1188,1,False,0.711
2026-08-24T13:44:10.419038+00:00,grid_0,grid,,28.099302,76.698159,FRC4,31,31,1306,1306,1,False,1.0
2026-08-24T13:44:10.419038+00:00,grid_1,grid,,28.099302,76.899382,FRC4,35,35,1597,1597,1,False,1.0
2026-08-24T13:44:10.419038+00:00,grid_2,grid,,28.099302,77.100604,FRC4,42,42,626,626,1,False,1.0
2026-08-24T13:44:10.419038+00:00,grid_3,grid,,28.099302,77.301827,FRC0,80,80,808,808,1,False,1.0
2026-08-24T13:44:10.419038+00:00,grid_4,grid,,28.099302,77.503049,FRC2,46,46,1777,1777,1,False,1.0
2026-08-24T13:44:10.419038+00:00,grid_5,grid,,28.099302,77.704272,FRC4,54,54,1057,1057,1,False,1.0
2026-08-24T13:44:10.419038+00:00,grid_6,grid,,28.260999,76.698159,FRC3,44,44,1293,1293,1,False,1.0
2026-08-24T13:44:10.419038+00:00,grid_7,grid,,28.260999,76.899382,FRC3,43,43,1183,1183,1,False,1.0
2026-08-24T13:44:10.419038+00:00,grid_8,grid,,28.260999,77.100604,FRC0,102,102,373,373,1,False,1.0
2026-08-24T13:44:10.419038+00:00,grid_9,grid,,28.260999,77.301827,FRC4,31,31,1991,1991,1,False,1.0
2026-08-24T13:44:10.419038+00:00,grid_10,grid,,28.260999,77.503049,FRC4,36,36,2091,2091,1,False,1.0
2026-08-24T13:44:10.419038+00:00,grid_11,grid,,28.260999,77.704272,FRC4,55,55,1336,1336,1,False,1.0
2026-08-24T13:44:10.419038+00:00,grid_12,grid,,28.422696,76.698159,FRC4,30,30,1054,1054,1,False,1.0
2026-08-24T13:44:10.419038+00:00,grid_13,grid,,28.422696,76.899382,FRC3,41,47,1230,1073,0.743957,True,0.872
2026-08-24T13:44:10.419038+00:00,grid_14,grid,,28.422696,77.100604,FRC3,27,41,1787,1177,0.998409,False,0.659
2026-08-24T13:44:10.419038+00:00,grid_15,grid,,28.422696,77.301827,FRC3,18,30,1953,1172,0.980488,False,0.6
2026-08-24T13:44:10.419038+00:00,grid_16,grid,,28.422696,77.503049,FRC0,92,92,469,469,1,False,1.0
2026-08-24T13:44:10.419038+00:00,grid_17,grid,,28.422696,77.704272,FRC3,56,56,1244,1244,1,False,1.0
2026-08-24T13:44:10.419038+00:00,grid_18,grid,,28.584392,76.698159,FRC4,34,34,770,770,1,False,1.0
2026-08-24T13:44:10.419038+00:00,grid_19,grid,,28.584392,76.899382,FRC7,40,40,1295,1295,1,False,1.0
2026-08-24T13:44:10.419038+00:00,grid_20,grid,,28.584392,77.100604,FRC6,30,37,1473,1194,1,False,0.811
2026-08-24T13:44:10.419038+00:00,grid_21,grid,,28.584392,77.301827,FRC2,36,50,1348,971,0.999666,False,0.72
2026-08-24T13:44:10.419038+00:00,grid_22,grid,,28.584392,77.503049,FRC3,26,42,2345,1451,0.961816,False,0.619
2026-08-24T13:44:10.419038+00:00,grid_23,grid,,28.584392,77.704272,FRC4,35,43,2150,1750,0.582817,False,0.814
2026-08-24T13:44:10.419038+00:00,grid_24,grid,,28.746089,76.698159,FRC4,47,47,1650,1650,1,False,1.0
2026-08-24T13:44:10.419038+00:00,grid_25,grid,,28.746089,76.899382,FRC4,42,42,737,737,1,False,1.0
2026-08-24T13:44:10.419038+00:00,grid_26,grid,,28.746089,77.100604,FRC3,21,33,2396,1524,0.974667,False,0.636
2026-08-24T13:44:10.419038+00:00,grid_27,grid,,28.746089,77.301827,FRC3,21,28,1503,1127,0.961866,False,0.75
2026-08-24T13:44:10.419038+00:00,grid_28,grid,,28.746089,77.503049,FRC2,33,49,1948,1312,0.98442,False,0.673
2026-08-24T13:44:10.419038+00:00,grid_29,grid,,28.746089,77.704272,FRC3,49,49,1563,1563,1,False,1.0
2026-08-24T13:44:10.419038+00:00,grid_30,grid,,28.907786,76.698159,FRC2,47,47,1556,1556,1,False,1.0
2026-08-24T13:44:10.419038+00:00,grid_31,grid,,28.907786,76.899382,FRC4,44,44,1286,1286,1,False,1.0
2026-08-24T13:44:10.419038+00:00,grid_32,grid,,28.907786,77.100604,FRC1,49,61,183,147,0.97,False,0.803
2026-08-24T13:44:10.419038+00:00,grid_33,grid,,28.907786,77.301827,FRC2,59,69,1237,1058,0.97042,False,0.855
2026-08-24T13:44:10.419038+00:00,grid_34,grid,,28.907786,77.503049,FRC4,42,46,1169,1067,0.533183,False,0.913
2026-08-24T13:44:10.419038+00:00,grid_35,grid,,28.907786,77.704272,FRC2,44,49,1645,1477,0.725232,False,0.898
2026-08-24T13:44:10.419038+00:00,city_Delhi,city_center,Delhi,28.7041,77.1025,FRC2,18,29,1175,729,0.98895,False,0.621
2026-08-24T13:44:10.419038+00:00,city_Faridabad,city_center,Faridabad,28.4089,77.3178,FRC4,20,34,605,355,0.98,False,0.588
2026-08-24T13:44:10.419038+00:00,city_Ghaziabad,city_center,Ghaziabad,28.6692,77.4538,FRC4,28,37,1362,1031,0.997917,False,0.757
2026-08-24T13:44:10.419038+00:00,city_Gurgaon,city_center,Gurgaon,28.4595,77.0266,FRC4,35,49,2356,1683,0.998339,False,0.714
2026-08-24T13:44:10.419038+00:00,city_Noida,city_center,Noida,28.5355,77.391,FRC3,22,31,3417,2425,0.978535,False,0.71
2026-08-24T13:44:10.419038+00:00,hotspot_Anand_Vihar,hotspot,Anand Vihar,28.6469,77.3152,FRC3,27,40,965,651,1,False,0.675
2026-08-24T13:44:10.419038+00:00,hotspot_Rohini,hotspot,Rohini,28.7495,77.0565,FRC2,24,38,1882,1188,0.999048,False,0.632
2026-08-24T14:34:37.971728+00:00,grid_0,grid,,28.099302,76.698159,FRC4,31,31,1306,1306,1,False,1.0
2026-08-24T14:34:37.971728+00:00,grid_1,grid,,28.099302,76.899382,FRC4,35,35,1597,1597,1,False,1.0
2026-08-24T14:34:37.971728+00:00,grid_2,grid,,28.099302,77.100604,FRC4,42,42,626,626,1,False,1.0
2026-08-24T14:34:37.971728+00:00,grid_3,grid,,28.099302,77.301827,FRC0,80,80,808,808,1,False,1.0
2026-08-24T14:34:37.971728+00:00,grid_4,grid,,28.099302,77.503049,FRC2,46,46,1777,1777,1,False,1.0
2026-08-24T14:34:37.971728+00:00,grid_5,grid,,28.099302,77.704272,FRC4,54,54,1057,1057,1,False,1.0
2026-08-24T14:34:37.971728+00:00,grid_6,grid,,28.260999,76.698159,FRC3,44,44,1293,1293,1,False,1.0
2026-08-24T14:34:37.971728+00:00,grid_7,grid,,28.260999,76.899382,FRC3,43,43,1183,1183,1,False,1.0
2026-08-24T14:34:37.971728+00:00,grid_8,grid,,28.260999,77.100604,FRC0,102,102,373,373,1,False,1.0
2026-08-24T14:34:37.971728+00:00,grid_9,grid,,28.260999,77.301827,FRC4,31,31,1991,1991,1,False,1.0
2026-08-24T14:34:37.971728+00:00,grid_10,grid,,28.260999,77.503049,FRC4,36,36,2091,2091,1,False,1.0
2026-08-24T14:34:37.971728+00:00,grid_11,grid,,28.260999,77.704272,FRC4,55,55,1336,1336,1,False,1.0
2026-08-24T14:34:37.971728+00:00,grid_12,grid,,28.422696,76.698159,FRC4,30,30,1054,1054,1,False,1.0
2026-08-24T14:34:37.971728+00:00,grid_13,grid,,28.422696,76.899382,FRC3,40,48,1261,1050,0.800747,True,0.833
2026-08-24T14:34:37.971728+00:00,grid_14,grid,,28.422696,77.100604,FRC3,30,40,1609,1206,1,False,0.75
2026-08-24T14:34:37.971728+00:00,grid_15,grid,,28.422696,77.301827,FRC3,18,30,1953,1172,0.972694,False,0.6
2026-08-24T14:34:37.971728+00:00,grid_16,grid,,28.422696,77.503049,FRC0,92,92,469,469,1,False,1.0
2026-08-24T14:34:37.971728+00:00,grid_17,grid,,28.422696,77.704272,FRC3,56,56,1244,1244,1,False,1.0
2026-08-24T14:34:37.971728+00:00,grid_18,grid,,28.584392,76.698159,FRC4,34,34,770,770,1,False,1.0
2026-08-24T14:34:37.971728+00:00,grid_19,grid,,28.584392,76.899382,FRC7,40,40,1295,1295,1,False,1.0
2026-08-24T14:34:37.971728+00:00,grid_20,grid,,28.584392,77.100604,FRC6,30,37,1473,1194,0.999201,False,0.811
2026-08-24T14:34:37.971728+00:00,grid_21,grid,,28.584392,77.301827,FRC2,40,50,1213,971,0.999666,False,0.8
2026-08-24T14:34:37.971728+00:00,grid_22,grid,,28.584392,77.503049,FRC3,28,42,2177,1451,0.941441,False,0.667
2026-08-24T14:34:37.971728+00:00,grid_23,grid,,28.584392,77.704272,FRC4,43,43,1750,1750,1,False,1.0
2026-08-24T14:34:37.971728+00:00,grid_24,grid,,28.746089,76.698159,FRC4,47,47,1650,1650,1,False,1.0
2026-08-24T14:34:37.971728+00:00,grid_25,grid,,28.746089,76.899382,FRC4,42,42,737,737,1,False,1.0
2026-08-24T14:34:37.971728+00:00,grid_26,grid,,28.746089,77.100604,FRC3,23,33,2187,1524,0.951441,False,0.697
2026-08-24T14:34:37.971728+00:00,grid_27,grid,,28.746089,77.301827,FRC3,19,28,1661,1127,0.969315,False,0.679
2026-08-24T14:34:37.971728+00:00,grid_28,grid,,28.746089,77.503049,FRC2,35,48,1837,1339,0.986322,False,0.729
2026-08-24T14:34:37.971728+00:00,grid_29,grid,,28.746089,77.704272,FRC3,49,49,1563,1563,1,False,1.0
2026-08-24T14:34:37.971728+00:00,grid_30,grid,,28.907786,76.698159,FRC2,38,46,1925,1590,0.609911,False,0.826
2026-08-24T14:34:37.971728+00:00,grid_31,grid,,28.907786,76.899382,FRC4,44,44,1286,1286,1,False,1.0
2026-08-24T14:34:37.971728+00:00,grid_32,grid,,28.907786,77.100604,FRC1,43,60,209,150,0.957323,False,0.717
2026-08-24T14:34:37.971728+00:00,grid_33,grid,,28.907786,77.301827,FRC2,69,69,1058,1058,1,False,1.0
2026-08-24T14:34:37.971728+00:00,grid_34,grid,,28.907786,77.503049,FRC4,44,46,1116,1067,0.508819,False,0.957
2026-08-24T14:34:37.971728+00:00,grid_35,grid,,28.907786,77.704272,FRC2,45,49,1609,1477,0.561777,False,0.918
2026-08-24T14:34:37.971728+00:00,city_Delhi,city_center,Delhi,28.7041,77.1025,FRC2,18,29,1175,729,0.994448,False,0.621
2026-08-24T14:34:37.971728+00:00,city_Faridabad,city_center,Faridabad,28.4089,77.3178,FRC4,19,33,636,366,0.969025,False,0.576
2026-08-24T14:34:37.971728+00:00,city_Ghaziabad,city_center,Ghaziabad,28.6692,77.4538,FRC4,30,38,1271,1004,0.989593,False,0.789
2026-08-24T14:34:37.971728+00:00,city_Gurgaon,city_center,Gurgaon,28.4595,77.0266,FRC4,34,49,2425,1683,0.993882,False,0.694
2026-08-24T14:34:37.971728+00:00,city_Noida,city_center,Noida,28.5355,77.391,FRC3,22,31,3417,2425,0.970956,False,0.71
2026-08-24T14:34:37.971728+00:00,hotspot_Anand_Vihar,hotspot,Anand Vihar,28.6469,77.3152,FRC3,27,40,965,651,1,False,0.675
2026-08-24T14:34:37.971728+00:00,hotspot_Rohini,hotspot,Rohini,28.7495,77.0565,FRC2,24,37,1882,1220,0.9994,False,0.649
2026-08-24T15:32:41.777250+00:00,grid_0,grid,,28.099302,76.698159,FRC4,31,31,1306,1306,1,False,1.0
2026-08-24T15:32:41.777250+00:00,grid_1,grid,,28.099302,76.899382,FRC4,35,35,1597,1597,1,False,1.0
2026-08-24T15:32:41.777250+00:00,grid_2,grid,,28.099302,77.100604,FRC4,42,42,626,626,1,False,1.0
2026-08-24T15:32:41.777250+00:00,grid_3,grid,,28.099302,77.301827,FRC0,80,80,808,808,1,False,1.0
2026-08-24T15:32:41.777250+00:00,grid_4,grid,,28.099302,77.503049,FRC2,46,46,1777,1777,1,False,1.0
2026-08-24T15:32:41.777250+00:00,grid_5,grid,,28.099302,77.704272,FRC4,54,54,1057,1057,1,False,1.0
2026-08-24T15:32:41.777250+00:00,grid_6,grid,,28.260999,76.698159,FRC3,44,44,1293,1293,1,False,1.0
2026-08-24T15:32:41.777250+00:00,grid_7,grid,,28.260999,76.899382,FRC3,43,43,1183,1183,1,False,1.0
2026-08-24T15:32:41.777250+00:00,grid_8,grid,,28.260999,77.100604,FRC0,102,102,373,373,1,False,1.0
2026-08-24T15:32:41.777250+00:00,grid_9,grid,,28.260999,77.301827,FRC4,31,31,1991,1991,1,False,1.0
2026-08-24T15:32:41.777250+00:00,grid_10,grid,,28.260999,77.503049,FRC4,36,36,2091,2091,1,False,1.0
2026-08-24T15:32:41.777250+00:00,grid_11,grid,,28.260999,77.704272,FRC4,55,55,1336,1336,1,False,1.0
2026-08-24T15:32:41.777250+00:00,grid_12,grid,,28.422696,76.698159,FRC4,30,30,1054,1054,1,False,1.0
2026-08-24T15:32:41.777250+00:00,grid_13,grid,,28.422696,76.899382,FRC3,48,48,1050,1050,1,False,1.0
2026-08-24T15:32:41.777250+00:00,grid_14,grid,,28.422696,77.100604,FRC3,33,40,1462,1206,1,False,0.825
2026-08-24T15:32:41.777250+00:00,grid_15,grid,,28.422696,77.301827,FRC3,22,30,1598,1172,0.972106,False,0.733
2026-08-24T15:32:41.777250+00:00,grid_16,grid,,28.422696,77.503049,FRC0,92,92,469,469,1,False,1.0
2026-08-24T15:32:41.777250+00:00,grid_17,grid,,28.422696,77.704272,FRC3,56,56,1244,1244,1,False,1.0
2026-08-24T15:32:41.777250+00:00,grid_18,grid,,28.584392,76.698159,FRC4,34,34,770,770,1,False,1.0
2026-08-24T15:32:41.777250+00:00,grid_19,grid,,28.584392,76.899382,FRC7,40,40,1295,1295,1,False,1.0
2026-08-24T15:32:41.777250+00:00,grid_20,grid,,28.584392,77.100604,FRC6,37,37,1194,1194,1,False,1.0
2026-08-24T15:32:41.777250+00:00,grid_21,grid,,28.584392,77.301827,FRC2,41,49,1184,990,0.999666,False,0.837
2026-08-24T15:32:41.777250+00:00,grid_22,grid,,28.584392,77.503049,FRC3,33,42,1847,1451,0.945953,False,0.786
2026-08-24T15:32:41.777250+00:00,grid_23,grid,,28.584392,77.704272,FRC4,43,43,1750,1750,1,False,1.0
2026-08-24T15:32:41.777250+00:00,grid_24,grid,,28.746089,76.698159,FRC4,47,47,1650,1650,1,False,1.0
2026-08-24T15:32:41.777250+00:00,grid_25,grid,,28.746089,76.899382,FRC4,42,42,737,737,1,False,1.0
2026-08-24T15:32:41.777250+00:00,grid_26,grid,,28.746089,77.100604,FRC3,23,33,2187,1524,0.962029,False,0.697
2026-08-24T15:32:41.777250+00:00,grid_27,grid,,28.746089,77.301827,FRC3,22,28,1434,1127,0.931184,False,0.786
2026-08-24T15:32:41.777250+00:00,grid_28,grid,,28.746089,77.503049,FRC2,39,47,1648,1368,0.980157,False,0.83
2026-08-24T15:32:41.777250+00:00,grid_29,grid,,28.746089,77.704272,FRC3,49,49,1563,1563,1,False,1.0
2026-08-24T15:32:41.777250+00:00,grid_30,grid,,28.907786,76.698159,FRC2,47,47,1556,1556,1,False,1.0
2026-08-24T15:32:41.777250+00:00,grid_31,grid,,28.907786,76.899382,FRC4,44,44,1286,1286,1,False,1.0
2026-08-24T15:32:41.777250+00:00,grid_32,grid,,28.907786,77.100604,FRC1,46,60,195,150,0.74,False,0.767
2026-08-24T15:32:41.777250+00:00,grid_33,grid,,28.907786,77.301827,FRC2,69,69,1058,1058,1,False,1.0
2026-08-24T15:32:41.777250+00:00,grid_34,grid,,28.907786,77.503049,FRC4,46,46,1067,1067,1,False,1.0
2026-08-24T15:32:41.777250+00:00,grid_35,grid,,28.907786,77.704272,FRC2,40,49,1810,1477,0.704628,False,0.816
2026-08-24T15:32:41.777250+00:00,city_Delhi,city_center,Delhi,28.7041,77.1025,FRC2,19,29,1113,729,0.985934,False,0.655
2026-08-24T15:32:41.777250+00:00,city_Faridabad,city_center,Faridabad,28.4089,77.3178,FRC4,34,34,355,355,1,False,1.0
2026-08-24T15:32:41.777250+00:00,city_Ghaziabad,city_center,Ghaziabad,28.6692,77.4538,FRC4,32,38,1192,1004,0.987175,False,0.842
2026-08-24T15:32:41.777250+00:00,city_Gurgaon,city_center,Gurgaon,28.4595,77.0266,FRC4,35,49,2356,1683,0.997287,False,0.714
2026-08-24T15:32:41.777250+00:00,city_Noida,city_center,Noida,28.5355,77.391,FRC3,22,30,3417,2505,0.971012,False,0.733
2026-08-24T15:32:41.777250+00:00,hotspot_Anand_Vihar,hotspot,Anand Vihar,28.6469,77.3152,FRC3,28,40,931,651,1,False,0.7
2026-08-24T15:32:41.777250+00:00,hotspot_Rohini,hotspot,Rohini,28.7495,77.0565,FRC2,27,38,1673,1188,1,False,0.711
2026-08-24T16:26:47.469115+00:00,grid_0,grid,,28.099302,76.698159,FRC4,31,31,1306,1306,1,False,1.0
2026-08-24T16:26:47.469115+00:00,grid_1,grid,,28.099302,76.899382,FRC4,35,35,1597,1597,1,False,1.0
2026-08-24T16:26:47.469115+00:00,grid_2,grid,,28.099302,77.100604,FRC4,42,42,626,626,1,False,1.0
2026-08-24T16:26:47.469115+00:00,grid_3,grid,,28.099302,77.301827,FRC0,66,80,979,808,0.88,False,0.825
2026-08-24T16:26:47.469115+00:00,grid_4,grid,,28.099302,77.503049,FRC2,46,46,1777,1777,1,False,1.0
2026-08-24T16:26:47.469115+00:00,grid_5,grid,,28.099302,77.704272,FRC4,54,54,1057,1057,1,False,1.0
2026-08-24T16:26:47.469115+00:00,grid_6,grid,,28.260999,76.698159,FRC3,44,44,1293,1293,1,False,1.0
2026-08-24T16:26:47.469115+00:00,grid_7,grid,,28.260999,76.899382,FRC3,43,43,1183,1183,1,False,1.0
2026-08-24T16:26:47.469115+00:00,grid_8,grid,,28.260999,77.100604,FRC0,102,102,373,373,1,False,1.0
2026-08-24T16:26:47.469115+00:00,grid_9,grid,,28.260999,77.301827,FRC4,31,31,1991,1991,1,False,1.0
2026-08-24T16:26:47.469115+00:00,grid_10,grid,,28.260999,77.503049,FRC4,36,36,2091,2091,1,False,1.0
2026-08-24T16:26:47.469115+00:00,grid_11,grid,,28.260999,77.704272,FRC4,55,55,1336,1336,1,False,1.0
2026-08-24T16:26:47.469115+00:00,grid_12,grid,,28.422696,76.698159,FRC4,30,30,1054,1054,1,False,1.0
2026-08-24T16:26:47.469115+00:00,grid_13,grid,,28.422696,76.899382,FRC3,48,48,1050,1050,1,False,1.0
2026-08-24T16:26:47.469115+00:00,grid_14,grid,,28.422696,77.100604,FRC3,39,39,1237,1237,1,False,1.0
2026-08-24T16:26:47.469115+00:00,grid_15,grid,,28.422696,77.301827,FRC3,21,30,1674,1172,0.958541,False,0.7
2026-08-24T16:26:47.469115+00:00,grid_16,grid,,28.422696,77.503049,FRC0,92,92,469,469,1,False,1.0
2026-08-24T16:26:47.469115+00:00,grid_17,grid,,28.422696,77.704272,FRC3,56,56,1244,1244,1,False,1.0
2026-08-24T16:26:47.469115+00:00,grid_18,grid,,28.584392,76.698159,FRC4,34,34,770,770,1,False,1.0
2026-08-24T16:26:47.469115+00:00,grid_19,grid,,28.584392,76.899382,FRC7,40,40,1295,1295,1,False,1.0
2026-08-24T16:26:47.469115+00:00,grid_20,grid,,28.584392,77.100604,FRC6,37,37,1194,1194,1,False,1.0
2026-08-24T16:26:47.469115+00:00,grid_21,grid,,28.584392,77.301827,FRC2,49,49,990,990,1,False,1.0
2026-08-24T16:26:47.469115+00:00,grid_22,grid,,28.584392,77.503049,FRC3,32,42,1905,1451,0.952772,False,0.762
2026-08-24T16:26:47.469115+00:00,grid_23,grid,,28.584392,77.704272,FRC4,43,43,1750,1750,1,False,1.0
2026-08-24T16:26:47.469115+00:00,grid_24,grid,,28.746089,76.698159,FRC4,47,47,1650,1650,1,False,1.0
2026-08-24T16:26:47.469115+00:00,grid_25,grid,,28.746089,76.899382,FRC4,42,42,737,737,1,False,1.0
2026-08-24T16:26:47.469115+00:00,grid_26,grid,,28.746089,77.100604,FRC3,32,32,1572,1572,1,False,1.0
2026-08-24T16:26:47.469115+00:00,grid_27,grid,,28.746089,77.301827,FRC3,28,28,1127,1127,1,False,1.0
2026-08-24T16:26:47.469115+00:00,grid_28,grid,,28.746089,77.503049,FRC2,40,48,1607,1339,0.979771,False,0.833
2026-08-24T16:26:47.469115+00:00,grid_29,grid,,28.746089,77.704272,FRC3,49,49,1563,1563,1,False,1.0
2026-08-24T16:26:47.469115+00:00,grid_30,grid,,28.907786,76.698159,FRC2,47,47,1556,1556,1,False,1.0
2026-08-24T16:26:47.469115+00:00,grid_31,grid,,28.907786,76.899382,FRC4,44,44,1286,1286,1,False,1.0
2026-08-24T16:26:47.469115+00:00,grid_32,grid,,28.907786,77.100604,FRC1,47,60,191,150,0.834669,False,0.783
2026-08-24T16:26:47.469115+00:00,grid_33,grid,,28.907786,77.301827,FRC2,59,70,1237,1043,0.958948,False,0.843
2026-08-24T16:26:47.469115+00:00,grid_34,grid,,28.907786,77.503049,FRC4,46,46,1067,1067,1,False,1.0
2026-08-24T16:26:47.469115+00:00,grid_35,grid,,28.907786,77.704272,FRC2,43,49,1684,1477,0.693635,False,0.878
2026-08-24T16:26:47.469115+00:00,city_Delhi,city_center,Delhi,28.7041,77.1025,FRC2,21,28,1007,755,0.983963,False,0.75
2026-08-24T16:26:47.469115+00:00,city_Faridabad,city_center,Faridabad,28.4089,77.3178,FRC4,34,34,355,355,1,False,1.0
2026-08-24T16:26:47.469115+00:00,city_Ghaziabad,city_center,Ghaziabad,28.6692,77.4538,FRC4,37,37,1031,1031,1,False,1.0
2026-08-24T16:26:47.469115+00:00,city_Gurgaon,city_center,Gurgaon,28.4595,77.0266,FRC4,40,49,2062,1683,0.997064,False,0.816
2026-08-24T16:26:47.469115+00:00,city_Noida,city_center,Noida,28.5355,77.391,FRC3,25,30,3007,2505,0.991847,False,0.833
2026-08-24T16:26:47.469115+00:00,hotspot_Anand_Vihar,hotspot,Anand Vihar,28.6469,77.3152,FRC3,33,39,790,668,1,False,0.846
2026-08-24T16:26:47.469115+00:00,hotspot_Rohini,hotspot,Rohini,28.7495,77.0565,FRC2,38,38,1188,1188,1,False,1.0
2026-08-24T17:04:47.966960+00:00,grid_0,grid,,28.099302,76.698159,FRC4,31,31,1306,1306,1,False,1.0
2026-08-24T17:04:47.966960+00:00,grid_1,grid,,28.099302,76.899382,FRC4,35,35,1597,1597,1,False,1.0
2026-08-24T17:04:47.966960+00:00,grid_2,grid,,28.099302,77.100604,FRC4,42,42,626,626,1,False,1.0
2026-08-24T17:04:47.966960+00:00,grid_3,grid,,28.099302,77.301827,FRC0,80,80,808,808,1,False,1.0
2026-08-24T17:04:47.966960+00:00,grid_4,grid,,28.099302,77.503049,FRC2,46,46,1777,1777,1,False,1.0
2026-08-24T17:04:47.966960+00:00,grid_5,grid,,28.099302,77.704272,FRC4,54,54,1057,1057,1,False,1.0
2026-08-24T17:04:47.966960+00:00,grid_6,grid,,28.260999,76.698159,FRC3,44,44,1293,1293,1,False,1.0
2026-08-24T17:04:47.966960+00:00,grid_7,grid,,28.260999,76.899382,FRC3,43,43,1183,1183,1,False,1.0
2026-08-24T17:04:47.966960+00:00,grid_8,grid,,28.260999,77.100604,FRC0,102,102,373,373,1,False,1.0
2026-08-24T17:04:47.966960+00:00,grid_9,grid,,28.260999,77.301827,FRC4,31,31,1991,1991,1,False,1.0
2026-08-24T17:04:47.966960+00:00,grid_10,grid,,28.260999,77.503049,FRC4,36,36,2091,2091,1,False,1.0
2026-08-24T17:04:47.966960+00:00,grid_11,grid,,28.260999,77.704272,FRC4,55,55,1336,1336,1,False,1.0
2026-08-24T17:04:47.966960+00:00,grid_12,grid,,28.422696,76.698159,FRC4,30,30,1054,1054,1,False,1.0
2026-08-24T17:04:47.966960+00:00,grid_13,grid,,28.422696,76.899382,FRC3,40,48,1261,1050,0.747846,False,0.833
2026-08-24T17:04:47.966960+00:00,grid_14,grid,,28.422696,77.100604,FRC3,39,39,1237,1237,1,False,1.0
2026-08-24T17:04:47.966960+00:00,grid_15,grid,,28.422696,77.301827,FRC3,24,29,1465,1212,0.941799,False,0.828
2026-08-24T17:04:47.966960+00:00,grid_16,grid,,28.422696,77.503049,FRC0,92,92,469,469,1,False,1.0
2026-08-24T17:04:47.966960+00:00,grid_17,grid,,28.422696,77.704272,FRC3,56,56,1244,1244,1,False,1.0
2026-08-24T17:04:47.966960+00:00,grid_18,grid,,28.584392,76.698159,FRC4,34,34,770,770,1,False,1.0
2026-08-24T17:04:47.966960+00:00,grid_19,grid,,28.584392,76.899382,FRC7,40,40,1295,1295,1,False,1.0
2026-08-24T17:04:47.966960+00:00,grid_20,grid,,28.584392,77.100604,FRC6,37,37,1194,1194,1,False,1.0
2026-08-24T17:04:47.966960+00:00,grid_21,grid,,28.584392,77.301827,FRC2,49,49,990,990,1,False,1.0
2026-08-24T17:04:47.966960+00:00,grid_22,grid,,28.584392,77.503049,FRC3,41,41,1487,1487,1,False,1.0
2026-08-24T17:04:47.966960+00:00,grid_23,grid,,28.584392,77.704272,FRC4,43,43,1750,1750,1,False,1.0
2026-08-24T17:04:47.966960+00:00,grid_24,grid,,28.746089,76.698159,FRC4,47,47,1650,1650,1,False,1.0
2026-08-24T17:04:47.966960+00:00,grid_25,grid,,28.746089,76.899382,FRC4,42,42,737,737,1,False,1.0
2026-08-24T17:04:47.966960+00:00,grid_26,grid,,28.746089,77.100604,FRC3,32,32,1572,1572,1,False,1.0
2026-08-24T17:04:47.966960+00:00,grid_27,grid,,28.746089,77.301827,FRC3,23,27,1372,1169,0.968927,False,0.852
2026-08-24T17:04:47.966960+00:00,grid_28,grid,,28.746089,77.503049,FRC2,49,49,1312,1312,1,False,1.0
2026-08-24T17:04:47.966960+00:00,grid_29,grid,,28.746089,77.704272,FRC3,49,49,1563,1563,1,False,1.0
2026-08-24T17:04:47.966960+00:00,grid_30,grid,,28.907786,76.698159,FRC2,47,47,1556,1556,1,False,1.0
2026-08-24T17:04:47.966960+00:00,grid_31,grid,,28.907786,76.899382,FRC4,44,44,1286,1286,1,False,1.0
2026-08-24T17:04:47.966960+00:00,grid_32,grid,,28.907786,77.100604,FRC1,61,61,147,147,1,False,1.0
2026-08-24T17:04:47.966960+00:00,grid_33,grid,,28.907786,77.301827,FRC2,69,69,1058,1058,1,False,1.0
2026-08-24T17:04:47.966960+00:00,grid_34,grid,,28.907786,77.503049,FRC4,46,46,1067,1067,1,False,1.0
2026-08-24T17:04:47.966960+00:00,grid_35,grid,,28.907786,77.704272,FRC2,49,49,1477,1477,1,False,1.0
2026-08-24T17:04:47.966960+00:00,city_Delhi,city_center,Delhi,28.7041,77.1025,FRC2,24,29,881,729,0.986155,False,0.828
2026-08-24T17:04:47.966960+00:00,city_Faridabad,city_center,Faridabad,28.4089,77.3178,FRC4,34,34,355,355,1,False,1.0
2026-08-24T17:04:47.966960+00:00,city_Ghaziabad,city_center,Ghaziabad,28.6692,77.4538,FRC4,37,37,1031,1031,1,False,1.0
2026-08-24T17:04:47.966960+00:00,city_Gurgaon,city_center,Gurgaon,28.4595,77.0266,FRC4,49,49,1683,1683,1,False,1.0
2026-08-24T17:04:47.966960+00:00,city_Noida,city_center,Noida,28.5355,77.391,FRC3,25,31,3007,2425,0.977003,False,0.806
2026-08-24T17:04:47.966960+00:00,hotspot_Anand_Vihar,hotspot,Anand Vihar,28.6469,77.3152,FRC3,40,40,651,651,1,False,1.0
2026-08-24T17:04:47.966960+00:00,hotspot_Rohini,hotspot,Rohini,28.7495,77.0565,FRC2,38,38,1188,1188,1,False,1.0
2026-08-24T17:56:56.177293+00:00,grid_0,grid,,28.099302,76.698159,FRC4,31,31,1306,1306,1,False,1.0
2026-08-24T17:56:56.177293+00:00,grid_1,grid,,28.099302,76.899382,FRC4,35,35,1597,1597,1,False,1.0
2026-08-24T17:56:56.177293+00:00,grid_2,grid,,28.099302,77.100604,FRC4,42,42,626,626,1,False,1.0
2026-08-24T17:56:56.177293+00:00,grid_3,grid,,28.099302,77.301827,FRC0,80,80,808,808,1,False,1.0
2026-08-24T17:56:56.177293+00:00,grid_4,grid,,28.099302,77.503049,FRC2,46,46,1777,1777,1,False,1.0
2026-08-24T17:56:56.177293+00:00,grid_5,grid,,28.099302,77.704272,FRC4,54,54,1057,1057,1,False,1.0
2026-08-24T17:56:56.177293+00:00,grid_6,grid,,28.260999,76.698159,FRC3,44,44,1293,1293,1,False,1.0
2026-08-24T17:56:56.177293+00:00,grid_7,grid,,28.260999,76.899382,FRC3,43,43,1183,1183,1,False,1.0
2026-08-24T17:56:56.177293+00:00,grid_8,grid,,28.260999,77.100604,FRC0,102,102,373,373,1,False,1.0
2026-08-24T17:56:56.177293+00:00,grid_9,grid,,28.260999,77.301827,FRC4,31,31,1991,1991,1,False,1.0
2026-08-24T17:56:56.177293+00:00,grid_10,grid,,28.260999,77.503049,FRC4,36,36,2091,2091,1,False,1.0
2026-08-24T17:56:56.177293+00:00,grid_11,grid,,28.260999,77.704272,FRC4,55,55,1336,1336,1,False,1.0
2026-08-24T17:56:56.177293+00:00,grid_12,grid,,28.422696,76.698159,FRC4,30,30,1054,1054,1,False,1.0
2026-08-24T17:56:56.177293+00:00,grid_13,grid,,28.422696,76.899382,FRC3,48,48,1050,1050,1,False,1.0
2026-08-24T17:56:56.177293+00:00,grid_14,grid,,28.422696,77.100604,FRC3,39,39,1237,1237,1,False,1.0
2026-08-24T17:56:56.177293+00:00,grid_15,grid,,28.422696,77.301827,FRC3,30,30,1172,1172,1,False,1.0
2026-08-24T17:56:56.177293+00:00,grid_16,grid,,28.422696,77.503049,FRC0,92,92,469,469,1,False,1.0
2026-08-24T17:56:56.177293+00:00,grid_17,grid,,28.422696,77.704272,FRC3,56,56,1244,1244,1,False,1.0
2026-08-24T17:56:56.177293+00:00,grid_18,grid,,28.584392,76.698159,FRC4,34,34,770,770,1,False,1.0
2026-08-24T17:56:56.177293+00:00,grid_19,grid,,28.584392,76.899382,FRC7,40,40,1295,1295,1,False,1.0
2026-08-24T17:56:56.177293+00:00,grid_20,grid,,28.584392,77.100604,FRC6,37,37,1194,1194,1,False,1.0
2026-08-24T17:56:56.177293+00:00,grid_21,grid,,28.584392,77.301827,FRC2,49,49,990,990,1,False,1.0
2026-08-24T17:56:56.177293+00:00,grid_22,grid,,28.584392,77.503049,FRC3,41,41,1487,1487,1,False,1.0
2026-08-24T17:56:56.177293+00:00,grid_23,grid,,28.584392,77.704272,FRC4,43,43,1750,1750,1,False,1.0
2026-08-24T17:56:56.177293+00:00,grid_24,grid,,28.746089,76.698159,FRC4,47,47,1650,1650,1,False,1.0
2026-08-24T17:56:56.177293+00:00,grid_25,grid,,28.746089,76.899382,FRC4,42,42,737,737,1,False,1.0
2026-08-24T17:56:56.177293+00:00,grid_26,grid,,28.746089,77.100604,FRC3,32,32,1572,1572,1,False,1.0
2026-08-24T17:56:56.177293+00:00,grid_27,grid,,28.746089,77.301827,FRC3,28,28,1127,1127,1,False,1.0
2026-08-24T17:56:56.177293+00:00,grid_28,grid,,28.746089,77.503049,FRC2,49,49,1312,1312,1,False,1.0
2026-08-24T17:56:56.177293+00:00,grid_29,grid,,28.746089,77.704272,FRC3,49,49,1563,1563,1,False,1.0
2026-08-24T17:56:56.177293+00:00,grid_30,grid,,28.907786,76.698159,FRC2,47,47,1556,1556,1,False,1.0
2026-08-24T17:56:56.177293+00:00,grid_31,grid,,28.907786,76.899382,FRC4,44,44,1286,1286,1,False,1.0
2026-08-24T17:56:56.177293+00:00,grid_32,grid,,28.907786,77.100604,FRC1,61,61,147,147,1,False,1.0
2026-08-24T17:56:56.177293+00:00,grid_33,grid,,28.907786,77.301827,FRC2,69,69,1058,1058,1,False,1.0
2026-08-24T17:56:56.177293+00:00,grid_34,grid,,28.907786,77.503049,FRC4,46,46,1067,1067,1,False,1.0
2026-08-24T17:56:56.177293+00:00,grid_35,grid,,28.907786,77.704272,FRC2,49,49,1477,1477,1,False,1.0
2026-08-24T17:56:56.177293+00:00,city_Delhi,city_center,Delhi,28.7041,77.1025,FRC2,30,30,705,705,1,False,1.0
2026-08-24T17:56:56.177293+00:00,city_Faridabad,city_center,Faridabad,28.4089,77.3178,FRC4,34,34,355,355,1,False,1.0
2026-08-24T17:56:56.177293+00:00,city_Ghaziabad,city_center,Ghaziabad,28.6692,77.4538,FRC4,37,37,1031,1031,1,False,1.0
2026-08-24T17:56:56.177293+00:00,city_Gurgaon,city_center,Gurgaon,28.4595,77.0266,FRC4,49,49,1683,1683,1,False,1.0
2026-08-24T17:56:56.177293+00:00,city_Noida,city_center,Noida,28.5355,77.391,FRC3,30,30,2505,2505,1,False,1.0
2026-08-24T17:56:56.177293+00:00,hotspot_Anand_Vihar,hotspot,Anand Vihar,28.6469,77.3152,FRC3,40,40,651,651,1,False,1.0
2026-08-24T17:56:56.177293+00:00,hotspot_Rohini,hotspot,Rohini,28.7495,77.0565,FRC2,38,38,1188,1188,1,False,1.0
2026-08-24T18:31:18.251392+00:00,grid_0,grid,,28.099302,76.698159,FRC4,31,31,1306,1306,1,False,1.0
2026-08-24T18:31:18.251392+00:00,grid_1,grid,,28.099302,76.899382,FRC4,35,35,1597,1597,1,False,1.0
2026-08-24T18:31:18.251392+00:00,grid_2,grid,,28.099302,77.100604,FRC4,42,42,626,626,1,False,1.0
2026-08-24T18:31:18.251392+00:00,grid_3,grid,,28.099302,77.301827,FRC0,80,80,808,808,1,False,1.0
2026-08-24T18:31:18.251392+00:00,grid_4,grid,,28.099302,77.503049,FRC2,46,46,1777,1777,1,False,1.0
2026-08-24T18:31:18.251392+00:00,grid_5,grid,,28.099302,77.704272,FRC4,54,54,1057,1057,1,False,1.0
2026-08-24T18:31:18.251392+00:00,grid_6,grid,,28.260999,76.698159,FRC3,44,44,1293,1293,1,False,1.0
2026-08-24T18:31:18.251392+00:00,grid_7,grid,,28.260999,76.899382,FRC3,43,43,1183,1183,1,False,1.0
2026-08-24T18:31:18.251392+00:00,grid_8,grid,,28.260999,77.100604,FRC0,73,101,522,377,0.93,False,0.723
2026-08-24T18:31:18.251392+00:00,grid_9,grid,,28.260999,77.301827,FRC4,31,31,1991,1991,1,False,1.0
2026-08-24T18:31:18.251392+00:00,grid_10,grid,,28.260999,77.503049,FRC4,36,36,2091,2091,1,False,1.0
2026-08-24T18:31:18.251392+00:00,grid_11,grid,,28.260999,77.704272,FRC4,55,55,1336,1336,1,False,1.0
2026-08-24T18:31:18.251392+00:00,grid_12,grid,,28.422696,76.698159,FRC4,30,30,1054,1054,1,False,1.0
2026-08-24T18:31:18.251392+00:00,grid_13,grid,,28.422696,76.899382,FRC3,48,48,1050,1050,1,False,1.0
2026-08-24T18:31:18.251392+00:00,grid_14,grid,,28.422696,77.100604,FRC3,39,39,1237,1237,1,False,1.0
2026-08-24T18:31:18.251392+00:00,grid_15,grid,,28.422696,77.301827,FRC3,30,30,1172,1172,1,False,1.0
2026-08-24T18:31:18.251392+00:00,grid_16,grid,,28.422696,77.503049,FRC0,92,92,469,469,1,False,1.0
2026-08-24T18:31:18.251392+00:00,grid_17,grid,,28.422696,77.704272,FRC3,56,56,1244,1244,1,False,1.0
2026-08-24T18:31:18.251392+00:00,grid_18,grid,,28.584392,76.698159,FRC4,34,34,770,770,1,False,1.0
2026-08-24T18:31:18.251392+00:00,grid_19,grid,,28.584392,76.899382,FRC7,40,40,1295,1295,1,False,1.0
2026-08-24T18:31:18.251392+00:00,grid_20,grid,,28.584392,77.100604,FRC6,37,37,1194,1194,1,False,1.0
2026-08-24T18:31:18.251392+00:00,grid_21,grid,,28.584392,77.301827,FRC2,49,49,990,990,1,False,1.0
2026-08-24T18:31:18.251392+00:00,grid_22,grid,,28.584392,77.503049,FRC3,41,41,1487,1487,1,False,1.0
2026-08-24T18:31:18.251392+00:00,grid_23,grid,,28.584392,77.704272,FRC4,43,43,1750,1750,1,False,1.0
2026-08-24T18:31:18.251392+00:00,grid_24,grid,,28.746089,76.698159,FRC4,47,47,1650,1650,1,False,1.0
2026-08-24T18:31:18.251392+00:00,grid_25,grid,,28.746089,76.899382,FRC4,42,42,737,737,1,False,1.0
2026-08-24T18:31:18.251392+00:00,grid_26,grid,,28.746089,77.100604,FRC3,32,32,1572,1572,1,False,1.0
2026-08-24T18:31:18.251392+00:00,grid_27,grid,,28.746089,77.301827,FRC3,28,28,1127,1127,1,False,1.0
2026-08-24T18:31:18.251392+00:00,grid_28,grid,,28.746089,77.503049,FRC2,49,49,1312,1312,1,False,1.0
2026-08-24T18:31:18.251392+00:00,grid_29,grid,,28.746089,77.704272,FRC3,49,49,1563,1563,1,False,1.0
2026-08-24T18:31:18.251392+00:00,grid_30,grid,,28.907786,76.698159,FRC2,47,47,1556,1556,1,False,1.0
2026-08-24T18:31:18.251392+00:00,grid_31,grid,,28.907786,76.899382,FRC4,44,44,1286,1286,1,False,1.0
2026-08-24T18:31:18.251392+00:00,grid_32,grid,,28.907786,77.100604,FRC1,61,61,147,147,1,False,1.0
2026-08-24T18:31:18.251392+00:00,grid_33,grid,,28.907786,77.301827,FRC2,69,69,1058,1058,1,False,1.0
2026-08-24T18:31:18.251392+00:00,grid_34,grid,,28.907786,77.503049,FRC4,46,46,1067,1067,1,False,1.0
2026-08-24T18:31:18.251392+00:00,grid_35,grid,,28.907786,77.704272,FRC2,49,49,1477,1477,1,False,1.0
2026-08-24T18:31:18.251392+00:00,city_Delhi,city_center,Delhi,28.7041,77.1025,FRC2,30,30,705,705,1,False,1.0
2026-08-24T18:31:18.251392+00:00,city_Faridabad,city_center,Faridabad,28.4089,77.3178,FRC4,34,34,355,355,1,False,1.0
2026-08-24T18:31:18.251392+00:00,city_Ghaziabad,city_center,Ghaziabad,28.6692,77.4538,FRC4,37,37,1031,1031,1,False,1.0
2026-08-24T18:31:18.251392+00:00,city_Gurgaon,city_center,Gurgaon,28.4595,77.0266,FRC4,49,49,1683,1683,1,False,1.0
2026-08-24T18:31:18.251392+00:00,city_Noida,city_center,Noida,28.5355,77.391,FRC3,30,30,2505,2505,1,False,1.0
2026-08-24T18:31:18.251392+00:00,hotspot_Anand_Vihar,hotspot,Anand Vihar,28.6469,77.3152,FRC3,40,40,651,651,1,False,1.0
2026-08-24T18:31:18.251392+00:00,hotspot_Rohini,hotspot,Rohini,28.7495,77.0565,FRC2,38,38,1188,1188,1,False,1.0
2026-08-24T19:11:53.531623+00:00,grid_0,grid,,28.099302,76.698159,FRC4,31,31,1306,1306,1,False,1.0
2026-08-24T19:11:53.531623+00:00,grid_1,grid,,28.099302,76.899382,FRC4,35,35,1597,1597,1,False,1.0
2026-08-24T19:11:53.531623+00:00,grid_2,grid,,28.099302,77.100604,FRC4,42,42,626,626,1,False,1.0
2026-08-24T19:11:53.531623+00:00,grid_3,grid,,28.099302,77.301827,FRC0,80,80,808,808,1,False,1.0
2026-08-24T19:11:53.531623+00:00,grid_4,grid,,28.099302,77.503049,FRC2,46,46,1777,1777,1,False,1.0
2026-08-24T19:11:53.531623+00:00,grid_5,grid,,28.099302,77.704272,FRC4,54,54,1057,1057,1,False,1.0
2026-08-24T19:11:53.531623+00:00,grid_6,grid,,28.260999,76.698159,FRC3,44,44,1293,1293,1,False,1.0
2026-08-24T19:11:53.531623+00:00,grid_7,grid,,28.260999,76.899382,FRC3,43,43,1183,1183,1,False,1.0
2026-08-24T19:11:53.531623+00:00,grid_8,grid,,28.260999,77.100604,FRC0,102,102,373,373,1,False,1.0
2026-08-24T19:11:53.531623+00:00,grid_9,grid,,28.260999,77.301827,FRC4,31,31,1991,1991,1,False,1.0
2026-08-24T19:11:53.531623+00:00,grid_10,grid,,28.260999,77.503049,FRC4,36,36,2091,2091,1,False,1.0
2026-08-24T19:11:53.531623+00:00,grid_11,grid,,28.260999,77.704272,FRC4,55,55,1336,1336,1,False,1.0
2026-08-24T19:11:53.531623+00:00,grid_12,grid,,28.422696,76.698159,FRC4,30,30,1054,1054,1,False,1.0
2026-08-24T19:11:53.531623+00:00,grid_13,grid,,28.422696,76.899382,FRC3,48,48,1050,1050,1,False,1.0
2026-08-24T19:11:53.531623+00:00,grid_14,grid,,28.422696,77.100604,FRC3,39,39,1237,1237,1,False,1.0
2026-08-24T19:11:53.531623+00:00,grid_15,grid,,28.422696,77.301827,FRC3,30,30,1172,1172,1,False,1.0
2026-08-24T19:11:53.531623+00:00,grid_16,grid,,28.422696,77.503049,FRC0,92,92,469,469,1,False,1.0
2026-08-24T19:11:53.531623+00:00,grid_17,grid,,28.422696,77.704272,FRC3,56,56,1244,1244,1,False,1.0
2026-08-24T19:11:53.531623+00:00,grid_18,grid,,28.584392,76.698159,FRC4,34,34,770,770,1,False,1.0
2026-08-24T19:11:53.531623+00:00,grid_19,grid,,28.584392,76.899382,FRC7,40,40,1295,1295,1,False,1.0
2026-08-24T19:11:53.531623+00:00,grid_20,grid,,28.584392,77.100604,FRC6,37,37,1194,1194,1,False,1.0
2026-08-24T19:11:53.531623+00:00,grid_21,grid,,28.584392,77.301827,FRC2,49,49,990,990,1,False,1.0
2026-08-24T19:11:53.531623+00:00,grid_22,grid,,28.584392,77.503049,FRC3,41,41,1487,1487,1,False,1.0
2026-08-24T19:11:53.531623+00:00,grid_23,grid,,28.584392,77.704272,FRC4,43,43,1750,1750,1,False,1.0
2026-08-24T19:11:53.531623+00:00,grid_24,grid,,28.746089,76.698159,FRC4,47,47,1650,1650,1,False,1.0
2026-08-24T19:11:53.531623+00:00,grid_25,grid,,28.746089,76.899382,FRC4,42,42,737,737,1,False,1.0
2026-08-24T19:11:53.531623+00:00,grid_26,grid,,28.746089,77.100604,FRC3,32,32,1572,1572,1,False,1.0
2026-08-24T19:11:53.531623+00:00,grid_27,grid,,28.746089,77.301827,FRC3,28,28,1127,1127,1,False,1.0
2026-08-24T19:11:53.531623+00:00,grid_28,grid,,28.746089,77.503049,FRC2,49,49,1312,1312,1,False,1.0
2026-08-24T19:11:53.531623+00:00,grid_29,grid,,28.746089,77.704272,FRC3,49,49,1563,1563,1,False,1.0
2026-08-24T19:11:53.531623+00:00,grid_30,grid,,28.907786,76.698159,FRC2,47,47,1556,1556,1,False,1.0
2026-08-24T19:11:53.531623+00:00,grid_31,grid,,28.907786,76.899382,FRC4,44,44,1286,1286,1,False,1.0
2026-08-24T19:11:53.531623+00:00,grid_32,grid,,28.907786,77.100604,FRC1,48,60,187,150,0.870185,False,0.8
2026-08-24T19:11:53.531623+00:00,grid_33,grid,,28.907786,77.301827,FRC2,69,69,1058,1058,1,False,1.0
2026-08-24T19:11:53.531623+00:00,grid_34,grid,,28.907786,77.503049,FRC4,46,46,1067,1067,1,False,1.0
2026-08-24T19:11:53.531623+00:00,grid_35,grid,,28.907786,77.704272,FRC2,49,49,1477,1477,1,False,1.0
2026-08-24T19:11:53.531623+00:00,city_Delhi,city_center,Delhi,28.7041,77.1025,FRC2,30,30,705,705,1,False,1.0
2026-08-24T19:11:53.531623+00:00,city_Faridabad,city_center,Faridabad,28.4089,77.3178,FRC4,34,34,355,355,1,False,1.0
2026-08-24T19:11:53.531623+00:00,city_Ghaziabad,city_center,Ghaziabad,28.6692,77.4538,FRC4,37,37,1031,1031,1,False,1.0
2026-08-24T19:11:53.531623+00:00,city_Gurgaon,city_center,Gurgaon,28.4595,77.0266,FRC4,49,49,1683,1683,1,False,1.0
2026-08-24T19:11:53.531623+00:00,city_Noida,city_center,Noida,28.5355,77.391,FRC3,30,30,2505,2505,1,False,1.0
2026-08-24T19:11:53.531623+00:00,hotspot_Anand_Vihar,hotspot,Anand Vihar,28.6469,77.3152,FRC3,40,40,651,651,1,False,1.0
2026-08-24T19:11:53.531623+00:00,hotspot_Rohini,hotspot,Rohini,28.7495,77.0565,FRC2,38,38,1188,1188,1,False,1.0
2026-08-24T19:53:05.757877+00:00,grid_0,grid,,28.099302,76.698159,FRC4,31,31,1306,1306,1,False,1.0
2026-08-24T19:53:05.757877+00:00,grid_1,grid,,28.099302,76.899382,FRC4,35,35,1597,1597,1,False,1.0
2026-08-24T19:53:05.757877+00:00,grid_2,grid,,28.099302,77.100604,FRC4,42,42,626,626,1,False,1.0
2026-08-24T19:53:05.757877+00:00,grid_3,grid,,28.099302,77.301827,FRC0,65,80,994,808,0.710317,False,0.812
2026-08-24T19:53:05.757877+00:00,grid_4,grid,,28.099302,77.503049,FRC2,46,46,1777,1777,1,False,1.0
2026-08-24T19:53:05.757877+00:00,grid_5,grid,,28.099302,77.704272,FRC4,54,54,1057,1057,1,False,1.0
2026-08-24T19:53:05.757877+00:00,grid_6,grid,,28.260999,76.698159,FRC3,44,44,1293,1293,1,False,1.0
2026-08-24T19:53:05.757877+00:00,grid_7,grid,,28.260999,76.899382,FRC3,43,43,1183,1183,1,False,1.0
2026-08-24T19:53:05.757877+00:00,grid_8,grid,,28.260999,77.100604,FRC0,102,102,373,373,1,False,1.0
2026-08-24T19:53:05.757877+00:00,grid_9,grid,,28.260999,77.301827,FRC4,31,31,1991,1991,1,False,1.0
2026-08-24T19:53:05.757877+00:00,grid_10,grid,,28.260999,77.503049,FRC4,36,36,2091,2091,1,False,1.0
2026-08-24T19:53:05.757877+00:00,grid_11,grid,,28.260999,77.704272,FRC4,55,55,1336,1336,1,False,1.0
2026-08-24T19:53:05.757877+00:00,grid_12,grid,,28.422696,76.698159,FRC4,30,30,1054,1054,1,False,1.0
2026-08-24T19:53:05.757877+00:00,grid_13,grid,,28.422696,76.899382,FRC3,48,48,1050,1050,1,False,1.0
2026-08-24T19:53:05.757877+00:00,grid_14,grid,,28.422696,77.100604,FRC3,39,39,1237,1237,1,False,1.0
2026-08-24T19:53:05.757877+00:00,grid_15,grid,,28.422696,77.301827,FRC3,30,30,1172,1172,1,False,1.0
2026-08-24T19:53:05.757877+00:00,grid_16,grid,,28.422696,77.503049,FRC0,92,92,469,469,1,False,1.0
2026-08-24T19:53:05.757877+00:00,grid_17,grid,,28.422696,77.704272,FRC3,56,56,1244,1244,1,False,1.0
2026-08-24T19:53:05.757877+00:00,grid_18,grid,,28.584392,76.698159,FRC4,34,34,770,770,1,False,1.0
2026-08-24T19:53:05.757877+00:00,grid_19,grid,,28.584392,76.899382,FRC7,40,40,1295,1295,1,False,1.0
2026-08-24T19:53:05.757877+00:00,grid_20,grid,,28.584392,77.100604,FRC6,37,37,1194,1194,1,False,1.0
2026-08-24T19:53:05.757877+00:00,grid_21,grid,,28.584392,77.301827,FRC2,49,49,990,990,1,False,1.0
2026-08-24T19:53:05.757877+00:00,grid_22,grid,,28.584392,77.503049,FRC3,41,41,1487,1487,1,False,1.0
2026-08-24T19:53:05.757877+00:00,grid_23,grid,,28.584392,77.704272,FRC4,43,43,1750,1750,1,False,1.0
2026-08-24T19:53:05.757877+00:00,grid_24,grid,,28.746089,76.698159,FRC4,47,47,1650,1650,1,False,1.0
2026-08-24T19:53:05.757877+00:00,grid_25,grid,,28.746089,76.899382,FRC4,42,42,737,737,1,False,1.0
2026-08-24T19:53:05.757877+00:00,grid_26,grid,,28.746089,77.100604,FRC3,32,32,1572,1572,1,False,1.0
2026-08-24T19:53:05.757877+00:00,grid_27,grid,,28.746089,77.301827,FRC3,28,28,1127,1127,1,False,1.0
2026-08-24T19:53:05.757877+00:00,grid_28,grid,,28.746089,77.503049,FRC2,49,49,1312,1312,1,False,1.0
2026-08-24T19:53:05.757877+00:00,grid_29,grid,,28.746089,77.704272,FRC3,49,49,1563,1563,1,False,1.0
2026-08-24T19:53:05.757877+00:00,grid_30,grid,,28.907786,76.698159,FRC2,47,47,1556,1556,1,False,1.0
2026-08-24T19:53:05.757877+00:00,grid_31,grid,,28.907786,76.899382,FRC4,44,44,1286,1286,1,False,1.0
2026-08-24T19:53:05.757877+00:00,grid_32,grid,,28.907786,77.100604,FRC1,61,61,147,147,1,False,1.0
2026-08-24T19:53:05.757877+00:00,grid_33,grid,,28.907786,77.301827,FRC2,69,69,1058,1058,1,False,1.0
2026-08-24T19:53:05.757877+00:00,grid_34,grid,,28.907786,77.503049,FRC4,46,46,1067,1067,1,False,1.0
2026-08-24T19:53:05.757877+00:00,grid_35,grid,,28.907786,77.704272,FRC2,49,49,1477,1477,1,False,1.0
2026-08-24T19:53:05.757877+00:00,city_Delhi,city_center,Delhi,28.7041,77.1025,FRC2,30,30,705,705,1,False,1.0
2026-08-24T19:53:05.757877+00:00,city_Faridabad,city_center,Faridabad,28.4089,77.3178,FRC4,34,34,355,355,1,False,1.0
2026-08-24T19:53:05.757877+00:00,city_Ghaziabad,city_center,Ghaziabad,28.6692,77.4538,FRC4,37,37,1031,1031,1,False,1.0
2026-08-24T19:53:05.757877+00:00,city_Gurgaon,city_center,Gurgaon,28.4595,77.0266,FRC4,49,49,1683,1683,1,False,1.0
2026-08-24T19:53:05.757877+00:00,city_Noida,city_center,Noida,28.5355,77.391,FRC3,30,30,2505,2505,1,False,1.0
2026-08-24T19:53:05.757877+00:00,hotspot_Anand_Vihar,hotspot,Anand Vihar,28.6469,77.3152,FRC3,40,40,651,651,1,False,1.0
2026-08-24T19:53:05.757877+00:00,hotspot_Rohini,hotspot,Rohini,28.7495,77.0565,FRC2,38,38,1188,1188,1,False,1.0
2026-08-24T20:22:36.614425+00:00,grid_0,grid,,28.099302,76.698159,FRC4,31,31,1306,1306,1,False,1.0
2026-08-24T20:22:36.614425+00:00,grid_1,grid,,28.099302,76.899382,FRC4,35,35,1597,1597,1,False,1.0
2026-08-24T20:22:36.614425+00:00,grid_2,grid,,28.099302,77.100604,FRC4,42,42,626,626,1,False,1.0
2026-08-24T20:22:36.614425+00:00,grid_3,grid,,28.099302,77.301827,FRC0,80,80,808,808,1,False,1.0
2026-08-24T20:22:36.614425+00:00,grid_4,grid,,28.099302,77.503049,FRC2,46,46,1777,1777,1,False,1.0
2026-08-24T20:22:36.614425+00:00,grid_5,grid,,28.099302,77.704272,FRC4,54,54,1057,1057,1,False,1.0
2026-08-24T20:22:36.614425+00:00,grid_6,grid,,28.260999,76.698159,FRC3,44,44,1293,1293,1,False,1.0
2026-08-24T20:22:36.614425+00:00,grid_7,grid,,28.260999,76.899382,FRC3,43,43,1183,1183,1,False,1.0
2026-08-24T20:22:36.614425+00:00,grid_8,grid,,28.260999,77.100604,FRC0,102,102,373,373,1,False,1.0
2026-08-24T20:22:36.614425+00:00,grid_9,grid,,28.260999,77.301827,FRC4,31,31,1991,1991,1,False,1.0
2026-08-24T20:22:36.614425+00:00,grid_10,grid,,28.260999,77.503049,FRC4,36,36,2091,2091,1,False,1.0
2026-08-24T20:22:36.614425+00:00,grid_11,grid,,28.260999,77.704272,FRC4,55,55,1336,1336,1,False,1.0
2026-08-24T20:22:36.614425+00:00,grid_12,grid,,28.422696,76.698159,FRC4,30,30,1054,1054,1,False,1.0
2026-08-24T20:22:36.614425+00:00,grid_13,grid,,28.422696,76.899382,FRC3,48,48,1050,1050,1,False,1.0
2026-08-24T20:22:36.614425+00:00,grid_14,grid,,28.422696,77.100604,FRC3,39,39,1237,1237,1,False,1.0
2026-08-24T20:22:36.614425+00:00,grid_15,grid,,28.422696,77.301827,FRC3,30,30,1172,1172,1,False,1.0
2026-08-24T20:22:36.614425+00:00,grid_16,grid,,28.422696,77.503049,FRC0,92,92,469,469,1,False,1.0
2026-08-24T20:22:36.614425+00:00,grid_17,grid,,28.422696,77.704272,FRC3,56,56,1244,1244,1,False,1.0
2026-08-24T20:22:36.614425+00:00,grid_18,grid,,28.584392,76.698159,FRC4,34,34,770,770,1,False,1.0
2026-08-24T20:22:36.614425+00:00,grid_19,grid,,28.584392,76.899382,FRC7,40,40,1295,1295,1,False,1.0
2026-08-24T20:22:36.614425+00:00,grid_20,grid,,28.584392,77.100604,FRC6,37,37,1194,1194,1,False,1.0
2026-08-24T20:22:36.614425+00:00,grid_21,grid,,28.584392,77.301827,FRC2,49,49,990,990,1,False,1.0
2026-08-24T20:22:36.614425+00:00,grid_22,grid,,28.584392,77.503049,FRC3,41,41,1487,1487,1,False,1.0
2026-08-24T20:22:36.614425+00:00,grid_23,grid,,28.584392,77.704272,FRC4,43,43,1750,1750,1,False,1.0
2026-08-24T20:22:36.614425+00:00,grid_24,grid,,28.746089,76.698159,FRC4,47,47,1650,1650,1,False,1.0
2026-08-24T20:22:36.614425+00:00,grid_25,grid,,28.746089,76.899382,FRC4,42,42,737,737,1,False,1.0
2026-08-24T20:22:36.614425+00:00,grid_26,grid,,28.746089,77.100604,FRC3,32,32,1572,1572,1,False,1.0
2026-08-24T20:22:36.614425+00:00,grid_27,grid,,28.746089,77.301827,FRC3,28,28,1127,1127,1,False,1.0
2026-08-24T20:22:36.614425+00:00,grid_28,grid,,28.746089,77.503049,FRC2,49,49,1312,1312,1,False,1.0
2026-08-24T20:22:36.614425+00:00,grid_29,grid,,28.746089,77.704272,FRC3,49,49,1563,1563,1,False,1.0
2026-08-24T20:22:36.614425+00:00,grid_30,grid,,28.907786,76.698159,FRC2,47,47,1556,1556,1,False,1.0
2026-08-24T20:22:36.614425+00:00,grid_31,grid,,28.907786,76.899382,FRC4,44,44,1286,1286,1,False,1.0
2026-08-24T20:22:36.614425+00:00,grid_32,grid,,28.907786,77.100604,FRC1,61,61,147,147,1,False,1.0
2026-08-24T20:22:36.614425+00:00,grid_33,grid,,28.907786,77.301827,FRC2,69,69,1058,1058,1,False,1.0
2026-08-24T20:22:36.614425+00:00,grid_34,grid,,28.907786,77.503049,FRC4,46,46,1067,1067,1,False,1.0
2026-08-24T20:22:36.614425+00:00,grid_35,grid,,28.907786,77.704272,FRC2,49,49,1477,1477,1,False,1.0
2026-08-24T20:22:36.614425+00:00,city_Delhi,city_center,Delhi,28.7041,77.1025,FRC2,30,30,705,705,1,False,1.0
2026-08-24T20:22:36.614425+00:00,city_Faridabad,city_center,Faridabad,28.4089,77.3178,FRC4,34,34,355,355,1,False,1.0
2026-08-24T20:22:36.614425+00:00,city_Ghaziabad,city_center,Ghaziabad,28.6692,77.4538,FRC4,37,37,1031,1031,1,False,1.0
2026-08-24T20:22:36.614425+00:00,city_Gurgaon,city_center,Gurgaon,28.4595,77.0266,FRC4,49,49,1683,1683,1,False,1.0
2026-08-24T20:22:36.614425+00:00,city_Noida,city_center,Noida,28.5355,77.391,FRC3,30,30,2505,2505,1,False,1.0
2026-08-24T20:22:36.614425+00:00,hotspot_Anand_Vihar,hotspot,Anand Vihar,28.6469,77.3152,FRC3,40,40,651,651,1,False,1.0
2026-08-24T20:22:36.614425+00:00,hotspot_Rohini,hotspot,Rohini,28.7495,77.0565,FRC2,38,38,1188,1188,1,False,1.0
2026-08-24T20:57:20.769016+00:00,grid_0,grid,,28.099302,76.698159,FRC4,31,31,1306,1306,1,False,1.0
2026-08-24T20:57:20.769016+00:00,grid_1,grid,,28.099302,76.899382,FRC4,35,35,1597,1597,1,False,1.0
2026-08-24T20:57:20.769016+00:00,grid_2,grid,,28.099302,77.100604,FRC4,42,42,626,626,1,False,1.0
2026-08-24T20:57:20.769016+00:00,grid_3,grid,,28.099302,77.301827,FRC0,80,80,808,808,1,False,1.0
2026-08-24T20:57:20.769016+00:00,grid_4,grid,,28.099302,77.503049,FRC2,46,46,1777,1777,1,False,1.0
2026-08-24T20:57:20.769016+00:00,grid_5,grid,,28.099302,77.704272,FRC4,54,54,1057,1057,1,False,1.0
2026-08-24T20:57:20.769016+00:00,grid_6,grid,,28.260999,76.698159,FRC3,44,44,1293,1293,1,False,1.0
2026-08-24T20:57:20.769016+00:00,grid_7,grid,,28.260999,76.899382,FRC3,43,43,1183,1183,1,False,1.0
2026-08-24T20:57:20.769016+00:00,grid_8,grid,,28.260999,77.100604,FRC0,102,102,373,373,1,False,1.0
2026-08-24T20:57:20.769016+00:00,grid_9,grid,,28.260999,77.301827,FRC4,31,31,1991,1991,1,False,1.0
2026-08-24T20:57:20.769016+00:00,grid_10,grid,,28.260999,77.503049,FRC4,36,36,2091,2091,1,False,1.0
2026-08-24T20:57:20.769016+00:00,grid_11,grid,,28.260999,77.704272,FRC4,55,55,1336,1336,1,False,1.0
2026-08-24T20:57:20.769016+00:00,grid_12,grid,,28.422696,76.698159,FRC4,30,30,1054,1054,1,False,1.0
2026-08-24T20:57:20.769016+00:00,grid_13,grid,,28.422696,76.899382,FRC3,48,48,1050,1050,1,False,1.0
2026-08-24T20:57:20.769016+00:00,grid_14,grid,,28.422696,77.100604,FRC3,39,39,1237,1237,1,False,1.0
2026-08-24T20:57:20.769016+00:00,grid_15,grid,,28.422696,77.301827,FRC3,30,30,1172,1172,1,False,1.0
2026-08-24T20:57:20.769016+00:00,grid_16,grid,,28.422696,77.503049,FRC0,92,92,469,469,1,False,1.0
2026-08-24T20:57:20.769016+00:00,grid_17,grid,,28.422696,77.704272,FRC3,56,56,1244,1244,1,False,1.0
2026-08-24T20:57:20.769016+00:00,grid_18,grid,,28.584392,76.698159,FRC4,34,34,770,770,1,False,1.0
2026-08-24T20:57:20.769016+00:00,grid_19,grid,,28.584392,76.899382,FRC7,40,40,1295,1295,1,False,1.0
2026-08-24T20:57:20.769016+00:00,grid_20,grid,,28.584392,77.100604,FRC6,37,37,1194,1194,1,False,1.0
2026-08-24T20:57:20.769016+00:00,grid_21,grid,,28.584392,77.301827,FRC2,49,49,990,990,1,False,1.0
2026-08-24T20:57:20.769016+00:00,grid_22,grid,,28.584392,77.503049,FRC3,41,41,1487,1487,1,False,1.0
2026-08-24T20:57:20.769016+00:00,grid_23,grid,,28.584392,77.704272,FRC4,43,43,1750,1750,1,False,1.0
2026-08-24T20:57:20.769016+00:00,grid_24,grid,,28.746089,76.698159,FRC4,47,47,1650,1650,1,False,1.0
2026-08-24T20:57:20.769016+00:00,grid_25,grid,,28.746089,76.899382,FRC4,42,42,737,737,1,False,1.0
2026-08-24T20:57:20.769016+00:00,grid_26,grid,,28.746089,77.100604,FRC3,32,32,1572,1572,1,False,1.0
2026-08-24T20:57:20.769016+00:00,grid_27,grid,,28.746089,77.301827,FRC3,28,28,1127,1127,1,False,1.0
2026-08-24T20:57:20.769016+00:00,grid_28,grid,,28.746089,77.503049,FRC2,49,49,1312,1312,1,False,1.0
2026-08-24T20:57:20.769016+00:00,grid_29,grid,,28.746089,77.704272,FRC3,49,49,1563,1563,1,False,1.0
2026-08-24T20:57:20.769016+00:00,grid_30,grid,,28.907786,76.698159,FRC2,47,47,1556,1556,1,False,1.0
2026-08-24T20:57:20.769016+00:00,grid_31,grid,,28.907786,76.899382,FRC4,44,44,1286,1286,1,False,1.0
2026-08-24T20:57:20.769016+00:00,grid_32,grid,,28.907786,77.100604,FRC1,47,61,191,147,0.6,False,0.77
2026-08-24T20:57:20.769016+00:00,grid_33,grid,,28.907786,77.301827,FRC2,69,69,1058,1058,1,False,1.0
2026-08-24T20:57:20.769016+00:00,grid_34,grid,,28.907786,77.503049,FRC4,46,46,1067,1067,1,False,1.0
2026-08-24T20:57:20.769016+00:00,grid_35,grid,,28.907786,77.704272,FRC2,49,49,1477,1477,1,False,1.0
2026-08-24T20:57:20.769016+00:00,city_Delhi,city_center,Delhi,28.7041,77.1025,FRC2,30,30,705,705,1,False,1.0
2026-08-24T20:57:20.769016+00:00,city_Faridabad,city_center,Faridabad,28.4089,77.3178,FRC4,34,34,355,355,1,False,1.0
2026-08-24T20:57:20.769016+00:00,city_Ghaziabad,city_center,Ghaziabad,28.6692,77.4538,FRC4,37,37,1031,1031,1,False,1.0
2026-08-24T20:57:20.769016+00:00,city_Gurgaon,city_center,Gurgaon,28.4595,77.0266,FRC4,49,49,1683,1683,1,False,1.0
2026-08-24T20:57:20.769016+00:00,city_Noida,city_center,Noida,28.5355,77.391,FRC3,30,30,2505,2505,1,False,1.0
2026-08-24T20:57:20.769016+00:00,hotspot_Anand_Vihar,hotspot,Anand Vihar,28.6469,77.3152,FRC3,40,40,651,651,1,False,1.0
2026-08-24T20:57:20.769016+00:00,hotspot_Rohini,hotspot,Rohini,28.7495,77.0565,FRC2,38,38,1188,1188,1,False,1.0
2026-08-24T21:24:21.701102+00:00,grid_0,grid,,28.099302,76.698159,FRC4,31,31,1306,1306,1,False,1.0
2026-08-24T21:24:21.701102+00:00,grid_1,grid,,28.099302,76.899382,FRC4,35,35,1597,1597,1,False,1.0
2026-08-24T21:24:21.701102+00:00,grid_2,grid,,28.099302,77.100604,FRC4,42,42,626,626,1,False,1.0
2026-08-24T21:24:21.701102+00:00,grid_3,grid,,28.099302,77.301827,FRC0,80,80,808,808,1,False,1.0
2026-08-24T21:24:21.701102+00:00,grid_4,grid,,28.099302,77.503049,FRC2,46,46,1777,1777,1,False,1.0
2026-08-24T21:24:21.701102+00:00,grid_5,grid,,28.099302,77.704272,FRC4,54,54,1057,1057,1,False,1.0
2026-08-24T21:24:21.701102+00:00,grid_6,grid,,28.260999,76.698159,FRC3,44,44,1293,1293,1,False,1.0
2026-08-24T21:24:21.701102+00:00,grid_7,grid,,28.260999,76.899382,FRC3,43,43,1183,1183,1,False,1.0
2026-08-24T21:24:21.701102+00:00,grid_8,grid,,28.260999,77.100604,FRC0,102,102,373,373,1,False,1.0
2026-08-24T21:24:21.701102+00:00,grid_9,grid,,28.260999,77.301827,FRC4,31,31,1991,1991,1,False,1.0
2026-08-24T21:24:21.701102+00:00,grid_10,grid,,28.260999,77.503049,FRC4,36,36,2091,2091,1,False,1.0
2026-08-24T21:24:21.701102+00:00,grid_11,grid,,28.260999,77.704272,FRC4,55,55,1336,1336,1,False,1.0
2026-08-24T21:24:21.701102+00:00,grid_12,grid,,28.422696,76.698159,FRC4,30,30,1054,1054,1,False,1.0
2026-08-24T21:24:21.701102+00:00,grid_13,grid,,28.422696,76.899382,FRC3,48,48,1050,1050,1,False,1.0
2026-08-24T21:24:21.701102+00:00,grid_14,grid,,28.422696,77.100604,FRC3,39,39,1237,1237,1,False,1.0
2026-08-24T21:24:21.701102+00:00,grid_15,grid,,28.422696,77.301827,FRC3,30,30,1172,1172,1,False,1.0
2026-08-24T21:24:21.701102+00:00,grid_16,grid,,28.422696,77.503049,FRC0,92,92,469,469,1,False,1.0
2026-08-24T21:24:21.701102+00:00,grid_17,grid,,28.422696,77.704272,FRC3,56,56,1244,1244,1,False,1.0
2026-08-24T21:24:21.701102+00:00,grid_18,grid,,28.584392,76.698159,FRC4,34,34,770,770,1,False,1.0
2026-08-24T21:24:21.701102+00:00,grid_19,grid,,28.584392,76.899382,FRC7,40,40,1295,1295,1,False,1.0
2026-08-24T21:24:21.701102+00:00,grid_20,grid,,28.584392,77.100604,FRC6,37,37,1194,1194,1,False,1.0
2026-08-24T21:24:21.701102+00:00,grid_21,grid,,28.584392,77.301827,FRC2,49,49,990,990,1,False,1.0
2026-08-24T21:24:21.701102+00:00,grid_22,grid,,28.584392,77.503049,FRC3,41,41,1487,1487,1,False,1.0
2026-08-24T21:24:21.701102+00:00,grid_23,grid,,28.584392,77.704272,FRC4,43,43,1750,1750,1,False,1.0
2026-08-24T21:24:21.701102+00:00,grid_24,grid,,28.746089,76.698159,FRC4,47,47,1650,1650,1,False,1.0
2026-08-24T21:24:21.701102+00:00,grid_25,grid,,28.746089,76.899382,FRC4,42,42,737,737,1,False,1.0
2026-08-24T21:24:21.701102+00:00,grid_26,grid,,28.746089,77.100604,FRC3,32,32,1572,1572,1,False,1.0
2026-08-24T21:24:21.701102+00:00,grid_27,grid,,28.746089,77.301827,FRC3,28,28,1127,1127,1,False,1.0
2026-08-24T21:24:21.701102+00:00,grid_28,grid,,28.746089,77.503049,FRC2,49,49,1312,1312,1,False,1.0
2026-08-24T21:24:21.701102+00:00,grid_29,grid,,28.746089,77.704272,FRC3,49,49,1563,1563,1,False,1.0
2026-08-24T21:24:21.701102+00:00,grid_30,grid,,28.907786,76.698159,FRC2,47,47,1556,1556,1,False,1.0
2026-08-24T21:24:21.701102+00:00,grid_31,grid,,28.907786,76.899382,FRC4,44,44,1286,1286,1,False,1.0
2026-08-24T21:24:21.701102+00:00,grid_32,grid,,28.907786,77.100604,FRC1,61,61,147,147,1,False,1.0
2026-08-24T21:24:21.701102+00:00,grid_33,grid,,28.907786,77.301827,FRC2,69,69,1058,1058,1,False,1.0
2026-08-24T21:24:21.701102+00:00,grid_34,grid,,28.907786,77.503049,FRC4,46,46,1067,1067,1,False,1.0
2026-08-24T21:24:21.701102+00:00,grid_35,grid,,28.907786,77.704272,FRC2,49,49,1477,1477,1,False,1.0
2026-08-24T21:24:21.701102+00:00,city_Delhi,city_center,Delhi,28.7041,77.1025,FRC2,30,30,705,705,1,False,1.0
2026-08-24T21:24:21.701102+00:00,city_Faridabad,city_center,Faridabad,28.4089,77.3178,FRC4,34,34,355,355,1,False,1.0
2026-08-24T21:24:21.701102+00:00,city_Ghaziabad,city_center,Ghaziabad,28.6692,77.4538,FRC4,37,37,1031,1031,1,False,1.0
2026-08-24T21:24:21.701102+00:00,city_Gurgaon,city_center,Gurgaon,28.4595,77.0266,FRC4,49,49,1683,1683,1,False,1.0
2026-08-24T21:24:21.701102+00:00,city_Noida,city_center,Noida,28.5355,77.391,FRC3,30,30,2505,2505,1,False,1.0
2026-08-24T21:24:21.701102+00:00,hotspot_Anand_Vihar,hotspot,Anand Vihar,28.6469,77.3152,FRC3,40,40,651,651,1,False,1.0
2026-08-24T21:24:21.701102+00:00,hotspot_Rohini,hotspot,Rohini,28.7495,77.0565,FRC2,38,38,1188,1188,1,False,1.0
2026-08-24T21:52:37.225365+00:00,grid_0,grid,,28.099302,76.698159,FRC4,31,31,1306,1306,1,False,1.0
2026-08-24T21:52:37.225365+00:00,grid_1,grid,,28.099302,76.899382,FRC4,35,35,1597,1597,1,False,1.0
2026-08-24T21:52:37.225365+00:00,grid_2,grid,,28.099302,77.100604,FRC4,42,42,626,626,1,False,1.0
2026-08-24T21:52:37.225365+00:00,grid_3,grid,,28.099302,77.301827,FRC0,80,80,808,808,1,False,1.0
2026-08-24T21:52:37.225365+00:00,grid_4,grid,,28.099302,77.503049,FRC2,46,46,1777,1777,1,False,1.0
2026-08-24T21:52:37.225365+00:00,grid_5,grid,,28.099302,77.704272,FRC4,54,54,1057,1057,1,False,1.0
2026-08-24T21:52:37.225365+00:00,grid_6,grid,,28.260999,76.698159,FRC3,44,44,1293,1293,1,False,1.0
2026-08-24T21:52:37.225365+00:00,grid_7,grid,,28.260999,76.899382,FRC3,43,43,1183,1183,1,False,1.0
2026-08-24T21:52:37.225365+00:00,grid_8,grid,,28.260999,77.100604,FRC0,102,102,373,373,1,False,1.0
2026-08-24T21:52:37.225365+00:00,grid_9,grid,,28.260999,77.301827,FRC4,31,31,1991,1991,1,False,1.0
2026-08-24T21:52:37.225365+00:00,grid_10,grid,,28.260999,77.503049,FRC4,36,36,2091,2091,1,False,1.0
2026-08-24T21:52:37.225365+00:00,grid_11,grid,,28.260999,77.704272,FRC4,55,55,1336,1336,1,False,1.0
2026-08-24T21:52:37.225365+00:00,grid_12,grid,,28.422696,76.698159,FRC4,30,30,1054,1054,1,False,1.0
2026-08-24T21:52:37.225365+00:00,grid_13,grid,,28.422696,76.899382,FRC3,48,48,1050,1050,1,False,1.0
2026-08-24T21:52:37.225365+00:00,grid_14,grid,,28.422696,77.100604,FRC3,39,39,1237,1237,1,False,1.0
2026-08-24T21:52:37.225365+00:00,grid_15,grid,,28.422696,77.301827,FRC3,30,30,1172,1172,1,False,1.0
2026-08-24T21:52:37.225365+00:00,grid_16,grid,,28.422696,77.503049,FRC0,92,92,469,469,1,False,1.0
2026-08-24T21:52:37.225365+00:00,grid_17,grid,,28.422696,77.704272,FRC3,56,56,1244,1244,1,False,1.0
2026-08-24T21:52:37.225365+00:00,grid_18,grid,,28.584392,76.698159,FRC4,34,34,770,770,1,False,1.0
2026-08-24T21:52:37.225365+00:00,grid_19,grid,,28.584392,76.899382,FRC7,40,40,1295,1295,1,False,1.0
2026-08-24T21:52:37.225365+00:00,grid_20,grid,,28.584392,77.100604,FRC6,37,37,1194,1194,1,False,1.0
2026-08-24T21:52:37.225365+00:00,grid_21,grid,,28.584392,77.301827,FRC2,49,49,990,990,1,False,1.0
2026-08-24T21:52:37.225365+00:00,grid_22,grid,,28.584392,77.503049,FRC3,41,41,1487,1487,1,False,1.0
2026-08-24T21:52:37.225365+00:00,grid_23,grid,,28.584392,77.704272,FRC4,43,43,1750,1750,1,False,1.0
2026-08-24T21:52:37.225365+00:00,grid_24,grid,,28.746089,76.698159,FRC4,47,47,1650,1650,1,False,1.0
2026-08-24T21:52:37.225365+00:00,grid_25,grid,,28.746089,76.899382,FRC4,42,42,737,737,1,False,1.0
2026-08-24T21:52:37.225365+00:00,grid_26,grid,,28.746089,77.100604,FRC3,32,32,1572,1572,1,False,1.0
2026-08-24T21:52:37.225365+00:00,grid_27,grid,,28.746089,77.301827,FRC3,28,28,1127,1127,1,False,1.0
2026-08-24T21:52:37.225365+00:00,grid_28,grid,,28.746089,77.503049,FRC2,49,49,1312,1312,1,False,1.0
2026-08-24T21:52:37.225365+00:00,grid_29,grid,,28.746089,77.704272,FRC3,49,49,1563,1563,1,False,1.0
2026-08-24T21:52:37.225365+00:00,grid_30,grid,,28.907786,76.698159,FRC2,47,47,1556,1556,1,False,1.0
2026-08-24T21:52:37.225365+00:00,grid_31,grid,,28.907786,76.899382,FRC4,44,44,1286,1286,1,False,1.0
2026-08-24T21:52:37.225365+00:00,grid_32,grid,,28.907786,77.100604,FRC1,61,61,147,147,1,False,1.0
2026-08-24T21:52:37.225365+00:00,grid_33,grid,,28.907786,77.301827,FRC2,69,69,1058,1058,1,False,1.0
2026-08-24T21:52:37.225365+00:00,grid_34,grid,,28.907786,77.503049,FRC4,46,46,1067,1067,1,False,1.0
2026-08-24T21:52:37.225365+00:00,grid_35,grid,,28.907786,77.704272,FRC2,49,49,1477,1477,1,False,1.0
2026-08-24T21:52:37.225365+00:00,city_Delhi,city_center,Delhi,28.7041,77.1025,FRC2,30,30,705,705,1,False,1.0
2026-08-24T21:52:37.225365+00:00,city_Faridabad,city_center,Faridabad,28.4089,77.3178,FRC4,34,34,355,355,1,False,1.0
2026-08-24T21:52:37.225365+00:00,city_Ghaziabad,city_center,Ghaziabad,28.6692,77.4538,FRC4,37,37,1031,1031,1,False,1.0
2026-08-24T21:52:37.225365+00:00,city_Gurgaon,city_center,Gurgaon,28.4595,77.0266,FRC4,49,49,1683,1683,1,False,1.0
2026-08-24T21:52:37.225365+00:00,city_Noida,city_center,Noida,28.5355,77.391,FRC3,30,30,2505,2505,1,False,1.0
2026-08-24T21:52:37.225365+00:00,hotspot_Anand_Vihar,hotspot,Anand Vihar,28.6469,77.3152,FRC3,40,40,651,651,1,False,1.0
2026-08-24T21:52:37.225365+00:00,hotspot_Rohini,hotspot,Rohini,28.7495,77.0565,FRC2,38,38,1188,1188,1,False,1.0
2026-08-24T22:18:15.858561+00:00,grid_0,grid,,28.099302,76.698159,FRC4,31,31,1306,1306,1,False,1.0
2026-08-24T22:18:15.858561+00:00,grid_1,grid,,28.099302,76.899382,FRC4,35,35,1597,1597,1,False,1.0
2026-08-24T22:18:15.858561+00:00,grid_2,grid,,28.099302,77.100604,FRC4,42,42,626,626,1,False,1.0
2026-08-24T22:18:15.858561+00:00,grid_3,grid,,28.099302,77.301827,FRC0,80,80,808,808,1,False,1.0
2026-08-24T22:18:15.858561+00:00,grid_4,grid,,28.099302,77.503049,FRC2,46,46,1777,1777,1,False,1.0
2026-08-24T22:18:15.858561+00:00,grid_5,grid,,28.099302,77.704272,FRC4,54,54,1057,1057,1,False,1.0
2026-08-24T22:18:15.858561+00:00,grid_6,grid,,28.260999,76.698159,FRC3,44,44,1293,1293,1,False,1.0
2026-08-24T22:18:15.858561+00:00,grid_7,grid,,28.260999,76.899382,FRC3,43,43,1183,1183,1,False,1.0
2026-08-24T22:18:15.858561+00:00,grid_8,grid,,28.260999,77.100604,FRC0,102,102,373,373,1,False,1.0
2026-08-24T22:18:15.858561+00:00,grid_9,grid,,28.260999,77.301827,FRC4,31,31,1991,1991,1,False,1.0
2026-08-24T22:18:15.858561+00:00,grid_10,grid,,28.260999,77.503049,FRC4,36,36,2091,2091,1,False,1.0
2026-08-24T22:18:15.858561+00:00,grid_11,grid,,28.260999,77.704272,FRC4,55,55,1336,1336,1,False,1.0
2026-08-24T22:18:15.858561+00:00,grid_12,grid,,28.422696,76.698159,FRC4,30,30,1054,1054,1,False,1.0
2026-08-24T22:18:15.858561+00:00,grid_13,grid,,28.422696,76.899382,FRC3,48,48,1050,1050,1,False,1.0
2026-08-24T22:18:15.858561+00:00,grid_14,grid,,28.422696,77.100604,FRC3,39,39,1237,1237,1,False,1.0
2026-08-24T22:18:15.858561+00:00,grid_15,grid,,28.422696,77.301827,FRC3,30,30,1172,1172,1,False,1.0
2026-08-24T22:18:15.858561+00:00,grid_16,grid,,28.422696,77.503049,FRC0,92,92,469,469,1,False,1.0
2026-08-24T22:18:15.858561+00:00,grid_17,grid,,28.422696,77.704272,FRC3,56,56,1244,1244,1,False,1.0
2026-08-24T22:18:15.858561+00:00,grid_18,grid,,28.584392,76.698159,FRC4,34,34,770,770,1,False,1.0
2026-08-24T22:18:15.858561+00:00,grid_19,grid,,28.584392,76.899382,FRC7,40,40,1295,1295,1,False,1.0
2026-08-24T22:18:15.858561+00:00,grid_20,grid,,28.584392,77.100604,FRC6,37,37,1194,1194,1,False,1.0
2026-08-24T22:18:15.858561+00:00,grid_21,grid,,28.584392,77.301827,FRC2,49,49,990,990,1,False,1.0
2026-08-24T22:18:15.858561+00:00,grid_22,grid,,28.584392,77.503049,FRC3,41,41,1487,1487,1,False,1.0
2026-08-24T22:18:15.858561+00:00,grid_23,grid,,28.584392,77.704272,FRC4,43,43,1750,1750,1,False,1.0
2026-08-24T22:18:15.858561+00:00,grid_24,grid,,28.746089,76.698159,FRC4,47,47,1650,1650,1,False,1.0
2026-08-24T22:18:15.858561+00:00,grid_25,grid,,28.746089,76.899382,FRC4,42,42,737,737,1,False,1.0
2026-08-24T22:18:15.858561+00:00,grid_26,grid,,28.746089,77.100604,FRC3,32,32,1572,1572,1,False,1.0
2026-08-24T22:18:15.858561+00:00,grid_27,grid,,28.746089,77.301827,FRC3,28,28,1127,1127,1,False,1.0
2026-08-24T22:18:15.858561+00:00,grid_28,grid,,28.746089,77.503049,FRC2,49,49,1312,1312,1,False,1.0
2026-08-24T22:18:15.858561+00:00,grid_29,grid,,28.746089,77.704272,FRC3,49,49,1563,1563,1,False,1.0
2026-08-24T22:18:15.858561+00:00,grid_30,grid,,28.907786,76.698159,FRC2,47,47,1556,1556,1,False,1.0
2026-08-24T22:18:15.858561+00:00,grid_31,grid,,28.907786,76.899382,FRC4,44,44,1286,1286,1,False,1.0
2026-08-24T22:18:15.858561+00:00,grid_32,grid,,28.907786,77.100604,FRC1,61,61,147,147,1,False,1.0
2026-08-24T22:18:15.858561+00:00,grid_33,grid,,28.907786,77.301827,FRC2,69,69,1058,1058,1,False,1.0
2026-08-24T22:18:15.858561+00:00,grid_34,grid,,28.907786,77.503049,FRC4,46,46,1067,1067,1,False,1.0
2026-08-24T22:18:15.858561+00:00,grid_35,grid,,28.907786,77.704272,FRC2,49,49,1477,1477,1,False,1.0
2026-08-24T22:18:15.858561+00:00,city_Delhi,city_center,Delhi,28.7041,77.1025,FRC2,30,30,705,705,1,False,1.0
2026-08-24T22:18:15.858561+00:00,city_Faridabad,city_center,Faridabad,28.4089,77.3178,FRC4,34,34,355,355,1,False,1.0
2026-08-24T22:18:15.858561+00:00,city_Ghaziabad,city_center,Ghaziabad,28.6692,77.4538,FRC4,37,37,1031,1031,1,False,1.0
2026-08-24T22:18:15.858561+00:00,city_Gurgaon,city_center,Gurgaon,28.4595,77.0266,FRC4,49,49,1683,1683,1,False,1.0
2026-08-24T22:18:15.858561+00:00,city_Noida,city_center,Noida,28.5355,77.391,FRC3,30,30,2505,2505,1,False,1.0
2026-08-24T22:18:15.858561+00:00,hotspot_Anand_Vihar,hotspot,Anand Vihar,28.6469,77.3152,FRC3,40,40,651,651,1,False,1.0
2026-08-24T22:18:15.858561+00:00,hotspot_Rohini,hotspot,Rohini,28.7495,77.0565,FRC2,38,38,1188,1188,1,False,1.0
2026-08-24T22:52:04.801259+00:00,grid_0,grid,,28.099302,76.698159,FRC4,31,31,1306,1306,1,False,1.0
2026-08-24T22:52:04.801259+00:00,grid_1,grid,,28.099302,76.899382,FRC4,35,35,1597,1597,1,False,1.0
2026-08-24T22:52:04.801259+00:00,grid_2,grid,,28.099302,77.100604,FRC4,42,42,626,626,1,False,1.0
2026-08-24T22:52:04.801259+00:00,grid_3,grid,,28.099302,77.301827,FRC0,80,80,808,808,1,False,1.0
2026-08-24T22:52:04.801259+00:00,grid_4,grid,,28.099302,77.503049,FRC2,46,46,1777,1777,1,False,1.0
2026-08-24T22:52:04.801259+00:00,grid_5,grid,,28.099302,77.704272,FRC4,54,54,1057,1057,1,False,1.0
2026-08-24T22:52:04.801259+00:00,grid_6,grid,,28.260999,76.698159,FRC3,44,44,1293,1293,1,False,1.0
2026-08-24T22:52:04.801259+00:00,grid_7,grid,,28.260999,76.899382,FRC3,43,43,1183,1183,1,False,1.0
2026-08-24T22:52:04.801259+00:00,grid_8,grid,,28.260999,77.100604,FRC0,102,102,373,373,1,False,1.0
2026-08-24T22:52:04.801259+00:00,grid_9,grid,,28.260999,77.301827,FRC4,31,31,1991,1991,1,False,1.0
2026-08-24T22:52:04.801259+00:00,grid_10,grid,,28.260999,77.503049,FRC4,36,36,2091,2091,1,False,1.0
2026-08-24T22:52:04.801259+00:00,grid_11,grid,,28.260999,77.704272,FRC4,55,55,1336,1336,1,False,1.0
2026-08-24T22:52:04.801259+00:00,grid_12,grid,,28.422696,76.698159,FRC4,30,30,1054,1054,1,False,1.0
2026-08-24T22:52:04.801259+00:00,grid_13,grid,,28.422696,76.899382,FRC3,48,48,1050,1050,1,False,1.0
2026-08-24T22:52:04.801259+00:00,grid_14,grid,,28.422696,77.100604,FRC3,39,39,1237,1237,1,False,1.0
2026-08-24T22:52:04.801259+00:00,grid_15,grid,,28.422696,77.301827,FRC3,30,30,1172,1172,1,False,1.0
2026-08-24T22:52:04.801259+00:00,grid_16,grid,,28.422696,77.503049,FRC0,92,92,469,469,1,False,1.0
2026-08-24T22:52:04.801259+00:00,grid_17,grid,,28.422696,77.704272,FRC3,56,56,1244,1244,1,False,1.0
2026-08-24T22:52:04.801259+00:00,grid_18,grid,,28.584392,76.698159,FRC4,34,34,770,770,1,False,1.0
2026-08-24T22:52:04.801259+00:00,grid_19,grid,,28.584392,76.899382,FRC7,40,40,1295,1295,1,False,1.0
2026-08-24T22:52:04.801259+00:00,grid_20,grid,,28.584392,77.100604,FRC6,37,37,1194,1194,1,False,1.0
2026-08-24T22:52:04.801259+00:00,grid_21,grid,,28.584392,77.301827,FRC2,49,49,990,990,1,False,1.0
2026-08-24T22:52:04.801259+00:00,grid_22,grid,,28.584392,77.503049,FRC3,41,41,1487,1487,1,False,1.0
2026-08-24T22:52:04.801259+00:00,grid_23,grid,,28.584392,77.704272,FRC4,43,43,1750,1750,1,False,1.0
2026-08-24T22:52:04.801259+00:00,grid_24,grid,,28.746089,76.698159,FRC4,47,47,1650,1650,1,False,1.0
2026-08-24T22:52:04.801259+00:00,grid_25,grid,,28.746089,76.899382,FRC4,42,42,737,737,1,False,1.0
2026-08-24T22:52:04.801259+00:00,grid_26,grid,,28.746089,77.100604,FRC3,32,32,1572,1572,1,False,1.0
2026-08-24T22:52:04.801259+00:00,grid_27,grid,,28.746089,77.301827,FRC3,28,28,1127,1127,1,False,1.0
2026-08-24T22:52:04.801259+00:00,grid_28,grid,,28.746089,77.503049,FRC2,49,49,1312,1312,1,False,1.0
2026-08-24T22:52:04.801259+00:00,grid_29,grid,,28.746089,77.704272,FRC3,49,49,1563,1563,1,False,1.0
2026-08-24T22:52:04.801259+00:00,grid_30,grid,,28.907786,76.698159,FRC2,47,47,1556,1556,1,False,1.0
2026-08-24T22:52:04.801259+00:00,grid_31,grid,,28.907786,76.899382,FRC4,44,44,1286,1286,1,False,1.0
2026-08-24T22:52:04.801259+00:00,grid_32,grid,,28.907786,77.100604,FRC1,61,61,147,147,1,False,1.0
2026-08-24T22:52:04.801259+00:00,grid_33,grid,,28.907786,77.301827,FRC2,69,69,1058,1058,1,False,1.0
2026-08-24T22:52:04.801259+00:00,grid_34,grid,,28.907786,77.503049,FRC4,46,46,1067,1067,1,False,1.0
2026-08-24T22:52:04.801259+00:00,grid_35,grid,,28.907786,77.704272,FRC2,49,49,1477,1477,1,False,1.0
2026-08-24T22:52:04.801259+00:00,city_Delhi,city_center,Delhi,28.7041,77.1025,FRC2,30,30,705,705,1,False,1.0
2026-08-24T22:52:04.801259+00:00,city_Faridabad,city_center,Faridabad,28.4089,77.3178,FRC4,34,34,355,355,1,False,1.0
2026-08-24T22:52:04.801259+00:00,city_Ghaziabad,city_center,Ghaziabad,28.6692,77.4538,FRC4,37,37,1031,1031,1,False,1.0
2026-08-24T22:52:04.801259+00:00,city_Gurgaon,city_center,Gurgaon,28.4595,77.0266,FRC4,49,49,1683,1683,1,False,1.0
2026-08-24T22:52:04.801259+00:00,city_Noida,city_center,Noida,28.5355,77.391,FRC3,30,30,2505,2505,1,False,1.0
2026-08-24T22:52:04.801259+00:00,hotspot_Anand_Vihar,hotspot,Anand Vihar,28.6469,77.3152,FRC3,40,40,651,651,1,False,1.0
2026-08-24T22:52:04.801259+00:00,hotspot_Rohini,hotspot,Rohini,28.7495,77.0565,FRC2,38,38,1188,1188,1,False,1.0
